ISO-10303-21;
HEADER;
/* Generated by software containing ST-Developer
 * from STEP Tools, Inc. (www.steptools.com) 
 */

FILE_DESCRIPTION(
/* description */ (''),
/* implementation_level */ '2;1');

FILE_NAME(
/* name */ 'Transmitter_Box_v004.step',
/* time_stamp */ '2026-10-04T15:20:35+04:00',
/* author */ (''),
/* organization */ (''),
/* preprocessor_version */ 'ST-DEVELOPER v20.2',
/* originating_system */ 'Autodesk Translation Framework v15.15.0.0',
/* authorisation */ '');

FILE_SCHEMA (('AUTOMOTIVE_DESIGN { 1 0 10303 214 3 1 1 }'));
ENDSEC;

DATA;
#10=MECHANICAL_DESIGN_GEOMETRIC_PRESENTATION_REPRESENTATION('',(#13),#3991);
#11=SHAPE_REPRESENTATION_RELATIONSHIP('SRR','None',#3997,#12);
#12=ADVANCED_BREP_SHAPE_REPRESENTATION('',(#2467),#3990);
#13=STYLED_ITEM('',(#4007),#2467);
#14=CYLINDRICAL_SURFACE('',#2562,1.5);
#15=CYLINDRICAL_SURFACE('',#2568,0.950000000000002);
#16=CYLINDRICAL_SURFACE('',#2577,1.5);
#17=CYLINDRICAL_SURFACE('',#2581,2.);
#18=CYLINDRICAL_SURFACE('',#2584,2.);
#19=CYLINDRICAL_SURFACE('',#2586,2.);
#20=CYLINDRICAL_SURFACE('',#2597,2.);
#21=CYLINDRICAL_SURFACE('',#2599,1.);
#22=CYLINDRICAL_SURFACE('',#2601,1.);
#23=CYLINDRICAL_SURFACE('',#2603,2.);
#24=CYLINDRICAL_SURFACE('',#2605,2.);
#25=CYLINDRICAL_SURFACE('',#2607,2.);
#26=CYLINDRICAL_SURFACE('',#2608,2.);
#27=CYLINDRICAL_SURFACE('',#2617,3.25);
#28=TOROIDAL_SURFACE('',#2556,0.999999999999999,0.5);
#29=TOROIDAL_SURFACE('',#2564,1.45,0.5);
#30=TOROIDAL_SURFACE('',#2571,0.999999999999999,0.5);
#31=TOROIDAL_SURFACE('',#2579,1.45,0.5);
#32=CIRCLE('',#2491,3.25);
#33=CIRCLE('',#2510,3.25);
#34=CIRCLE('',#2526,2.);
#35=CIRCLE('',#2527,2.);
#36=CIRCLE('',#2528,1.);
#37=CIRCLE('',#2529,2.);
#38=CIRCLE('',#2530,2.);
#39=CIRCLE('',#2531,1.);
#40=CIRCLE('',#2532,2.);
#41=CIRCLE('',#2533,2.);
#42=CIRCLE('',#2557,1.225);
#43=CIRCLE('',#2558,1.225);
#44=CIRCLE('',#2559,0.5);
#45=CIRCLE('',#2560,1.5);
#46=CIRCLE('',#2561,1.5);
#47=CIRCLE('',#2563,1.5);
#48=CIRCLE('',#2565,0.5);
#49=CIRCLE('',#2566,0.950000000000002);
#50=CIRCLE('',#2567,0.950000000000002);
#51=CIRCLE('',#2569,0.950000000000002);
#52=CIRCLE('',#2570,0.950000000000002);
#53=CIRCLE('',#2572,1.225);
#54=CIRCLE('',#2573,1.225);
#55=CIRCLE('',#2574,0.5);
#56=CIRCLE('',#2575,1.5);
#57=CIRCLE('',#2576,1.5);
#58=CIRCLE('',#2578,1.5);
#59=CIRCLE('',#2580,0.5);
#60=CIRCLE('',#2582,2.);
#61=CIRCLE('',#2585,2.);
#62=CIRCLE('',#2587,2.);
#63=CIRCLE('',#2588,2.);
#64=CIRCLE('',#2590,2.);
#65=CIRCLE('',#2591,1.);
#66=CIRCLE('',#2592,2.);
#67=CIRCLE('',#2593,2.);
#68=CIRCLE('',#2594,2.);
#69=CIRCLE('',#2595,2.);
#70=CIRCLE('',#2596,1.);
#71=CIRCLE('',#2598,2.);
#72=FACE_BOUND('',#238,.T.);
#73=FACE_BOUND('',#239,.T.);
#74=FACE_BOUND('',#240,.T.);
#75=FACE_BOUND('',#259,.T.);
#76=FACE_BOUND('',#260,.T.);
#77=FACE_BOUND('',#261,.T.);
#78=FACE_BOUND('',#262,.T.);
#79=FACE_BOUND('',#278,.T.);
#80=FACE_BOUND('',#299,.T.);
#81=FACE_BOUND('',#321,.T.);
#82=ORIENTED_CLOSED_SHELL('',*,#2464,.F.);
#83=ORIENTED_CLOSED_SHELL('',*,#2465,.F.);
#84=FACE_OUTER_BOUND('',#216,.T.);
#85=FACE_OUTER_BOUND('',#217,.T.);
#86=FACE_OUTER_BOUND('',#218,.T.);
#87=FACE_OUTER_BOUND('',#219,.T.);
#88=FACE_OUTER_BOUND('',#220,.T.);
#89=FACE_OUTER_BOUND('',#221,.T.);
#90=FACE_OUTER_BOUND('',#222,.T.);
#91=FACE_OUTER_BOUND('',#223,.T.);
#92=FACE_OUTER_BOUND('',#224,.T.);
#93=FACE_OUTER_BOUND('',#225,.T.);
#94=FACE_OUTER_BOUND('',#226,.T.);
#95=FACE_OUTER_BOUND('',#227,.T.);
#96=FACE_OUTER_BOUND('',#228,.T.);
#97=FACE_OUTER_BOUND('',#229,.T.);
#98=FACE_OUTER_BOUND('',#230,.T.);
#99=FACE_OUTER_BOUND('',#231,.T.);
#100=FACE_OUTER_BOUND('',#232,.T.);
#101=FACE_OUTER_BOUND('',#233,.T.);
#102=FACE_OUTER_BOUND('',#234,.T.);
#103=FACE_OUTER_BOUND('',#235,.T.);
#104=FACE_OUTER_BOUND('',#236,.T.);
#105=FACE_OUTER_BOUND('',#237,.T.);
#106=FACE_OUTER_BOUND('',#241,.T.);
#107=FACE_OUTER_BOUND('',#242,.T.);
#108=FACE_OUTER_BOUND('',#243,.T.);
#109=FACE_OUTER_BOUND('',#244,.T.);
#110=FACE_OUTER_BOUND('',#245,.T.);
#111=FACE_OUTER_BOUND('',#246,.T.);
#112=FACE_OUTER_BOUND('',#247,.T.);
#113=FACE_OUTER_BOUND('',#248,.T.);
#114=FACE_OUTER_BOUND('',#249,.T.);
#115=FACE_OUTER_BOUND('',#250,.T.);
#116=FACE_OUTER_BOUND('',#251,.T.);
#117=FACE_OUTER_BOUND('',#252,.T.);
#118=FACE_OUTER_BOUND('',#253,.T.);
#119=FACE_OUTER_BOUND('',#254,.T.);
#120=FACE_OUTER_BOUND('',#255,.T.);
#121=FACE_OUTER_BOUND('',#256,.T.);
#122=FACE_OUTER_BOUND('',#257,.T.);
#123=FACE_OUTER_BOUND('',#258,.T.);
#124=FACE_OUTER_BOUND('',#263,.T.);
#125=FACE_OUTER_BOUND('',#264,.T.);
#126=FACE_OUTER_BOUND('',#265,.T.);
#127=FACE_OUTER_BOUND('',#266,.T.);
#128=FACE_OUTER_BOUND('',#267,.T.);
#129=FACE_OUTER_BOUND('',#268,.T.);
#130=FACE_OUTER_BOUND('',#269,.T.);
#131=FACE_OUTER_BOUND('',#270,.T.);
#132=FACE_OUTER_BOUND('',#271,.T.);
#133=FACE_OUTER_BOUND('',#272,.T.);
#134=FACE_OUTER_BOUND('',#273,.T.);
#135=FACE_OUTER_BOUND('',#274,.T.);
#136=FACE_OUTER_BOUND('',#275,.T.);
#137=FACE_OUTER_BOUND('',#276,.T.);
#138=FACE_OUTER_BOUND('',#277,.T.);
#139=FACE_OUTER_BOUND('',#279,.T.);
#140=FACE_OUTER_BOUND('',#280,.T.);
#141=FACE_OUTER_BOUND('',#281,.T.);
#142=FACE_OUTER_BOUND('',#282,.T.);
#143=FACE_OUTER_BOUND('',#283,.T.);
#144=FACE_OUTER_BOUND('',#284,.T.);
#145=FACE_OUTER_BOUND('',#285,.T.);
#146=FACE_OUTER_BOUND('',#286,.T.);
#147=FACE_OUTER_BOUND('',#287,.T.);
#148=FACE_OUTER_BOUND('',#288,.T.);
#149=FACE_OUTER_BOUND('',#289,.T.);
#150=FACE_OUTER_BOUND('',#290,.T.);
#151=FACE_OUTER_BOUND('',#291,.T.);
#152=FACE_OUTER_BOUND('',#292,.T.);
#153=FACE_OUTER_BOUND('',#293,.T.);
#154=FACE_OUTER_BOUND('',#294,.T.);
#155=FACE_OUTER_BOUND('',#295,.T.);
#156=FACE_OUTER_BOUND('',#296,.T.);
#157=FACE_OUTER_BOUND('',#297,.T.);
#158=FACE_OUTER_BOUND('',#298,.T.);
#159=FACE_OUTER_BOUND('',#300,.T.);
#160=FACE_OUTER_BOUND('',#301,.T.);
#161=FACE_OUTER_BOUND('',#302,.T.);
#162=FACE_OUTER_BOUND('',#303,.T.);
#163=FACE_OUTER_BOUND('',#304,.T.);
#164=FACE_OUTER_BOUND('',#305,.T.);
#165=FACE_OUTER_BOUND('',#306,.T.);
#166=FACE_OUTER_BOUND('',#307,.T.);
#167=FACE_OUTER_BOUND('',#308,.T.);
#168=FACE_OUTER_BOUND('',#309,.T.);
#169=FACE_OUTER_BOUND('',#310,.T.);
#170=FACE_OUTER_BOUND('',#311,.T.);
#171=FACE_OUTER_BOUND('',#312,.T.);
#172=FACE_OUTER_BOUND('',#313,.T.);
#173=FACE_OUTER_BOUND('',#314,.T.);
#174=FACE_OUTER_BOUND('',#315,.T.);
#175=FACE_OUTER_BOUND('',#316,.T.);
#176=FACE_OUTER_BOUND('',#317,.T.);
#177=FACE_OUTER_BOUND('',#318,.T.);
#178=FACE_OUTER_BOUND('',#319,.T.);
#179=FACE_OUTER_BOUND('',#320,.T.);
#180=FACE_OUTER_BOUND('',#322,.T.);
#181=FACE_OUTER_BOUND('',#323,.T.);
#182=FACE_OUTER_BOUND('',#324,.T.);
#183=FACE_OUTER_BOUND('',#325,.T.);
#184=FACE_OUTER_BOUND('',#326,.T.);
#185=FACE_OUTER_BOUND('',#327,.T.);
#186=FACE_OUTER_BOUND('',#328,.T.);
#187=FACE_OUTER_BOUND('',#329,.T.);
#188=FACE_OUTER_BOUND('',#330,.T.);
#189=FACE_OUTER_BOUND('',#331,.T.);
#190=FACE_OUTER_BOUND('',#332,.T.);
#191=FACE_OUTER_BOUND('',#333,.T.);
#192=FACE_OUTER_BOUND('',#334,.T.);
#193=FACE_OUTER_BOUND('',#335,.T.);
#194=FACE_OUTER_BOUND('',#336,.T.);
#195=FACE_OUTER_BOUND('',#337,.T.);
#196=FACE_OUTER_BOUND('',#338,.T.);
#197=FACE_OUTER_BOUND('',#339,.T.);
#198=FACE_OUTER_BOUND('',#340,.T.);
#199=FACE_OUTER_BOUND('',#341,.T.);
#200=FACE_OUTER_BOUND('',#342,.T.);
#201=FACE_OUTER_BOUND('',#343,.T.);
#202=FACE_OUTER_BOUND('',#344,.T.);
#203=FACE_OUTER_BOUND('',#345,.T.);
#204=FACE_OUTER_BOUND('',#346,.T.);
#205=FACE_OUTER_BOUND('',#347,.T.);
#206=FACE_OUTER_BOUND('',#348,.T.);
#207=FACE_OUTER_BOUND('',#349,.T.);
#208=FACE_OUTER_BOUND('',#350,.T.);
#209=FACE_OUTER_BOUND('',#351,.T.);
#210=FACE_OUTER_BOUND('',#352,.T.);
#211=FACE_OUTER_BOUND('',#353,.T.);
#212=FACE_OUTER_BOUND('',#354,.T.);
#213=FACE_OUTER_BOUND('',#355,.T.);
#214=FACE_OUTER_BOUND('',#356,.T.);
#215=FACE_OUTER_BOUND('',#357,.T.);
#216=EDGE_LOOP('',(#1530,#1531,#1532,#1533));
#217=EDGE_LOOP('',(#1534,#1535,#1536,#1537));
#218=EDGE_LOOP('',(#1538,#1539,#1540,#1541));
#219=EDGE_LOOP('',(#1542,#1543,#1544,#1545));
#220=EDGE_LOOP('',(#1546,#1547,#1548,#1549));
#221=EDGE_LOOP('',(#1550,#1551,#1552,#1553));
#222=EDGE_LOOP('',(#1554,#1555,#1556,#1557));
#223=EDGE_LOOP('',(#1558,#1559,#1560,#1561));
#224=EDGE_LOOP('',(#1562,#1563,#1564,#1565));
#225=EDGE_LOOP('',(#1566,#1567,#1568,#1569));
#226=EDGE_LOOP('',(#1570,#1571,#1572,#1573));
#227=EDGE_LOOP('',(#1574,#1575,#1576,#1577));
#228=EDGE_LOOP('',(#1578,#1579,#1580,#1581));
#229=EDGE_LOOP('',(#1582,#1583,#1584,#1585,#1586,#1587,#1588));
#230=EDGE_LOOP('',(#1589,#1590,#1591,#1592));
#231=EDGE_LOOP('',(#1593,#1594,#1595,#1596));
#232=EDGE_LOOP('',(#1597,#1598,#1599,#1600));
#233=EDGE_LOOP('',(#1601,#1602,#1603,#1604));
#234=EDGE_LOOP('',(#1605,#1606,#1607,#1608));
#235=EDGE_LOOP('',(#1609,#1610,#1611,#1612));
#236=EDGE_LOOP('',(#1613,#1614,#1615,#1616));
#237=EDGE_LOOP('',(#1617,#1618,#1619,#1620,#1621,#1622,#1623,#1624,#1625,
#1626,#1627,#1628,#1629,#1630,#1631,#1632,#1633,#1634,#1635,#1636,#1637,
#1638,#1639,#1640));
#238=EDGE_LOOP('',(#1641,#1642,#1643,#1644));
#239=EDGE_LOOP('',(#1645));
#240=EDGE_LOOP('',(#1646,#1647,#1648,#1649));
#241=EDGE_LOOP('',(#1650,#1651,#1652,#1653));
#242=EDGE_LOOP('',(#1654,#1655,#1656,#1657));
#243=EDGE_LOOP('',(#1658,#1659,#1660,#1661));
#244=EDGE_LOOP('',(#1662,#1663,#1664,#1665));
#245=EDGE_LOOP('',(#1666,#1667,#1668,#1669));
#246=EDGE_LOOP('',(#1670,#1671,#1672,#1673));
#247=EDGE_LOOP('',(#1674,#1675,#1676,#1677));
#248=EDGE_LOOP('',(#1678,#1679,#1680,#1681));
#249=EDGE_LOOP('',(#1682,#1683,#1684,#1685));
#250=EDGE_LOOP('',(#1686,#1687,#1688,#1689,#1690,#1691));
#251=EDGE_LOOP('',(#1692,#1693,#1694,#1695));
#252=EDGE_LOOP('',(#1696,#1697,#1698,#1699,#1700,#1701));
#253=EDGE_LOOP('',(#1702,#1703,#1704,#1705));
#254=EDGE_LOOP('',(#1706,#1707,#1708,#1709));
#255=EDGE_LOOP('',(#1710,#1711,#1712,#1713));
#256=EDGE_LOOP('',(#1714,#1715,#1716,#1717));
#257=EDGE_LOOP('',(#1718,#1719,#1720,#1721));
#258=EDGE_LOOP('',(#1722,#1723,#1724,#1725));
#259=EDGE_LOOP('',(#1726,#1727,#1728,#1729));
#260=EDGE_LOOP('',(#1730));
#261=EDGE_LOOP('',(#1731,#1732,#1733,#1734));
#262=EDGE_LOOP('',(#1735,#1736,#1737,#1738));
#263=EDGE_LOOP('',(#1739,#1740,#1741,#1742));
#264=EDGE_LOOP('',(#1743,#1744,#1745,#1746));
#265=EDGE_LOOP('',(#1747,#1748,#1749,#1750));
#266=EDGE_LOOP('',(#1751,#1752,#1753,#1754));
#267=EDGE_LOOP('',(#1755,#1756,#1757,#1758));
#268=EDGE_LOOP('',(#1759,#1760,#1761,#1762));
#269=EDGE_LOOP('',(#1763,#1764,#1765,#1766));
#270=EDGE_LOOP('',(#1767,#1768,#1769,#1770));
#271=EDGE_LOOP('',(#1771,#1772,#1773,#1774));
#272=EDGE_LOOP('',(#1775,#1776,#1777,#1778));
#273=EDGE_LOOP('',(#1779,#1780,#1781,#1782));
#274=EDGE_LOOP('',(#1783,#1784,#1785,#1786,#1787,#1788,#1789,#1790,#1791,
#1792,#1793,#1794,#1795,#1796,#1797,#1798,#1799,#1800,#1801,#1802,#1803,
#1804));
#275=EDGE_LOOP('',(#1805,#1806,#1807,#1808));
#276=EDGE_LOOP('',(#1809,#1810,#1811,#1812));
#277=EDGE_LOOP('',(#1813,#1814,#1815,#1816,#1817,#1818,#1819,#1820,#1821,
#1822,#1823,#1824,#1825,#1826,#1827,#1828,#1829,#1830,#1831,#1832,#1833,
#1834,#1835,#1836,#1837,#1838,#1839,#1840,#1841,#1842,#1843,#1844));
#278=EDGE_LOOP('',(#1845,#1846,#1847,#1848));
#279=EDGE_LOOP('',(#1849,#1850,#1851,#1852));
#280=EDGE_LOOP('',(#1853,#1854,#1855,#1856));
#281=EDGE_LOOP('',(#1857,#1858,#1859,#1860));
#282=EDGE_LOOP('',(#1861,#1862,#1863,#1864));
#283=EDGE_LOOP('',(#1865,#1866,#1867,#1868));
#284=EDGE_LOOP('',(#1869,#1870,#1871,#1872));
#285=EDGE_LOOP('',(#1873,#1874,#1875,#1876));
#286=EDGE_LOOP('',(#1877,#1878,#1879,#1880));
#287=EDGE_LOOP('',(#1881,#1882,#1883,#1884));
#288=EDGE_LOOP('',(#1885,#1886,#1887,#1888));
#289=EDGE_LOOP('',(#1889,#1890,#1891,#1892));
#290=EDGE_LOOP('',(#1893,#1894,#1895,#1896));
#291=EDGE_LOOP('',(#1897,#1898,#1899,#1900));
#292=EDGE_LOOP('',(#1901,#1902,#1903,#1904));
#293=EDGE_LOOP('',(#1905,#1906,#1907,#1908,#1909,#1910));
#294=EDGE_LOOP('',(#1911,#1912,#1913,#1914));
#295=EDGE_LOOP('',(#1915,#1916,#1917,#1918));
#296=EDGE_LOOP('',(#1919,#1920,#1921,#1922));
#297=EDGE_LOOP('',(#1923,#1924,#1925,#1926));
#298=EDGE_LOOP('',(#1927,#1928,#1929,#1930,#1931,#1932,#1933,#1934,#1935,
#1936,#1937,#1938,#1939,#1940));
#299=EDGE_LOOP('',(#1941,#1942,#1943,#1944));
#300=EDGE_LOOP('',(#1945,#1946,#1947,#1948));
#301=EDGE_LOOP('',(#1949,#1950,#1951,#1952));
#302=EDGE_LOOP('',(#1953,#1954,#1955,#1956,#1957,#1958));
#303=EDGE_LOOP('',(#1959,#1960,#1961,#1962,#1963));
#304=EDGE_LOOP('',(#1964,#1965,#1966,#1967,#1968,#1969));
#305=EDGE_LOOP('',(#1970,#1971,#1972,#1973,#1974,#1975));
#306=EDGE_LOOP('',(#1976,#1977,#1978,#1979,#1980,#1981));
#307=EDGE_LOOP('',(#1982,#1983,#1984,#1985,#1986));
#308=EDGE_LOOP('',(#1987,#1988,#1989,#1990,#1991,#1992));
#309=EDGE_LOOP('',(#1993,#1994,#1995,#1996));
#310=EDGE_LOOP('',(#1997,#1998,#1999,#2000));
#311=EDGE_LOOP('',(#2001,#2002,#2003,#2004));
#312=EDGE_LOOP('',(#2005,#2006,#2007,#2008));
#313=EDGE_LOOP('',(#2009,#2010,#2011,#2012,#2013,#2014,#2015,#2016,#2017,
#2018,#2019,#2020,#2021,#2022,#2023,#2024,#2025,#2026,#2027,#2028));
#314=EDGE_LOOP('',(#2029,#2030,#2031,#2032));
#315=EDGE_LOOP('',(#2033,#2034,#2035,#2036));
#316=EDGE_LOOP('',(#2037,#2038,#2039,#2040));
#317=EDGE_LOOP('',(#2041,#2042,#2043,#2044));
#318=EDGE_LOOP('',(#2045,#2046,#2047,#2048));
#319=EDGE_LOOP('',(#2049,#2050,#2051,#2052));
#320=EDGE_LOOP('',(#2053,#2054,#2055,#2056));
#321=EDGE_LOOP('',(#2057));
#322=EDGE_LOOP('',(#2058,#2059,#2060,#2061));
#323=EDGE_LOOP('',(#2062,#2063,#2064,#2065));
#324=EDGE_LOOP('',(#2066,#2067,#2068,#2069));
#325=EDGE_LOOP('',(#2070,#2071,#2072,#2073));
#326=EDGE_LOOP('',(#2074));
#327=EDGE_LOOP('',(#2075,#2076,#2077,#2078));
#328=EDGE_LOOP('',(#2079,#2080,#2081,#2082));
#329=EDGE_LOOP('',(#2083,#2084,#2085,#2086));
#330=EDGE_LOOP('',(#2087,#2088,#2089,#2090));
#331=EDGE_LOOP('',(#2091,#2092,#2093,#2094));
#332=EDGE_LOOP('',(#2095,#2096,#2097,#2098));
#333=EDGE_LOOP('',(#2099,#2100,#2101,#2102));
#334=EDGE_LOOP('',(#2103,#2104,#2105,#2106));
#335=EDGE_LOOP('',(#2107,#2108,#2109,#2110));
#336=EDGE_LOOP('',(#2111,#2112,#2113,#2114));
#337=EDGE_LOOP('',(#2115,#2116,#2117,#2118));
#338=EDGE_LOOP('',(#2119,#2120,#2121,#2122,#2123,#2124));
#339=EDGE_LOOP('',(#2125,#2126,#2127,#2128,#2129,#2130,#2131));
#340=EDGE_LOOP('',(#2132,#2133,#2134,#2135,#2136,#2137,#2138));
#341=EDGE_LOOP('',(#2139,#2140,#2141,#2142));
#342=EDGE_LOOP('',(#2143,#2144,#2145,#2146));
#343=EDGE_LOOP('',(#2147,#2148,#2149,#2150));
#344=EDGE_LOOP('',(#2151,#2152,#2153,#2154,#2155,#2156,#2157));
#345=EDGE_LOOP('',(#2158,#2159,#2160,#2161));
#346=EDGE_LOOP('',(#2162,#2163,#2164,#2165,#2166));
#347=EDGE_LOOP('',(#2167,#2168,#2169,#2170));
#348=EDGE_LOOP('',(#2171,#2172,#2173,#2174,#2175));
#349=EDGE_LOOP('',(#2176,#2177,#2178,#2179));
#350=EDGE_LOOP('',(#2180,#2181,#2182,#2183));
#351=EDGE_LOOP('',(#2184,#2185,#2186,#2187));
#352=EDGE_LOOP('',(#2188,#2189,#2190,#2191));
#353=EDGE_LOOP('',(#2192,#2193,#2194,#2195));
#354=EDGE_LOOP('',(#2196,#2197,#2198,#2199));
#355=EDGE_LOOP('',(#2200,#2201,#2202,#2203,#2204));
#356=EDGE_LOOP('',(#2205,#2206,#2207,#2208,#2209));
#357=EDGE_LOOP('',(#2210,#2211,#2212,#2213,#2214,#2215,#2216,#2217));
#358=LINE('',#3295,#662);
#359=LINE('',#3297,#663);
#360=LINE('',#3299,#664);
#361=LINE('',#3300,#665);
#362=LINE('',#3303,#666);
#363=LINE('',#3305,#667);
#364=LINE('',#3306,#668);
#365=LINE('',#3309,#669);
#366=LINE('',#3310,#670);
#367=LINE('',#3313,#671);
#368=LINE('',#3314,#672);
#369=LINE('',#3316,#673);
#370=LINE('',#3321,#674);
#371=LINE('',#3323,#675);
#372=LINE('',#3325,#676);
#373=LINE('',#3326,#677);
#374=LINE('',#3330,#678);
#375=LINE('',#3331,#679);
#376=LINE('',#3332,#680);
#377=LINE('',#3335,#681);
#378=LINE('',#3336,#682);
#379=LINE('',#3339,#683);
#380=LINE('',#3340,#684);
#381=LINE('',#3342,#685);
#382=LINE('',#3347,#686);
#383=LINE('',#3349,#687);
#384=LINE('',#3351,#688);
#385=LINE('',#3352,#689);
#386=LINE('',#3355,#690);
#387=LINE('',#3357,#691);
#388=LINE('',#3359,#692);
#389=LINE('',#3361,#693);
#390=LINE('',#3363,#694);
#391=LINE('',#3364,#695);
#392=LINE('',#3367,#696);
#393=LINE('',#3368,#697);
#394=LINE('',#3372,#698);
#395=LINE('',#3374,#699);
#396=LINE('',#3376,#700);
#397=LINE('',#3377,#701);
#398=LINE('',#3380,#702);
#399=LINE('',#3382,#703);
#400=LINE('',#3383,#704);
#401=LINE('',#3386,#705);
#402=LINE('',#3388,#706);
#403=LINE('',#3389,#707);
#404=LINE('',#3391,#708);
#405=LINE('',#3392,#709);
#406=LINE('',#3395,#710);
#407=LINE('',#3397,#711);
#408=LINE('',#3398,#712);
#409=LINE('',#3401,#713);
#410=LINE('',#3402,#714);
#411=LINE('',#3406,#715);
#412=LINE('',#3408,#716);
#413=LINE('',#3410,#717);
#414=LINE('',#3412,#718);
#415=LINE('',#3414,#719);
#416=LINE('',#3416,#720);
#417=LINE('',#3418,#721);
#418=LINE('',#3420,#722);
#419=LINE('',#3422,#723);
#420=LINE('',#3424,#724);
#421=LINE('',#3426,#725);
#422=LINE('',#3428,#726);
#423=LINE('',#3430,#727);
#424=LINE('',#3431,#728);
#425=LINE('',#3433,#729);
#426=LINE('',#3435,#730);
#427=LINE('',#3437,#731);
#428=LINE('',#3439,#732);
#429=LINE('',#3441,#733);
#430=LINE('',#3443,#734);
#431=LINE('',#3445,#735);
#432=LINE('',#3447,#736);
#433=LINE('',#3448,#737);
#434=LINE('',#3451,#738);
#435=LINE('',#3453,#739);
#436=LINE('',#3455,#740);
#437=LINE('',#3456,#741);
#438=LINE('',#3461,#742);
#439=LINE('',#3463,#743);
#440=LINE('',#3464,#744);
#441=LINE('',#3467,#745);
#442=LINE('',#3469,#746);
#443=LINE('',#3470,#747);
#444=LINE('',#3472,#748);
#445=LINE('',#3474,#749);
#446=LINE('',#3477,#750);
#447=LINE('',#3479,#751);
#448=LINE('',#3480,#752);
#449=LINE('',#3483,#753);
#450=LINE('',#3484,#754);
#451=LINE('',#3488,#755);
#452=LINE('',#3489,#756);
#453=LINE('',#3490,#757);
#454=LINE('',#3493,#758);
#455=LINE('',#3494,#759);
#456=LINE('',#3497,#760);
#457=LINE('',#3498,#761);
#458=LINE('',#3501,#762);
#459=LINE('',#3503,#763);
#460=LINE('',#3505,#764);
#461=LINE('',#3507,#765);
#462=LINE('',#3508,#766);
#463=LINE('',#3511,#767);
#464=LINE('',#3512,#768);
#465=LINE('',#3515,#769);
#466=LINE('',#3517,#770);
#467=LINE('',#3519,#771);
#468=LINE('',#3520,#772);
#469=LINE('',#3524,#773);
#470=LINE('',#3525,#774);
#471=LINE('',#3526,#775);
#472=LINE('',#3529,#776);
#473=LINE('',#3530,#777);
#474=LINE('',#3533,#778);
#475=LINE('',#3535,#779);
#476=LINE('',#3536,#780);
#477=LINE('',#3538,#781);
#478=LINE('',#3539,#782);
#479=LINE('',#3541,#783);
#480=LINE('',#3545,#784);
#481=LINE('',#3547,#785);
#482=LINE('',#3549,#786);
#483=LINE('',#3550,#787);
#484=LINE('',#3553,#788);
#485=LINE('',#3555,#789);
#486=LINE('',#3557,#790);
#487=LINE('',#3558,#791);
#488=LINE('',#3563,#792);
#489=LINE('',#3565,#793);
#490=LINE('',#3567,#794);
#491=LINE('',#3568,#795);
#492=LINE('',#3570,#796);
#493=LINE('',#3571,#797);
#494=LINE('',#3573,#798);
#495=LINE('',#3576,#799);
#496=LINE('',#3577,#800);
#497=LINE('',#3579,#801);
#498=LINE('',#3581,#802);
#499=LINE('',#3583,#803);
#500=LINE('',#3584,#804);
#501=LINE('',#3585,#805);
#502=LINE('',#3587,#806);
#503=LINE('',#3589,#807);
#504=LINE('',#3592,#808);
#505=LINE('',#3596,#809);
#506=LINE('',#3597,#810);
#507=LINE('',#3598,#811);
#508=LINE('',#3601,#812);
#509=LINE('',#3603,#813);
#510=LINE('',#3605,#814);
#511=LINE('',#3607,#815);
#512=LINE('',#3609,#816);
#513=LINE('',#3611,#817);
#514=LINE('',#3613,#818);
#515=LINE('',#3615,#819);
#516=LINE('',#3617,#820);
#517=LINE('',#3619,#821);
#518=LINE('',#3621,#822);
#519=LINE('',#3623,#823);
#520=LINE('',#3625,#824);
#521=LINE('',#3627,#825);
#522=LINE('',#3629,#826);
#523=LINE('',#3631,#827);
#524=LINE('',#3633,#828);
#525=LINE('',#3635,#829);
#526=LINE('',#3637,#830);
#527=LINE('',#3639,#831);
#528=LINE('',#3640,#832);
#529=LINE('',#3642,#833);
#530=LINE('',#3644,#834);
#531=LINE('',#3645,#835);
#532=LINE('',#3648,#836);
#533=LINE('',#3650,#837);
#534=LINE('',#3652,#838);
#535=LINE('',#3654,#839);
#536=LINE('',#3655,#840);
#537=LINE('',#3656,#841);
#538=LINE('',#3658,#842);
#539=LINE('',#3659,#843);
#540=LINE('',#3663,#844);
#541=LINE('',#3667,#845);
#542=LINE('',#3671,#846);
#543=LINE('',#3673,#847);
#544=LINE('',#3677,#848);
#545=LINE('',#3681,#849);
#546=LINE('',#3683,#850);
#547=LINE('',#3687,#851);
#548=LINE('',#3691,#852);
#549=LINE('',#3695,#853);
#550=LINE('',#3697,#854);
#551=LINE('',#3699,#855);
#552=LINE('',#3700,#856);
#553=LINE('',#3702,#857);
#554=LINE('',#3703,#858);
#555=LINE('',#3705,#859);
#556=LINE('',#3707,#860);
#557=LINE('',#3711,#861);
#558=LINE('',#3713,#862);
#559=LINE('',#3714,#863);
#560=LINE('',#3717,#864);
#561=LINE('',#3719,#865);
#562=LINE('',#3720,#866);
#563=LINE('',#3723,#867);
#564=LINE('',#3724,#868);
#565=LINE('',#3727,#869);
#566=LINE('',#3728,#870);
#567=LINE('',#3730,#871);
#568=LINE('',#3733,#872);
#569=LINE('',#3734,#873);
#570=LINE('',#3737,#874);
#571=LINE('',#3738,#875);
#572=LINE('',#3740,#876);
#573=LINE('',#3744,#877);
#574=LINE('',#3746,#878);
#575=LINE('',#3748,#879);
#576=LINE('',#3749,#880);
#577=LINE('',#3752,#881);
#578=LINE('',#3754,#882);
#579=LINE('',#3755,#883);
#580=LINE('',#3758,#884);
#581=LINE('',#3760,#885);
#582=LINE('',#3762,#886);
#583=LINE('',#3763,#887);
#584=LINE('',#3767,#888);
#585=LINE('',#3768,#889);
#586=LINE('',#3769,#890);
#587=LINE('',#3771,#891);
#588=LINE('',#3775,#892);
#589=LINE('',#3777,#893);
#590=LINE('',#3779,#894);
#591=LINE('',#3780,#895);
#592=LINE('',#3782,#896);
#593=LINE('',#3783,#897);
#594=LINE('',#3786,#898);
#595=LINE('',#3788,#899);
#596=LINE('',#3789,#900);
#597=LINE('',#3790,#901);
#598=LINE('',#3791,#902);
#599=LINE('',#3793,#903);
#600=LINE('',#3794,#904);
#601=LINE('',#3797,#905);
#602=LINE('',#3798,#906);
#603=LINE('',#3801,#907);
#604=LINE('',#3802,#908);
#605=LINE('',#3816,#909);
#606=LINE('',#3825,#910);
#607=LINE('',#3841,#911);
#608=LINE('',#3849,#912);
#609=LINE('',#3850,#913);
#610=LINE('',#3853,#914);
#611=LINE('',#3854,#915);
#612=LINE('',#3858,#916);
#613=LINE('',#3863,#917);
#614=LINE('',#3869,#918);
#615=LINE('',#3871,#919);
#616=LINE('',#3873,#920);
#617=LINE('',#3877,#921);
#618=LINE('',#3881,#922);
#619=LINE('',#3886,#923);
#620=LINE('',#3890,#924);
#621=LINE('',#3894,#925);
#622=LINE('',#3896,#926);
#623=LINE('',#3897,#927);
#624=LINE('',#3901,#928);
#625=LINE('',#3903,#929);
#626=LINE('',#3904,#930);
#627=LINE('',#3906,#931);
#628=LINE('',#3908,#932);
#629=LINE('',#3909,#933);
#630=LINE('',#3911,#934);
#631=LINE('',#3913,#935);
#632=LINE('',#3915,#936);
#633=LINE('',#3917,#937);
#634=LINE('',#3918,#938);
#635=LINE('',#3921,#939);
#636=LINE('',#3926,#940);
#637=LINE('',#3927,#941);
#638=LINE('',#3930,#942);
#639=LINE('',#3931,#943);
#640=LINE('',#3933,#944);
#641=LINE('',#3936,#945);
#642=LINE('',#3938,#946);
#643=LINE('',#3939,#947);
#644=LINE('',#3941,#948);
#645=LINE('',#3943,#949);
#646=LINE('',#3946,#950);
#647=LINE('',#3950,#951);
#648=LINE('',#3957,#952);
#649=LINE('',#3958,#953);
#650=LINE('',#3960,#954);
#651=LINE('',#3962,#955);
#652=LINE('',#3966,#956);
#653=LINE('',#3967,#957);
#654=LINE('',#3970,#958);
#655=LINE('',#3971,#959);
#656=LINE('',#3973,#960);
#657=LINE('',#3977,#961);
#658=LINE('',#3980,#962);
#659=LINE('',#3982,#963);
#660=LINE('',#3984,#964);
#661=LINE('',#3986,#965);
#662=VECTOR('',#2645,10.);
#663=VECTOR('',#2646,10.);
#664=VECTOR('',#2647,10.);
#665=VECTOR('',#2648,10.);
#666=VECTOR('',#2651,10.);
#667=VECTOR('',#2652,10.);
#668=VECTOR('',#2653,10.);
#669=VECTOR('',#2656,10.);
#670=VECTOR('',#2657,10.);
#671=VECTOR('',#2660,10.);
#672=VECTOR('',#2661,10.);
#673=VECTOR('',#2664,10.);
#674=VECTOR('',#2669,10.);
#675=VECTOR('',#2670,10.);
#676=VECTOR('',#2671,10.);
#677=VECTOR('',#2672,10.);
#678=VECTOR('',#2675,10.);
#679=VECTOR('',#2676,10.);
#680=VECTOR('',#2677,10.);
#681=VECTOR('',#2680,10.);
#682=VECTOR('',#2681,10.);
#683=VECTOR('',#2684,10.);
#684=VECTOR('',#2685,10.);
#685=VECTOR('',#2688,10.);
#686=VECTOR('',#2693,10.);
#687=VECTOR('',#2694,10.);
#688=VECTOR('',#2695,10.);
#689=VECTOR('',#2696,10.);
#690=VECTOR('',#2699,10.);
#691=VECTOR('',#2700,10.);
#692=VECTOR('',#2701,10.);
#693=VECTOR('',#2702,10.);
#694=VECTOR('',#2703,10.);
#695=VECTOR('',#2704,10.);
#696=VECTOR('',#2707,10.);
#697=VECTOR('',#2708,10.);
#698=VECTOR('',#2711,10.);
#699=VECTOR('',#2712,10.);
#700=VECTOR('',#2713,10.);
#701=VECTOR('',#2714,10.);
#702=VECTOR('',#2717,10.);
#703=VECTOR('',#2718,10.);
#704=VECTOR('',#2719,10.);
#705=VECTOR('',#2722,10.);
#706=VECTOR('',#2723,10.);
#707=VECTOR('',#2724,10.);
#708=VECTOR('',#2727,10.);
#709=VECTOR('',#2728,10.);
#710=VECTOR('',#2731,10.);
#711=VECTOR('',#2732,10.);
#712=VECTOR('',#2733,10.);
#713=VECTOR('',#2736,10.);
#714=VECTOR('',#2737,10.);
#715=VECTOR('',#2740,10.);
#716=VECTOR('',#2741,10.);
#717=VECTOR('',#2742,10.);
#718=VECTOR('',#2743,10.);
#719=VECTOR('',#2744,10.);
#720=VECTOR('',#2745,10.);
#721=VECTOR('',#2746,10.);
#722=VECTOR('',#2747,10.);
#723=VECTOR('',#2748,10.);
#724=VECTOR('',#2749,10.);
#725=VECTOR('',#2750,10.);
#726=VECTOR('',#2751,10.);
#727=VECTOR('',#2752,10.);
#728=VECTOR('',#2753,10.);
#729=VECTOR('',#2754,10.);
#730=VECTOR('',#2755,10.);
#731=VECTOR('',#2756,10.);
#732=VECTOR('',#2757,10.);
#733=VECTOR('',#2758,10.);
#734=VECTOR('',#2759,10.);
#735=VECTOR('',#2760,10.);
#736=VECTOR('',#2761,10.);
#737=VECTOR('',#2762,10.);
#738=VECTOR('',#2763,10.);
#739=VECTOR('',#2764,10.);
#740=VECTOR('',#2765,10.);
#741=VECTOR('',#2766,10.);
#742=VECTOR('',#2771,10.);
#743=VECTOR('',#2772,10.);
#744=VECTOR('',#2773,10.);
#745=VECTOR('',#2776,10.);
#746=VECTOR('',#2777,10.);
#747=VECTOR('',#2778,10.);
#748=VECTOR('',#2781,10.);
#749=VECTOR('',#2784,10.);
#750=VECTOR('',#2787,10.);
#751=VECTOR('',#2788,10.);
#752=VECTOR('',#2789,10.);
#753=VECTOR('',#2792,10.);
#754=VECTOR('',#2793,10.);
#755=VECTOR('',#2796,10.);
#756=VECTOR('',#2797,10.);
#757=VECTOR('',#2798,10.);
#758=VECTOR('',#2801,10.);
#759=VECTOR('',#2802,10.);
#760=VECTOR('',#2805,10.);
#761=VECTOR('',#2806,10.);
#762=VECTOR('',#2809,10.);
#763=VECTOR('',#2810,10.);
#764=VECTOR('',#2811,10.);
#765=VECTOR('',#2812,10.);
#766=VECTOR('',#2813,10.);
#767=VECTOR('',#2816,10.);
#768=VECTOR('',#2817,10.);
#769=VECTOR('',#2820,10.);
#770=VECTOR('',#2821,10.);
#771=VECTOR('',#2822,10.);
#772=VECTOR('',#2823,10.);
#773=VECTOR('',#2826,10.);
#774=VECTOR('',#2827,10.);
#775=VECTOR('',#2828,10.);
#776=VECTOR('',#2831,10.);
#777=VECTOR('',#2832,10.);
#778=VECTOR('',#2835,10.);
#779=VECTOR('',#2836,10.);
#780=VECTOR('',#2837,10.);
#781=VECTOR('',#2840,10.);
#782=VECTOR('',#2841,10.);
#783=VECTOR('',#2844,10.);
#784=VECTOR('',#2847,10.);
#785=VECTOR('',#2848,10.);
#786=VECTOR('',#2849,10.);
#787=VECTOR('',#2850,10.);
#788=VECTOR('',#2851,10.);
#789=VECTOR('',#2852,10.);
#790=VECTOR('',#2853,10.);
#791=VECTOR('',#2854,10.);
#792=VECTOR('',#2857,10.);
#793=VECTOR('',#2858,10.);
#794=VECTOR('',#2859,10.);
#795=VECTOR('',#2860,10.);
#796=VECTOR('',#2863,10.);
#797=VECTOR('',#2864,10.);
#798=VECTOR('',#2867,10.);
#799=VECTOR('',#2870,10.);
#800=VECTOR('',#2871,10.);
#801=VECTOR('',#2874,10.);
#802=VECTOR('',#2877,10.);
#803=VECTOR('',#2880,10.);
#804=VECTOR('',#2881,10.);
#805=VECTOR('',#2882,10.);
#806=VECTOR('',#2885,10.);
#807=VECTOR('',#2888,10.);
#808=VECTOR('',#2893,10.);
#809=VECTOR('',#2896,10.);
#810=VECTOR('',#2897,10.);
#811=VECTOR('',#2898,10.);
#812=VECTOR('',#2901,10.);
#813=VECTOR('',#2902,10.);
#814=VECTOR('',#2903,10.);
#815=VECTOR('',#2904,10.);
#816=VECTOR('',#2905,10.);
#817=VECTOR('',#2906,10.);
#818=VECTOR('',#2907,10.);
#819=VECTOR('',#2908,10.);
#820=VECTOR('',#2909,10.);
#821=VECTOR('',#2910,10.);
#822=VECTOR('',#2911,10.);
#823=VECTOR('',#2912,10.);
#824=VECTOR('',#2913,10.);
#825=VECTOR('',#2914,10.);
#826=VECTOR('',#2915,10.);
#827=VECTOR('',#2916,10.);
#828=VECTOR('',#2917,10.);
#829=VECTOR('',#2918,10.);
#830=VECTOR('',#2919,10.);
#831=VECTOR('',#2920,10.);
#832=VECTOR('',#2921,10.);
#833=VECTOR('',#2924,10.);
#834=VECTOR('',#2927,10.);
#835=VECTOR('',#2928,10.);
#836=VECTOR('',#2931,10.);
#837=VECTOR('',#2932,10.);
#838=VECTOR('',#2933,10.);
#839=VECTOR('',#2934,10.);
#840=VECTOR('',#2935,10.);
#841=VECTOR('',#2936,10.);
#842=VECTOR('',#2937,10.);
#843=VECTOR('',#2938,10.);
#844=VECTOR('',#2941,10.);
#845=VECTOR('',#2944,10.);
#846=VECTOR('',#2947,10.);
#847=VECTOR('',#2948,10.);
#848=VECTOR('',#2951,10.);
#849=VECTOR('',#2954,10.);
#850=VECTOR('',#2955,10.);
#851=VECTOR('',#2958,10.);
#852=VECTOR('',#2961,10.);
#853=VECTOR('',#2964,10.);
#854=VECTOR('',#2965,10.);
#855=VECTOR('',#2966,10.);
#856=VECTOR('',#2967,10.);
#857=VECTOR('',#2970,10.);
#858=VECTOR('',#2971,10.);
#859=VECTOR('',#2974,10.);
#860=VECTOR('',#2977,10.);
#861=VECTOR('',#2982,10.);
#862=VECTOR('',#2983,10.);
#863=VECTOR('',#2984,10.);
#864=VECTOR('',#2987,10.);
#865=VECTOR('',#2988,10.);
#866=VECTOR('',#2989,10.);
#867=VECTOR('',#2992,10.);
#868=VECTOR('',#2993,10.);
#869=VECTOR('',#2996,10.);
#870=VECTOR('',#2997,10.);
#871=VECTOR('',#3000,10.);
#872=VECTOR('',#3003,10.);
#873=VECTOR('',#3004,10.);
#874=VECTOR('',#3007,10.);
#875=VECTOR('',#3008,10.);
#876=VECTOR('',#3011,10.);
#877=VECTOR('',#3014,10.);
#878=VECTOR('',#3015,10.);
#879=VECTOR('',#3016,10.);
#880=VECTOR('',#3017,10.);
#881=VECTOR('',#3020,10.);
#882=VECTOR('',#3021,10.);
#883=VECTOR('',#3022,10.);
#884=VECTOR('',#3025,10.);
#885=VECTOR('',#3026,10.);
#886=VECTOR('',#3027,10.);
#887=VECTOR('',#3028,10.);
#888=VECTOR('',#3031,10.);
#889=VECTOR('',#3032,10.);
#890=VECTOR('',#3033,10.);
#891=VECTOR('',#3036,10.);
#892=VECTOR('',#3039,10.);
#893=VECTOR('',#3040,10.);
#894=VECTOR('',#3041,10.);
#895=VECTOR('',#3042,10.);
#896=VECTOR('',#3045,10.);
#897=VECTOR('',#3046,10.);
#898=VECTOR('',#3049,10.);
#899=VECTOR('',#3050,10.);
#900=VECTOR('',#3051,10.);
#901=VECTOR('',#3052,10.);
#902=VECTOR('',#3053,10.);
#903=VECTOR('',#3054,10.);
#904=VECTOR('',#3055,10.);
#905=VECTOR('',#3058,10.);
#906=VECTOR('',#3059,10.);
#907=VECTOR('',#3062,10.);
#908=VECTOR('',#3063,10.);
#909=VECTOR('',#3080,1.5);
#910=VECTOR('',#3091,0.950000000000002);
#911=VECTOR('',#3110,1.5);
#912=VECTOR('',#3121,10.);
#913=VECTOR('',#3122,10.);
#914=VECTOR('',#3125,10.);
#915=VECTOR('',#3126,10.);
#916=VECTOR('',#3131,10.);
#917=VECTOR('',#3136,10.);
#918=VECTOR('',#3143,10.);
#919=VECTOR('',#3144,10.);
#920=VECTOR('',#3145,10.);
#921=VECTOR('',#3148,10.);
#922=VECTOR('',#3151,10.);
#923=VECTOR('',#3156,10.);
#924=VECTOR('',#3159,10.);
#925=VECTOR('',#3162,10.);
#926=VECTOR('',#3163,10.);
#927=VECTOR('',#3164,10.);
#928=VECTOR('',#3169,10.);
#929=VECTOR('',#3172,10.);
#930=VECTOR('',#3173,10.);
#931=VECTOR('',#3176,10.);
#932=VECTOR('',#3179,10.);
#933=VECTOR('',#3180,10.);
#934=VECTOR('',#3183,10.);
#935=VECTOR('',#3186,10.);
#936=VECTOR('',#3189,10.);
#937=VECTOR('',#3192,10.);
#938=VECTOR('',#3193,10.);
#939=VECTOR('',#3198,10.);
#940=VECTOR('',#3205,10.);
#941=VECTOR('',#3206,10.);
#942=VECTOR('',#3209,10.);
#943=VECTOR('',#3210,10.);
#944=VECTOR('',#3213,10.);
#945=VECTOR('',#3216,10.);
#946=VECTOR('',#3217,10.);
#947=VECTOR('',#3218,10.);
#948=VECTOR('',#3221,10.);
#949=VECTOR('',#3224,10.);
#950=VECTOR('',#3229,3.25);
#951=VECTOR('',#3236,10.);
#952=VECTOR('',#3247,10.);
#953=VECTOR('',#3248,10.);
#954=VECTOR('',#3251,10.);
#955=VECTOR('',#3254,10.);
#956=VECTOR('',#3259,10.);
#957=VECTOR('',#3260,10.);
#958=VECTOR('',#3263,10.);
#959=VECTOR('',#3264,10.);
#960=VECTOR('',#3267,10.);
#961=VECTOR('',#3274,10.);
#962=VECTOR('',#3279,10.);
#963=VECTOR('',#3282,10.);
#964=VECTOR('',#3285,10.);
#965=VECTOR('',#3288,10.);
#966=VERTEX_POINT('',#3293);
#967=VERTEX_POINT('',#3294);
#968=VERTEX_POINT('',#3296);
#969=VERTEX_POINT('',#3298);
#970=VERTEX_POINT('',#3302);
#971=VERTEX_POINT('',#3304);
#972=VERTEX_POINT('',#3308);
#973=VERTEX_POINT('',#3312);
#974=VERTEX_POINT('',#3319);
#975=VERTEX_POINT('',#3320);
#976=VERTEX_POINT('',#3322);
#977=VERTEX_POINT('',#3324);
#978=VERTEX_POINT('',#3328);
#979=VERTEX_POINT('',#3329);
#980=VERTEX_POINT('',#3334);
#981=VERTEX_POINT('',#3338);
#982=VERTEX_POINT('',#3345);
#983=VERTEX_POINT('',#3346);
#984=VERTEX_POINT('',#3348);
#985=VERTEX_POINT('',#3350);
#986=VERTEX_POINT('',#3354);
#987=VERTEX_POINT('',#3356);
#988=VERTEX_POINT('',#3358);
#989=VERTEX_POINT('',#3360);
#990=VERTEX_POINT('',#3362);
#991=VERTEX_POINT('',#3366);
#992=VERTEX_POINT('',#3370);
#993=VERTEX_POINT('',#3371);
#994=VERTEX_POINT('',#3373);
#995=VERTEX_POINT('',#3375);
#996=VERTEX_POINT('',#3379);
#997=VERTEX_POINT('',#3381);
#998=VERTEX_POINT('',#3385);
#999=VERTEX_POINT('',#3387);
#1000=VERTEX_POINT('',#3394);
#1001=VERTEX_POINT('',#3396);
#1002=VERTEX_POINT('',#3400);
#1003=VERTEX_POINT('',#3404);
#1004=VERTEX_POINT('',#3405);
#1005=VERTEX_POINT('',#3407);
#1006=VERTEX_POINT('',#3409);
#1007=VERTEX_POINT('',#3411);
#1008=VERTEX_POINT('',#3413);
#1009=VERTEX_POINT('',#3415);
#1010=VERTEX_POINT('',#3417);
#1011=VERTEX_POINT('',#3419);
#1012=VERTEX_POINT('',#3421);
#1013=VERTEX_POINT('',#3423);
#1014=VERTEX_POINT('',#3425);
#1015=VERTEX_POINT('',#3427);
#1016=VERTEX_POINT('',#3429);
#1017=VERTEX_POINT('',#3432);
#1018=VERTEX_POINT('',#3434);
#1019=VERTEX_POINT('',#3436);
#1020=VERTEX_POINT('',#3438);
#1021=VERTEX_POINT('',#3440);
#1022=VERTEX_POINT('',#3442);
#1023=VERTEX_POINT('',#3444);
#1024=VERTEX_POINT('',#3446);
#1025=VERTEX_POINT('',#3449);
#1026=VERTEX_POINT('',#3450);
#1027=VERTEX_POINT('',#3452);
#1028=VERTEX_POINT('',#3454);
#1029=VERTEX_POINT('',#3457);
#1030=VERTEX_POINT('',#3460);
#1031=VERTEX_POINT('',#3462);
#1032=VERTEX_POINT('',#3466);
#1033=VERTEX_POINT('',#3468);
#1034=VERTEX_POINT('',#3476);
#1035=VERTEX_POINT('',#3478);
#1036=VERTEX_POINT('',#3482);
#1037=VERTEX_POINT('',#3486);
#1038=VERTEX_POINT('',#3487);
#1039=VERTEX_POINT('',#3492);
#1040=VERTEX_POINT('',#3496);
#1041=VERTEX_POINT('',#3500);
#1042=VERTEX_POINT('',#3502);
#1043=VERTEX_POINT('',#3504);
#1044=VERTEX_POINT('',#3506);
#1045=VERTEX_POINT('',#3510);
#1046=VERTEX_POINT('',#3514);
#1047=VERTEX_POINT('',#3516);
#1048=VERTEX_POINT('',#3518);
#1049=VERTEX_POINT('',#3522);
#1050=VERTEX_POINT('',#3523);
#1051=VERTEX_POINT('',#3528);
#1052=VERTEX_POINT('',#3532);
#1053=VERTEX_POINT('',#3534);
#1054=VERTEX_POINT('',#3543);
#1055=VERTEX_POINT('',#3544);
#1056=VERTEX_POINT('',#3546);
#1057=VERTEX_POINT('',#3548);
#1058=VERTEX_POINT('',#3551);
#1059=VERTEX_POINT('',#3552);
#1060=VERTEX_POINT('',#3554);
#1061=VERTEX_POINT('',#3556);
#1062=VERTEX_POINT('',#3559);
#1063=VERTEX_POINT('',#3561);
#1064=VERTEX_POINT('',#3562);
#1065=VERTEX_POINT('',#3564);
#1066=VERTEX_POINT('',#3566);
#1067=VERTEX_POINT('',#3575);
#1068=VERTEX_POINT('',#3594);
#1069=VERTEX_POINT('',#3595);
#1070=VERTEX_POINT('',#3600);
#1071=VERTEX_POINT('',#3602);
#1072=VERTEX_POINT('',#3604);
#1073=VERTEX_POINT('',#3606);
#1074=VERTEX_POINT('',#3608);
#1075=VERTEX_POINT('',#3610);
#1076=VERTEX_POINT('',#3612);
#1077=VERTEX_POINT('',#3614);
#1078=VERTEX_POINT('',#3616);
#1079=VERTEX_POINT('',#3618);
#1080=VERTEX_POINT('',#3620);
#1081=VERTEX_POINT('',#3622);
#1082=VERTEX_POINT('',#3624);
#1083=VERTEX_POINT('',#3626);
#1084=VERTEX_POINT('',#3628);
#1085=VERTEX_POINT('',#3630);
#1086=VERTEX_POINT('',#3632);
#1087=VERTEX_POINT('',#3634);
#1088=VERTEX_POINT('',#3636);
#1089=VERTEX_POINT('',#3638);
#1090=VERTEX_POINT('',#3647);
#1091=VERTEX_POINT('',#3649);
#1092=VERTEX_POINT('',#3651);
#1093=VERTEX_POINT('',#3653);
#1094=VERTEX_POINT('',#3657);
#1095=VERTEX_POINT('',#3660);
#1096=VERTEX_POINT('',#3662);
#1097=VERTEX_POINT('',#3664);
#1098=VERTEX_POINT('',#3666);
#1099=VERTEX_POINT('',#3668);
#1100=VERTEX_POINT('',#3670);
#1101=VERTEX_POINT('',#3672);
#1102=VERTEX_POINT('',#3674);
#1103=VERTEX_POINT('',#3676);
#1104=VERTEX_POINT('',#3678);
#1105=VERTEX_POINT('',#3680);
#1106=VERTEX_POINT('',#3682);
#1107=VERTEX_POINT('',#3684);
#1108=VERTEX_POINT('',#3686);
#1109=VERTEX_POINT('',#3688);
#1110=VERTEX_POINT('',#3690);
#1111=VERTEX_POINT('',#3693);
#1112=VERTEX_POINT('',#3694);
#1113=VERTEX_POINT('',#3696);
#1114=VERTEX_POINT('',#3698);
#1115=VERTEX_POINT('',#3710);
#1116=VERTEX_POINT('',#3712);
#1117=VERTEX_POINT('',#3716);
#1118=VERTEX_POINT('',#3718);
#1119=VERTEX_POINT('',#3722);
#1120=VERTEX_POINT('',#3726);
#1121=VERTEX_POINT('',#3732);
#1122=VERTEX_POINT('',#3736);
#1123=VERTEX_POINT('',#3742);
#1124=VERTEX_POINT('',#3743);
#1125=VERTEX_POINT('',#3745);
#1126=VERTEX_POINT('',#3747);
#1127=VERTEX_POINT('',#3751);
#1128=VERTEX_POINT('',#3753);
#1129=VERTEX_POINT('',#3757);
#1130=VERTEX_POINT('',#3759);
#1131=VERTEX_POINT('',#3761);
#1132=VERTEX_POINT('',#3765);
#1133=VERTEX_POINT('',#3766);
#1134=VERTEX_POINT('',#3773);
#1135=VERTEX_POINT('',#3774);
#1136=VERTEX_POINT('',#3776);
#1137=VERTEX_POINT('',#3778);
#1138=VERTEX_POINT('',#3785);
#1139=VERTEX_POINT('',#3787);
#1140=VERTEX_POINT('',#3792);
#1141=VERTEX_POINT('',#3796);
#1142=VERTEX_POINT('',#3800);
#1143=VERTEX_POINT('',#3804);
#1144=VERTEX_POINT('',#3805);
#1145=VERTEX_POINT('',#3808);
#1146=VERTEX_POINT('',#3810);
#1147=VERTEX_POINT('',#3814);
#1148=VERTEX_POINT('',#3818);
#1149=VERTEX_POINT('',#3820);
#1150=VERTEX_POINT('',#3824);
#1151=VERTEX_POINT('',#3826);
#1152=VERTEX_POINT('',#3830);
#1153=VERTEX_POINT('',#3831);
#1154=VERTEX_POINT('',#3834);
#1155=VERTEX_POINT('',#3836);
#1156=VERTEX_POINT('',#3840);
#1157=VERTEX_POINT('',#3846);
#1158=VERTEX_POINT('',#3847);
#1159=VERTEX_POINT('',#3852);
#1160=VERTEX_POINT('',#3856);
#1161=VERTEX_POINT('',#3860);
#1162=VERTEX_POINT('',#3862);
#1163=VERTEX_POINT('',#3866);
#1164=VERTEX_POINT('',#3868);
#1165=VERTEX_POINT('',#3870);
#1166=VERTEX_POINT('',#3872);
#1167=VERTEX_POINT('',#3874);
#1168=VERTEX_POINT('',#3876);
#1169=VERTEX_POINT('',#3878);
#1170=VERTEX_POINT('',#3880);
#1171=VERTEX_POINT('',#3883);
#1172=VERTEX_POINT('',#3885);
#1173=VERTEX_POINT('',#3887);
#1174=VERTEX_POINT('',#3889);
#1175=VERTEX_POINT('',#3891);
#1176=VERTEX_POINT('',#3893);
#1177=VERTEX_POINT('',#3895);
#1178=VERTEX_POINT('',#3899);
#1179=VERTEX_POINT('',#3925);
#1180=VERTEX_POINT('',#3929);
#1181=VERTEX_POINT('',#3935);
#1182=VERTEX_POINT('',#3937);
#1183=VERTEX_POINT('',#3956);
#1184=VERTEX_POINT('',#3965);
#1185=VERTEX_POINT('',#3969);
#1186=EDGE_CURVE('',#966,#967,#358,.T.);
#1187=EDGE_CURVE('',#968,#967,#359,.T.);
#1188=EDGE_CURVE('',#969,#968,#360,.T.);
#1189=EDGE_CURVE('',#969,#966,#361,.T.);
#1190=EDGE_CURVE('',#970,#969,#362,.T.);
#1191=EDGE_CURVE('',#968,#971,#363,.T.);
#1192=EDGE_CURVE('',#971,#970,#364,.T.);
#1193=EDGE_CURVE('',#972,#966,#365,.T.);
#1194=EDGE_CURVE('',#970,#972,#366,.T.);
#1195=EDGE_CURVE('',#967,#973,#367,.T.);
#1196=EDGE_CURVE('',#973,#971,#368,.T.);
#1197=EDGE_CURVE('',#973,#972,#369,.T.);
#1198=EDGE_CURVE('',#974,#975,#370,.T.);
#1199=EDGE_CURVE('',#975,#976,#371,.T.);
#1200=EDGE_CURVE('',#976,#977,#372,.T.);
#1201=EDGE_CURVE('',#977,#974,#373,.T.);
#1202=EDGE_CURVE('',#978,#979,#374,.T.);
#1203=EDGE_CURVE('',#974,#979,#375,.T.);
#1204=EDGE_CURVE('',#977,#978,#376,.T.);
#1205=EDGE_CURVE('',#979,#980,#377,.T.);
#1206=EDGE_CURVE('',#975,#980,#378,.T.);
#1207=EDGE_CURVE('',#981,#978,#379,.T.);
#1208=EDGE_CURVE('',#976,#981,#380,.T.);
#1209=EDGE_CURVE('',#980,#981,#381,.T.);
#1210=EDGE_CURVE('',#982,#983,#382,.T.);
#1211=EDGE_CURVE('',#983,#984,#383,.T.);
#1212=EDGE_CURVE('',#984,#985,#384,.T.);
#1213=EDGE_CURVE('',#985,#982,#385,.T.);
#1214=EDGE_CURVE('',#986,#984,#386,.T.);
#1215=EDGE_CURVE('',#987,#986,#387,.T.);
#1216=EDGE_CURVE('',#988,#987,#388,.T.);
#1217=EDGE_CURVE('',#989,#988,#389,.T.);
#1218=EDGE_CURVE('',#990,#989,#390,.T.);
#1219=EDGE_CURVE('',#990,#985,#391,.T.);
#1220=EDGE_CURVE('',#983,#991,#392,.T.);
#1221=EDGE_CURVE('',#991,#986,#393,.T.);
#1222=EDGE_CURVE('',#992,#993,#394,.T.);
#1223=EDGE_CURVE('',#993,#994,#395,.T.);
#1224=EDGE_CURVE('',#994,#995,#396,.T.);
#1225=EDGE_CURVE('',#995,#992,#397,.T.);
#1226=EDGE_CURVE('',#993,#996,#398,.T.);
#1227=EDGE_CURVE('',#996,#997,#399,.T.);
#1228=EDGE_CURVE('',#997,#994,#400,.T.);
#1229=EDGE_CURVE('',#998,#997,#401,.T.);
#1230=EDGE_CURVE('',#996,#999,#402,.T.);
#1231=EDGE_CURVE('',#999,#998,#403,.T.);
#1232=EDGE_CURVE('',#999,#992,#404,.T.);
#1233=EDGE_CURVE('',#995,#998,#405,.T.);
#1234=EDGE_CURVE('',#995,#1000,#406,.T.);
#1235=EDGE_CURVE('',#1001,#1000,#407,.T.);
#1236=EDGE_CURVE('',#998,#1001,#408,.T.);
#1237=EDGE_CURVE('',#994,#1002,#409,.T.);
#1238=EDGE_CURVE('',#1000,#1002,#410,.T.);
#1239=EDGE_CURVE('',#1003,#1004,#411,.T.);
#1240=EDGE_CURVE('',#1003,#1005,#412,.T.);
#1241=EDGE_CURVE('',#1005,#1006,#413,.T.);
#1242=EDGE_CURVE('',#1006,#1007,#414,.T.);
#1243=EDGE_CURVE('',#1008,#1007,#415,.F.);
#1244=EDGE_CURVE('',#1008,#1009,#416,.T.);
#1245=EDGE_CURVE('',#1009,#1010,#417,.T.);
#1246=EDGE_CURVE('',#1011,#1010,#418,.T.);
#1247=EDGE_CURVE('',#1012,#1011,#419,.T.);
#1248=EDGE_CURVE('',#1013,#1012,#420,.T.);
#1249=EDGE_CURVE('',#1014,#1013,#421,.T.);
#1250=EDGE_CURVE('',#1015,#1014,#422,.T.);
#1251=EDGE_CURVE('',#1015,#1016,#423,.T.);
#1252=EDGE_CURVE('',#1016,#989,#424,.T.);
#1253=EDGE_CURVE('',#1017,#988,#425,.T.);
#1254=EDGE_CURVE('',#1017,#1018,#426,.T.);
#1255=EDGE_CURVE('',#1018,#1019,#427,.T.);
#1256=EDGE_CURVE('',#1019,#1020,#428,.T.);
#1257=EDGE_CURVE('',#1020,#1021,#429,.T.);
#1258=EDGE_CURVE('',#1021,#1022,#430,.T.);
#1259=EDGE_CURVE('',#1022,#1023,#431,.T.);
#1260=EDGE_CURVE('',#1024,#1023,#432,.T.);
#1261=EDGE_CURVE('',#1004,#1024,#433,.T.);
#1262=EDGE_CURVE('',#1025,#1026,#434,.T.);
#1263=EDGE_CURVE('',#1027,#1025,#435,.T.);
#1264=EDGE_CURVE('',#1028,#1027,#436,.T.);
#1265=EDGE_CURVE('',#1026,#1028,#437,.T.);
#1266=EDGE_CURVE('',#1029,#1029,#32,.T.);
#1267=EDGE_CURVE('',#1027,#1030,#438,.T.);
#1268=EDGE_CURVE('',#1030,#1031,#439,.T.);
#1269=EDGE_CURVE('',#1028,#1031,#440,.T.);
#1270=EDGE_CURVE('',#1026,#1032,#441,.T.);
#1271=EDGE_CURVE('',#1032,#1033,#442,.T.);
#1272=EDGE_CURVE('',#1033,#1025,#443,.T.);
#1273=EDGE_CURVE('',#1031,#1032,#444,.T.);
#1274=EDGE_CURVE('',#1033,#1030,#445,.T.);
#1275=EDGE_CURVE('',#1033,#1034,#446,.T.);
#1276=EDGE_CURVE('',#1035,#1034,#447,.T.);
#1277=EDGE_CURVE('',#1030,#1035,#448,.T.);
#1278=EDGE_CURVE('',#1032,#1036,#449,.T.);
#1279=EDGE_CURVE('',#1034,#1036,#450,.T.);
#1280=EDGE_CURVE('',#1037,#1038,#451,.T.);
#1281=EDGE_CURVE('',#1038,#1003,#452,.F.);
#1282=EDGE_CURVE('',#1004,#1037,#453,.T.);
#1283=EDGE_CURVE('',#1039,#1037,#454,.T.);
#1284=EDGE_CURVE('',#1024,#1039,#455,.T.);
#1285=EDGE_CURVE('',#1040,#1023,#456,.T.);
#1286=EDGE_CURVE('',#1040,#1039,#457,.T.);
#1287=EDGE_CURVE('',#1038,#1041,#458,.T.);
#1288=EDGE_CURVE('',#1037,#1042,#459,.T.);
#1289=EDGE_CURVE('',#1043,#1042,#460,.T.);
#1290=EDGE_CURVE('',#1044,#1043,#461,.T.);
#1291=EDGE_CURVE('',#1044,#1041,#462,.T.);
#1292=EDGE_CURVE('',#1039,#1045,#463,.T.);
#1293=EDGE_CURVE('',#1042,#1045,#464,.T.);
#1294=EDGE_CURVE('',#1046,#1040,#465,.T.);
#1295=EDGE_CURVE('',#1046,#1047,#466,.T.);
#1296=EDGE_CURVE('',#1047,#1048,#467,.T.);
#1297=EDGE_CURVE('',#1045,#1048,#468,.T.);
#1298=EDGE_CURVE('',#1049,#1050,#469,.T.);
#1299=EDGE_CURVE('',#1050,#1034,#470,.T.);
#1300=EDGE_CURVE('',#1036,#1049,#471,.T.);
#1301=EDGE_CURVE('',#1050,#1051,#472,.T.);
#1302=EDGE_CURVE('',#1035,#1051,#473,.T.);
#1303=EDGE_CURVE('',#1052,#1049,#474,.T.);
#1304=EDGE_CURVE('',#1036,#1053,#475,.T.);
#1305=EDGE_CURVE('',#1053,#1052,#476,.T.);
#1306=EDGE_CURVE('',#1051,#1052,#477,.T.);
#1307=EDGE_CURVE('',#1053,#1035,#478,.T.);
#1308=EDGE_CURVE('',#1031,#1053,#479,.T.);
#1309=EDGE_CURVE('',#1054,#1055,#480,.T.);
#1310=EDGE_CURVE('',#1056,#1054,#481,.T.);
#1311=EDGE_CURVE('',#1057,#1056,#482,.T.);
#1312=EDGE_CURVE('',#1055,#1057,#483,.T.);
#1313=EDGE_CURVE('',#1058,#1059,#484,.T.);
#1314=EDGE_CURVE('',#1060,#1058,#485,.T.);
#1315=EDGE_CURVE('',#1061,#1060,#486,.T.);
#1316=EDGE_CURVE('',#1059,#1061,#487,.T.);
#1317=EDGE_CURVE('',#1062,#1062,#33,.T.);
#1318=EDGE_CURVE('',#1063,#1064,#488,.T.);
#1319=EDGE_CURVE('',#1065,#1063,#489,.T.);
#1320=EDGE_CURVE('',#1066,#1065,#490,.T.);
#1321=EDGE_CURVE('',#1064,#1066,#491,.T.);
#1322=EDGE_CURVE('',#1059,#1000,#492,.T.);
#1323=EDGE_CURVE('',#1002,#1058,#493,.T.);
#1324=EDGE_CURVE('',#1001,#1061,#494,.T.);
#1325=EDGE_CURVE('',#1002,#1067,#495,.T.);
#1326=EDGE_CURVE('',#1067,#1060,#496,.T.);
#1327=EDGE_CURVE('',#1067,#1001,#497,.T.);
#1328=EDGE_CURVE('',#997,#1067,#498,.T.);
#1329=EDGE_CURVE('',#1064,#1048,#499,.T.);
#1330=EDGE_CURVE('',#1048,#1043,#500,.T.);
#1331=EDGE_CURVE('',#1043,#1063,#501,.T.);
#1332=EDGE_CURVE('',#1045,#1066,#502,.T.);
#1333=EDGE_CURVE('',#1042,#1065,#503,.T.);
#1334=EDGE_CURVE('',#1047,#1044,#504,.T.);
#1335=EDGE_CURVE('',#1068,#1069,#505,.T.);
#1336=EDGE_CURVE('',#1069,#1008,#506,.T.);
#1337=EDGE_CURVE('',#1007,#1068,#507,.T.);
#1338=EDGE_CURVE('',#1070,#1068,#508,.T.);
#1339=EDGE_CURVE('',#1070,#1071,#509,.T.);
#1340=EDGE_CURVE('',#1072,#1071,#510,.T.);
#1341=EDGE_CURVE('',#1073,#1072,#511,.T.);
#1342=EDGE_CURVE('',#1074,#1073,#512,.T.);
#1343=EDGE_CURVE('',#1075,#1074,#513,.T.);
#1344=EDGE_CURVE('',#1076,#1075,#514,.T.);
#1345=EDGE_CURVE('',#1076,#1077,#515,.T.);
#1346=EDGE_CURVE('',#1078,#1077,#516,.T.);
#1347=EDGE_CURVE('',#1079,#1078,#517,.T.);
#1348=EDGE_CURVE('',#1080,#1079,#518,.T.);
#1349=EDGE_CURVE('',#1081,#1080,#519,.T.);
#1350=EDGE_CURVE('',#1082,#1081,#520,.T.);
#1351=EDGE_CURVE('',#1083,#1082,#521,.T.);
#1352=EDGE_CURVE('',#1084,#1083,#522,.T.);
#1353=EDGE_CURVE('',#1085,#1084,#523,.T.);
#1354=EDGE_CURVE('',#1086,#1085,#524,.T.);
#1355=EDGE_CURVE('',#1087,#1086,#525,.T.);
#1356=EDGE_CURVE('',#1088,#1087,#526,.T.);
#1357=EDGE_CURVE('',#1089,#1088,#527,.T.);
#1358=EDGE_CURVE('',#1089,#1069,#528,.T.);
#1359=EDGE_CURVE('',#1006,#1070,#529,.T.);
#1360=EDGE_CURVE('',#1009,#1089,#530,.T.);
#1361=EDGE_CURVE('',#1088,#1010,#531,.T.);
#1362=EDGE_CURVE('',#1090,#1087,#532,.F.);
#1363=EDGE_CURVE('',#1090,#1091,#533,.T.);
#1364=EDGE_CURVE('',#1091,#1092,#534,.T.);
#1365=EDGE_CURVE('',#1092,#1093,#535,.T.);
#1366=EDGE_CURVE('',#1084,#1093,#536,.F.);
#1367=EDGE_CURVE('',#1017,#1083,#537,.T.);
#1368=EDGE_CURVE('',#987,#1094,#538,.T.);
#1369=EDGE_CURVE('',#1094,#1015,#539,.T.);
#1370=EDGE_CURVE('',#1014,#1095,#34,.T.);
#1371=EDGE_CURVE('',#1095,#1096,#540,.T.);
#1372=EDGE_CURVE('',#1096,#1097,#35,.T.);
#1373=EDGE_CURVE('',#1097,#1098,#541,.T.);
#1374=EDGE_CURVE('',#1099,#1098,#36,.F.);
#1375=EDGE_CURVE('',#1099,#1100,#542,.T.);
#1376=EDGE_CURVE('',#1100,#1101,#543,.T.);
#1377=EDGE_CURVE('',#1102,#1101,#37,.T.);
#1378=EDGE_CURVE('',#1102,#1103,#544,.T.);
#1379=EDGE_CURVE('',#1104,#1103,#38,.T.);
#1380=EDGE_CURVE('',#1104,#1105,#545,.T.);
#1381=EDGE_CURVE('',#1105,#1106,#546,.T.);
#1382=EDGE_CURVE('',#1107,#1106,#39,.F.);
#1383=EDGE_CURVE('',#1107,#1108,#547,.T.);
#1384=EDGE_CURVE('',#1108,#1109,#40,.T.);
#1385=EDGE_CURVE('',#1109,#1110,#548,.T.);
#1386=EDGE_CURVE('',#1110,#1011,#41,.T.);
#1387=EDGE_CURVE('',#1111,#1112,#549,.T.);
#1388=EDGE_CURVE('',#1112,#1113,#550,.T.);
#1389=EDGE_CURVE('',#1113,#1114,#551,.T.);
#1390=EDGE_CURVE('',#1111,#1114,#552,.T.);
#1391=EDGE_CURVE('',#1020,#1080,#553,.T.);
#1392=EDGE_CURVE('',#1079,#1021,#554,.T.);
#1393=EDGE_CURVE('',#1019,#1081,#555,.T.);
#1394=EDGE_CURVE('',#1082,#1018,#556,.T.);
#1395=EDGE_CURVE('',#1114,#1115,#557,.T.);
#1396=EDGE_CURVE('',#1115,#1116,#558,.T.);
#1397=EDGE_CURVE('',#1116,#1111,#559,.T.);
#1398=EDGE_CURVE('',#1115,#1117,#560,.T.);
#1399=EDGE_CURVE('',#1118,#1117,#561,.T.);
#1400=EDGE_CURVE('',#1116,#1118,#562,.T.);
#1401=EDGE_CURVE('',#1119,#1090,#563,.T.);
#1402=EDGE_CURVE('',#1086,#1119,#564,.T.);
#1403=EDGE_CURVE('',#1093,#1120,#565,.T.);
#1404=EDGE_CURVE('',#1120,#1085,#566,.T.);
#1405=EDGE_CURVE('',#1120,#1119,#567,.T.);
#1406=EDGE_CURVE('',#1121,#1119,#568,.T.);
#1407=EDGE_CURVE('',#1091,#1121,#569,.T.);
#1408=EDGE_CURVE('',#1120,#1122,#570,.T.);
#1409=EDGE_CURVE('',#1121,#1122,#571,.T.);
#1410=EDGE_CURVE('',#1122,#1092,#572,.T.);
#1411=EDGE_CURVE('',#1123,#1124,#573,.T.);
#1412=EDGE_CURVE('',#1124,#1125,#574,.T.);
#1413=EDGE_CURVE('',#1125,#1126,#575,.T.);
#1414=EDGE_CURVE('',#1126,#1123,#576,.T.);
#1415=EDGE_CURVE('',#1124,#1127,#577,.T.);
#1416=EDGE_CURVE('',#1127,#1128,#578,.T.);
#1417=EDGE_CURVE('',#1128,#1125,#579,.T.);
#1418=EDGE_CURVE('',#1129,#1123,#580,.T.);
#1419=EDGE_CURVE('',#1130,#1129,#581,.T.);
#1420=EDGE_CURVE('',#1131,#1130,#582,.T.);
#1421=EDGE_CURVE('',#1131,#1127,#583,.T.);
#1422=EDGE_CURVE('',#1132,#1133,#584,.T.);
#1423=EDGE_CURVE('',#1133,#1131,#585,.T.);
#1424=EDGE_CURVE('',#1130,#1132,#586,.T.);
#1425=EDGE_CURVE('',#1133,#1128,#587,.T.);
#1426=EDGE_CURVE('',#1134,#1135,#588,.T.);
#1427=EDGE_CURVE('',#1135,#1136,#589,.T.);
#1428=EDGE_CURVE('',#1136,#1137,#590,.T.);
#1429=EDGE_CURVE('',#1137,#1134,#591,.T.);
#1430=EDGE_CURVE('',#1137,#1076,#592,.T.);
#1431=EDGE_CURVE('',#1075,#1134,#593,.T.);
#1432=EDGE_CURVE('',#1138,#1074,#594,.T.);
#1433=EDGE_CURVE('',#1139,#1138,#595,.T.);
#1434=EDGE_CURVE('',#1139,#1005,#596,.T.);
#1435=EDGE_CURVE('',#1046,#1041,#597,.T.);
#1436=EDGE_CURVE('',#1022,#1135,#598,.T.);
#1437=EDGE_CURVE('',#1129,#1140,#599,.T.);
#1438=EDGE_CURVE('',#1140,#1132,#600,.T.);
#1439=EDGE_CURVE('',#1073,#1141,#601,.T.);
#1440=EDGE_CURVE('',#1141,#1138,#602,.T.);
#1441=EDGE_CURVE('',#1141,#1142,#603,.T.);
#1442=EDGE_CURVE('',#1142,#1139,#604,.T.);
#1443=EDGE_CURVE('',#1143,#1144,#42,.T.);
#1444=EDGE_CURVE('',#1144,#1143,#43,.T.);
#1445=EDGE_CURVE('',#1143,#1145,#44,.T.);
#1446=EDGE_CURVE('',#1145,#1146,#45,.T.);
#1447=EDGE_CURVE('',#1146,#1145,#46,.T.);
#1448=EDGE_CURVE('',#1147,#1147,#47,.T.);
#1449=EDGE_CURVE('',#1147,#1146,#605,.T.);
#1450=EDGE_CURVE('',#1144,#1148,#48,.T.);
#1451=EDGE_CURVE('',#1148,#1149,#49,.T.);
#1452=EDGE_CURVE('',#1149,#1148,#50,.T.);
#1453=EDGE_CURVE('',#1149,#1150,#606,.T.);
#1454=EDGE_CURVE('',#1151,#1150,#51,.T.);
#1455=EDGE_CURVE('',#1150,#1151,#52,.T.);
#1456=EDGE_CURVE('',#1152,#1153,#53,.T.);
#1457=EDGE_CURVE('',#1153,#1152,#54,.T.);
#1458=EDGE_CURVE('',#1152,#1154,#55,.T.);
#1459=EDGE_CURVE('',#1154,#1155,#56,.T.);
#1460=EDGE_CURVE('',#1155,#1154,#57,.T.);
#1461=EDGE_CURVE('',#1155,#1156,#607,.T.);
#1462=EDGE_CURVE('',#1156,#1156,#58,.T.);
#1463=EDGE_CURVE('',#1153,#1151,#59,.T.);
#1464=EDGE_CURVE('',#1157,#1158,#60,.T.);
#1465=EDGE_CURVE('',#1158,#1102,#608,.T.);
#1466=EDGE_CURVE('',#1101,#1157,#609,.T.);
#1467=EDGE_CURVE('',#1159,#1158,#610,.T.);
#1468=EDGE_CURVE('',#1103,#1159,#611,.T.);
#1469=EDGE_CURVE('',#1159,#1160,#61,.T.);
#1470=EDGE_CURVE('',#1160,#1104,#612,.T.);
#1471=EDGE_CURVE('',#1055,#1161,#62,.T.);
#1472=EDGE_CURVE('',#1161,#1162,#613,.T.);
#1473=EDGE_CURVE('',#1162,#1054,#63,.T.);
#1474=EDGE_CURVE('',#1163,#1057,#64,.T.);
#1475=EDGE_CURVE('',#1163,#1164,#614,.T.);
#1476=EDGE_CURVE('',#1164,#1165,#615,.T.);
#1477=EDGE_CURVE('',#1165,#1166,#616,.T.);
#1478=EDGE_CURVE('',#1167,#1166,#65,.T.);
#1479=EDGE_CURVE('',#1167,#1168,#617,.T.);
#1480=EDGE_CURVE('',#1169,#1168,#66,.T.);
#1481=EDGE_CURVE('',#1169,#1170,#618,.T.);
#1482=EDGE_CURVE('',#1013,#1170,#67,.T.);
#1483=EDGE_CURVE('',#1171,#1012,#68,.T.);
#1484=EDGE_CURVE('',#1171,#1172,#619,.T.);
#1485=EDGE_CURVE('',#1173,#1172,#69,.T.);
#1486=EDGE_CURVE('',#1173,#1174,#620,.T.);
#1487=EDGE_CURVE('',#1175,#1174,#70,.T.);
#1488=EDGE_CURVE('',#1175,#1176,#621,.T.);
#1489=EDGE_CURVE('',#1176,#1177,#622,.T.);
#1490=EDGE_CURVE('',#1177,#1161,#623,.T.);
#1491=EDGE_CURVE('',#1056,#1178,#71,.T.);
#1492=EDGE_CURVE('',#1178,#1163,#624,.T.);
#1493=EDGE_CURVE('',#1166,#1099,#625,.T.);
#1494=EDGE_CURVE('',#1098,#1167,#626,.T.);
#1495=EDGE_CURVE('',#1168,#1097,#627,.T.);
#1496=EDGE_CURVE('',#1174,#1107,#628,.T.);
#1497=EDGE_CURVE('',#1106,#1175,#629,.T.);
#1498=EDGE_CURVE('',#1105,#1176,#630,.T.);
#1499=EDGE_CURVE('',#1096,#1169,#631,.T.);
#1500=EDGE_CURVE('',#1170,#1095,#632,.T.);
#1501=EDGE_CURVE('',#1108,#1173,#633,.T.);
#1502=EDGE_CURVE('',#1172,#1109,#634,.T.);
#1503=EDGE_CURVE('',#1110,#1171,#635,.T.);
#1504=EDGE_CURVE('',#1179,#1072,#636,.T.);
#1505=EDGE_CURVE('',#1141,#1179,#637,.T.);
#1506=EDGE_CURVE('',#1180,#1179,#638,.T.);
#1507=EDGE_CURVE('',#1142,#1180,#639,.T.);
#1508=EDGE_CURVE('',#1071,#1180,#640,.T.);
#1509=EDGE_CURVE('',#1136,#1181,#641,.T.);
#1510=EDGE_CURVE('',#1182,#1181,#642,.T.);
#1511=EDGE_CURVE('',#1137,#1182,#643,.T.);
#1512=EDGE_CURVE('',#1077,#1182,#644,.T.);
#1513=EDGE_CURVE('',#1181,#1078,#645,.T.);
#1514=EDGE_CURVE('',#1029,#1062,#646,.T.);
#1515=EDGE_CURVE('',#1140,#1126,#647,.T.);
#1516=EDGE_CURVE('',#990,#1183,#648,.T.);
#1517=EDGE_CURVE('',#1183,#982,#649,.T.);
#1518=EDGE_CURVE('',#1094,#991,#650,.T.);
#1519=EDGE_CURVE('',#1016,#1183,#651,.T.);
#1520=EDGE_CURVE('',#1184,#1118,#652,.T.);
#1521=EDGE_CURVE('',#1112,#1184,#653,.T.);
#1522=EDGE_CURVE('',#1185,#1184,#654,.T.);
#1523=EDGE_CURVE('',#1113,#1185,#655,.T.);
#1524=EDGE_CURVE('',#1117,#1185,#656,.T.);
#1525=EDGE_CURVE('',#1104,#1177,#657,.T.);
#1526=EDGE_CURVE('',#1100,#1165,#658,.T.);
#1527=EDGE_CURVE('',#1101,#1164,#659,.T.);
#1528=EDGE_CURVE('',#1157,#1178,#660,.T.);
#1529=EDGE_CURVE('',#1162,#1160,#661,.T.);
#1530=ORIENTED_EDGE('',*,*,#1186,.T.);
#1531=ORIENTED_EDGE('',*,*,#1187,.F.);
#1532=ORIENTED_EDGE('',*,*,#1188,.F.);
#1533=ORIENTED_EDGE('',*,*,#1189,.T.);
#1534=ORIENTED_EDGE('',*,*,#1190,.T.);
#1535=ORIENTED_EDGE('',*,*,#1188,.T.);
#1536=ORIENTED_EDGE('',*,*,#1191,.T.);
#1537=ORIENTED_EDGE('',*,*,#1192,.T.);
#1538=ORIENTED_EDGE('',*,*,#1193,.T.);
#1539=ORIENTED_EDGE('',*,*,#1189,.F.);
#1540=ORIENTED_EDGE('',*,*,#1190,.F.);
#1541=ORIENTED_EDGE('',*,*,#1194,.T.);
#1542=ORIENTED_EDGE('',*,*,#1195,.T.);
#1543=ORIENTED_EDGE('',*,*,#1196,.T.);
#1544=ORIENTED_EDGE('',*,*,#1191,.F.);
#1545=ORIENTED_EDGE('',*,*,#1187,.T.);
#1546=ORIENTED_EDGE('',*,*,#1197,.T.);
#1547=ORIENTED_EDGE('',*,*,#1194,.F.);
#1548=ORIENTED_EDGE('',*,*,#1192,.F.);
#1549=ORIENTED_EDGE('',*,*,#1196,.F.);
#1550=ORIENTED_EDGE('',*,*,#1193,.F.);
#1551=ORIENTED_EDGE('',*,*,#1197,.F.);
#1552=ORIENTED_EDGE('',*,*,#1195,.F.);
#1553=ORIENTED_EDGE('',*,*,#1186,.F.);
#1554=ORIENTED_EDGE('',*,*,#1198,.T.);
#1555=ORIENTED_EDGE('',*,*,#1199,.T.);
#1556=ORIENTED_EDGE('',*,*,#1200,.T.);
#1557=ORIENTED_EDGE('',*,*,#1201,.T.);
#1558=ORIENTED_EDGE('',*,*,#1202,.T.);
#1559=ORIENTED_EDGE('',*,*,#1203,.F.);
#1560=ORIENTED_EDGE('',*,*,#1201,.F.);
#1561=ORIENTED_EDGE('',*,*,#1204,.T.);
#1562=ORIENTED_EDGE('',*,*,#1205,.T.);
#1563=ORIENTED_EDGE('',*,*,#1206,.F.);
#1564=ORIENTED_EDGE('',*,*,#1198,.F.);
#1565=ORIENTED_EDGE('',*,*,#1203,.T.);
#1566=ORIENTED_EDGE('',*,*,#1207,.T.);
#1567=ORIENTED_EDGE('',*,*,#1204,.F.);
#1568=ORIENTED_EDGE('',*,*,#1200,.F.);
#1569=ORIENTED_EDGE('',*,*,#1208,.T.);
#1570=ORIENTED_EDGE('',*,*,#1209,.T.);
#1571=ORIENTED_EDGE('',*,*,#1208,.F.);
#1572=ORIENTED_EDGE('',*,*,#1199,.F.);
#1573=ORIENTED_EDGE('',*,*,#1206,.T.);
#1574=ORIENTED_EDGE('',*,*,#1207,.F.);
#1575=ORIENTED_EDGE('',*,*,#1209,.F.);
#1576=ORIENTED_EDGE('',*,*,#1205,.F.);
#1577=ORIENTED_EDGE('',*,*,#1202,.F.);
#1578=ORIENTED_EDGE('',*,*,#1210,.T.);
#1579=ORIENTED_EDGE('',*,*,#1211,.T.);
#1580=ORIENTED_EDGE('',*,*,#1212,.T.);
#1581=ORIENTED_EDGE('',*,*,#1213,.T.);
#1582=ORIENTED_EDGE('',*,*,#1212,.F.);
#1583=ORIENTED_EDGE('',*,*,#1214,.F.);
#1584=ORIENTED_EDGE('',*,*,#1215,.F.);
#1585=ORIENTED_EDGE('',*,*,#1216,.F.);
#1586=ORIENTED_EDGE('',*,*,#1217,.F.);
#1587=ORIENTED_EDGE('',*,*,#1218,.F.);
#1588=ORIENTED_EDGE('',*,*,#1219,.T.);
#1589=ORIENTED_EDGE('',*,*,#1211,.F.);
#1590=ORIENTED_EDGE('',*,*,#1220,.T.);
#1591=ORIENTED_EDGE('',*,*,#1221,.T.);
#1592=ORIENTED_EDGE('',*,*,#1214,.T.);
#1593=ORIENTED_EDGE('',*,*,#1222,.T.);
#1594=ORIENTED_EDGE('',*,*,#1223,.T.);
#1595=ORIENTED_EDGE('',*,*,#1224,.T.);
#1596=ORIENTED_EDGE('',*,*,#1225,.T.);
#1597=ORIENTED_EDGE('',*,*,#1226,.T.);
#1598=ORIENTED_EDGE('',*,*,#1227,.T.);
#1599=ORIENTED_EDGE('',*,*,#1228,.T.);
#1600=ORIENTED_EDGE('',*,*,#1223,.F.);
#1601=ORIENTED_EDGE('',*,*,#1229,.T.);
#1602=ORIENTED_EDGE('',*,*,#1227,.F.);
#1603=ORIENTED_EDGE('',*,*,#1230,.T.);
#1604=ORIENTED_EDGE('',*,*,#1231,.T.);
#1605=ORIENTED_EDGE('',*,*,#1232,.T.);
#1606=ORIENTED_EDGE('',*,*,#1225,.F.);
#1607=ORIENTED_EDGE('',*,*,#1233,.T.);
#1608=ORIENTED_EDGE('',*,*,#1231,.F.);
#1609=ORIENTED_EDGE('',*,*,#1233,.F.);
#1610=ORIENTED_EDGE('',*,*,#1234,.T.);
#1611=ORIENTED_EDGE('',*,*,#1235,.F.);
#1612=ORIENTED_EDGE('',*,*,#1236,.F.);
#1613=ORIENTED_EDGE('',*,*,#1224,.F.);
#1614=ORIENTED_EDGE('',*,*,#1237,.T.);
#1615=ORIENTED_EDGE('',*,*,#1238,.F.);
#1616=ORIENTED_EDGE('',*,*,#1234,.F.);
#1617=ORIENTED_EDGE('',*,*,#1239,.F.);
#1618=ORIENTED_EDGE('',*,*,#1240,.T.);
#1619=ORIENTED_EDGE('',*,*,#1241,.T.);
#1620=ORIENTED_EDGE('',*,*,#1242,.T.);
#1621=ORIENTED_EDGE('',*,*,#1243,.F.);
#1622=ORIENTED_EDGE('',*,*,#1244,.T.);
#1623=ORIENTED_EDGE('',*,*,#1245,.T.);
#1624=ORIENTED_EDGE('',*,*,#1246,.F.);
#1625=ORIENTED_EDGE('',*,*,#1247,.F.);
#1626=ORIENTED_EDGE('',*,*,#1248,.F.);
#1627=ORIENTED_EDGE('',*,*,#1249,.F.);
#1628=ORIENTED_EDGE('',*,*,#1250,.F.);
#1629=ORIENTED_EDGE('',*,*,#1251,.T.);
#1630=ORIENTED_EDGE('',*,*,#1252,.T.);
#1631=ORIENTED_EDGE('',*,*,#1217,.T.);
#1632=ORIENTED_EDGE('',*,*,#1253,.F.);
#1633=ORIENTED_EDGE('',*,*,#1254,.T.);
#1634=ORIENTED_EDGE('',*,*,#1255,.T.);
#1635=ORIENTED_EDGE('',*,*,#1256,.T.);
#1636=ORIENTED_EDGE('',*,*,#1257,.T.);
#1637=ORIENTED_EDGE('',*,*,#1258,.T.);
#1638=ORIENTED_EDGE('',*,*,#1259,.T.);
#1639=ORIENTED_EDGE('',*,*,#1260,.F.);
#1640=ORIENTED_EDGE('',*,*,#1261,.F.);
#1641=ORIENTED_EDGE('',*,*,#1262,.F.);
#1642=ORIENTED_EDGE('',*,*,#1263,.F.);
#1643=ORIENTED_EDGE('',*,*,#1264,.F.);
#1644=ORIENTED_EDGE('',*,*,#1265,.F.);
#1645=ORIENTED_EDGE('',*,*,#1266,.T.);
#1646=ORIENTED_EDGE('',*,*,#1222,.F.);
#1647=ORIENTED_EDGE('',*,*,#1232,.F.);
#1648=ORIENTED_EDGE('',*,*,#1230,.F.);
#1649=ORIENTED_EDGE('',*,*,#1226,.F.);
#1650=ORIENTED_EDGE('',*,*,#1264,.T.);
#1651=ORIENTED_EDGE('',*,*,#1267,.T.);
#1652=ORIENTED_EDGE('',*,*,#1268,.T.);
#1653=ORIENTED_EDGE('',*,*,#1269,.F.);
#1654=ORIENTED_EDGE('',*,*,#1262,.T.);
#1655=ORIENTED_EDGE('',*,*,#1270,.T.);
#1656=ORIENTED_EDGE('',*,*,#1271,.T.);
#1657=ORIENTED_EDGE('',*,*,#1272,.T.);
#1658=ORIENTED_EDGE('',*,*,#1273,.T.);
#1659=ORIENTED_EDGE('',*,*,#1270,.F.);
#1660=ORIENTED_EDGE('',*,*,#1265,.T.);
#1661=ORIENTED_EDGE('',*,*,#1269,.T.);
#1662=ORIENTED_EDGE('',*,*,#1263,.T.);
#1663=ORIENTED_EDGE('',*,*,#1272,.F.);
#1664=ORIENTED_EDGE('',*,*,#1274,.T.);
#1665=ORIENTED_EDGE('',*,*,#1267,.F.);
#1666=ORIENTED_EDGE('',*,*,#1274,.F.);
#1667=ORIENTED_EDGE('',*,*,#1275,.T.);
#1668=ORIENTED_EDGE('',*,*,#1276,.F.);
#1669=ORIENTED_EDGE('',*,*,#1277,.F.);
#1670=ORIENTED_EDGE('',*,*,#1271,.F.);
#1671=ORIENTED_EDGE('',*,*,#1278,.T.);
#1672=ORIENTED_EDGE('',*,*,#1279,.F.);
#1673=ORIENTED_EDGE('',*,*,#1275,.F.);
#1674=ORIENTED_EDGE('',*,*,#1280,.T.);
#1675=ORIENTED_EDGE('',*,*,#1281,.T.);
#1676=ORIENTED_EDGE('',*,*,#1239,.T.);
#1677=ORIENTED_EDGE('',*,*,#1282,.T.);
#1678=ORIENTED_EDGE('',*,*,#1283,.T.);
#1679=ORIENTED_EDGE('',*,*,#1282,.F.);
#1680=ORIENTED_EDGE('',*,*,#1261,.T.);
#1681=ORIENTED_EDGE('',*,*,#1284,.T.);
#1682=ORIENTED_EDGE('',*,*,#1260,.T.);
#1683=ORIENTED_EDGE('',*,*,#1285,.F.);
#1684=ORIENTED_EDGE('',*,*,#1286,.T.);
#1685=ORIENTED_EDGE('',*,*,#1284,.F.);
#1686=ORIENTED_EDGE('',*,*,#1287,.F.);
#1687=ORIENTED_EDGE('',*,*,#1280,.F.);
#1688=ORIENTED_EDGE('',*,*,#1288,.T.);
#1689=ORIENTED_EDGE('',*,*,#1289,.F.);
#1690=ORIENTED_EDGE('',*,*,#1290,.F.);
#1691=ORIENTED_EDGE('',*,*,#1291,.T.);
#1692=ORIENTED_EDGE('',*,*,#1283,.F.);
#1693=ORIENTED_EDGE('',*,*,#1292,.T.);
#1694=ORIENTED_EDGE('',*,*,#1293,.F.);
#1695=ORIENTED_EDGE('',*,*,#1288,.F.);
#1696=ORIENTED_EDGE('',*,*,#1286,.F.);
#1697=ORIENTED_EDGE('',*,*,#1294,.F.);
#1698=ORIENTED_EDGE('',*,*,#1295,.T.);
#1699=ORIENTED_EDGE('',*,*,#1296,.T.);
#1700=ORIENTED_EDGE('',*,*,#1297,.F.);
#1701=ORIENTED_EDGE('',*,*,#1292,.F.);
#1702=ORIENTED_EDGE('',*,*,#1298,.T.);
#1703=ORIENTED_EDGE('',*,*,#1299,.T.);
#1704=ORIENTED_EDGE('',*,*,#1279,.T.);
#1705=ORIENTED_EDGE('',*,*,#1300,.T.);
#1706=ORIENTED_EDGE('',*,*,#1276,.T.);
#1707=ORIENTED_EDGE('',*,*,#1299,.F.);
#1708=ORIENTED_EDGE('',*,*,#1301,.T.);
#1709=ORIENTED_EDGE('',*,*,#1302,.F.);
#1710=ORIENTED_EDGE('',*,*,#1303,.T.);
#1711=ORIENTED_EDGE('',*,*,#1300,.F.);
#1712=ORIENTED_EDGE('',*,*,#1304,.T.);
#1713=ORIENTED_EDGE('',*,*,#1305,.T.);
#1714=ORIENTED_EDGE('',*,*,#1306,.T.);
#1715=ORIENTED_EDGE('',*,*,#1305,.F.);
#1716=ORIENTED_EDGE('',*,*,#1307,.T.);
#1717=ORIENTED_EDGE('',*,*,#1302,.T.);
#1718=ORIENTED_EDGE('',*,*,#1273,.F.);
#1719=ORIENTED_EDGE('',*,*,#1308,.T.);
#1720=ORIENTED_EDGE('',*,*,#1304,.F.);
#1721=ORIENTED_EDGE('',*,*,#1278,.F.);
#1722=ORIENTED_EDGE('',*,*,#1309,.F.);
#1723=ORIENTED_EDGE('',*,*,#1310,.F.);
#1724=ORIENTED_EDGE('',*,*,#1311,.F.);
#1725=ORIENTED_EDGE('',*,*,#1312,.F.);
#1726=ORIENTED_EDGE('',*,*,#1313,.F.);
#1727=ORIENTED_EDGE('',*,*,#1314,.F.);
#1728=ORIENTED_EDGE('',*,*,#1315,.F.);
#1729=ORIENTED_EDGE('',*,*,#1316,.F.);
#1730=ORIENTED_EDGE('',*,*,#1317,.T.);
#1731=ORIENTED_EDGE('',*,*,#1318,.F.);
#1732=ORIENTED_EDGE('',*,*,#1319,.F.);
#1733=ORIENTED_EDGE('',*,*,#1320,.F.);
#1734=ORIENTED_EDGE('',*,*,#1321,.F.);
#1735=ORIENTED_EDGE('',*,*,#1298,.F.);
#1736=ORIENTED_EDGE('',*,*,#1303,.F.);
#1737=ORIENTED_EDGE('',*,*,#1306,.F.);
#1738=ORIENTED_EDGE('',*,*,#1301,.F.);
#1739=ORIENTED_EDGE('',*,*,#1313,.T.);
#1740=ORIENTED_EDGE('',*,*,#1322,.T.);
#1741=ORIENTED_EDGE('',*,*,#1238,.T.);
#1742=ORIENTED_EDGE('',*,*,#1323,.T.);
#1743=ORIENTED_EDGE('',*,*,#1235,.T.);
#1744=ORIENTED_EDGE('',*,*,#1322,.F.);
#1745=ORIENTED_EDGE('',*,*,#1316,.T.);
#1746=ORIENTED_EDGE('',*,*,#1324,.F.);
#1747=ORIENTED_EDGE('',*,*,#1314,.T.);
#1748=ORIENTED_EDGE('',*,*,#1323,.F.);
#1749=ORIENTED_EDGE('',*,*,#1325,.T.);
#1750=ORIENTED_EDGE('',*,*,#1326,.T.);
#1751=ORIENTED_EDGE('',*,*,#1315,.T.);
#1752=ORIENTED_EDGE('',*,*,#1326,.F.);
#1753=ORIENTED_EDGE('',*,*,#1327,.T.);
#1754=ORIENTED_EDGE('',*,*,#1324,.T.);
#1755=ORIENTED_EDGE('',*,*,#1228,.F.);
#1756=ORIENTED_EDGE('',*,*,#1328,.T.);
#1757=ORIENTED_EDGE('',*,*,#1325,.F.);
#1758=ORIENTED_EDGE('',*,*,#1237,.F.);
#1759=ORIENTED_EDGE('',*,*,#1318,.T.);
#1760=ORIENTED_EDGE('',*,*,#1329,.T.);
#1761=ORIENTED_EDGE('',*,*,#1330,.T.);
#1762=ORIENTED_EDGE('',*,*,#1331,.T.);
#1763=ORIENTED_EDGE('',*,*,#1297,.T.);
#1764=ORIENTED_EDGE('',*,*,#1329,.F.);
#1765=ORIENTED_EDGE('',*,*,#1321,.T.);
#1766=ORIENTED_EDGE('',*,*,#1332,.F.);
#1767=ORIENTED_EDGE('',*,*,#1319,.T.);
#1768=ORIENTED_EDGE('',*,*,#1331,.F.);
#1769=ORIENTED_EDGE('',*,*,#1289,.T.);
#1770=ORIENTED_EDGE('',*,*,#1333,.T.);
#1771=ORIENTED_EDGE('',*,*,#1320,.T.);
#1772=ORIENTED_EDGE('',*,*,#1333,.F.);
#1773=ORIENTED_EDGE('',*,*,#1293,.T.);
#1774=ORIENTED_EDGE('',*,*,#1332,.T.);
#1775=ORIENTED_EDGE('',*,*,#1330,.F.);
#1776=ORIENTED_EDGE('',*,*,#1296,.F.);
#1777=ORIENTED_EDGE('',*,*,#1334,.T.);
#1778=ORIENTED_EDGE('',*,*,#1290,.T.);
#1779=ORIENTED_EDGE('',*,*,#1335,.T.);
#1780=ORIENTED_EDGE('',*,*,#1336,.T.);
#1781=ORIENTED_EDGE('',*,*,#1243,.T.);
#1782=ORIENTED_EDGE('',*,*,#1337,.T.);
#1783=ORIENTED_EDGE('',*,*,#1335,.F.);
#1784=ORIENTED_EDGE('',*,*,#1338,.F.);
#1785=ORIENTED_EDGE('',*,*,#1339,.T.);
#1786=ORIENTED_EDGE('',*,*,#1340,.F.);
#1787=ORIENTED_EDGE('',*,*,#1341,.F.);
#1788=ORIENTED_EDGE('',*,*,#1342,.F.);
#1789=ORIENTED_EDGE('',*,*,#1343,.F.);
#1790=ORIENTED_EDGE('',*,*,#1344,.F.);
#1791=ORIENTED_EDGE('',*,*,#1345,.T.);
#1792=ORIENTED_EDGE('',*,*,#1346,.F.);
#1793=ORIENTED_EDGE('',*,*,#1347,.F.);
#1794=ORIENTED_EDGE('',*,*,#1348,.F.);
#1795=ORIENTED_EDGE('',*,*,#1349,.F.);
#1796=ORIENTED_EDGE('',*,*,#1350,.F.);
#1797=ORIENTED_EDGE('',*,*,#1351,.F.);
#1798=ORIENTED_EDGE('',*,*,#1352,.F.);
#1799=ORIENTED_EDGE('',*,*,#1353,.F.);
#1800=ORIENTED_EDGE('',*,*,#1354,.F.);
#1801=ORIENTED_EDGE('',*,*,#1355,.F.);
#1802=ORIENTED_EDGE('',*,*,#1356,.F.);
#1803=ORIENTED_EDGE('',*,*,#1357,.F.);
#1804=ORIENTED_EDGE('',*,*,#1358,.T.);
#1805=ORIENTED_EDGE('',*,*,#1337,.F.);
#1806=ORIENTED_EDGE('',*,*,#1242,.F.);
#1807=ORIENTED_EDGE('',*,*,#1359,.T.);
#1808=ORIENTED_EDGE('',*,*,#1338,.T.);
#1809=ORIENTED_EDGE('',*,*,#1245,.F.);
#1810=ORIENTED_EDGE('',*,*,#1360,.T.);
#1811=ORIENTED_EDGE('',*,*,#1357,.T.);
#1812=ORIENTED_EDGE('',*,*,#1361,.T.);
#1813=ORIENTED_EDGE('',*,*,#1361,.F.);
#1814=ORIENTED_EDGE('',*,*,#1356,.T.);
#1815=ORIENTED_EDGE('',*,*,#1362,.F.);
#1816=ORIENTED_EDGE('',*,*,#1363,.T.);
#1817=ORIENTED_EDGE('',*,*,#1364,.T.);
#1818=ORIENTED_EDGE('',*,*,#1365,.T.);
#1819=ORIENTED_EDGE('',*,*,#1366,.F.);
#1820=ORIENTED_EDGE('',*,*,#1352,.T.);
#1821=ORIENTED_EDGE('',*,*,#1367,.F.);
#1822=ORIENTED_EDGE('',*,*,#1253,.T.);
#1823=ORIENTED_EDGE('',*,*,#1216,.T.);
#1824=ORIENTED_EDGE('',*,*,#1368,.T.);
#1825=ORIENTED_EDGE('',*,*,#1369,.T.);
#1826=ORIENTED_EDGE('',*,*,#1250,.T.);
#1827=ORIENTED_EDGE('',*,*,#1370,.T.);
#1828=ORIENTED_EDGE('',*,*,#1371,.T.);
#1829=ORIENTED_EDGE('',*,*,#1372,.T.);
#1830=ORIENTED_EDGE('',*,*,#1373,.T.);
#1831=ORIENTED_EDGE('',*,*,#1374,.F.);
#1832=ORIENTED_EDGE('',*,*,#1375,.T.);
#1833=ORIENTED_EDGE('',*,*,#1376,.T.);
#1834=ORIENTED_EDGE('',*,*,#1377,.F.);
#1835=ORIENTED_EDGE('',*,*,#1378,.T.);
#1836=ORIENTED_EDGE('',*,*,#1379,.F.);
#1837=ORIENTED_EDGE('',*,*,#1380,.T.);
#1838=ORIENTED_EDGE('',*,*,#1381,.T.);
#1839=ORIENTED_EDGE('',*,*,#1382,.F.);
#1840=ORIENTED_EDGE('',*,*,#1383,.T.);
#1841=ORIENTED_EDGE('',*,*,#1384,.T.);
#1842=ORIENTED_EDGE('',*,*,#1385,.T.);
#1843=ORIENTED_EDGE('',*,*,#1386,.T.);
#1844=ORIENTED_EDGE('',*,*,#1246,.T.);
#1845=ORIENTED_EDGE('',*,*,#1387,.T.);
#1846=ORIENTED_EDGE('',*,*,#1388,.T.);
#1847=ORIENTED_EDGE('',*,*,#1389,.T.);
#1848=ORIENTED_EDGE('',*,*,#1390,.F.);
#1849=ORIENTED_EDGE('',*,*,#1257,.F.);
#1850=ORIENTED_EDGE('',*,*,#1391,.T.);
#1851=ORIENTED_EDGE('',*,*,#1348,.T.);
#1852=ORIENTED_EDGE('',*,*,#1392,.T.);
#1853=ORIENTED_EDGE('',*,*,#1391,.F.);
#1854=ORIENTED_EDGE('',*,*,#1256,.F.);
#1855=ORIENTED_EDGE('',*,*,#1393,.T.);
#1856=ORIENTED_EDGE('',*,*,#1349,.T.);
#1857=ORIENTED_EDGE('',*,*,#1254,.F.);
#1858=ORIENTED_EDGE('',*,*,#1367,.T.);
#1859=ORIENTED_EDGE('',*,*,#1351,.T.);
#1860=ORIENTED_EDGE('',*,*,#1394,.T.);
#1861=ORIENTED_EDGE('',*,*,#1394,.F.);
#1862=ORIENTED_EDGE('',*,*,#1350,.T.);
#1863=ORIENTED_EDGE('',*,*,#1393,.F.);
#1864=ORIENTED_EDGE('',*,*,#1255,.F.);
#1865=ORIENTED_EDGE('',*,*,#1395,.T.);
#1866=ORIENTED_EDGE('',*,*,#1396,.T.);
#1867=ORIENTED_EDGE('',*,*,#1397,.T.);
#1868=ORIENTED_EDGE('',*,*,#1390,.T.);
#1869=ORIENTED_EDGE('',*,*,#1396,.F.);
#1870=ORIENTED_EDGE('',*,*,#1398,.T.);
#1871=ORIENTED_EDGE('',*,*,#1399,.F.);
#1872=ORIENTED_EDGE('',*,*,#1400,.F.);
#1873=ORIENTED_EDGE('',*,*,#1401,.T.);
#1874=ORIENTED_EDGE('',*,*,#1362,.T.);
#1875=ORIENTED_EDGE('',*,*,#1355,.T.);
#1876=ORIENTED_EDGE('',*,*,#1402,.T.);
#1877=ORIENTED_EDGE('',*,*,#1353,.T.);
#1878=ORIENTED_EDGE('',*,*,#1366,.T.);
#1879=ORIENTED_EDGE('',*,*,#1403,.T.);
#1880=ORIENTED_EDGE('',*,*,#1404,.T.);
#1881=ORIENTED_EDGE('',*,*,#1354,.T.);
#1882=ORIENTED_EDGE('',*,*,#1404,.F.);
#1883=ORIENTED_EDGE('',*,*,#1405,.T.);
#1884=ORIENTED_EDGE('',*,*,#1402,.F.);
#1885=ORIENTED_EDGE('',*,*,#1401,.F.);
#1886=ORIENTED_EDGE('',*,*,#1406,.F.);
#1887=ORIENTED_EDGE('',*,*,#1407,.F.);
#1888=ORIENTED_EDGE('',*,*,#1363,.F.);
#1889=ORIENTED_EDGE('',*,*,#1405,.F.);
#1890=ORIENTED_EDGE('',*,*,#1408,.T.);
#1891=ORIENTED_EDGE('',*,*,#1409,.F.);
#1892=ORIENTED_EDGE('',*,*,#1406,.T.);
#1893=ORIENTED_EDGE('',*,*,#1403,.F.);
#1894=ORIENTED_EDGE('',*,*,#1365,.F.);
#1895=ORIENTED_EDGE('',*,*,#1410,.F.);
#1896=ORIENTED_EDGE('',*,*,#1408,.F.);
#1897=ORIENTED_EDGE('',*,*,#1411,.T.);
#1898=ORIENTED_EDGE('',*,*,#1412,.T.);
#1899=ORIENTED_EDGE('',*,*,#1413,.T.);
#1900=ORIENTED_EDGE('',*,*,#1414,.T.);
#1901=ORIENTED_EDGE('',*,*,#1412,.F.);
#1902=ORIENTED_EDGE('',*,*,#1415,.T.);
#1903=ORIENTED_EDGE('',*,*,#1416,.T.);
#1904=ORIENTED_EDGE('',*,*,#1417,.T.);
#1905=ORIENTED_EDGE('',*,*,#1411,.F.);
#1906=ORIENTED_EDGE('',*,*,#1418,.F.);
#1907=ORIENTED_EDGE('',*,*,#1419,.F.);
#1908=ORIENTED_EDGE('',*,*,#1420,.F.);
#1909=ORIENTED_EDGE('',*,*,#1421,.T.);
#1910=ORIENTED_EDGE('',*,*,#1415,.F.);
#1911=ORIENTED_EDGE('',*,*,#1422,.T.);
#1912=ORIENTED_EDGE('',*,*,#1423,.T.);
#1913=ORIENTED_EDGE('',*,*,#1420,.T.);
#1914=ORIENTED_EDGE('',*,*,#1424,.T.);
#1915=ORIENTED_EDGE('',*,*,#1423,.F.);
#1916=ORIENTED_EDGE('',*,*,#1425,.T.);
#1917=ORIENTED_EDGE('',*,*,#1416,.F.);
#1918=ORIENTED_EDGE('',*,*,#1421,.F.);
#1919=ORIENTED_EDGE('',*,*,#1426,.T.);
#1920=ORIENTED_EDGE('',*,*,#1427,.T.);
#1921=ORIENTED_EDGE('',*,*,#1428,.T.);
#1922=ORIENTED_EDGE('',*,*,#1429,.T.);
#1923=ORIENTED_EDGE('',*,*,#1430,.T.);
#1924=ORIENTED_EDGE('',*,*,#1344,.T.);
#1925=ORIENTED_EDGE('',*,*,#1431,.T.);
#1926=ORIENTED_EDGE('',*,*,#1429,.F.);
#1927=ORIENTED_EDGE('',*,*,#1426,.F.);
#1928=ORIENTED_EDGE('',*,*,#1431,.F.);
#1929=ORIENTED_EDGE('',*,*,#1343,.T.);
#1930=ORIENTED_EDGE('',*,*,#1432,.F.);
#1931=ORIENTED_EDGE('',*,*,#1433,.F.);
#1932=ORIENTED_EDGE('',*,*,#1434,.T.);
#1933=ORIENTED_EDGE('',*,*,#1240,.F.);
#1934=ORIENTED_EDGE('',*,*,#1281,.F.);
#1935=ORIENTED_EDGE('',*,*,#1287,.T.);
#1936=ORIENTED_EDGE('',*,*,#1435,.F.);
#1937=ORIENTED_EDGE('',*,*,#1294,.T.);
#1938=ORIENTED_EDGE('',*,*,#1285,.T.);
#1939=ORIENTED_EDGE('',*,*,#1259,.F.);
#1940=ORIENTED_EDGE('',*,*,#1436,.T.);
#1941=ORIENTED_EDGE('',*,*,#1419,.T.);
#1942=ORIENTED_EDGE('',*,*,#1437,.T.);
#1943=ORIENTED_EDGE('',*,*,#1438,.T.);
#1944=ORIENTED_EDGE('',*,*,#1424,.F.);
#1945=ORIENTED_EDGE('',*,*,#1432,.T.);
#1946=ORIENTED_EDGE('',*,*,#1342,.T.);
#1947=ORIENTED_EDGE('',*,*,#1439,.T.);
#1948=ORIENTED_EDGE('',*,*,#1440,.T.);
#1949=ORIENTED_EDGE('',*,*,#1441,.T.);
#1950=ORIENTED_EDGE('',*,*,#1442,.T.);
#1951=ORIENTED_EDGE('',*,*,#1433,.T.);
#1952=ORIENTED_EDGE('',*,*,#1440,.F.);
#1953=ORIENTED_EDGE('',*,*,#1443,.T.);
#1954=ORIENTED_EDGE('',*,*,#1444,.T.);
#1955=ORIENTED_EDGE('',*,*,#1445,.T.);
#1956=ORIENTED_EDGE('',*,*,#1446,.T.);
#1957=ORIENTED_EDGE('',*,*,#1447,.T.);
#1958=ORIENTED_EDGE('',*,*,#1445,.F.);
#1959=ORIENTED_EDGE('',*,*,#1448,.F.);
#1960=ORIENTED_EDGE('',*,*,#1449,.T.);
#1961=ORIENTED_EDGE('',*,*,#1446,.F.);
#1962=ORIENTED_EDGE('',*,*,#1447,.F.);
#1963=ORIENTED_EDGE('',*,*,#1449,.F.);
#1964=ORIENTED_EDGE('',*,*,#1443,.F.);
#1965=ORIENTED_EDGE('',*,*,#1444,.F.);
#1966=ORIENTED_EDGE('',*,*,#1450,.T.);
#1967=ORIENTED_EDGE('',*,*,#1451,.T.);
#1968=ORIENTED_EDGE('',*,*,#1452,.T.);
#1969=ORIENTED_EDGE('',*,*,#1450,.F.);
#1970=ORIENTED_EDGE('',*,*,#1452,.F.);
#1971=ORIENTED_EDGE('',*,*,#1453,.T.);
#1972=ORIENTED_EDGE('',*,*,#1454,.F.);
#1973=ORIENTED_EDGE('',*,*,#1455,.F.);
#1974=ORIENTED_EDGE('',*,*,#1453,.F.);
#1975=ORIENTED_EDGE('',*,*,#1451,.F.);
#1976=ORIENTED_EDGE('',*,*,#1456,.T.);
#1977=ORIENTED_EDGE('',*,*,#1457,.T.);
#1978=ORIENTED_EDGE('',*,*,#1458,.T.);
#1979=ORIENTED_EDGE('',*,*,#1459,.T.);
#1980=ORIENTED_EDGE('',*,*,#1460,.T.);
#1981=ORIENTED_EDGE('',*,*,#1458,.F.);
#1982=ORIENTED_EDGE('',*,*,#1459,.F.);
#1983=ORIENTED_EDGE('',*,*,#1460,.F.);
#1984=ORIENTED_EDGE('',*,*,#1461,.T.);
#1985=ORIENTED_EDGE('',*,*,#1462,.F.);
#1986=ORIENTED_EDGE('',*,*,#1461,.F.);
#1987=ORIENTED_EDGE('',*,*,#1456,.F.);
#1988=ORIENTED_EDGE('',*,*,#1457,.F.);
#1989=ORIENTED_EDGE('',*,*,#1463,.T.);
#1990=ORIENTED_EDGE('',*,*,#1454,.T.);
#1991=ORIENTED_EDGE('',*,*,#1455,.T.);
#1992=ORIENTED_EDGE('',*,*,#1463,.F.);
#1993=ORIENTED_EDGE('',*,*,#1464,.T.);
#1994=ORIENTED_EDGE('',*,*,#1465,.T.);
#1995=ORIENTED_EDGE('',*,*,#1377,.T.);
#1996=ORIENTED_EDGE('',*,*,#1466,.T.);
#1997=ORIENTED_EDGE('',*,*,#1465,.F.);
#1998=ORIENTED_EDGE('',*,*,#1467,.F.);
#1999=ORIENTED_EDGE('',*,*,#1468,.F.);
#2000=ORIENTED_EDGE('',*,*,#1378,.F.);
#2001=ORIENTED_EDGE('',*,*,#1469,.T.);
#2002=ORIENTED_EDGE('',*,*,#1470,.T.);
#2003=ORIENTED_EDGE('',*,*,#1379,.T.);
#2004=ORIENTED_EDGE('',*,*,#1468,.T.);
#2005=ORIENTED_EDGE('',*,*,#1471,.T.);
#2006=ORIENTED_EDGE('',*,*,#1472,.T.);
#2007=ORIENTED_EDGE('',*,*,#1473,.T.);
#2008=ORIENTED_EDGE('',*,*,#1309,.T.);
#2009=ORIENTED_EDGE('',*,*,#1471,.F.);
#2010=ORIENTED_EDGE('',*,*,#1312,.T.);
#2011=ORIENTED_EDGE('',*,*,#1474,.F.);
#2012=ORIENTED_EDGE('',*,*,#1475,.T.);
#2013=ORIENTED_EDGE('',*,*,#1476,.T.);
#2014=ORIENTED_EDGE('',*,*,#1477,.T.);
#2015=ORIENTED_EDGE('',*,*,#1478,.F.);
#2016=ORIENTED_EDGE('',*,*,#1479,.T.);
#2017=ORIENTED_EDGE('',*,*,#1480,.F.);
#2018=ORIENTED_EDGE('',*,*,#1481,.T.);
#2019=ORIENTED_EDGE('',*,*,#1482,.F.);
#2020=ORIENTED_EDGE('',*,*,#1248,.T.);
#2021=ORIENTED_EDGE('',*,*,#1483,.F.);
#2022=ORIENTED_EDGE('',*,*,#1484,.T.);
#2023=ORIENTED_EDGE('',*,*,#1485,.F.);
#2024=ORIENTED_EDGE('',*,*,#1486,.T.);
#2025=ORIENTED_EDGE('',*,*,#1487,.F.);
#2026=ORIENTED_EDGE('',*,*,#1488,.T.);
#2027=ORIENTED_EDGE('',*,*,#1489,.T.);
#2028=ORIENTED_EDGE('',*,*,#1490,.T.);
#2029=ORIENTED_EDGE('',*,*,#1474,.T.);
#2030=ORIENTED_EDGE('',*,*,#1311,.T.);
#2031=ORIENTED_EDGE('',*,*,#1491,.T.);
#2032=ORIENTED_EDGE('',*,*,#1492,.T.);
#2033=ORIENTED_EDGE('',*,*,#1478,.T.);
#2034=ORIENTED_EDGE('',*,*,#1493,.T.);
#2035=ORIENTED_EDGE('',*,*,#1374,.T.);
#2036=ORIENTED_EDGE('',*,*,#1494,.T.);
#2037=ORIENTED_EDGE('',*,*,#1494,.F.);
#2038=ORIENTED_EDGE('',*,*,#1373,.F.);
#2039=ORIENTED_EDGE('',*,*,#1495,.F.);
#2040=ORIENTED_EDGE('',*,*,#1479,.F.);
#2041=ORIENTED_EDGE('',*,*,#1487,.T.);
#2042=ORIENTED_EDGE('',*,*,#1496,.T.);
#2043=ORIENTED_EDGE('',*,*,#1382,.T.);
#2044=ORIENTED_EDGE('',*,*,#1497,.T.);
#2045=ORIENTED_EDGE('',*,*,#1497,.F.);
#2046=ORIENTED_EDGE('',*,*,#1381,.F.);
#2047=ORIENTED_EDGE('',*,*,#1498,.T.);
#2048=ORIENTED_EDGE('',*,*,#1488,.F.);
#2049=ORIENTED_EDGE('',*,*,#1372,.F.);
#2050=ORIENTED_EDGE('',*,*,#1499,.T.);
#2051=ORIENTED_EDGE('',*,*,#1480,.T.);
#2052=ORIENTED_EDGE('',*,*,#1495,.T.);
#2053=ORIENTED_EDGE('',*,*,#1499,.F.);
#2054=ORIENTED_EDGE('',*,*,#1371,.F.);
#2055=ORIENTED_EDGE('',*,*,#1500,.F.);
#2056=ORIENTED_EDGE('',*,*,#1481,.F.);
#2057=ORIENTED_EDGE('',*,*,#1462,.T.);
#2058=ORIENTED_EDGE('',*,*,#1384,.F.);
#2059=ORIENTED_EDGE('',*,*,#1501,.T.);
#2060=ORIENTED_EDGE('',*,*,#1485,.T.);
#2061=ORIENTED_EDGE('',*,*,#1502,.T.);
#2062=ORIENTED_EDGE('',*,*,#1496,.F.);
#2063=ORIENTED_EDGE('',*,*,#1486,.F.);
#2064=ORIENTED_EDGE('',*,*,#1501,.F.);
#2065=ORIENTED_EDGE('',*,*,#1383,.F.);
#2066=ORIENTED_EDGE('',*,*,#1386,.F.);
#2067=ORIENTED_EDGE('',*,*,#1503,.T.);
#2068=ORIENTED_EDGE('',*,*,#1483,.T.);
#2069=ORIENTED_EDGE('',*,*,#1247,.T.);
#2070=ORIENTED_EDGE('',*,*,#1370,.F.);
#2071=ORIENTED_EDGE('',*,*,#1249,.T.);
#2072=ORIENTED_EDGE('',*,*,#1482,.T.);
#2073=ORIENTED_EDGE('',*,*,#1500,.T.);
#2074=ORIENTED_EDGE('',*,*,#1448,.T.);
#2075=ORIENTED_EDGE('',*,*,#1439,.F.);
#2076=ORIENTED_EDGE('',*,*,#1341,.T.);
#2077=ORIENTED_EDGE('',*,*,#1504,.F.);
#2078=ORIENTED_EDGE('',*,*,#1505,.F.);
#2079=ORIENTED_EDGE('',*,*,#1441,.F.);
#2080=ORIENTED_EDGE('',*,*,#1505,.T.);
#2081=ORIENTED_EDGE('',*,*,#1506,.F.);
#2082=ORIENTED_EDGE('',*,*,#1507,.F.);
#2083=ORIENTED_EDGE('',*,*,#1506,.T.);
#2084=ORIENTED_EDGE('',*,*,#1504,.T.);
#2085=ORIENTED_EDGE('',*,*,#1340,.T.);
#2086=ORIENTED_EDGE('',*,*,#1508,.T.);
#2087=ORIENTED_EDGE('',*,*,#1428,.F.);
#2088=ORIENTED_EDGE('',*,*,#1509,.T.);
#2089=ORIENTED_EDGE('',*,*,#1510,.F.);
#2090=ORIENTED_EDGE('',*,*,#1511,.F.);
#2091=ORIENTED_EDGE('',*,*,#1430,.F.);
#2092=ORIENTED_EDGE('',*,*,#1511,.T.);
#2093=ORIENTED_EDGE('',*,*,#1512,.F.);
#2094=ORIENTED_EDGE('',*,*,#1345,.F.);
#2095=ORIENTED_EDGE('',*,*,#1513,.T.);
#2096=ORIENTED_EDGE('',*,*,#1346,.T.);
#2097=ORIENTED_EDGE('',*,*,#1512,.T.);
#2098=ORIENTED_EDGE('',*,*,#1510,.T.);
#2099=ORIENTED_EDGE('',*,*,#1268,.F.);
#2100=ORIENTED_EDGE('',*,*,#1277,.T.);
#2101=ORIENTED_EDGE('',*,*,#1307,.F.);
#2102=ORIENTED_EDGE('',*,*,#1308,.F.);
#2103=ORIENTED_EDGE('',*,*,#1266,.F.);
#2104=ORIENTED_EDGE('',*,*,#1514,.T.);
#2105=ORIENTED_EDGE('',*,*,#1317,.F.);
#2106=ORIENTED_EDGE('',*,*,#1514,.F.);
#2107=ORIENTED_EDGE('',*,*,#1229,.F.);
#2108=ORIENTED_EDGE('',*,*,#1236,.T.);
#2109=ORIENTED_EDGE('',*,*,#1327,.F.);
#2110=ORIENTED_EDGE('',*,*,#1328,.F.);
#2111=ORIENTED_EDGE('',*,*,#1435,.T.);
#2112=ORIENTED_EDGE('',*,*,#1291,.F.);
#2113=ORIENTED_EDGE('',*,*,#1334,.F.);
#2114=ORIENTED_EDGE('',*,*,#1295,.F.);
#2115=ORIENTED_EDGE('',*,*,#1414,.F.);
#2116=ORIENTED_EDGE('',*,*,#1515,.F.);
#2117=ORIENTED_EDGE('',*,*,#1437,.F.);
#2118=ORIENTED_EDGE('',*,*,#1418,.T.);
#2119=ORIENTED_EDGE('',*,*,#1413,.F.);
#2120=ORIENTED_EDGE('',*,*,#1417,.F.);
#2121=ORIENTED_EDGE('',*,*,#1425,.F.);
#2122=ORIENTED_EDGE('',*,*,#1422,.F.);
#2123=ORIENTED_EDGE('',*,*,#1438,.F.);
#2124=ORIENTED_EDGE('',*,*,#1515,.T.);
#2125=ORIENTED_EDGE('',*,*,#1392,.F.);
#2126=ORIENTED_EDGE('',*,*,#1347,.T.);
#2127=ORIENTED_EDGE('',*,*,#1513,.F.);
#2128=ORIENTED_EDGE('',*,*,#1509,.F.);
#2129=ORIENTED_EDGE('',*,*,#1427,.F.);
#2130=ORIENTED_EDGE('',*,*,#1436,.F.);
#2131=ORIENTED_EDGE('',*,*,#1258,.F.);
#2132=ORIENTED_EDGE('',*,*,#1359,.F.);
#2133=ORIENTED_EDGE('',*,*,#1241,.F.);
#2134=ORIENTED_EDGE('',*,*,#1434,.F.);
#2135=ORIENTED_EDGE('',*,*,#1442,.F.);
#2136=ORIENTED_EDGE('',*,*,#1507,.T.);
#2137=ORIENTED_EDGE('',*,*,#1508,.F.);
#2138=ORIENTED_EDGE('',*,*,#1339,.F.);
#2139=ORIENTED_EDGE('',*,*,#1409,.T.);
#2140=ORIENTED_EDGE('',*,*,#1410,.T.);
#2141=ORIENTED_EDGE('',*,*,#1364,.F.);
#2142=ORIENTED_EDGE('',*,*,#1407,.T.);
#2143=ORIENTED_EDGE('',*,*,#1213,.F.);
#2144=ORIENTED_EDGE('',*,*,#1219,.F.);
#2145=ORIENTED_EDGE('',*,*,#1516,.T.);
#2146=ORIENTED_EDGE('',*,*,#1517,.T.);
#2147=ORIENTED_EDGE('',*,*,#1368,.F.);
#2148=ORIENTED_EDGE('',*,*,#1215,.T.);
#2149=ORIENTED_EDGE('',*,*,#1221,.F.);
#2150=ORIENTED_EDGE('',*,*,#1518,.F.);
#2151=ORIENTED_EDGE('',*,*,#1210,.F.);
#2152=ORIENTED_EDGE('',*,*,#1517,.F.);
#2153=ORIENTED_EDGE('',*,*,#1519,.F.);
#2154=ORIENTED_EDGE('',*,*,#1251,.F.);
#2155=ORIENTED_EDGE('',*,*,#1369,.F.);
#2156=ORIENTED_EDGE('',*,*,#1518,.T.);
#2157=ORIENTED_EDGE('',*,*,#1220,.F.);
#2158=ORIENTED_EDGE('',*,*,#1252,.F.);
#2159=ORIENTED_EDGE('',*,*,#1519,.T.);
#2160=ORIENTED_EDGE('',*,*,#1516,.F.);
#2161=ORIENTED_EDGE('',*,*,#1218,.T.);
#2162=ORIENTED_EDGE('',*,*,#1387,.F.);
#2163=ORIENTED_EDGE('',*,*,#1397,.F.);
#2164=ORIENTED_EDGE('',*,*,#1400,.T.);
#2165=ORIENTED_EDGE('',*,*,#1520,.F.);
#2166=ORIENTED_EDGE('',*,*,#1521,.F.);
#2167=ORIENTED_EDGE('',*,*,#1388,.F.);
#2168=ORIENTED_EDGE('',*,*,#1521,.T.);
#2169=ORIENTED_EDGE('',*,*,#1522,.F.);
#2170=ORIENTED_EDGE('',*,*,#1523,.F.);
#2171=ORIENTED_EDGE('',*,*,#1389,.F.);
#2172=ORIENTED_EDGE('',*,*,#1523,.T.);
#2173=ORIENTED_EDGE('',*,*,#1524,.F.);
#2174=ORIENTED_EDGE('',*,*,#1398,.F.);
#2175=ORIENTED_EDGE('',*,*,#1395,.F.);
#2176=ORIENTED_EDGE('',*,*,#1399,.T.);
#2177=ORIENTED_EDGE('',*,*,#1524,.T.);
#2178=ORIENTED_EDGE('',*,*,#1522,.T.);
#2179=ORIENTED_EDGE('',*,*,#1520,.T.);
#2180=ORIENTED_EDGE('',*,*,#1336,.F.);
#2181=ORIENTED_EDGE('',*,*,#1358,.F.);
#2182=ORIENTED_EDGE('',*,*,#1360,.F.);
#2183=ORIENTED_EDGE('',*,*,#1244,.F.);
#2184=ORIENTED_EDGE('',*,*,#1380,.F.);
#2185=ORIENTED_EDGE('',*,*,#1525,.T.);
#2186=ORIENTED_EDGE('',*,*,#1489,.F.);
#2187=ORIENTED_EDGE('',*,*,#1498,.F.);
#2188=ORIENTED_EDGE('',*,*,#1502,.F.);
#2189=ORIENTED_EDGE('',*,*,#1484,.F.);
#2190=ORIENTED_EDGE('',*,*,#1503,.F.);
#2191=ORIENTED_EDGE('',*,*,#1385,.F.);
#2192=ORIENTED_EDGE('',*,*,#1493,.F.);
#2193=ORIENTED_EDGE('',*,*,#1477,.F.);
#2194=ORIENTED_EDGE('',*,*,#1526,.F.);
#2195=ORIENTED_EDGE('',*,*,#1375,.F.);
#2196=ORIENTED_EDGE('',*,*,#1376,.F.);
#2197=ORIENTED_EDGE('',*,*,#1526,.T.);
#2198=ORIENTED_EDGE('',*,*,#1476,.F.);
#2199=ORIENTED_EDGE('',*,*,#1527,.F.);
#2200=ORIENTED_EDGE('',*,*,#1466,.F.);
#2201=ORIENTED_EDGE('',*,*,#1527,.T.);
#2202=ORIENTED_EDGE('',*,*,#1475,.F.);
#2203=ORIENTED_EDGE('',*,*,#1492,.F.);
#2204=ORIENTED_EDGE('',*,*,#1528,.F.);
#2205=ORIENTED_EDGE('',*,*,#1470,.F.);
#2206=ORIENTED_EDGE('',*,*,#1529,.F.);
#2207=ORIENTED_EDGE('',*,*,#1472,.F.);
#2208=ORIENTED_EDGE('',*,*,#1490,.F.);
#2209=ORIENTED_EDGE('',*,*,#1525,.F.);
#2210=ORIENTED_EDGE('',*,*,#1464,.F.);
#2211=ORIENTED_EDGE('',*,*,#1528,.T.);
#2212=ORIENTED_EDGE('',*,*,#1491,.F.);
#2213=ORIENTED_EDGE('',*,*,#1310,.T.);
#2214=ORIENTED_EDGE('',*,*,#1473,.F.);
#2215=ORIENTED_EDGE('',*,*,#1529,.T.);
#2216=ORIENTED_EDGE('',*,*,#1469,.F.);
#2217=ORIENTED_EDGE('',*,*,#1467,.T.);
#2218=PLANE('',#2469);
#2219=PLANE('',#2470);
#2220=PLANE('',#2471);
#2221=PLANE('',#2472);
#2222=PLANE('',#2473);
#2223=PLANE('',#2474);
#2224=PLANE('',#2475);
#2225=PLANE('',#2476);
#2226=PLANE('',#2477);
#2227=PLANE('',#2478);
#2228=PLANE('',#2479);
#2229=PLANE('',#2480);
#2230=PLANE('',#2481);
#2231=PLANE('',#2482);
#2232=PLANE('',#2483);
#2233=PLANE('',#2484);
#2234=PLANE('',#2485);
#2235=PLANE('',#2486);
#2236=PLANE('',#2487);
#2237=PLANE('',#2488);
#2238=PLANE('',#2489);
#2239=PLANE('',#2490);
#2240=PLANE('',#2492);
#2241=PLANE('',#2493);
#2242=PLANE('',#2494);
#2243=PLANE('',#2495);
#2244=PLANE('',#2496);
#2245=PLANE('',#2497);
#2246=PLANE('',#2498);
#2247=PLANE('',#2499);
#2248=PLANE('',#2500);
#2249=PLANE('',#2501);
#2250=PLANE('',#2502);
#2251=PLANE('',#2503);
#2252=PLANE('',#2504);
#2253=PLANE('',#2505);
#2254=PLANE('',#2506);
#2255=PLANE('',#2507);
#2256=PLANE('',#2508);
#2257=PLANE('',#2509);
#2258=PLANE('',#2511);
#2259=PLANE('',#2512);
#2260=PLANE('',#2513);
#2261=PLANE('',#2514);
#2262=PLANE('',#2515);
#2263=PLANE('',#2516);
#2264=PLANE('',#2517);
#2265=PLANE('',#2518);
#2266=PLANE('',#2519);
#2267=PLANE('',#2520);
#2268=PLANE('',#2521);
#2269=PLANE('',#2522);
#2270=PLANE('',#2523);
#2271=PLANE('',#2524);
#2272=PLANE('',#2525);
#2273=PLANE('',#2534);
#2274=PLANE('',#2535);
#2275=PLANE('',#2536);
#2276=PLANE('',#2537);
#2277=PLANE('',#2538);
#2278=PLANE('',#2539);
#2279=PLANE('',#2540);
#2280=PLANE('',#2541);
#2281=PLANE('',#2542);
#2282=PLANE('',#2543);
#2283=PLANE('',#2544);
#2284=PLANE('',#2545);
#2285=PLANE('',#2546);
#2286=PLANE('',#2547);
#2287=PLANE('',#2548);
#2288=PLANE('',#2549);
#2289=PLANE('',#2550);
#2290=PLANE('',#2551);
#2291=PLANE('',#2552);
#2292=PLANE('',#2553);
#2293=PLANE('',#2554);
#2294=PLANE('',#2555);
#2295=PLANE('',#2583);
#2296=PLANE('',#2589);
#2297=PLANE('',#2600);
#2298=PLANE('',#2602);
#2299=PLANE('',#2604);
#2300=PLANE('',#2606);
#2301=PLANE('',#2609);
#2302=PLANE('',#2610);
#2303=PLANE('',#2611);
#2304=PLANE('',#2612);
#2305=PLANE('',#2613);
#2306=PLANE('',#2614);
#2307=PLANE('',#2615);
#2308=PLANE('',#2616);
#2309=PLANE('',#2618);
#2310=PLANE('',#2619);
#2311=PLANE('',#2620);
#2312=PLANE('',#2621);
#2313=PLANE('',#2622);
#2314=PLANE('',#2623);
#2315=PLANE('',#2624);
#2316=PLANE('',#2625);
#2317=PLANE('',#2626);
#2318=PLANE('',#2627);
#2319=PLANE('',#2628);
#2320=PLANE('',#2629);
#2321=PLANE('',#2630);
#2322=PLANE('',#2631);
#2323=PLANE('',#2632);
#2324=PLANE('',#2633);
#2325=PLANE('',#2634);
#2326=PLANE('',#2635);
#2327=PLANE('',#2636);
#2328=PLANE('',#2637);
#2329=PLANE('',#2638);
#2330=PLANE('',#2639);
#2331=PLANE('',#2640);
#2332=ADVANCED_FACE('',(#84),#2218,.T.);
#2333=ADVANCED_FACE('',(#85),#2219,.T.);
#2334=ADVANCED_FACE('',(#86),#2220,.T.);
#2335=ADVANCED_FACE('',(#87),#2221,.T.);
#2336=ADVANCED_FACE('',(#88),#2222,.T.);
#2337=ADVANCED_FACE('',(#89),#2223,.F.);
#2338=ADVANCED_FACE('',(#90),#2224,.T.);
#2339=ADVANCED_FACE('',(#91),#2225,.T.);
#2340=ADVANCED_FACE('',(#92),#2226,.T.);
#2341=ADVANCED_FACE('',(#93),#2227,.T.);
#2342=ADVANCED_FACE('',(#94),#2228,.T.);
#2343=ADVANCED_FACE('',(#95),#2229,.F.);
#2344=ADVANCED_FACE('',(#96),#2230,.T.);
#2345=ADVANCED_FACE('',(#97),#2231,.T.);
#2346=ADVANCED_FACE('',(#98),#2232,.T.);
#2347=ADVANCED_FACE('',(#99),#2233,.T.);
#2348=ADVANCED_FACE('',(#100),#2234,.T.);
#2349=ADVANCED_FACE('',(#101),#2235,.T.);
#2350=ADVANCED_FACE('',(#102),#2236,.T.);
#2351=ADVANCED_FACE('',(#103),#2237,.F.);
#2352=ADVANCED_FACE('',(#104),#2238,.F.);
#2353=ADVANCED_FACE('',(#105,#72,#73,#74),#2239,.T.);
#2354=ADVANCED_FACE('',(#106),#2240,.T.);
#2355=ADVANCED_FACE('',(#107),#2241,.T.);
#2356=ADVANCED_FACE('',(#108),#2242,.T.);
#2357=ADVANCED_FACE('',(#109),#2243,.T.);
#2358=ADVANCED_FACE('',(#110),#2244,.F.);
#2359=ADVANCED_FACE('',(#111),#2245,.F.);
#2360=ADVANCED_FACE('',(#112),#2246,.T.);
#2361=ADVANCED_FACE('',(#113),#2247,.T.);
#2362=ADVANCED_FACE('',(#114),#2248,.T.);
#2363=ADVANCED_FACE('',(#115),#2249,.F.);
#2364=ADVANCED_FACE('',(#116),#2250,.F.);
#2365=ADVANCED_FACE('',(#117),#2251,.F.);
#2366=ADVANCED_FACE('',(#118),#2252,.T.);
#2367=ADVANCED_FACE('',(#119),#2253,.T.);
#2368=ADVANCED_FACE('',(#120),#2254,.T.);
#2369=ADVANCED_FACE('',(#121),#2255,.T.);
#2370=ADVANCED_FACE('',(#122),#2256,.F.);
#2371=ADVANCED_FACE('',(#123,#75,#76,#77,#78),#2257,.T.);
#2372=ADVANCED_FACE('',(#124),#2258,.T.);
#2373=ADVANCED_FACE('',(#125),#2259,.T.);
#2374=ADVANCED_FACE('',(#126),#2260,.T.);
#2375=ADVANCED_FACE('',(#127),#2261,.T.);
#2376=ADVANCED_FACE('',(#128),#2262,.F.);
#2377=ADVANCED_FACE('',(#129),#2263,.T.);
#2378=ADVANCED_FACE('',(#130),#2264,.T.);
#2379=ADVANCED_FACE('',(#131),#2265,.T.);
#2380=ADVANCED_FACE('',(#132),#2266,.T.);
#2381=ADVANCED_FACE('',(#133),#2267,.F.);
#2382=ADVANCED_FACE('',(#134),#2268,.T.);
#2383=ADVANCED_FACE('',(#135),#2269,.T.);
#2384=ADVANCED_FACE('',(#136),#2270,.T.);
#2385=ADVANCED_FACE('',(#137),#2271,.T.);
#2386=ADVANCED_FACE('',(#138,#79),#2272,.T.);
#2387=ADVANCED_FACE('',(#139),#2273,.T.);
#2388=ADVANCED_FACE('',(#140),#2274,.T.);
#2389=ADVANCED_FACE('',(#141),#2275,.T.);
#2390=ADVANCED_FACE('',(#142),#2276,.T.);
#2391=ADVANCED_FACE('',(#143),#2277,.T.);
#2392=ADVANCED_FACE('',(#144),#2278,.T.);
#2393=ADVANCED_FACE('',(#145),#2279,.T.);
#2394=ADVANCED_FACE('',(#146),#2280,.T.);
#2395=ADVANCED_FACE('',(#147),#2281,.T.);
#2396=ADVANCED_FACE('',(#148),#2282,.T.);
#2397=ADVANCED_FACE('',(#149),#2283,.F.);
#2398=ADVANCED_FACE('',(#150),#2284,.T.);
#2399=ADVANCED_FACE('',(#151),#2285,.T.);
#2400=ADVANCED_FACE('',(#152),#2286,.T.);
#2401=ADVANCED_FACE('',(#153),#2287,.T.);
#2402=ADVANCED_FACE('',(#154),#2288,.T.);
#2403=ADVANCED_FACE('',(#155),#2289,.T.);
#2404=ADVANCED_FACE('',(#156),#2290,.T.);
#2405=ADVANCED_FACE('',(#157),#2291,.T.);
#2406=ADVANCED_FACE('',(#158,#80),#2292,.T.);
#2407=ADVANCED_FACE('',(#159),#2293,.T.);
#2408=ADVANCED_FACE('',(#160),#2294,.T.);
#2409=ADVANCED_FACE('',(#161),#28,.T.);
#2410=ADVANCED_FACE('',(#162),#14,.T.);
#2411=ADVANCED_FACE('',(#163),#29,.F.);
#2412=ADVANCED_FACE('',(#164),#15,.T.);
#2413=ADVANCED_FACE('',(#165),#30,.T.);
#2414=ADVANCED_FACE('',(#166),#16,.T.);
#2415=ADVANCED_FACE('',(#167),#31,.F.);
#2416=ADVANCED_FACE('',(#168),#17,.T.);
#2417=ADVANCED_FACE('',(#169),#2295,.T.);
#2418=ADVANCED_FACE('',(#170),#18,.T.);
#2419=ADVANCED_FACE('',(#171),#19,.T.);
#2420=ADVANCED_FACE('',(#172),#2296,.T.);
#2421=ADVANCED_FACE('',(#173),#20,.T.);
#2422=ADVANCED_FACE('',(#174),#21,.T.);
#2423=ADVANCED_FACE('',(#175),#2297,.T.);
#2424=ADVANCED_FACE('',(#176),#22,.T.);
#2425=ADVANCED_FACE('',(#177),#2298,.T.);
#2426=ADVANCED_FACE('',(#178),#23,.F.);
#2427=ADVANCED_FACE('',(#179,#81),#2299,.T.);
#2428=ADVANCED_FACE('',(#180),#24,.F.);
#2429=ADVANCED_FACE('',(#181),#2300,.T.);
#2430=ADVANCED_FACE('',(#182),#25,.F.);
#2431=ADVANCED_FACE('',(#183),#26,.F.);
#2432=ADVANCED_FACE('',(#184),#2301,.T.);
#2433=ADVANCED_FACE('',(#185),#2302,.T.);
#2434=ADVANCED_FACE('',(#186),#2303,.T.);
#2435=ADVANCED_FACE('',(#187),#2304,.T.);
#2436=ADVANCED_FACE('',(#188),#2305,.T.);
#2437=ADVANCED_FACE('',(#189),#2306,.T.);
#2438=ADVANCED_FACE('',(#190),#2307,.T.);
#2439=ADVANCED_FACE('',(#191),#2308,.F.);
#2440=ADVANCED_FACE('',(#192),#27,.F.);
#2441=ADVANCED_FACE('',(#193),#2309,.F.);
#2442=ADVANCED_FACE('',(#194),#2310,.F.);
#2443=ADVANCED_FACE('',(#195),#2311,.T.);
#2444=ADVANCED_FACE('',(#196),#2312,.T.);
#2445=ADVANCED_FACE('',(#197),#2313,.T.);
#2446=ADVANCED_FACE('',(#198),#2314,.T.);
#2447=ADVANCED_FACE('',(#199),#2315,.T.);
#2448=ADVANCED_FACE('',(#200),#2316,.T.);
#2449=ADVANCED_FACE('',(#201),#2317,.T.);
#2450=ADVANCED_FACE('',(#202),#2318,.T.);
#2451=ADVANCED_FACE('',(#203),#2319,.T.);
#2452=ADVANCED_FACE('',(#204),#2320,.T.);
#2453=ADVANCED_FACE('',(#205),#2321,.T.);
#2454=ADVANCED_FACE('',(#206),#2322,.T.);
#2455=ADVANCED_FACE('',(#207),#2323,.T.);
#2456=ADVANCED_FACE('',(#208),#2324,.T.);
#2457=ADVANCED_FACE('',(#209),#2325,.T.);
#2458=ADVANCED_FACE('',(#210),#2326,.T.);
#2459=ADVANCED_FACE('',(#211),#2327,.T.);
#2460=ADVANCED_FACE('',(#212),#2328,.T.);
#2461=ADVANCED_FACE('',(#213),#2329,.T.);
#2462=ADVANCED_FACE('',(#214),#2330,.T.);
#2463=ADVANCED_FACE('',(#215),#2331,.F.);
#2464=CLOSED_SHELL('',(#2332,#2333,#2334,#2335,#2336,#2337));
#2465=CLOSED_SHELL('',(#2338,#2339,#2340,#2341,#2342,#2343));
#2466=CLOSED_SHELL('',(#2344,#2345,#2346,#2347,#2348,#2349,#2350,#2351,
#2352,#2353,#2354,#2355,#2356,#2357,#2358,#2359,#2360,#2361,#2362,#2363,
#2364,#2365,#2366,#2367,#2368,#2369,#2370,#2371,#2372,#2373,#2374,#2375,
#2376,#2377,#2378,#2379,#2380,#2381,#2382,#2383,#2384,#2385,#2386,#2387,
#2388,#2389,#2390,#2391,#2392,#2393,#2394,#2395,#2396,#2397,#2398,#2399,
#2400,#2401,#2402,#2403,#2404,#2405,#2406,#2407,#2408,#2409,#2410,#2411,
#2412,#2413,#2414,#2415,#2416,#2417,#2418,#2419,#2420,#2421,#2422,#2423,
#2424,#2425,#2426,#2427,#2428,#2429,#2430,#2431,#2432,#2433,#2434,#2435,
#2436,#2437,#2438,#2439,#2440,#2441,#2442,#2443,#2444,#2445,#2446,#2447,
#2448,#2449,#2450,#2451,#2452,#2453,#2454,#2455,#2456,#2457,#2458,#2459,
#2460,#2461,#2462,#2463));
#2467=BREP_WITH_VOIDS('Body1',#2466,(#82,#83));
#2468=AXIS2_PLACEMENT_3D('',#3291,#2641,#2642);
#2469=AXIS2_PLACEMENT_3D('',#3292,#2643,#2644);
#2470=AXIS2_PLACEMENT_3D('',#3301,#2649,#2650);
#2471=AXIS2_PLACEMENT_3D('',#3307,#2654,#2655);
#2472=AXIS2_PLACEMENT_3D('',#3311,#2658,#2659);
#2473=AXIS2_PLACEMENT_3D('',#3315,#2662,#2663);
#2474=AXIS2_PLACEMENT_3D('',#3317,#2665,#2666);
#2475=AXIS2_PLACEMENT_3D('',#3318,#2667,#2668);
#2476=AXIS2_PLACEMENT_3D('',#3327,#2673,#2674);
#2477=AXIS2_PLACEMENT_3D('',#3333,#2678,#2679);
#2478=AXIS2_PLACEMENT_3D('',#3337,#2682,#2683);
#2479=AXIS2_PLACEMENT_3D('',#3341,#2686,#2687);
#2480=AXIS2_PLACEMENT_3D('',#3343,#2689,#2690);
#2481=AXIS2_PLACEMENT_3D('',#3344,#2691,#2692);
#2482=AXIS2_PLACEMENT_3D('',#3353,#2697,#2698);
#2483=AXIS2_PLACEMENT_3D('',#3365,#2705,#2706);
#2484=AXIS2_PLACEMENT_3D('',#3369,#2709,#2710);
#2485=AXIS2_PLACEMENT_3D('',#3378,#2715,#2716);
#2486=AXIS2_PLACEMENT_3D('',#3384,#2720,#2721);
#2487=AXIS2_PLACEMENT_3D('',#3390,#2725,#2726);
#2488=AXIS2_PLACEMENT_3D('',#3393,#2729,#2730);
#2489=AXIS2_PLACEMENT_3D('',#3399,#2734,#2735);
#2490=AXIS2_PLACEMENT_3D('',#3403,#2738,#2739);
#2491=AXIS2_PLACEMENT_3D('',#3458,#2767,#2768);
#2492=AXIS2_PLACEMENT_3D('',#3459,#2769,#2770);
#2493=AXIS2_PLACEMENT_3D('',#3465,#2774,#2775);
#2494=AXIS2_PLACEMENT_3D('',#3471,#2779,#2780);
#2495=AXIS2_PLACEMENT_3D('',#3473,#2782,#2783);
#2496=AXIS2_PLACEMENT_3D('',#3475,#2785,#2786);
#2497=AXIS2_PLACEMENT_3D('',#3481,#2790,#2791);
#2498=AXIS2_PLACEMENT_3D('',#3485,#2794,#2795);
#2499=AXIS2_PLACEMENT_3D('',#3491,#2799,#2800);
#2500=AXIS2_PLACEMENT_3D('',#3495,#2803,#2804);
#2501=AXIS2_PLACEMENT_3D('',#3499,#2807,#2808);
#2502=AXIS2_PLACEMENT_3D('',#3509,#2814,#2815);
#2503=AXIS2_PLACEMENT_3D('',#3513,#2818,#2819);
#2504=AXIS2_PLACEMENT_3D('',#3521,#2824,#2825);
#2505=AXIS2_PLACEMENT_3D('',#3527,#2829,#2830);
#2506=AXIS2_PLACEMENT_3D('',#3531,#2833,#2834);
#2507=AXIS2_PLACEMENT_3D('',#3537,#2838,#2839);
#2508=AXIS2_PLACEMENT_3D('',#3540,#2842,#2843);
#2509=AXIS2_PLACEMENT_3D('',#3542,#2845,#2846);
#2510=AXIS2_PLACEMENT_3D('',#3560,#2855,#2856);
#2511=AXIS2_PLACEMENT_3D('',#3569,#2861,#2862);
#2512=AXIS2_PLACEMENT_3D('',#3572,#2865,#2866);
#2513=AXIS2_PLACEMENT_3D('',#3574,#2868,#2869);
#2514=AXIS2_PLACEMENT_3D('',#3578,#2872,#2873);
#2515=AXIS2_PLACEMENT_3D('',#3580,#2875,#2876);
#2516=AXIS2_PLACEMENT_3D('',#3582,#2878,#2879);
#2517=AXIS2_PLACEMENT_3D('',#3586,#2883,#2884);
#2518=AXIS2_PLACEMENT_3D('',#3588,#2886,#2887);
#2519=AXIS2_PLACEMENT_3D('',#3590,#2889,#2890);
#2520=AXIS2_PLACEMENT_3D('',#3591,#2891,#2892);
#2521=AXIS2_PLACEMENT_3D('',#3593,#2894,#2895);
#2522=AXIS2_PLACEMENT_3D('',#3599,#2899,#2900);
#2523=AXIS2_PLACEMENT_3D('',#3641,#2922,#2923);
#2524=AXIS2_PLACEMENT_3D('',#3643,#2925,#2926);
#2525=AXIS2_PLACEMENT_3D('',#3646,#2929,#2930);
#2526=AXIS2_PLACEMENT_3D('',#3661,#2939,#2940);
#2527=AXIS2_PLACEMENT_3D('',#3665,#2942,#2943);
#2528=AXIS2_PLACEMENT_3D('',#3669,#2945,#2946);
#2529=AXIS2_PLACEMENT_3D('',#3675,#2949,#2950);
#2530=AXIS2_PLACEMENT_3D('',#3679,#2952,#2953);
#2531=AXIS2_PLACEMENT_3D('',#3685,#2956,#2957);
#2532=AXIS2_PLACEMENT_3D('',#3689,#2959,#2960);
#2533=AXIS2_PLACEMENT_3D('',#3692,#2962,#2963);
#2534=AXIS2_PLACEMENT_3D('',#3701,#2968,#2969);
#2535=AXIS2_PLACEMENT_3D('',#3704,#2972,#2973);
#2536=AXIS2_PLACEMENT_3D('',#3706,#2975,#2976);
#2537=AXIS2_PLACEMENT_3D('',#3708,#2978,#2979);
#2538=AXIS2_PLACEMENT_3D('',#3709,#2980,#2981);
#2539=AXIS2_PLACEMENT_3D('',#3715,#2985,#2986);
#2540=AXIS2_PLACEMENT_3D('',#3721,#2990,#2991);
#2541=AXIS2_PLACEMENT_3D('',#3725,#2994,#2995);
#2542=AXIS2_PLACEMENT_3D('',#3729,#2998,#2999);
#2543=AXIS2_PLACEMENT_3D('',#3731,#3001,#3002);
#2544=AXIS2_PLACEMENT_3D('',#3735,#3005,#3006);
#2545=AXIS2_PLACEMENT_3D('',#3739,#3009,#3010);
#2546=AXIS2_PLACEMENT_3D('',#3741,#3012,#3013);
#2547=AXIS2_PLACEMENT_3D('',#3750,#3018,#3019);
#2548=AXIS2_PLACEMENT_3D('',#3756,#3023,#3024);
#2549=AXIS2_PLACEMENT_3D('',#3764,#3029,#3030);
#2550=AXIS2_PLACEMENT_3D('',#3770,#3034,#3035);
#2551=AXIS2_PLACEMENT_3D('',#3772,#3037,#3038);
#2552=AXIS2_PLACEMENT_3D('',#3781,#3043,#3044);
#2553=AXIS2_PLACEMENT_3D('',#3784,#3047,#3048);
#2554=AXIS2_PLACEMENT_3D('',#3795,#3056,#3057);
#2555=AXIS2_PLACEMENT_3D('',#3799,#3060,#3061);
#2556=AXIS2_PLACEMENT_3D('',#3803,#3064,#3065);
#2557=AXIS2_PLACEMENT_3D('',#3806,#3066,#3067);
#2558=AXIS2_PLACEMENT_3D('',#3807,#3068,#3069);
#2559=AXIS2_PLACEMENT_3D('',#3809,#3070,#3071);
#2560=AXIS2_PLACEMENT_3D('',#3811,#3072,#3073);
#2561=AXIS2_PLACEMENT_3D('',#3812,#3074,#3075);
#2562=AXIS2_PLACEMENT_3D('',#3813,#3076,#3077);
#2563=AXIS2_PLACEMENT_3D('',#3815,#3078,#3079);
#2564=AXIS2_PLACEMENT_3D('',#3817,#3081,#3082);
#2565=AXIS2_PLACEMENT_3D('',#3819,#3083,#3084);
#2566=AXIS2_PLACEMENT_3D('',#3821,#3085,#3086);
#2567=AXIS2_PLACEMENT_3D('',#3822,#3087,#3088);
#2568=AXIS2_PLACEMENT_3D('',#3823,#3089,#3090);
#2569=AXIS2_PLACEMENT_3D('',#3827,#3092,#3093);
#2570=AXIS2_PLACEMENT_3D('',#3828,#3094,#3095);
#2571=AXIS2_PLACEMENT_3D('',#3829,#3096,#3097);
#2572=AXIS2_PLACEMENT_3D('',#3832,#3098,#3099);
#2573=AXIS2_PLACEMENT_3D('',#3833,#3100,#3101);
#2574=AXIS2_PLACEMENT_3D('',#3835,#3102,#3103);
#2575=AXIS2_PLACEMENT_3D('',#3837,#3104,#3105);
#2576=AXIS2_PLACEMENT_3D('',#3838,#3106,#3107);
#2577=AXIS2_PLACEMENT_3D('',#3839,#3108,#3109);
#2578=AXIS2_PLACEMENT_3D('',#3842,#3111,#3112);
#2579=AXIS2_PLACEMENT_3D('',#3843,#3113,#3114);
#2580=AXIS2_PLACEMENT_3D('',#3844,#3115,#3116);
#2581=AXIS2_PLACEMENT_3D('',#3845,#3117,#3118);
#2582=AXIS2_PLACEMENT_3D('',#3848,#3119,#3120);
#2583=AXIS2_PLACEMENT_3D('',#3851,#3123,#3124);
#2584=AXIS2_PLACEMENT_3D('',#3855,#3127,#3128);
#2585=AXIS2_PLACEMENT_3D('',#3857,#3129,#3130);
#2586=AXIS2_PLACEMENT_3D('',#3859,#3132,#3133);
#2587=AXIS2_PLACEMENT_3D('',#3861,#3134,#3135);
#2588=AXIS2_PLACEMENT_3D('',#3864,#3137,#3138);
#2589=AXIS2_PLACEMENT_3D('',#3865,#3139,#3140);
#2590=AXIS2_PLACEMENT_3D('',#3867,#3141,#3142);
#2591=AXIS2_PLACEMENT_3D('',#3875,#3146,#3147);
#2592=AXIS2_PLACEMENT_3D('',#3879,#3149,#3150);
#2593=AXIS2_PLACEMENT_3D('',#3882,#3152,#3153);
#2594=AXIS2_PLACEMENT_3D('',#3884,#3154,#3155);
#2595=AXIS2_PLACEMENT_3D('',#3888,#3157,#3158);
#2596=AXIS2_PLACEMENT_3D('',#3892,#3160,#3161);
#2597=AXIS2_PLACEMENT_3D('',#3898,#3165,#3166);
#2598=AXIS2_PLACEMENT_3D('',#3900,#3167,#3168);
#2599=AXIS2_PLACEMENT_3D('',#3902,#3170,#3171);
#2600=AXIS2_PLACEMENT_3D('',#3905,#3174,#3175);
#2601=AXIS2_PLACEMENT_3D('',#3907,#3177,#3178);
#2602=AXIS2_PLACEMENT_3D('',#3910,#3181,#3182);
#2603=AXIS2_PLACEMENT_3D('',#3912,#3184,#3185);
#2604=AXIS2_PLACEMENT_3D('',#3914,#3187,#3188);
#2605=AXIS2_PLACEMENT_3D('',#3916,#3190,#3191);
#2606=AXIS2_PLACEMENT_3D('',#3919,#3194,#3195);
#2607=AXIS2_PLACEMENT_3D('',#3920,#3196,#3197);
#2608=AXIS2_PLACEMENT_3D('',#3922,#3199,#3200);
#2609=AXIS2_PLACEMENT_3D('',#3923,#3201,#3202);
#2610=AXIS2_PLACEMENT_3D('',#3924,#3203,#3204);
#2611=AXIS2_PLACEMENT_3D('',#3928,#3207,#3208);
#2612=AXIS2_PLACEMENT_3D('',#3932,#3211,#3212);
#2613=AXIS2_PLACEMENT_3D('',#3934,#3214,#3215);
#2614=AXIS2_PLACEMENT_3D('',#3940,#3219,#3220);
#2615=AXIS2_PLACEMENT_3D('',#3942,#3222,#3223);
#2616=AXIS2_PLACEMENT_3D('',#3944,#3225,#3226);
#2617=AXIS2_PLACEMENT_3D('',#3945,#3227,#3228);
#2618=AXIS2_PLACEMENT_3D('',#3947,#3230,#3231);
#2619=AXIS2_PLACEMENT_3D('',#3948,#3232,#3233);
#2620=AXIS2_PLACEMENT_3D('',#3949,#3234,#3235);
#2621=AXIS2_PLACEMENT_3D('',#3951,#3237,#3238);
#2622=AXIS2_PLACEMENT_3D('',#3952,#3239,#3240);
#2623=AXIS2_PLACEMENT_3D('',#3953,#3241,#3242);
#2624=AXIS2_PLACEMENT_3D('',#3954,#3243,#3244);
#2625=AXIS2_PLACEMENT_3D('',#3955,#3245,#3246);
#2626=AXIS2_PLACEMENT_3D('',#3959,#3249,#3250);
#2627=AXIS2_PLACEMENT_3D('',#3961,#3252,#3253);
#2628=AXIS2_PLACEMENT_3D('',#3963,#3255,#3256);
#2629=AXIS2_PLACEMENT_3D('',#3964,#3257,#3258);
#2630=AXIS2_PLACEMENT_3D('',#3968,#3261,#3262);
#2631=AXIS2_PLACEMENT_3D('',#3972,#3265,#3266);
#2632=AXIS2_PLACEMENT_3D('',#3974,#3268,#3269);
#2633=AXIS2_PLACEMENT_3D('',#3975,#3270,#3271);
#2634=AXIS2_PLACEMENT_3D('',#3976,#3272,#3273);
#2635=AXIS2_PLACEMENT_3D('',#3978,#3275,#3276);
#2636=AXIS2_PLACEMENT_3D('',#3979,#3277,#3278);
#2637=AXIS2_PLACEMENT_3D('',#3981,#3280,#3281);
#2638=AXIS2_PLACEMENT_3D('',#3983,#3283,#3284);
#2639=AXIS2_PLACEMENT_3D('',#3985,#3286,#3287);
#2640=AXIS2_PLACEMENT_3D('',#3987,#3289,#3290);
#2641=DIRECTION('axis',(0.,0.,1.));
#2642=DIRECTION('refdir',(1.,0.,0.));
#2643=DIRECTION('center_axis',(-1.,-5.66440318686304E-17,0.));
#2644=DIRECTION('ref_axis',(5.66440318686304E-17,-1.,0.));
#2645=DIRECTION('',(-5.66440318686304E-17,1.,0.));
#2646=DIRECTION('',(0.,0.,1.));
#2647=DIRECTION('',(-5.66440318686304E-17,1.,0.));
#2648=DIRECTION('',(0.,0.,1.));
#2649=DIRECTION('center_axis',(0.,0.,1.));
#2650=DIRECTION('ref_axis',(1.,0.,0.));
#2651=DIRECTION('',(1.,0.,0.));
#2652=DIRECTION('',(-1.,8.7938457396052E-17,0.));
#2653=DIRECTION('',(0.,-1.,0.));
#2654=DIRECTION('center_axis',(0.,1.,0.));
#2655=DIRECTION('ref_axis',(-1.,0.,0.));
#2656=DIRECTION('',(1.,0.,0.));
#2657=DIRECTION('',(0.,0.,1.));
#2658=DIRECTION('center_axis',(-8.7938457396052E-17,-1.,0.));
#2659=DIRECTION('ref_axis',(1.,-8.7938457396052E-17,0.));
#2660=DIRECTION('',(-1.,8.7938457396052E-17,0.));
#2661=DIRECTION('',(0.,0.,-1.));
#2662=DIRECTION('center_axis',(1.,0.,0.));
#2663=DIRECTION('ref_axis',(0.,1.,0.));
#2664=DIRECTION('',(0.,-1.,0.));
#2665=DIRECTION('center_axis',(0.,0.,1.));
#2666=DIRECTION('ref_axis',(1.,0.,0.));
#2667=DIRECTION('center_axis',(0.,0.,1.));
#2668=DIRECTION('ref_axis',(1.,0.,0.));
#2669=DIRECTION('',(1.,1.20024110770287E-16,0.));
#2670=DIRECTION('',(1.2335811384724E-16,1.,0.));
#2671=DIRECTION('',(-1.,-2.40048221540574E-16,0.));
#2672=DIRECTION('',(-6.16790569236198E-17,-1.,0.));
#2673=DIRECTION('center_axis',(1.,-6.16790569236198E-17,0.));
#2674=DIRECTION('ref_axis',(6.16790569236198E-17,1.,0.));
#2675=DIRECTION('',(-6.16790569236198E-17,-1.,0.));
#2676=DIRECTION('',(0.,0.,1.));
#2677=DIRECTION('',(0.,0.,1.));
#2678=DIRECTION('center_axis',(-1.20024110770287E-16,1.,0.));
#2679=DIRECTION('ref_axis',(-1.,-1.20024110770287E-16,0.));
#2680=DIRECTION('',(1.,1.20024110770287E-16,0.));
#2681=DIRECTION('',(0.,0.,1.));
#2682=DIRECTION('center_axis',(2.40048221540574E-16,-1.,0.));
#2683=DIRECTION('ref_axis',(1.,2.40048221540574E-16,0.));
#2684=DIRECTION('',(-1.,-2.40048221540574E-16,0.));
#2685=DIRECTION('',(0.,0.,1.));
#2686=DIRECTION('center_axis',(-1.,1.2335811384724E-16,0.));
#2687=DIRECTION('ref_axis',(-1.2335811384724E-16,-1.,0.));
#2688=DIRECTION('',(1.2335811384724E-16,1.,0.));
#2689=DIRECTION('center_axis',(0.,0.,1.));
#2690=DIRECTION('ref_axis',(1.,0.,0.));
#2691=DIRECTION('center_axis',(0.,0.707106781186548,0.707106781186548));
#2692=DIRECTION('ref_axis',(1.,0.,0.));
#2693=DIRECTION('',(-1.28170812953778E-16,-0.707106781186548,0.707106781186548));
#2694=DIRECTION('',(1.,0.,0.));
#2695=DIRECTION('',(2.80373653336388E-17,0.707106781186548,-0.707106781186548));
#2696=DIRECTION('',(-1.,0.,0.));
#2697=DIRECTION('center_axis',(1.,-3.96508223080413E-17,0.));
#2698=DIRECTION('ref_axis',(3.96508223080413E-17,1.,0.));
#2699=DIRECTION('',(-6.93889390390722E-16,1.,0.));
#2700=DIRECTION('',(0.,0.,1.));
#2701=DIRECTION('',(-3.96508223080413E-17,-1.,0.));
#2702=DIRECTION('',(0.,0.,-1.));
#2703=DIRECTION('',(3.96508223080413E-17,1.,0.));
#2704=DIRECTION('',(0.,0.,1.));
#2705=DIRECTION('center_axis',(0.,0.,1.));
#2706=DIRECTION('ref_axis',(1.,0.,0.));
#2707=DIRECTION('',(0.,-1.,0.));
#2708=DIRECTION('',(1.,1.11022302462516E-15,0.));
#2709=DIRECTION('center_axis',(-0.707106781186551,-0.707106781186544,0.));
#2710=DIRECTION('ref_axis',(0.,0.,1.));
#2711=DIRECTION('',(0.,0.,1.));
#2712=DIRECTION('',(-0.577350269189622,0.577350269189628,-0.577350269189628));
#2713=DIRECTION('',(0.,0.,-1.));
#2714=DIRECTION('',(0.577350269189621,-0.577350269189627,-0.577350269189629));
#2715=DIRECTION('center_axis',(-6.21818795518327E-17,-0.707106781186548,
-0.707106781186548));
#2716=DIRECTION('ref_axis',(-1.,0.,8.7938457396052E-17));
#2717=DIRECTION('',(-1.,8.7938457396052E-17,0.));
#2718=DIRECTION('',(0.577350269189626,0.577350269189626,-0.577350269189626));
#2719=DIRECTION('',(1.,-8.7938457396052E-17,0.));
#2720=DIRECTION('center_axis',(0.707106781186548,-0.707106781186548,0.));
#2721=DIRECTION('ref_axis',(0.,0.,-1.));
#2722=DIRECTION('',(0.,0.,1.));
#2723=DIRECTION('',(0.,0.,-1.));
#2724=DIRECTION('',(0.577350269189625,0.577350269189625,0.577350269189628));
#2725=DIRECTION('center_axis',(-6.21818795518328E-17,-0.707106781186549,
0.707106781186546));
#2726=DIRECTION('ref_axis',(1.,0.,8.79384573960524E-17));
#2727=DIRECTION('',(1.,-8.7938457396052E-17,0.));
#2728=DIRECTION('',(-1.,8.7938457396052E-17,0.));
#2729=DIRECTION('center_axis',(0.,0.,-1.));
#2730=DIRECTION('ref_axis',(-1.,0.,0.));
#2731=DIRECTION('',(0.,1.,0.));
#2732=DIRECTION('',(1.,4.22942104619107E-17,0.));
#2733=DIRECTION('',(0.,1.,0.));
#2734=DIRECTION('center_axis',(1.,0.,0.));
#2735=DIRECTION('ref_axis',(0.,0.,-1.));
#2736=DIRECTION('',(0.,1.,0.));
#2737=DIRECTION('',(0.,0.,1.));
#2738=DIRECTION('center_axis',(-8.7938457396052E-17,-1.,0.));
#2739=DIRECTION('ref_axis',(1.,-8.7938457396052E-17,0.));
#2740=DIRECTION('',(0.,0.,1.));
#2741=DIRECTION('',(1.,-8.7938457396052E-17,0.));
#2742=DIRECTION('',(0.,0.,-1.));
#2743=DIRECTION('',(1.,-8.7938457396052E-17,0.));
#2744=DIRECTION('',(0.707106781186546,-6.21818795518326E-17,-0.707106781186549));
#2745=DIRECTION('',(0.,0.,-1.));
#2746=DIRECTION('',(0.707106781186546,-6.21818795518326E-17,-0.707106781186549));
#2747=DIRECTION('',(-1.,8.7938457396052E-17,0.));
#2748=DIRECTION('',(0.,0.,-1.));
#2749=DIRECTION('',(1.,-8.7938457396052E-17,0.));
#2750=DIRECTION('',(0.,0.,1.));
#2751=DIRECTION('',(-1.,8.7938457396052E-17,0.));
#2752=DIRECTION('',(0.,0.,1.));
#2753=DIRECTION('',(1.,-8.7938457396052E-17,0.));
#2754=DIRECTION('',(-1.,8.7938457396052E-17,0.));
#2755=DIRECTION('',(0.707106781186547,-6.21818795518326E-17,0.707106781186548));
#2756=DIRECTION('',(0.,0.,1.));
#2757=DIRECTION('',(1.,-8.7938457396052E-17,0.));
#2758=DIRECTION('',(0.707106781186548,-6.21818795518327E-17,0.707106781186548));
#2759=DIRECTION('',(0.,0.,1.));
#2760=DIRECTION('',(1.,-8.7938457396052E-17,0.));
#2761=DIRECTION('',(0.,0.,-1.));
#2762=DIRECTION('',(-1.,8.7938457396052E-17,0.));
#2763=DIRECTION('',(1.,-8.7938457396052E-17,3.94745964311167E-15));
#2764=DIRECTION('',(-8.43769498715114E-15,7.41997881148472E-31,-1.));
#2765=DIRECTION('',(-1.,8.7938457396052E-17,-4.93432455388959E-16));
#2766=DIRECTION('',(7.99360577730113E-15,-7.0294536108803E-31,1.));
#2767=DIRECTION('center_axis',(8.7938457396052E-17,1.,0.));
#2768=DIRECTION('ref_axis',(1.,0.,0.));
#2769=DIRECTION('center_axis',(2.86727555711231E-16,-0.707106781186544,
-0.707106781186551));
#2770=DIRECTION('ref_axis',(-1.,0.,-4.05493997992908E-16));
#2771=DIRECTION('',(0.577350269189622,0.57735026918963,-0.577350269189625));
#2772=DIRECTION('',(1.,-8.7938457396052E-17,4.93432455388959E-16));
#2773=DIRECTION('',(-0.577350269189627,0.577350269189627,-0.577350269189622));
#2774=DIRECTION('center_axis',(-2.85345736165634E-15,-0.707106781186544,
0.707106781186551));
#2775=DIRECTION('ref_axis',(1.,0.,4.03539810050772E-15));
#2776=DIRECTION('',(-0.577350269189622,0.577350269189633,0.577350269189623));
#2777=DIRECTION('',(-1.,8.7938457396052E-17,-3.94745964311167E-15));
#2778=DIRECTION('',(-0.577350269189629,-0.577350269189627,-0.577350269189622));
#2779=DIRECTION('center_axis',(-0.707106781186551,-0.707106781186544,5.65233285126162E-15));
#2780=DIRECTION('ref_axis',(7.99360577730113E-15,0.,1.));
#2781=DIRECTION('',(-7.99360577730113E-15,7.0294536108803E-31,-1.));
#2782=DIRECTION('center_axis',(0.707106781186549,-0.707106781186546,-5.96635134299832E-15));
#2783=DIRECTION('ref_axis',(-8.43769498715114E-15,0.,-1.));
#2784=DIRECTION('',(8.43769498715114E-15,-7.41997881148472E-31,1.));
#2785=DIRECTION('center_axis',(-1.,0.,8.43769498715114E-15));
#2786=DIRECTION('ref_axis',(8.43769498715114E-15,-1.77635683940024E-15,
1.));
#2787=DIRECTION('',(0.,1.,0.));
#2788=DIRECTION('',(-8.43769498715114E-15,-3.56865647599979E-31,-1.));
#2789=DIRECTION('',(0.,1.,0.));
#2790=DIRECTION('center_axis',(3.94745964311167E-15,0.,-1.));
#2791=DIRECTION('ref_axis',(-1.,9.86864910777917E-16,-3.94745964311167E-15));
#2792=DIRECTION('',(0.,1.,0.));
#2793=DIRECTION('',(1.,4.22942104619107E-17,3.94745964311167E-15));
#2794=DIRECTION('center_axis',(-0.707106781186554,-0.707106781186541,0.));
#2795=DIRECTION('ref_axis',(0.,0.,1.));
#2796=DIRECTION('',(0.,0.,-1.));
#2797=DIRECTION('',(-0.707106781186541,0.707106781186554,0.));
#2798=DIRECTION('',(-0.577350269189617,0.577350269189633,-0.577350269189628));
#2799=DIRECTION('center_axis',(-6.21818795518324E-17,-0.707106781186544,
-0.707106781186551));
#2800=DIRECTION('ref_axis',(-1.,0.,8.79384573960512E-17));
#2801=DIRECTION('',(1.,-8.7938457396052E-17,0.));
#2802=DIRECTION('',(0.577350269189626,0.577350269189626,-0.577350269189626));
#2803=DIRECTION('center_axis',(0.707106781186548,-0.707106781186548,0.));
#2804=DIRECTION('ref_axis',(0.,0.,-1.));
#2805=DIRECTION('',(-0.707106781186548,-0.707106781186548,0.));
#2806=DIRECTION('',(0.,0.,1.));
#2807=DIRECTION('center_axis',(1.,0.,0.));
#2808=DIRECTION('ref_axis',(0.,0.,-1.));
#2809=DIRECTION('',(0.,-1.,0.));
#2810=DIRECTION('',(0.,1.,0.));
#2811=DIRECTION('',(0.,0.,1.));
#2812=DIRECTION('',(0.,1.,0.));
#2813=DIRECTION('',(0.,0.,1.));
#2814=DIRECTION('center_axis',(0.,0.,1.));
#2815=DIRECTION('ref_axis',(1.,0.,0.));
#2816=DIRECTION('',(0.,1.,0.));
#2817=DIRECTION('',(-1.,-4.22942104619107E-17,0.));
#2818=DIRECTION('center_axis',(-1.,0.,0.));
#2819=DIRECTION('ref_axis',(0.,0.,1.));
#2820=DIRECTION('',(0.,1.,0.));
#2821=DIRECTION('',(0.,0.,-1.));
#2822=DIRECTION('',(0.,1.,0.));
#2823=DIRECTION('',(0.,0.,-1.));
#2824=DIRECTION('center_axis',(-2.82118200512703E-15,0.707106781186551,
0.707106781186544));
#2825=DIRECTION('ref_axis',(1.,0.,3.98975385357358E-15));
#2826=DIRECTION('',(-1.,-4.22942104619107E-17,-3.94745964311167E-15));
#2827=DIRECTION('',(0.577350269189634,-0.577350269189616,0.577350269189627));
#2828=DIRECTION('',(0.577350269189633,0.57735026918962,-0.577350269189625));
#2829=DIRECTION('center_axis',(0.707106781186543,0.707106781186552,-5.96635134299827E-15));
#2830=DIRECTION('ref_axis',(-8.43769498715114E-15,0.,-1.));
#2831=DIRECTION('',(8.43769498715114E-15,3.56865647599979E-31,1.));
#2832=DIRECTION('',(-0.577350269189628,0.57735026918962,0.57735026918963));
#2833=DIRECTION('center_axis',(-0.70710678118654,0.707106781186555,5.65233285126153E-15));
#2834=DIRECTION('ref_axis',(7.99360577730113E-15,0.,1.));
#2835=DIRECTION('',(-7.99360577730113E-15,-3.38083245094719E-31,-1.));
#2836=DIRECTION('',(7.99360577730113E-15,3.38083245094719E-31,1.));
#2837=DIRECTION('',(0.577350269189636,0.577350269189618,0.577350269189623));
#2838=DIRECTION('center_axis',(3.19002912240512E-16,0.707106781186551,-0.707106781186544));
#2839=DIRECTION('ref_axis',(-1.,0.,-4.51138244927048E-16));
#2840=DIRECTION('',(1.,4.22942104619107E-17,4.93432455388959E-16));
#2841=DIRECTION('',(-1.,-4.22942104619107E-17,-4.93432455388959E-16));
#2842=DIRECTION('center_axis',(1.,0.,-7.99360577730113E-15));
#2843=DIRECTION('ref_axis',(-7.99360577730113E-15,0.,-1.));
#2844=DIRECTION('',(0.,1.,0.));
#2845=DIRECTION('center_axis',(-4.22942104619107E-17,1.,0.));
#2846=DIRECTION('ref_axis',(-1.,-4.22942104619107E-17,0.));
#2847=DIRECTION('',(0.,0.,1.));
#2848=DIRECTION('',(1.,4.22942104619107E-17,0.));
#2849=DIRECTION('',(0.,0.,-1.));
#2850=DIRECTION('',(-1.,-4.22942104619107E-17,0.));
#2851=DIRECTION('',(0.,0.,-1.));
#2852=DIRECTION('',(1.,4.22942104619107E-17,0.));
#2853=DIRECTION('',(0.,0.,1.));
#2854=DIRECTION('',(-1.,-4.22942104619107E-17,0.));
#2855=DIRECTION('center_axis',(4.22942104619107E-17,-1.,0.));
#2856=DIRECTION('ref_axis',(1.,0.,0.));
#2857=DIRECTION('',(-1.,-4.22942104619107E-17,0.));
#2858=DIRECTION('',(0.,0.,-1.));
#2859=DIRECTION('',(1.,4.22942104619107E-17,0.));
#2860=DIRECTION('',(0.,0.,1.));
#2861=DIRECTION('center_axis',(-0.707106781186544,0.707106781186551,0.));
#2862=DIRECTION('ref_axis',(0.,0.,1.));
#2863=DIRECTION('',(-0.57735026918963,-0.57735026918962,0.577350269189628));
#2864=DIRECTION('',(0.577350269189628,0.577350269189622,0.577350269189628));
#2865=DIRECTION('center_axis',(-2.99065230225483E-17,0.707106781186552,
0.707106781186543));
#2866=DIRECTION('ref_axis',(1.,0.,4.22942104619113E-17));
#2867=DIRECTION('',(-0.577350269189635,0.577350269189615,-0.577350269189628));
#2868=DIRECTION('center_axis',(-2.99065230225482E-17,0.707106781186551,
-0.707106781186544));
#2869=DIRECTION('ref_axis',(-1.,0.,4.22942104619111E-17));
#2870=DIRECTION('',(-1.,-4.22942104619107E-17,0.));
#2871=DIRECTION('',(-0.577350269189636,0.577350269189616,0.577350269189626));
#2872=DIRECTION('center_axis',(0.707106781186538,0.707106781186557,0.));
#2873=DIRECTION('ref_axis',(0.,0.,-1.));
#2874=DIRECTION('',(0.,0.,-1.));
#2875=DIRECTION('center_axis',(0.,0.,1.));
#2876=DIRECTION('ref_axis',(1.,0.,0.));
#2877=DIRECTION('',(0.,1.,0.));
#2878=DIRECTION('center_axis',(-2.99065230225481E-17,0.707106781186548,
0.707106781186548));
#2879=DIRECTION('ref_axis',(1.,0.,4.22942104619107E-17));
#2880=DIRECTION('',(0.577350269189626,-0.577350269189626,0.577350269189626));
#2881=DIRECTION('',(1.,4.22942104619107E-17,0.));
#2882=DIRECTION('',(0.577350269189626,0.577350269189626,-0.577350269189626));
#2883=DIRECTION('center_axis',(0.707106781186548,0.707106781186548,0.));
#2884=DIRECTION('ref_axis',(0.,0.,-1.));
#2885=DIRECTION('',(-0.577350269189626,0.577350269189626,0.577350269189626));
#2886=DIRECTION('center_axis',(-0.707106781186548,0.707106781186548,0.));
#2887=DIRECTION('ref_axis',(0.,0.,1.));
#2888=DIRECTION('',(0.577350269189626,0.577350269189626,0.577350269189626));
#2889=DIRECTION('center_axis',(-2.99065230225481E-17,0.707106781186548,
-0.707106781186548));
#2890=DIRECTION('ref_axis',(-1.,0.,4.22942104619107E-17));
#2891=DIRECTION('center_axis',(0.,0.,-1.));
#2892=DIRECTION('ref_axis',(-1.,0.,0.));
#2893=DIRECTION('',(1.,0.,0.));
#2894=DIRECTION('center_axis',(0.707106781186549,0.,0.707106781186546));
#2895=DIRECTION('ref_axis',(0.707106781186546,0.,-0.707106781186549));
#2896=DIRECTION('',(0.707106781186546,0.,-0.707106781186549));
#2897=DIRECTION('',(0.,1.,0.));
#2898=DIRECTION('',(0.,-1.,0.));
#2899=DIRECTION('center_axis',(0.,-1.,0.));
#2900=DIRECTION('ref_axis',(1.,0.,0.));
#2901=DIRECTION('',(1.,0.,0.));
#2902=DIRECTION('',(0.,0.,1.));
#2903=DIRECTION('',(1.,0.,0.));
#2904=DIRECTION('',(0.,0.,1.));
#2905=DIRECTION('',(0.707106781186551,0.,0.707106781186544));
#2906=DIRECTION('',(1.,0.,0.));
#2907=DIRECTION('',(0.707106781186551,0.,-0.707106781186544));
#2908=DIRECTION('',(0.,0.,1.));
#2909=DIRECTION('',(1.,0.,0.));
#2910=DIRECTION('',(0.,0.,1.));
#2911=DIRECTION('',(0.707106781186548,0.,0.707106781186548));
#2912=DIRECTION('',(1.,0.,0.));
#2913=DIRECTION('',(0.,0.,1.));
#2914=DIRECTION('',(0.707106781186547,0.,0.707106781186548));
#2915=DIRECTION('',(-1.,0.,0.));
#2916=DIRECTION('',(0.,0.,-1.));
#2917=DIRECTION('',(-1.,0.,0.));
#2918=DIRECTION('',(0.,0.,1.));
#2919=DIRECTION('',(-1.,0.,0.));
#2920=DIRECTION('',(0.707106781186546,0.,-0.707106781186549));
#2921=DIRECTION('',(0.,0.,1.));
#2922=DIRECTION('center_axis',(0.,0.,1.));
#2923=DIRECTION('ref_axis',(1.,0.,0.));
#2924=DIRECTION('',(0.,-1.,0.));
#2925=DIRECTION('center_axis',(0.707106781186549,0.,0.707106781186546));
#2926=DIRECTION('ref_axis',(0.707106781186546,0.,-0.707106781186549));
#2927=DIRECTION('',(0.,-1.,0.));
#2928=DIRECTION('',(0.,1.,0.));
#2929=DIRECTION('center_axis',(0.,0.,1.));
#2930=DIRECTION('ref_axis',(1.,0.,0.));
#2931=DIRECTION('',(-0.707106781186548,0.707106781186548,0.));
#2932=DIRECTION('',(0.,1.,0.));
#2933=DIRECTION('',(-1.,8.7938457396052E-17,0.));
#2934=DIRECTION('',(0.,-1.,0.));
#2935=DIRECTION('',(-0.707106781186546,-0.707106781186549,0.));
#2936=DIRECTION('',(2.77555756156289E-16,-1.,0.));
#2937=DIRECTION('',(-1.,-1.11022302462516E-15,0.));
#2938=DIRECTION('',(0.,1.,0.));
#2939=DIRECTION('center_axis',(0.,0.,1.));
#2940=DIRECTION('ref_axis',(-0.707106781186549,0.707106781186546,0.));
#2941=DIRECTION('',(-3.17206578464331E-16,-1.,0.));
#2942=DIRECTION('center_axis',(0.,0.,1.));
#2943=DIRECTION('ref_axis',(-0.707106781186549,-0.707106781186546,0.));
#2944=DIRECTION('',(1.,2.46716227694479E-16,0.));
#2945=DIRECTION('center_axis',(0.,0.,-1.));
#2946=DIRECTION('ref_axis',(0.707106781186548,0.707106781186548,0.));
#2947=DIRECTION('',(0.,-1.,0.));
#2948=DIRECTION('',(-1.,0.,0.));
#2949=DIRECTION('center_axis',(0.,0.,-1.));
#2950=DIRECTION('ref_axis',(-0.707106781186549,-0.707106781186546,0.));
#2951=DIRECTION('',(1.,4.22942104619107E-17,0.));
#2952=DIRECTION('center_axis',(0.,0.,-1.));
#2953=DIRECTION('ref_axis',(0.707106781186546,-0.707106781186549,0.));
#2954=DIRECTION('',(-1.,0.,0.));
#2955=DIRECTION('',(-9.86864910777917E-16,1.,0.));
#2956=DIRECTION('center_axis',(0.,0.,-1.));
#2957=DIRECTION('ref_axis',(-0.707106781186548,0.707106781186548,0.));
#2958=DIRECTION('',(1.,0.,0.));
#2959=DIRECTION('center_axis',(0.,0.,1.));
#2960=DIRECTION('ref_axis',(0.707106781186546,-0.707106781186549,0.));
#2961=DIRECTION('',(1.58603289232165E-16,1.,0.));
#2962=DIRECTION('center_axis',(0.,0.,1.));
#2963=DIRECTION('ref_axis',(0.707106781186546,0.707106781186549,0.));
#2964=DIRECTION('',(0.,1.,0.));
#2965=DIRECTION('',(1.,0.,0.));
#2966=DIRECTION('',(0.,-1.,0.));
#2967=DIRECTION('',(1.,0.,0.));
#2968=DIRECTION('center_axis',(-0.707106781186548,-3.92523114670944E-17,
0.707106781186548));
#2969=DIRECTION('ref_axis',(0.707106781186548,0.,0.707106781186548));
#2970=DIRECTION('',(5.55111512312578E-17,-1.,0.));
#2971=DIRECTION('',(-5.55111512312578E-17,1.,0.));
#2972=DIRECTION('center_axis',(0.,0.,1.));
#2973=DIRECTION('ref_axis',(1.,0.,0.));
#2974=DIRECTION('',(2.77555756156289E-16,-1.,0.));
#2975=DIRECTION('center_axis',(-0.707106781186548,-1.96261557335472E-16,
0.707106781186547));
#2976=DIRECTION('ref_axis',(0.707106781186547,0.,0.707106781186548));
#2977=DIRECTION('',(-2.77555756156289E-16,1.,0.));
#2978=DIRECTION('center_axis',(-1.,-2.77555756156289E-16,0.));
#2979=DIRECTION('ref_axis',(2.77555756156289E-16,-1.,0.));
#2980=DIRECTION('center_axis',(0.,-0.707106781186547,0.707106781186548));
#2981=DIRECTION('ref_axis',(1.,0.,0.));
#2982=DIRECTION('',(0.,0.707106781186548,0.707106781186547));
#2983=DIRECTION('',(-1.,0.,0.));
#2984=DIRECTION('',(0.,-0.707106781186548,-0.707106781186547));
#2985=DIRECTION('center_axis',(0.,-1.,0.));
#2986=DIRECTION('ref_axis',(1.,0.,0.));
#2987=DIRECTION('',(0.,0.,1.));
#2988=DIRECTION('',(1.,0.,0.));
#2989=DIRECTION('',(0.,0.,1.));
#2990=DIRECTION('center_axis',(-0.707106781186548,-0.707106781186548,0.));
#2991=DIRECTION('ref_axis',(0.,0.,1.));
#2992=DIRECTION('',(0.,0.,-1.));
#2993=DIRECTION('',(-0.577350269189625,0.577350269189625,-0.577350269189628));
#2994=DIRECTION('center_axis',(0.707106781186549,-0.707106781186546,0.));
#2995=DIRECTION('ref_axis',(0.,0.,-1.));
#2996=DIRECTION('',(0.,0.,1.));
#2997=DIRECTION('',(-0.577350269189627,-0.577350269189627,0.577350269189624));
#2998=DIRECTION('center_axis',(0.,-0.707106781186546,-0.707106781186549));
#2999=DIRECTION('ref_axis',(-1.,0.,0.));
#3000=DIRECTION('',(1.,0.,0.));
#3001=DIRECTION('center_axis',(-1.,0.,0.));
#3002=DIRECTION('ref_axis',(0.,-1.,0.));
#3003=DIRECTION('',(0.,-1.,0.));
#3004=DIRECTION('',(0.,0.,1.));
#3005=DIRECTION('center_axis',(0.,0.,1.));
#3006=DIRECTION('ref_axis',(1.,0.,0.));
#3007=DIRECTION('',(0.,1.,0.));
#3008=DIRECTION('',(-1.,8.7938457396052E-17,0.));
#3009=DIRECTION('center_axis',(1.,0.,0.));
#3010=DIRECTION('ref_axis',(0.,1.,0.));
#3011=DIRECTION('',(0.,0.,-1.));
#3012=DIRECTION('center_axis',(0.,0.707106781186546,0.707106781186549));
#3013=DIRECTION('ref_axis',(1.,0.,0.));
#3014=DIRECTION('',(0.,-0.707106781186549,0.707106781186546));
#3015=DIRECTION('',(1.,0.,0.));
#3016=DIRECTION('',(0.,0.707106781186549,-0.707106781186546));
#3017=DIRECTION('',(-1.,0.,0.));
#3018=DIRECTION('center_axis',(0.,0.,1.));
#3019=DIRECTION('ref_axis',(1.,0.,0.));
#3020=DIRECTION('',(0.,-1.,0.));
#3021=DIRECTION('',(1.,0.,0.));
#3022=DIRECTION('',(0.,1.,0.));
#3023=DIRECTION('center_axis',(-1.,0.,0.));
#3024=DIRECTION('ref_axis',(0.,-1.,0.));
#3025=DIRECTION('',(0.,0.,1.));
#3026=DIRECTION('',(0.,1.,0.));
#3027=DIRECTION('',(0.,-0.707106781186548,-0.707106781186547));
#3028=DIRECTION('',(0.,0.,1.));
#3029=DIRECTION('center_axis',(0.,-0.707106781186547,0.707106781186548));
#3030=DIRECTION('ref_axis',(1.,0.,0.));
#3031=DIRECTION('',(0.,0.707106781186548,0.707106781186547));
#3032=DIRECTION('',(-1.,0.,0.));
#3033=DIRECTION('',(1.,0.,0.));
#3034=DIRECTION('center_axis',(0.,-1.,0.));
#3035=DIRECTION('ref_axis',(1.,0.,0.));
#3036=DIRECTION('',(0.,0.,1.));
#3037=DIRECTION('center_axis',(0.,0.707106781186546,0.707106781186549));
#3038=DIRECTION('ref_axis',(1.,0.,0.));
#3039=DIRECTION('',(-1.,0.,0.));
#3040=DIRECTION('',(3.92523114670945E-17,-0.707106781186549,0.707106781186546));
#3041=DIRECTION('',(1.,0.,0.));
#3042=DIRECTION('',(0.577350269189628,0.577350269189626,-0.577350269189623));
#3043=DIRECTION('center_axis',(0.707106781186544,0.,0.707106781186551));
#3044=DIRECTION('ref_axis',(0.707106781186551,0.,-0.707106781186544));
#3045=DIRECTION('',(0.,-1.,0.));
#3046=DIRECTION('',(0.,1.,0.));
#3047=DIRECTION('center_axis',(0.,0.,1.));
#3048=DIRECTION('ref_axis',(1.,0.,0.));
#3049=DIRECTION('',(0.,-1.,0.));
#3050=DIRECTION('',(-1.,0.,0.));
#3051=DIRECTION('',(0.,1.,0.));
#3052=DIRECTION('',(1.,-8.7938457396052E-17,0.));
#3053=DIRECTION('',(5.55111512312578E-17,-1.,0.));
#3054=DIRECTION('',(1.,0.,0.));
#3055=DIRECTION('',(0.,-1.,0.));
#3056=DIRECTION('center_axis',(-0.707106781186544,0.,0.707106781186551));
#3057=DIRECTION('ref_axis',(0.707106781186551,0.,0.707106781186544));
#3058=DIRECTION('',(0.,1.,0.));
#3059=DIRECTION('',(-0.577350269189628,0.577350269189626,-0.577350269189623));
#3060=DIRECTION('center_axis',(0.,0.707106781186546,0.707106781186549));
#3061=DIRECTION('ref_axis',(1.,0.,0.));
#3062=DIRECTION('',(1.,0.,0.));
#3063=DIRECTION('',(0.,0.707106781186549,-0.707106781186546));
#3064=DIRECTION('center_axis',(-1.,0.,0.));
#3065=DIRECTION('ref_axis',(0.,-1.,0.));
#3066=DIRECTION('center_axis',(1.,0.,0.));
#3067=DIRECTION('ref_axis',(0.,-1.,0.));
#3068=DIRECTION('center_axis',(1.,0.,0.));
#3069=DIRECTION('ref_axis',(0.,-1.,0.));
#3070=DIRECTION('center_axis',(0.,0.,-1.));
#3071=DIRECTION('ref_axis',(0.,1.,0.));
#3072=DIRECTION('center_axis',(-1.,0.,0.));
#3073=DIRECTION('ref_axis',(0.,-1.,0.));
#3074=DIRECTION('center_axis',(-1.,0.,0.));
#3075=DIRECTION('ref_axis',(0.,-1.,0.));
#3076=DIRECTION('center_axis',(1.,0.,0.));
#3077=DIRECTION('ref_axis',(0.,1.,0.));
#3078=DIRECTION('center_axis',(1.,0.,0.));
#3079=DIRECTION('ref_axis',(0.,1.,0.));
#3080=DIRECTION('',(-1.,0.,0.));
#3081=DIRECTION('center_axis',(-1.,0.,0.));
#3082=DIRECTION('ref_axis',(0.,0.,1.));
#3083=DIRECTION('center_axis',(0.,-1.,0.));
#3084=DIRECTION('ref_axis',(0.,0.,-1.));
#3085=DIRECTION('center_axis',(1.,0.,0.));
#3086=DIRECTION('ref_axis',(0.,1.,0.));
#3087=DIRECTION('center_axis',(1.,0.,0.));
#3088=DIRECTION('ref_axis',(0.,1.,0.));
#3089=DIRECTION('center_axis',(-1.,0.,0.));
#3090=DIRECTION('ref_axis',(0.,1.,0.));
#3091=DIRECTION('',(-1.,0.,0.));
#3092=DIRECTION('center_axis',(-1.,0.,0.));
#3093=DIRECTION('ref_axis',(0.,1.,0.));
#3094=DIRECTION('center_axis',(-1.,0.,0.));
#3095=DIRECTION('ref_axis',(0.,1.,0.));
#3096=DIRECTION('center_axis',(1.,0.,0.));
#3097=DIRECTION('ref_axis',(0.,-1.,0.));
#3098=DIRECTION('center_axis',(-1.,0.,0.));
#3099=DIRECTION('ref_axis',(0.,-1.,0.));
#3100=DIRECTION('center_axis',(-1.,0.,0.));
#3101=DIRECTION('ref_axis',(0.,-1.,0.));
#3102=DIRECTION('center_axis',(0.,0.,1.));
#3103=DIRECTION('ref_axis',(0.,1.,0.));
#3104=DIRECTION('center_axis',(1.,0.,0.));
#3105=DIRECTION('ref_axis',(0.,-1.,0.));
#3106=DIRECTION('center_axis',(1.,0.,0.));
#3107=DIRECTION('ref_axis',(0.,-1.,0.));
#3108=DIRECTION('center_axis',(1.,0.,0.));
#3109=DIRECTION('ref_axis',(0.,1.,0.));
#3110=DIRECTION('',(-1.,0.,0.));
#3111=DIRECTION('center_axis',(-1.,3.17206578464331E-16,0.));
#3112=DIRECTION('ref_axis',(0.,1.,0.));
#3113=DIRECTION('center_axis',(1.,0.,0.));
#3114=DIRECTION('ref_axis',(0.,0.,-1.));
#3115=DIRECTION('center_axis',(0.,-1.,0.));
#3116=DIRECTION('ref_axis',(0.,0.,1.));
#3117=DIRECTION('center_axis',(0.,0.,1.));
#3118=DIRECTION('ref_axis',(-0.707106781186549,-0.707106781186546,0.));
#3119=DIRECTION('center_axis',(0.,0.,1.));
#3120=DIRECTION('ref_axis',(-0.707106781186549,-0.707106781186546,0.));
#3121=DIRECTION('',(0.,0.,1.));
#3122=DIRECTION('',(0.,0.,-1.));
#3123=DIRECTION('center_axis',(4.22942104619107E-17,-1.,0.));
#3124=DIRECTION('ref_axis',(1.,4.22942104619107E-17,0.));
#3125=DIRECTION('',(-1.,-4.22942104619107E-17,0.));
#3126=DIRECTION('',(0.,0.,-1.));
#3127=DIRECTION('center_axis',(0.,0.,1.));
#3128=DIRECTION('ref_axis',(0.707106781186546,-0.707106781186549,0.));
#3129=DIRECTION('center_axis',(0.,0.,1.));
#3130=DIRECTION('ref_axis',(0.707106781186546,-0.707106781186549,0.));
#3131=DIRECTION('',(0.,0.,1.));
#3132=DIRECTION('center_axis',(0.,0.,1.));
#3133=DIRECTION('ref_axis',(0.707106781186546,0.707106781186549,0.));
#3134=DIRECTION('center_axis',(0.,0.,-1.));
#3135=DIRECTION('ref_axis',(0.707106781186546,0.707106781186549,0.));
#3136=DIRECTION('',(0.,0.,-1.));
#3137=DIRECTION('center_axis',(0.,0.,1.));
#3138=DIRECTION('ref_axis',(0.707106781186546,0.707106781186549,0.));
#3139=DIRECTION('center_axis',(0.,0.,1.));
#3140=DIRECTION('ref_axis',(1.,0.,0.));
#3141=DIRECTION('center_axis',(0.,0.,-1.));
#3142=DIRECTION('ref_axis',(-0.707106781186549,0.707106781186546,0.));
#3143=DIRECTION('',(-9.86864910777917E-16,-1.,0.));
#3144=DIRECTION('',(1.,0.,0.));
#3145=DIRECTION('',(0.,1.,0.));
#3146=DIRECTION('center_axis',(0.,0.,-1.));
#3147=DIRECTION('ref_axis',(0.707106781186548,0.707106781186548,0.));
#3148=DIRECTION('',(-1.,-2.46716227694479E-16,0.));
#3149=DIRECTION('center_axis',(0.,0.,1.));
#3150=DIRECTION('ref_axis',(-0.707106781186549,-0.707106781186546,0.));
#3151=DIRECTION('',(3.17206578464331E-16,1.,0.));
#3152=DIRECTION('center_axis',(0.,0.,1.));
#3153=DIRECTION('ref_axis',(-0.707106781186549,0.707106781186546,0.));
#3154=DIRECTION('center_axis',(0.,0.,1.));
#3155=DIRECTION('ref_axis',(0.707106781186546,0.707106781186549,0.));
#3156=DIRECTION('',(-1.58603289232165E-16,-1.,0.));
#3157=DIRECTION('center_axis',(0.,0.,1.));
#3158=DIRECTION('ref_axis',(0.707106781186546,-0.707106781186549,0.));
#3159=DIRECTION('',(-1.,0.,0.));
#3160=DIRECTION('center_axis',(0.,0.,-1.));
#3161=DIRECTION('ref_axis',(-0.707106781186548,0.707106781186548,0.));
#3162=DIRECTION('',(9.86864910777917E-16,-1.,0.));
#3163=DIRECTION('',(1.,0.,0.));
#3164=DIRECTION('',(1.97372982155583E-15,1.,0.));
#3165=DIRECTION('center_axis',(0.,0.,1.));
#3166=DIRECTION('ref_axis',(-0.707106781186549,0.707106781186546,0.));
#3167=DIRECTION('center_axis',(0.,0.,1.));
#3168=DIRECTION('ref_axis',(-0.707106781186549,0.707106781186546,0.));
#3169=DIRECTION('',(0.,0.,1.));
#3170=DIRECTION('center_axis',(0.,0.,1.));
#3171=DIRECTION('ref_axis',(0.707106781186548,0.707106781186548,0.));
#3172=DIRECTION('',(0.,0.,-1.));
#3173=DIRECTION('',(0.,0.,1.));
#3174=DIRECTION('center_axis',(-2.46716227694479E-16,1.,0.));
#3175=DIRECTION('ref_axis',(-1.,-2.46716227694479E-16,0.));
#3176=DIRECTION('',(0.,0.,-1.));
#3177=DIRECTION('center_axis',(0.,0.,1.));
#3178=DIRECTION('ref_axis',(-0.707106781186548,0.707106781186548,0.));
#3179=DIRECTION('',(0.,0.,-1.));
#3180=DIRECTION('',(0.,0.,1.));
#3181=DIRECTION('center_axis',(-1.,-9.86864910777917E-16,0.));
#3182=DIRECTION('ref_axis',(9.86864910777917E-16,-1.,0.));
#3183=DIRECTION('',(0.,0.,1.));
#3184=DIRECTION('center_axis',(0.,0.,1.));
#3185=DIRECTION('ref_axis',(-0.707106781186549,-0.707106781186546,0.));
#3186=DIRECTION('',(0.,0.,1.));
#3187=DIRECTION('center_axis',(1.,-3.17206578464331E-16,0.));
#3188=DIRECTION('ref_axis',(3.17206578464331E-16,1.,0.));
#3189=DIRECTION('',(0.,0.,-1.));
#3190=DIRECTION('center_axis',(0.,0.,1.));
#3191=DIRECTION('ref_axis',(0.707106781186546,-0.707106781186549,0.));
#3192=DIRECTION('',(0.,0.,1.));
#3193=DIRECTION('',(0.,0.,-1.));
#3194=DIRECTION('center_axis',(0.,1.,0.));
#3195=DIRECTION('ref_axis',(-1.,0.,0.));
#3196=DIRECTION('center_axis',(0.,0.,1.));
#3197=DIRECTION('ref_axis',(0.707106781186546,0.707106781186549,0.));
#3198=DIRECTION('',(0.,0.,1.));
#3199=DIRECTION('center_axis',(0.,0.,1.));
#3200=DIRECTION('ref_axis',(-0.707106781186549,0.707106781186546,0.));
#3201=DIRECTION('center_axis',(1.,0.,0.));
#3202=DIRECTION('ref_axis',(0.,1.,0.));
#3203=DIRECTION('center_axis',(-1.,0.,0.));
#3204=DIRECTION('ref_axis',(0.,-1.,0.));
#3205=DIRECTION('',(0.,-1.,0.));
#3206=DIRECTION('',(0.,0.,1.));
#3207=DIRECTION('center_axis',(0.,1.,0.));
#3208=DIRECTION('ref_axis',(-1.,0.,0.));
#3209=DIRECTION('',(-1.,0.,0.));
#3210=DIRECTION('',(0.,0.,1.));
#3211=DIRECTION('center_axis',(0.,0.,1.));
#3212=DIRECTION('ref_axis',(1.,0.,0.));
#3213=DIRECTION('',(0.,1.,0.));
#3214=DIRECTION('center_axis',(0.,1.,0.));
#3215=DIRECTION('ref_axis',(-1.,0.,0.));
#3216=DIRECTION('',(0.,0.,1.));
#3217=DIRECTION('',(-1.,0.,0.));
#3218=DIRECTION('',(0.,0.,1.));
#3219=DIRECTION('center_axis',(1.,0.,0.));
#3220=DIRECTION('ref_axis',(0.,1.,0.));
#3221=DIRECTION('',(0.,1.,0.));
#3222=DIRECTION('center_axis',(0.,0.,1.));
#3223=DIRECTION('ref_axis',(1.,0.,0.));
#3224=DIRECTION('',(0.,-1.,0.));
#3225=DIRECTION('center_axis',(-4.93432455388959E-16,0.,1.));
#3226=DIRECTION('ref_axis',(1.,0.,4.93432455388959E-16));
#3227=DIRECTION('center_axis',(0.,1.,0.));
#3228=DIRECTION('ref_axis',(1.,0.,0.));
#3229=DIRECTION('',(0.,1.,0.));
#3230=DIRECTION('center_axis',(-1.,0.,0.));
#3231=DIRECTION('ref_axis',(0.,0.,1.));
#3232=DIRECTION('center_axis',(0.,-1.,0.));
#3233=DIRECTION('ref_axis',(1.,0.,0.));
#3234=DIRECTION('center_axis',(0.,1.,0.));
#3235=DIRECTION('ref_axis',(-1.,0.,0.));
#3236=DIRECTION('',(0.,0.,1.));
#3237=DIRECTION('center_axis',(1.,0.,0.));
#3238=DIRECTION('ref_axis',(0.,1.,0.));
#3239=DIRECTION('center_axis',(-1.,-5.55111512312578E-17,0.));
#3240=DIRECTION('ref_axis',(5.55111512312578E-17,-1.,0.));
#3241=DIRECTION('center_axis',(1.,0.,0.));
#3242=DIRECTION('ref_axis',(0.,1.,0.));
#3243=DIRECTION('center_axis',(-8.7938457396052E-17,-1.,0.));
#3244=DIRECTION('ref_axis',(1.,-8.7938457396052E-17,0.));
#3245=DIRECTION('center_axis',(0.,1.,0.));
#3246=DIRECTION('ref_axis',(-1.,0.,0.));
#3247=DIRECTION('',(-1.,0.,0.));
#3248=DIRECTION('',(0.,0.,1.));
#3249=DIRECTION('center_axis',(1.11022302462516E-15,-1.,0.));
#3250=DIRECTION('ref_axis',(1.,1.11022302462516E-15,0.));
#3251=DIRECTION('',(0.,0.,1.));
#3252=DIRECTION('center_axis',(-1.,1.81260901979617E-16,0.));
#3253=DIRECTION('ref_axis',(-1.81260901979617E-16,-1.,0.));
#3254=DIRECTION('',(-1.81260901979617E-16,-1.,0.));
#3255=DIRECTION('center_axis',(0.,0.,1.));
#3256=DIRECTION('ref_axis',(1.,0.,0.));
#3257=DIRECTION('center_axis',(-1.,0.,0.));
#3258=DIRECTION('ref_axis',(0.,-1.,0.));
#3259=DIRECTION('',(0.,-1.,0.));
#3260=DIRECTION('',(0.,0.,1.));
#3261=DIRECTION('center_axis',(0.,1.,0.));
#3262=DIRECTION('ref_axis',(-1.,0.,0.));
#3263=DIRECTION('',(-1.,0.,0.));
#3264=DIRECTION('',(0.,0.,1.));
#3265=DIRECTION('center_axis',(1.,0.,0.));
#3266=DIRECTION('ref_axis',(0.,1.,0.));
#3267=DIRECTION('',(0.,1.,0.));
#3268=DIRECTION('center_axis',(0.,0.,1.));
#3269=DIRECTION('ref_axis',(1.,0.,0.));
#3270=DIRECTION('center_axis',(1.,0.,0.));
#3271=DIRECTION('ref_axis',(0.,1.,0.));
#3272=DIRECTION('center_axis',(0.,-1.,0.));
#3273=DIRECTION('ref_axis',(1.,0.,0.));
#3274=DIRECTION('',(0.,0.,1.));
#3275=DIRECTION('center_axis',(-1.,1.58603289232165E-16,0.));
#3276=DIRECTION('ref_axis',(-1.58603289232165E-16,-1.,0.));
#3277=DIRECTION('center_axis',(1.,0.,0.));
#3278=DIRECTION('ref_axis',(0.,1.,0.));
#3279=DIRECTION('',(0.,0.,1.));
#3280=DIRECTION('center_axis',(0.,-1.,0.));
#3281=DIRECTION('ref_axis',(1.,0.,0.));
#3282=DIRECTION('',(0.,0.,1.));
#3283=DIRECTION('center_axis',(-1.,2.96059473233375E-16,0.));
#3284=DIRECTION('ref_axis',(-2.96059473233375E-16,-1.,0.));
#3285=DIRECTION('',(2.96059473233375E-16,1.,0.));
#3286=DIRECTION('center_axis',(1.,0.,0.));
#3287=DIRECTION('ref_axis',(0.,1.,0.));
#3288=DIRECTION('',(0.,-1.,0.));
#3289=DIRECTION('center_axis',(0.,0.,1.));
#3290=DIRECTION('ref_axis',(1.,0.,0.));
#3291=CARTESIAN_POINT('',(0.,0.,0.));
#3292=CARTESIAN_POINT('Origin',(-4.00000000001502,27.9999999999914,2.));
#3293=CARTESIAN_POINT('',(-4.00000000001502,-21.0000000000086,18.5));
#3294=CARTESIAN_POINT('',(-4.00000000001502,27.9999999999914,18.5));
#3295=CARTESIAN_POINT('',(-4.00000000001502,15.7499999999914,18.5));
#3296=CARTESIAN_POINT('',(-4.00000000001502,27.9999999999914,2.));
#3297=CARTESIAN_POINT('',(-4.00000000001502,27.9999999999914,2.));
#3298=CARTESIAN_POINT('',(-4.00000000001502,-21.0000000000086,2.));
#3299=CARTESIAN_POINT('',(-4.00000000001502,14.,2.));
#3300=CARTESIAN_POINT('',(-4.00000000001502,-21.0000000000086,2.));
#3301=CARTESIAN_POINT('Origin',(-1.49924517245381E-11,8.56203996590921E-12,
2.));
#3302=CARTESIAN_POINT('',(-20.000000000015,-21.0000000000085,2.));
#3303=CARTESIAN_POINT('',(-1.000000000015,-21.0000000000086,2.));
#3304=CARTESIAN_POINT('',(-20.000000000015,27.9999999999914,2.));
#3305=CARTESIAN_POINT('',(-25.250000000015,27.9999999999914,2.));
#3306=CARTESIAN_POINT('',(-20.000000000015,-10.5,2.));
#3307=CARTESIAN_POINT('Origin',(-2.00000000001502,-21.0000000000086,2.));
#3308=CARTESIAN_POINT('',(-20.000000000015,-21.0000000000085,18.5));
#3309=CARTESIAN_POINT('',(-7.00000000001502,-21.0000000000086,18.5));
#3310=CARTESIAN_POINT('',(-20.000000000015,-21.0000000000085,2.));
#3311=CARTESIAN_POINT('Origin',(-50.500000000015,27.9999999999914,2.));
#3312=CARTESIAN_POINT('',(-20.000000000015,27.9999999999914,18.5));
#3313=CARTESIAN_POINT('',(-31.250000000015,27.9999999999914,18.5));
#3314=CARTESIAN_POINT('',(-20.000000000015,27.9999999999914,2.));
#3315=CARTESIAN_POINT('Origin',(-20.000000000015,-21.0000000000086,2.));
#3316=CARTESIAN_POINT('',(-20.000000000015,-8.75000000000855,18.5));
#3317=CARTESIAN_POINT('Origin',(-12.000000000015,3.49999999999145,18.5));
#3318=CARTESIAN_POINT('Origin',(27.249999999985,7.99999999999144,11.5));
#3319=CARTESIAN_POINT('',(17.999999999985,-10.0000000000086,11.5));
#3320=CARTESIAN_POINT('',(36.499999999985,-10.0000000000086,11.5));
#3321=CARTESIAN_POINT('',(31.874999999985,-10.0000000000086,11.5));
#3322=CARTESIAN_POINT('',(36.499999999985,25.9999999999914,11.5));
#3323=CARTESIAN_POINT('',(36.499999999985,16.9999999999914,11.5));
#3324=CARTESIAN_POINT('',(17.999999999985,25.9999999999914,11.5));
#3325=CARTESIAN_POINT('',(22.624999999985,25.9999999999914,11.5));
#3326=CARTESIAN_POINT('',(17.999999999985,-1.00000000000856,11.5));
#3327=CARTESIAN_POINT('Origin',(17.999999999985,-10.0000000000086,11.5));
#3328=CARTESIAN_POINT('',(17.999999999985,25.9999999999914,21.));
#3329=CARTESIAN_POINT('',(17.999999999985,-10.0000000000086,21.));
#3330=CARTESIAN_POINT('',(17.999999999985,-1.00000000000856,21.));
#3331=CARTESIAN_POINT('',(17.999999999985,-10.0000000000086,11.5));
#3332=CARTESIAN_POINT('',(17.999999999985,25.9999999999914,11.5));
#3333=CARTESIAN_POINT('Origin',(36.499999999985,-10.0000000000086,11.5));
#3334=CARTESIAN_POINT('',(36.499999999985,-10.0000000000086,21.));
#3335=CARTESIAN_POINT('',(31.874999999985,-10.0000000000086,21.));
#3336=CARTESIAN_POINT('',(36.499999999985,-10.0000000000086,11.5));
#3337=CARTESIAN_POINT('Origin',(17.999999999985,25.9999999999914,11.5));
#3338=CARTESIAN_POINT('',(36.499999999985,25.9999999999914,21.));
#3339=CARTESIAN_POINT('',(22.624999999985,25.9999999999914,21.));
#3340=CARTESIAN_POINT('',(36.499999999985,25.9999999999914,11.5));
#3341=CARTESIAN_POINT('Origin',(36.499999999985,25.9999999999914,11.5));
#3342=CARTESIAN_POINT('',(36.499999999985,16.9999999999914,21.));
#3343=CARTESIAN_POINT('Origin',(27.249999999985,7.99999999999144,21.));
#3344=CARTESIAN_POINT('Origin',(-7.00000000001502,-21.2500000000086,24.25));
#3345=CARTESIAN_POINT('',(-22.000000000015,-21.0000000000085,24.));
#3346=CARTESIAN_POINT('',(-22.000000000015,-21.5000000000086,24.5));
#3347=CARTESIAN_POINT('',(-22.000000000015,-3.37500000000856,6.375));
#3348=CARTESIAN_POINT('',(-2.00000000001502,-21.5000000000086,24.5));
#3349=CARTESIAN_POINT('',(-7.00000000001502,-21.5000000000086,24.5));
#3350=CARTESIAN_POINT('',(-2.00000000001502,-21.0000000000086,24.));
#3351=CARTESIAN_POINT('',(-2.00000000001502,-15.6250000000086,18.625));
#3352=CARTESIAN_POINT('',(-7.00000000001502,-21.0000000000086,24.));
#3353=CARTESIAN_POINT('Origin',(-2.00000000001502,-21.0000000000086,2.));
#3354=CARTESIAN_POINT('',(-2.00000000001502,-23.0000000000086,24.5));
#3355=CARTESIAN_POINT('',(-2.00000000001502,-21.0000000000086,24.5));
#3356=CARTESIAN_POINT('',(-2.00000000001502,-23.0000000000086,2.));
#3357=CARTESIAN_POINT('',(-2.00000000001502,-23.0000000000086,2.));
#3358=CARTESIAN_POINT('',(-2.00000000001502,27.9999999999914,2.));
#3359=CARTESIAN_POINT('',(-2.00000000001502,-10.5,2.));
#3360=CARTESIAN_POINT('',(-2.00000000001502,27.9999999999914,20.5));
#3361=CARTESIAN_POINT('',(-2.00000000001502,27.9999999999914,2.));
#3362=CARTESIAN_POINT('',(-2.00000000001502,-21.0000000000086,20.5));
#3363=CARTESIAN_POINT('',(-2.00000000001502,-21.0000000000086,20.5));
#3364=CARTESIAN_POINT('',(-2.00000000001502,-21.0000000000086,2.));
#3365=CARTESIAN_POINT('Origin',(-12.000000000015,-22.0000000000086,24.5));
#3366=CARTESIAN_POINT('',(-22.000000000015,-23.0000000000086,24.5));
#3367=CARTESIAN_POINT('',(-22.000000000015,-21.0000000000085,24.5));
#3368=CARTESIAN_POINT('',(-22.000000000015,-23.0000000000086,24.5));
#3369=CARTESIAN_POINT('Origin',(-29.750000000015,28.2499999999914,14.6));
#3370=CARTESIAN_POINT('',(-29.500000000015,27.9999999999914,7.7));
#3371=CARTESIAN_POINT('',(-29.500000000015,27.9999999999914,27.7));
#3372=CARTESIAN_POINT('',(-29.500000000015,27.9999999999914,14.6));
#3373=CARTESIAN_POINT('',(-30.000000000015,28.4999999999914,27.2));
#3374=CARTESIAN_POINT('',(-29.500000000015,27.9999999999914,27.7));
#3375=CARTESIAN_POINT('',(-30.000000000015,28.4999999999914,8.2));
#3376=CARTESIAN_POINT('',(-30.000000000015,28.4999999999914,14.6));
#3377=CARTESIAN_POINT('',(-30.000000000015,28.4999999999914,8.2));
#3378=CARTESIAN_POINT('Origin',(-46.250000000015,28.2499999999914,27.45));
#3379=CARTESIAN_POINT('',(-42.500000000015,27.9999999999914,27.7));
#3380=CARTESIAN_POINT('',(-46.250000000015,27.9999999999914,27.7));
#3381=CARTESIAN_POINT('',(-42.000000000015,28.4999999999914,27.2));
#3382=CARTESIAN_POINT('',(-42.500000000015,27.9999999999914,27.7));
#3383=CARTESIAN_POINT('',(-46.250000000015,28.4999999999914,27.2));
#3384=CARTESIAN_POINT('Origin',(-42.250000000015,28.2499999999914,5.1));
#3385=CARTESIAN_POINT('',(-42.000000000015,28.4999999999914,8.2));
#3386=CARTESIAN_POINT('',(-42.000000000015,28.4999999999914,5.1));
#3387=CARTESIAN_POINT('',(-42.500000000015,27.9999999999914,7.7));
#3388=CARTESIAN_POINT('',(-42.500000000015,27.9999999999914,5.1));
#3389=CARTESIAN_POINT('',(-42.500000000015,27.9999999999914,7.7));
#3390=CARTESIAN_POINT('Origin',(-40.250000000015,28.2499999999914,7.95));
#3391=CARTESIAN_POINT('',(-40.250000000015,27.9999999999914,7.7));
#3392=CARTESIAN_POINT('',(-40.250000000015,28.4999999999914,8.2));
#3393=CARTESIAN_POINT('Origin',(-30.000000000015,28.000000000001,8.2));
#3394=CARTESIAN_POINT('',(-30.000000000015,29.5000000000086,8.2));
#3395=CARTESIAN_POINT('',(-30.000000000015,28.000000000001,8.2));
#3396=CARTESIAN_POINT('',(-42.000000000015,29.5000000000086,8.2));
#3397=CARTESIAN_POINT('',(11.249999999985,29.5000000000086,8.2));
#3398=CARTESIAN_POINT('',(-42.000000000015,28.000000000001,8.2));
#3399=CARTESIAN_POINT('Origin',(-30.000000000015,28.000000000001,27.2));
#3400=CARTESIAN_POINT('',(-30.000000000015,29.5000000000086,27.2));
#3401=CARTESIAN_POINT('',(-30.000000000015,28.000000000001,27.2));
#3402=CARTESIAN_POINT('',(-30.000000000015,29.5000000000086,13.6));
#3403=CARTESIAN_POINT('Origin',(-50.500000000015,27.9999999999914,2.));
#3404=CARTESIAN_POINT('',(32.249999999985,27.9999999999914,23.));
#3405=CARTESIAN_POINT('',(32.249999999985,27.9999999999914,27.7));
#3406=CARTESIAN_POINT('',(32.249999999985,27.9999999999914,14.6));
#3407=CARTESIAN_POINT('',(38.499999999985,27.9999999999914,23.));
#3408=CARTESIAN_POINT('',(-11.625000000015,27.9999999999914,23.));
#3409=CARTESIAN_POINT('',(38.499999999985,27.9999999999914,11.5));
#3410=CARTESIAN_POINT('',(38.499999999985,27.9999999999914,6.75));
#3411=CARTESIAN_POINT('',(43.499999999985,27.9999999999914,11.5));
#3412=CARTESIAN_POINT('',(-11.625000000015,27.9999999999914,11.5));
#3413=CARTESIAN_POINT('',(44.499999999985,27.9999999999914,10.5));
#3414=CARTESIAN_POINT('',(22.6249999999851,27.9999999999914,32.375));
#3415=CARTESIAN_POINT('',(44.499999999985,27.9999999999914,3.));
#3416=CARTESIAN_POINT('',(44.499999999985,27.9999999999914,2.));
#3417=CARTESIAN_POINT('',(45.499999999985,27.9999999999914,2.));
#3418=CARTESIAN_POINT('',(21.2499999999851,27.9999999999914,26.25));
#3419=CARTESIAN_POINT('',(48.499999999985,27.9999999999914,2.));
#3420=CARTESIAN_POINT('',(-25.250000000015,27.9999999999914,2.));
#3421=CARTESIAN_POINT('',(48.499999999985,27.9999999999914,35.5));
#3422=CARTESIAN_POINT('',(48.499999999985,27.9999999999914,2.));
#3423=CARTESIAN_POINT('',(-48.500000000015,27.9999999999914,35.5));
#3424=CARTESIAN_POINT('',(-50.500000000015,27.9999999999914,35.5));
#3425=CARTESIAN_POINT('',(-48.500000000015,27.9999999999914,2.));
#3426=CARTESIAN_POINT('',(-48.500000000015,27.9999999999914,2.));
#3427=CARTESIAN_POINT('',(-22.000000000015,27.9999999999914,2.));
#3428=CARTESIAN_POINT('',(-25.250000000015,27.9999999999914,2.));
#3429=CARTESIAN_POINT('',(-22.000000000015,27.9999999999914,20.5));
#3430=CARTESIAN_POINT('',(-22.000000000015,27.9999999999914,2.));
#3431=CARTESIAN_POINT('',(-31.250000000015,27.9999999999914,20.5));
#3432=CARTESIAN_POINT('',(8.99999999998498,27.9999999999914,2.));
#3433=CARTESIAN_POINT('',(-25.250000000015,27.9999999999914,2.));
#3434=CARTESIAN_POINT('',(9.99999999998498,27.9999999999914,3.));
#3435=CARTESIAN_POINT('',(-5.62500000001498,27.9999999999914,-12.625));
#3436=CARTESIAN_POINT('',(9.99999999998498,27.9999999999914,11.5));
#3437=CARTESIAN_POINT('',(9.99999999998498,27.9999999999914,2.));
#3438=CARTESIAN_POINT('',(14.999999999985,27.9999999999914,11.5));
#3439=CARTESIAN_POINT('',(-11.625000000015,27.9999999999914,11.5));
#3440=CARTESIAN_POINT('',(15.999999999985,27.9999999999914,12.5));
#3441=CARTESIAN_POINT('',(-3.500000000015,27.9999999999914,-6.99999999999999));
#3442=CARTESIAN_POINT('',(15.999999999985,27.9999999999914,23.));
#3443=CARTESIAN_POINT('',(15.999999999985,27.9999999999914,6.75));
#3444=CARTESIAN_POINT('',(22.249999999985,27.9999999999914,23.));
#3445=CARTESIAN_POINT('',(-11.625000000015,27.9999999999914,23.));
#3446=CARTESIAN_POINT('',(22.249999999985,27.9999999999914,27.7));
#3447=CARTESIAN_POINT('',(22.249999999985,27.9999999999914,12.1));
#3448=CARTESIAN_POINT('',(-13.875000000015,27.9999999999914,27.7));
#3449=CARTESIAN_POINT('',(-17.000000000015,27.9999999999914,21.7));
#3450=CARTESIAN_POINT('',(-7.00000000001503,27.9999999999914,21.7));
#3451=CARTESIAN_POINT('',(-29.000000000015,27.9999999999914,21.6999999999999));
#3452=CARTESIAN_POINT('',(-17.000000000015,27.9999999999914,27.7));
#3453=CARTESIAN_POINT('',(-17.0000000000151,27.9999999999914,12.0999999999998));
#3454=CARTESIAN_POINT('',(-7.00000000001498,27.9999999999914,27.7));
#3455=CARTESIAN_POINT('',(-33.500000000015,27.9999999999914,27.7));
#3456=CARTESIAN_POINT('',(-7.00000000001509,27.9999999999914,14.5999999999998));
#3457=CARTESIAN_POINT('',(5.249999999985,28.000000000001,20.5));
#3458=CARTESIAN_POINT('Origin',(8.499999999985,27.9999999999914,20.5));
#3459=CARTESIAN_POINT('Origin',(-33.500000000015,28.2499999999914,27.45));
#3460=CARTESIAN_POINT('',(-16.500000000015,28.4999999999915,27.2));
#3461=CARTESIAN_POINT('',(-17.000000000015,27.9999999999914,27.7));
#3462=CARTESIAN_POINT('',(-7.50000000001498,28.4999999999914,27.2));
#3463=CARTESIAN_POINT('',(-33.500000000015,28.4999999999915,27.2));
#3464=CARTESIAN_POINT('',(-7.00000000001498,27.9999999999914,27.7));
#3465=CARTESIAN_POINT('Origin',(-29.000000000015,28.2499999999914,21.9499999999999));
#3466=CARTESIAN_POINT('',(-7.50000000001502,28.4999999999915,22.2));
#3467=CARTESIAN_POINT('',(-7.00000000001503,27.9999999999914,21.7));
#3468=CARTESIAN_POINT('',(-16.500000000015,28.4999999999914,22.2));
#3469=CARTESIAN_POINT('',(-29.000000000015,28.4999999999915,22.1999999999999));
#3470=CARTESIAN_POINT('',(-16.500000000015,28.4999999999914,22.2));
#3471=CARTESIAN_POINT('Origin',(-7.25000000001509,28.2499999999914,14.5999999999998));
#3472=CARTESIAN_POINT('',(-7.50000000001508,28.4999999999914,14.5999999999998));
#3473=CARTESIAN_POINT('Origin',(-16.7500000000151,28.2499999999914,12.0999999999998));
#3474=CARTESIAN_POINT('',(-16.5000000000151,28.4999999999914,12.0999999999998));
#3475=CARTESIAN_POINT('Origin',(-16.500000000015,28.000000000001,22.2));
#3476=CARTESIAN_POINT('',(-16.500000000015,29.5000000000086,22.2));
#3477=CARTESIAN_POINT('',(-16.500000000015,28.000000000001,22.2));
#3478=CARTESIAN_POINT('',(-16.500000000015,29.5000000000086,27.2));
#3479=CARTESIAN_POINT('',(-16.5000000000151,29.5000000000086,11.1000000000003));
#3480=CARTESIAN_POINT('',(-16.500000000015,28.000000000001,27.2));
#3481=CARTESIAN_POINT('Origin',(-7.50000000001502,28.000000000001,22.2));
#3482=CARTESIAN_POINT('',(-7.50000000001502,29.5000000000086,22.2));
#3483=CARTESIAN_POINT('',(-7.50000000001502,28.000000000001,22.2));
#3484=CARTESIAN_POINT('',(22.499999999985,29.5000000000086,22.2000000000001));
#3485=CARTESIAN_POINT('Origin',(31.999999999985,28.2499999999914,14.6));
#3486=CARTESIAN_POINT('',(31.749999999985,28.4999999999914,27.2));
#3487=CARTESIAN_POINT('',(31.749999999985,28.4999999999914,23.));
#3488=CARTESIAN_POINT('',(31.749999999985,28.4999999999914,14.6));
#3489=CARTESIAN_POINT('',(35.874999999985,24.3749999999913,23.));
#3490=CARTESIAN_POINT('',(32.249999999985,27.9999999999914,27.7));
#3491=CARTESIAN_POINT('Origin',(-13.875000000015,28.2499999999914,27.45));
#3492=CARTESIAN_POINT('',(22.749999999985,28.4999999999914,27.2));
#3493=CARTESIAN_POINT('',(-13.875000000015,28.4999999999914,27.2));
#3494=CARTESIAN_POINT('',(22.249999999985,27.9999999999914,27.7));
#3495=CARTESIAN_POINT('Origin',(22.499999999985,28.2499999999914,12.1));
#3496=CARTESIAN_POINT('',(22.749999999985,28.4999999999914,23.));
#3497=CARTESIAN_POINT('',(18.624999999985,24.3749999999914,23.));
#3498=CARTESIAN_POINT('',(22.749999999985,28.4999999999914,12.1));
#3499=CARTESIAN_POINT('Origin',(31.749999999985,28.000000000001,27.2));
#3500=CARTESIAN_POINT('',(31.749999999985,28.000000000001,23.));
#3501=CARTESIAN_POINT('',(31.749999999985,17.9999999999962,23.));
#3502=CARTESIAN_POINT('',(31.749999999985,29.5000000000086,27.2));
#3503=CARTESIAN_POINT('',(31.749999999985,28.000000000001,27.2));
#3504=CARTESIAN_POINT('',(31.749999999985,29.5000000000086,22.2));
#3505=CARTESIAN_POINT('',(31.749999999985,29.5000000000086,13.6));
#3506=CARTESIAN_POINT('',(31.749999999985,28.000000000001,22.2));
#3507=CARTESIAN_POINT('',(31.749999999985,28.000000000001,22.2));
#3508=CARTESIAN_POINT('',(31.749999999985,28.000000000001,22.2));
#3509=CARTESIAN_POINT('Origin',(22.749999999985,28.000000000001,27.2));
#3510=CARTESIAN_POINT('',(22.749999999985,29.5000000000086,27.2));
#3511=CARTESIAN_POINT('',(22.749999999985,28.000000000001,27.2));
#3512=CARTESIAN_POINT('',(37.624999999985,29.5000000000086,27.2));
#3513=CARTESIAN_POINT('Origin',(22.749999999985,28.000000000001,22.2));
#3514=CARTESIAN_POINT('',(22.749999999985,28.000000000001,23.));
#3515=CARTESIAN_POINT('',(22.749999999985,17.9999999999962,23.));
#3516=CARTESIAN_POINT('',(22.749999999985,28.000000000001,22.2));
#3517=CARTESIAN_POINT('',(22.749999999985,28.000000000001,27.2));
#3518=CARTESIAN_POINT('',(22.749999999985,29.5000000000086,22.2));
#3519=CARTESIAN_POINT('',(22.749999999985,28.000000000001,22.2));
#3520=CARTESIAN_POINT('',(22.749999999985,29.5000000000086,11.1));
#3521=CARTESIAN_POINT('Origin',(22.499999999985,29.7500000000086,21.9500000000001));
#3522=CARTESIAN_POINT('',(-7.00000000001503,30.0000000000086,21.7));
#3523=CARTESIAN_POINT('',(-17.000000000015,30.0000000000086,21.7));
#3524=CARTESIAN_POINT('',(22.499999999985,30.0000000000086,21.7000000000001));
#3525=CARTESIAN_POINT('',(-17.000000000015,30.0000000000086,21.7));
#3526=CARTESIAN_POINT('',(-7.50000000001502,29.5000000000086,22.2));
#3527=CARTESIAN_POINT('Origin',(-16.7500000000151,29.7500000000086,11.1000000000003));
#3528=CARTESIAN_POINT('',(-17.000000000015,30.0000000000086,27.7));
#3529=CARTESIAN_POINT('',(-17.0000000000151,30.0000000000086,11.1000000000003));
#3530=CARTESIAN_POINT('',(-16.500000000015,29.5000000000086,27.2));
#3531=CARTESIAN_POINT('Origin',(-7.25000000001509,29.7500000000086,13.6000000000002));
#3532=CARTESIAN_POINT('',(-7.00000000001497,30.0000000000086,27.7));
#3533=CARTESIAN_POINT('',(-7.00000000001509,30.0000000000086,13.6000000000002));
#3534=CARTESIAN_POINT('',(-7.50000000001498,29.5000000000086,27.2));
#3535=CARTESIAN_POINT('',(-7.50000000001509,29.5000000000086,13.6000000000002));
#3536=CARTESIAN_POINT('',(-7.50000000001498,29.5000000000086,27.2));
#3537=CARTESIAN_POINT('Origin',(17.999999999985,29.7500000000086,27.45));
#3538=CARTESIAN_POINT('',(17.999999999985,30.0000000000086,27.7));
#3539=CARTESIAN_POINT('',(17.999999999985,29.5000000000086,27.2));
#3540=CARTESIAN_POINT('Origin',(-7.50000000001498,28.000000000001,27.2));
#3541=CARTESIAN_POINT('',(-7.50000000001498,28.000000000001,27.2));
#3542=CARTESIAN_POINT('Origin',(52.499999999985,30.0000000000086,0.));
#3543=CARTESIAN_POINT('',(50.499999999985,30.0000000000086,0.));
#3544=CARTESIAN_POINT('',(50.499999999985,30.0000000000086,35.5));
#3545=CARTESIAN_POINT('',(50.499999999985,30.0000000000086,0.));
#3546=CARTESIAN_POINT('',(-50.500000000015,30.0000000000086,0.));
#3547=CARTESIAN_POINT('',(-52.500000000015,30.0000000000086,0.));
#3548=CARTESIAN_POINT('',(-50.500000000015,30.0000000000086,35.5));
#3549=CARTESIAN_POINT('',(-50.500000000015,30.0000000000086,0.));
#3550=CARTESIAN_POINT('',(-52.500000000015,30.0000000000086,35.5));
#3551=CARTESIAN_POINT('',(-29.500000000015,30.0000000000086,27.7));
#3552=CARTESIAN_POINT('',(-29.500000000015,30.0000000000086,7.7));
#3553=CARTESIAN_POINT('',(-29.500000000015,30.0000000000086,13.6));
#3554=CARTESIAN_POINT('',(-42.500000000015,30.0000000000086,27.7));
#3555=CARTESIAN_POINT('',(5.24999999998499,30.0000000000086,27.7));
#3556=CARTESIAN_POINT('',(-42.500000000015,30.0000000000086,7.7));
#3557=CARTESIAN_POINT('',(-42.500000000015,30.0000000000086,4.1));
#3558=CARTESIAN_POINT('',(11.249999999985,30.0000000000086,7.7));
#3559=CARTESIAN_POINT('',(5.249999999985,30.000000000001,20.5));
#3560=CARTESIAN_POINT('Origin',(8.499999999985,30.0000000000086,20.5));
#3561=CARTESIAN_POINT('',(32.249999999985,30.0000000000086,21.7));
#3562=CARTESIAN_POINT('',(22.249999999985,30.0000000000086,21.7));
#3563=CARTESIAN_POINT('',(42.124999999985,30.0000000000086,21.7));
#3564=CARTESIAN_POINT('',(32.249999999985,30.0000000000086,27.7));
#3565=CARTESIAN_POINT('',(32.249999999985,30.0000000000086,13.6));
#3566=CARTESIAN_POINT('',(22.249999999985,30.0000000000086,27.7));
#3567=CARTESIAN_POINT('',(37.624999999985,30.0000000000086,27.7));
#3568=CARTESIAN_POINT('',(22.249999999985,30.0000000000086,11.1));
#3569=CARTESIAN_POINT('Origin',(-29.750000000015,29.7500000000086,13.6));
#3570=CARTESIAN_POINT('',(-29.500000000015,30.0000000000086,7.7));
#3571=CARTESIAN_POINT('',(-30.000000000015,29.5000000000086,27.2));
#3572=CARTESIAN_POINT('Origin',(11.249999999985,29.7500000000086,7.95));
#3573=CARTESIAN_POINT('',(-42.000000000015,29.5000000000086,8.2));
#3574=CARTESIAN_POINT('Origin',(5.24999999998499,29.7500000000086,27.45));
#3575=CARTESIAN_POINT('',(-42.000000000015,29.5000000000086,27.2));
#3576=CARTESIAN_POINT('',(5.24999999998499,29.5000000000086,27.2));
#3577=CARTESIAN_POINT('',(-42.000000000015,29.5000000000086,27.2));
#3578=CARTESIAN_POINT('Origin',(-42.250000000015,29.7500000000086,4.1));
#3579=CARTESIAN_POINT('',(-42.000000000015,29.5000000000086,4.1));
#3580=CARTESIAN_POINT('Origin',(-42.000000000015,28.000000000001,27.2));
#3581=CARTESIAN_POINT('',(-42.000000000015,28.000000000001,27.2));
#3582=CARTESIAN_POINT('Origin',(42.124999999985,29.7500000000086,21.95));
#3583=CARTESIAN_POINT('',(22.249999999985,30.0000000000086,21.7));
#3584=CARTESIAN_POINT('',(42.124999999985,29.5000000000086,22.2));
#3585=CARTESIAN_POINT('',(31.749999999985,29.5000000000086,22.2));
#3586=CARTESIAN_POINT('Origin',(22.499999999985,29.7500000000086,11.1));
#3587=CARTESIAN_POINT('',(22.749999999985,29.5000000000086,27.2));
#3588=CARTESIAN_POINT('Origin',(31.999999999985,29.7500000000086,13.6));
#3589=CARTESIAN_POINT('',(31.749999999985,29.5000000000086,27.2));
#3590=CARTESIAN_POINT('Origin',(37.624999999985,29.7500000000086,27.45));
#3591=CARTESIAN_POINT('Origin',(31.749999999985,28.000000000001,22.2));
#3592=CARTESIAN_POINT('',(22.749999999985,28.000000000001,22.2));
#3593=CARTESIAN_POINT('Origin',(43.999999999985,-2.00000000000856,11.));
#3594=CARTESIAN_POINT('',(43.499999999985,-12.0000000000086,11.5));
#3595=CARTESIAN_POINT('',(44.499999999985,-12.0000000000086,10.5));
#3596=CARTESIAN_POINT('',(45.874999999985,-12.0000000000086,9.12499999999999));
#3597=CARTESIAN_POINT('',(44.499999999985,-2.00000000000856,10.5));
#3598=CARTESIAN_POINT('',(43.499999999985,-2.00000000000856,11.5));
#3599=CARTESIAN_POINT('Origin',(42.499999999985,-12.0000000000086,2.));
#3600=CARTESIAN_POINT('',(38.499999999985,-12.0000000000086,11.5));
#3601=CARTESIAN_POINT('',(18.624999999985,-12.0000000000086,11.5));
#3602=CARTESIAN_POINT('',(38.499999999985,-12.0000000000086,29.));
#3603=CARTESIAN_POINT('',(38.499999999985,-12.0000000000086,11.5));
#3604=CARTESIAN_POINT('',(34.499999999985,-12.0000000000086,29.));
#3605=CARTESIAN_POINT('',(38.499999999985,-12.0000000000086,29.));
#3606=CARTESIAN_POINT('',(34.499999999985,-12.0000000000086,23.5));
#3607=CARTESIAN_POINT('',(34.499999999985,-12.0000000000086,23.));
#3608=CARTESIAN_POINT('',(33.999999999985,-12.0000000000086,23.));
#3609=CARTESIAN_POINT('',(30.999999999985,-12.0000000000086,20.));
#3610=CARTESIAN_POINT('',(20.499999999985,-12.0000000000086,23.));
#3611=CARTESIAN_POINT('',(38.499999999985,-12.0000000000086,23.));
#3612=CARTESIAN_POINT('',(19.999999999985,-12.0000000000086,23.5));
#3613=CARTESIAN_POINT('',(31.124999999985,-12.0000000000086,12.375));
#3614=CARTESIAN_POINT('',(19.999999999985,-12.0000000000086,29.));
#3615=CARTESIAN_POINT('',(19.999999999985,-12.0000000000086,23.));
#3616=CARTESIAN_POINT('',(15.999999999985,-12.0000000000086,29.));
#3617=CARTESIAN_POINT('',(15.999999999985,-12.0000000000086,29.));
#3618=CARTESIAN_POINT('',(15.999999999985,-12.0000000000086,12.5));
#3619=CARTESIAN_POINT('',(15.999999999985,-12.0000000000086,11.5));
#3620=CARTESIAN_POINT('',(14.999999999985,-12.0000000000086,11.5));
#3621=CARTESIAN_POINT('',(19.749999999985,-12.0000000000086,16.25));
#3622=CARTESIAN_POINT('',(9.999999999985,-12.0000000000086,11.5));
#3623=CARTESIAN_POINT('',(18.624999999985,-12.0000000000086,11.5));
#3624=CARTESIAN_POINT('',(9.999999999985,-12.0000000000086,3.));
#3625=CARTESIAN_POINT('',(9.999999999985,-12.0000000000086,2.));
#3626=CARTESIAN_POINT('',(8.999999999985,-12.0000000000086,2.));
#3627=CARTESIAN_POINT('',(17.624999999985,-12.0000000000086,10.625));
#3628=CARTESIAN_POINT('',(11.499999999985,-12.0000000000086,2.));
#3629=CARTESIAN_POINT('',(4.999999999985,-12.0000000000086,2.));
#3630=CARTESIAN_POINT('',(11.499999999985,-12.0000000000086,10.));
#3631=CARTESIAN_POINT('',(11.499999999985,-12.0000000000086,2.));
#3632=CARTESIAN_POINT('',(42.999999999985,-12.0000000000086,10.));
#3633=CARTESIAN_POINT('',(34.874999999985,-12.0000000000086,10.));
#3634=CARTESIAN_POINT('',(42.999999999985,-12.0000000000086,2.));
#3635=CARTESIAN_POINT('',(42.999999999985,-12.0000000000086,2.));
#3636=CARTESIAN_POINT('',(45.499999999985,-12.0000000000086,2.));
#3637=CARTESIAN_POINT('',(21.249999999985,-12.0000000000086,2.));
#3638=CARTESIAN_POINT('',(44.499999999985,-12.0000000000086,3.));
#3639=CARTESIAN_POINT('',(44.499999999985,-12.0000000000086,3.));
#3640=CARTESIAN_POINT('',(44.499999999985,-12.0000000000086,2.));
#3641=CARTESIAN_POINT('Origin',(27.249999999985,7.99999999999144,11.5));
#3642=CARTESIAN_POINT('',(38.499999999985,-2.00000000000856,11.5));
#3643=CARTESIAN_POINT('Origin',(44.999999999985,-6.,2.5));
#3644=CARTESIAN_POINT('',(44.499999999985,-6.,3.));
#3645=CARTESIAN_POINT('',(45.499999999985,-6.,2.));
#3646=CARTESIAN_POINT('Origin',(-1.49924517245381E-11,8.56203996590921E-12,
2.));
#3647=CARTESIAN_POINT('',(42.499999999985,-11.5000000000086,2.));
#3648=CARTESIAN_POINT('',(29.1249999999807,1.87499999999572,2.));
#3649=CARTESIAN_POINT('',(42.499999999985,27.9999999999914,2.));
#3650=CARTESIAN_POINT('',(42.499999999985,14.,2.));
#3651=CARTESIAN_POINT('',(11.999999999985,27.9999999999914,2.));
#3652=CARTESIAN_POINT('',(-25.250000000015,27.9999999999914,2.));
#3653=CARTESIAN_POINT('',(11.999999999985,-11.5000000000086,2.));
#3654=CARTESIAN_POINT('',(11.999999999985,-6.,2.));
#3655=CARTESIAN_POINT('',(11.7499999999893,-11.7500000000043,2.));
#3656=CARTESIAN_POINT('',(8.99999999998499,14.,2.));
#3657=CARTESIAN_POINT('',(-22.000000000015,-23.0000000000086,2.));
#3658=CARTESIAN_POINT('',(-11.000000000015,-23.0000000000086,2.));
#3659=CARTESIAN_POINT('',(-22.000000000015,-10.5,2.));
#3660=CARTESIAN_POINT('',(-50.500000000015,25.9999999999914,2.));
#3661=CARTESIAN_POINT('Origin',(-48.500000000015,25.9999999999914,2.));
#3662=CARTESIAN_POINT('',(-50.500000000015,-17.0000000000256,2.));
#3663=CARTESIAN_POINT('',(-50.500000000015,-9.50000000000854,2.));
#3664=CARTESIAN_POINT('',(-48.500000000015,-19.0000000000256,2.));
#3665=CARTESIAN_POINT('Origin',(-48.500000000015,-17.0000000000256,2.));
#3666=CARTESIAN_POINT('',(-44.500000000015,-19.0000000000256,2.));
#3667=CARTESIAN_POINT('',(-21.750000000015,-19.0000000000256,2.));
#3668=CARTESIAN_POINT('',(-43.500000000015,-20.0000000000256,2.));
#3669=CARTESIAN_POINT('Origin',(-44.500000000015,-20.0000000000256,2.));
#3670=CARTESIAN_POINT('',(-43.500000000015,-28.0000000000257,2.));
#3671=CARTESIAN_POINT('',(-43.500000000015,-14.0000000000085,2.));
#3672=CARTESIAN_POINT('',(-52.500000000015,-28.0000000000257,2.));
#3673=CARTESIAN_POINT('',(-26.250000000015,-28.0000000000257,2.));
#3674=CARTESIAN_POINT('',(-50.500000000015,-29.9999999999914,2.));
#3675=CARTESIAN_POINT('Origin',(-50.500000000015,-27.9999999999914,2.));
#3676=CARTESIAN_POINT('',(50.499999999985,-29.9999999999914,2.));
#3677=CARTESIAN_POINT('',(52.499999999985,-29.9999999999914,2.));
#3678=CARTESIAN_POINT('',(52.499999999985,-28.0000000000171,2.));
#3679=CARTESIAN_POINT('Origin',(50.499999999985,-27.9999999999914,2.));
#3680=CARTESIAN_POINT('',(43.499999999985,-28.0000000000171,2.));
#3681=CARTESIAN_POINT('',(21.749999999985,-28.0000000000171,2.));
#3682=CARTESIAN_POINT('',(43.499999999985,-20.0000000000171,2.));
#3683=CARTESIAN_POINT('',(43.499999999985,-9.50000000000425,2.));
#3684=CARTESIAN_POINT('',(44.499999999985,-19.0000000000171,2.));
#3685=CARTESIAN_POINT('Origin',(44.499999999985,-20.0000000000171,2.));
#3686=CARTESIAN_POINT('',(48.499999999985,-19.0000000000171,2.));
#3687=CARTESIAN_POINT('',(25.249999999985,-19.0000000000171,2.));
#3688=CARTESIAN_POINT('',(50.499999999985,-17.0000000000171,2.));
#3689=CARTESIAN_POINT('Origin',(48.499999999985,-17.0000000000171,2.));
#3690=CARTESIAN_POINT('',(50.499999999985,25.9999999999914,2.));
#3691=CARTESIAN_POINT('',(50.499999999985,14.,2.));
#3692=CARTESIAN_POINT('Origin',(48.499999999985,25.9999999999914,2.));
#3693=CARTESIAN_POINT('',(15.499999999985,-25.0000000000086,2.));
#3694=CARTESIAN_POINT('',(15.499999999985,-22.0000000000086,2.));
#3695=CARTESIAN_POINT('',(15.499999999985,-11.,2.));
#3696=CARTESIAN_POINT('',(40.499999999985,-22.0000000000086,2.));
#3697=CARTESIAN_POINT('',(20.249999999985,-22.0000000000086,2.));
#3698=CARTESIAN_POINT('',(40.499999999985,-25.0000000000086,2.));
#3699=CARTESIAN_POINT('',(40.499999999985,-12.,2.));
#3700=CARTESIAN_POINT('',(7.749999999985,-25.0000000000086,2.));
#3701=CARTESIAN_POINT('Origin',(15.499999999985,17.9999999999914,12.));
#3702=CARTESIAN_POINT('',(14.999999999985,17.9999999999914,11.5));
#3703=CARTESIAN_POINT('',(15.999999999985,17.9999999999914,12.5));
#3704=CARTESIAN_POINT('Origin',(27.249999999985,7.99999999999144,11.5));
#3705=CARTESIAN_POINT('',(9.99999999998499,17.9999999999914,11.5));
#3706=CARTESIAN_POINT('Origin',(9.49999999998499,14.,2.5));
#3707=CARTESIAN_POINT('',(9.99999999998499,14.,3.));
#3708=CARTESIAN_POINT('Origin',(9.99999999998498,27.9999999999914,2.));
#3709=CARTESIAN_POINT('Origin',(7.749999999985,-24.5000000000086,2.5));
#3710=CARTESIAN_POINT('',(40.499999999985,-24.0000000000086,3.));
#3711=CARTESIAN_POINT('',(40.499999999985,-24.5000000000086,2.5));
#3712=CARTESIAN_POINT('',(15.499999999985,-24.0000000000086,3.));
#3713=CARTESIAN_POINT('',(7.749999999985,-24.0000000000086,3.));
#3714=CARTESIAN_POINT('',(15.499999999985,-24.0000000000086,3.));
#3715=CARTESIAN_POINT('Origin',(15.499999999985,-24.0000000000086,2.));
#3716=CARTESIAN_POINT('',(40.499999999985,-24.0000000000086,5.));
#3717=CARTESIAN_POINT('',(40.499999999985,-24.0000000000086,2.));
#3718=CARTESIAN_POINT('',(15.499999999985,-24.0000000000086,5.));
#3719=CARTESIAN_POINT('',(40.499999999985,-24.0000000000086,5.));
#3720=CARTESIAN_POINT('',(15.499999999985,-24.0000000000086,2.));
#3721=CARTESIAN_POINT('Origin',(42.749999999985,-11.7500000000086,2.));
#3722=CARTESIAN_POINT('',(42.499999999985,-11.5000000000086,9.5));
#3723=CARTESIAN_POINT('',(42.499999999985,-11.5000000000086,2.));
#3724=CARTESIAN_POINT('',(42.999999999985,-12.0000000000086,10.));
#3725=CARTESIAN_POINT('Origin',(11.749999999985,-11.7500000000086,2.));
#3726=CARTESIAN_POINT('',(11.999999999985,-11.5000000000086,9.5));
#3727=CARTESIAN_POINT('',(11.999999999985,-11.5000000000086,2.));
#3728=CARTESIAN_POINT('',(11.999999999985,-11.5000000000086,9.5));
#3729=CARTESIAN_POINT('Origin',(34.874999999985,-11.7500000000086,9.75));
#3730=CARTESIAN_POINT('',(34.874999999985,-11.5000000000086,9.5));
#3731=CARTESIAN_POINT('Origin',(42.499999999985,27.9999999999914,2.));
#3732=CARTESIAN_POINT('',(42.499999999985,27.9999999999914,9.5));
#3733=CARTESIAN_POINT('',(42.499999999985,-12.0000000000086,9.5));
#3734=CARTESIAN_POINT('',(42.499999999985,27.9999999999914,2.));
#3735=CARTESIAN_POINT('Origin',(27.249999999985,7.99999999999144,9.5));
#3736=CARTESIAN_POINT('',(11.999999999985,27.9999999999914,9.5));
#3737=CARTESIAN_POINT('',(11.999999999985,27.9999999999914,9.5));
#3738=CARTESIAN_POINT('',(-11.625000000015,27.9999999999914,9.5));
#3739=CARTESIAN_POINT('Origin',(11.999999999985,-12.0000000000086,2.));
#3740=CARTESIAN_POINT('',(11.999999999985,27.9999999999914,2.));
#3741=CARTESIAN_POINT('Origin',(29.499999999985,0.749999999991439,24.75));
#3742=CARTESIAN_POINT('',(22.749999999985,0.999999999991439,24.5));
#3743=CARTESIAN_POINT('',(22.749999999985,0.499999999991439,25.));
#3744=CARTESIAN_POINT('',(22.749999999985,1.24999999999144,24.25));
#3745=CARTESIAN_POINT('',(31.749999999985,0.499999999991439,25.));
#3746=CARTESIAN_POINT('',(29.499999999985,0.499999999991439,25.));
#3747=CARTESIAN_POINT('',(31.749999999985,0.999999999991439,24.5));
#3748=CARTESIAN_POINT('',(31.749999999985,0.749999999991438,24.75));
#3749=CARTESIAN_POINT('',(29.499999999985,0.999999999991439,24.5));
#3750=CARTESIAN_POINT('Origin',(27.249999999985,-8.56120729864074E-12,25.));
#3751=CARTESIAN_POINT('',(22.749999999985,-1.00000000000856,25.));
#3752=CARTESIAN_POINT('',(22.749999999985,-1.00000000000856,25.));
#3753=CARTESIAN_POINT('',(31.749999999985,-1.00000000000856,25.));
#3754=CARTESIAN_POINT('',(31.749999999985,-1.00000000000856,25.));
#3755=CARTESIAN_POINT('',(31.749999999985,0.999999999991439,25.));
#3756=CARTESIAN_POINT('Origin',(22.749999999985,0.999999999991439,23.));
#3757=CARTESIAN_POINT('',(22.749999999985,0.999999999991439,23.));
#3758=CARTESIAN_POINT('',(22.749999999985,0.999999999991439,23.));
#3759=CARTESIAN_POINT('',(22.749999999985,-1.50000000000856,23.));
#3760=CARTESIAN_POINT('',(22.749999999985,4.49999999999144,23.));
#3761=CARTESIAN_POINT('',(22.749999999985,-1.00000000000856,23.5));
#3762=CARTESIAN_POINT('',(22.749999999985,-0.750000000008559,23.75));
#3763=CARTESIAN_POINT('',(22.749999999985,-1.00000000000856,23.));
#3764=CARTESIAN_POINT('Origin',(24.999999999985,-1.25000000000856,23.25));
#3765=CARTESIAN_POINT('',(31.749999999985,-1.50000000000856,23.));
#3766=CARTESIAN_POINT('',(31.749999999985,-1.00000000000856,23.5));
#3767=CARTESIAN_POINT('',(31.749999999985,-1.25000000000856,23.25));
#3768=CARTESIAN_POINT('',(24.999999999985,-1.00000000000856,23.5));
#3769=CARTESIAN_POINT('',(24.999999999985,-1.50000000000856,23.));
#3770=CARTESIAN_POINT('Origin',(22.749999999985,-1.00000000000856,23.));
#3771=CARTESIAN_POINT('',(31.749999999985,-1.00000000000856,23.));
#3772=CARTESIAN_POINT('Origin',(23.624999999985,-5.75000000000856,23.25));
#3773=CARTESIAN_POINT('',(20.499999999985,-5.50000000000856,23.));
#3774=CARTESIAN_POINT('',(15.999999999985,-5.50000000000856,23.));
#3775=CARTESIAN_POINT('',(23.624999999985,-5.50000000000856,23.));
#3776=CARTESIAN_POINT('',(15.999999999985,-6.00000000000856,23.5));
#3777=CARTESIAN_POINT('',(15.999999999985,5.62499999999148,11.875));
#3778=CARTESIAN_POINT('',(19.999999999985,-6.00000000000856,23.5));
#3779=CARTESIAN_POINT('',(23.624999999985,-6.00000000000856,23.5));
#3780=CARTESIAN_POINT('',(19.999999999985,-6.00000000000856,23.5));
#3781=CARTESIAN_POINT('Origin',(20.249999999985,-2.00000000000856,23.25));
#3782=CARTESIAN_POINT('',(19.999999999985,-2.00000000000856,23.5));
#3783=CARTESIAN_POINT('',(20.499999999985,-2.00000000000856,23.));
#3784=CARTESIAN_POINT('Origin',(27.249999999985,7.99999999999145,23.));
#3785=CARTESIAN_POINT('',(33.999999999985,-5.50000000000856,23.));
#3786=CARTESIAN_POINT('',(33.999999999985,0.999999999991443,23.));
#3787=CARTESIAN_POINT('',(38.499999999985,-5.50000000000856,23.));
#3788=CARTESIAN_POINT('',(32.874999999985,-5.50000000000856,23.));
#3789=CARTESIAN_POINT('',(38.499999999985,27.9999999999914,23.));
#3790=CARTESIAN_POINT('',(-11.625000000015,27.9999999999914,23.));
#3791=CARTESIAN_POINT('',(15.999999999985,-12.0000000000086,23.));
#3792=CARTESIAN_POINT('',(31.749999999985,0.999999999991439,23.));
#3793=CARTESIAN_POINT('',(29.499999999985,0.999999999991439,23.));
#3794=CARTESIAN_POINT('',(31.749999999985,3.49999999999144,23.));
#3795=CARTESIAN_POINT('Origin',(34.249999999985,0.999999999991443,23.25));
#3796=CARTESIAN_POINT('',(34.499999999985,-6.00000000000856,23.5));
#3797=CARTESIAN_POINT('',(34.499999999985,0.999999999991443,23.5));
#3798=CARTESIAN_POINT('',(34.499999999985,-6.00000000000856,23.5));
#3799=CARTESIAN_POINT('Origin',(32.874999999985,-5.75000000000856,23.25));
#3800=CARTESIAN_POINT('',(38.499999999985,-6.00000000000856,23.5));
#3801=CARTESIAN_POINT('',(32.874999999985,-6.00000000000856,23.5));
#3802=CARTESIAN_POINT('',(38.499999999985,-4.37500000000856,21.875));
#3803=CARTESIAN_POINT('Origin',(-47.7069714450404,21.9999999999914,29.5));
#3804=CARTESIAN_POINT('',(-48.1534857225277,23.2249999999914,29.5));
#3805=CARTESIAN_POINT('',(-48.1534857225277,21.9999999999914,28.275));
#3806=CARTESIAN_POINT('Origin',(-48.1534857225277,21.9999999999914,29.5));
#3807=CARTESIAN_POINT('Origin',(-48.1534857225277,21.9999999999914,29.5));
#3808=CARTESIAN_POINT('',(-47.7069714450404,23.4999999999914,29.5));
#3809=CARTESIAN_POINT('Origin',(-47.7069714450404,22.9999999999914,29.5));
#3810=CARTESIAN_POINT('',(-47.7069714450404,20.4999999999914,29.5));
#3811=CARTESIAN_POINT('Origin',(-47.7069714450404,21.9999999999914,29.5));
#3812=CARTESIAN_POINT('Origin',(-47.7069714450404,21.9999999999914,29.5));
#3813=CARTESIAN_POINT('Origin',(-50.500000000015,21.9999999999914,29.5));
#3814=CARTESIAN_POINT('',(-46.500000000015,20.4999999999914,29.5));
#3815=CARTESIAN_POINT('Origin',(-46.500000000015,21.9999999999914,29.5));
#3816=CARTESIAN_POINT('',(-50.500000000015,20.4999999999914,29.5));
#3817=CARTESIAN_POINT('Origin',(-48.600000000015,21.9999999999914,29.5));
#3818=CARTESIAN_POINT('',(-48.600000000015,21.9999999999914,28.55));
#3819=CARTESIAN_POINT('Origin',(-48.600000000015,21.9999999999914,28.05));
#3820=CARTESIAN_POINT('',(-48.600000000015,21.0499999999914,29.5));
#3821=CARTESIAN_POINT('Origin',(-48.600000000015,21.9999999999914,29.5));
#3822=CARTESIAN_POINT('Origin',(-48.600000000015,21.9999999999914,29.5));
#3823=CARTESIAN_POINT('Origin',(-48.100000000015,21.9999999999914,29.5));
#3824=CARTESIAN_POINT('',(-48.700000000015,21.0499999999914,29.5));
#3825=CARTESIAN_POINT('',(-48.100000000015,21.0499999999914,29.5));
#3826=CARTESIAN_POINT('',(-48.700000000015,21.9999999999914,30.45));
#3827=CARTESIAN_POINT('Origin',(-48.700000000015,21.9999999999914,29.5));
#3828=CARTESIAN_POINT('Origin',(-48.700000000015,21.9999999999914,29.5));
#3829=CARTESIAN_POINT('Origin',(-49.5930285549896,21.9999999999914,29.5));
#3830=CARTESIAN_POINT('',(-49.1465142775023,23.2249999999914,29.5));
#3831=CARTESIAN_POINT('',(-49.1465142775023,21.9999999999914,30.725));
#3832=CARTESIAN_POINT('Origin',(-49.1465142775023,21.9999999999914,29.5));
#3833=CARTESIAN_POINT('Origin',(-49.1465142775023,21.9999999999914,29.5));
#3834=CARTESIAN_POINT('',(-49.5930285549896,23.4999999999914,29.5));
#3835=CARTESIAN_POINT('Origin',(-49.5930285549896,22.9999999999914,29.5));
#3836=CARTESIAN_POINT('',(-49.5930285549896,20.4999999999914,29.5));
#3837=CARTESIAN_POINT('Origin',(-49.5930285549896,21.9999999999914,29.5));
#3838=CARTESIAN_POINT('Origin',(-49.5930285549896,21.9999999999914,29.5));
#3839=CARTESIAN_POINT('Origin',(-50.500000000015,21.9999999999914,29.5));
#3840=CARTESIAN_POINT('',(-50.500000000015,20.4999999999914,29.5));
#3841=CARTESIAN_POINT('',(-50.500000000015,20.4999999999914,29.5));
#3842=CARTESIAN_POINT('Origin',(-50.500000000015,21.9999999999914,29.5));
#3843=CARTESIAN_POINT('Origin',(-48.700000000015,21.9999999999914,29.5));
#3844=CARTESIAN_POINT('Origin',(-48.700000000015,21.9999999999914,30.95));
#3845=CARTESIAN_POINT('Origin',(-50.500000000015,-27.9999999999914,0.));
#3846=CARTESIAN_POINT('',(-52.500000000015,-27.9999999999914,0.));
#3847=CARTESIAN_POINT('',(-50.500000000015,-29.9999999999914,0.));
#3848=CARTESIAN_POINT('Origin',(-50.500000000015,-27.9999999999914,0.));
#3849=CARTESIAN_POINT('',(-50.500000000015,-29.9999999999914,0.));
#3850=CARTESIAN_POINT('',(-52.500000000015,-27.9999999999914,0.));
#3851=CARTESIAN_POINT('Origin',(-52.500000000015,-29.9999999999914,0.));
#3852=CARTESIAN_POINT('',(50.499999999985,-29.9999999999914,0.));
#3853=CARTESIAN_POINT('',(52.499999999985,-29.9999999999914,0.));
#3854=CARTESIAN_POINT('',(50.499999999985,-29.9999999999914,0.));
#3855=CARTESIAN_POINT('Origin',(50.499999999985,-27.9999999999914,0.));
#3856=CARTESIAN_POINT('',(52.499999999985,-27.9999999999914,0.));
#3857=CARTESIAN_POINT('Origin',(50.499999999985,-27.9999999999914,0.));
#3858=CARTESIAN_POINT('',(52.499999999985,-27.9999999999914,0.));
#3859=CARTESIAN_POINT('Origin',(50.499999999985,28.0000000000086,0.));
#3860=CARTESIAN_POINT('',(52.4999999999851,28.0000000000086,35.5));
#3861=CARTESIAN_POINT('Origin',(50.499999999985,28.0000000000086,35.5));
#3862=CARTESIAN_POINT('',(52.499999999985,28.0000000000086,0.));
#3863=CARTESIAN_POINT('',(52.499999999985,28.0000000000086,0.));
#3864=CARTESIAN_POINT('Origin',(50.499999999985,28.0000000000086,0.));
#3865=CARTESIAN_POINT('Origin',(-1.49924517245381E-11,0.999999999991461,
35.5));
#3866=CARTESIAN_POINT('',(-52.5000000000149,28.0000000000086,35.5));
#3867=CARTESIAN_POINT('Origin',(-50.500000000015,28.0000000000086,35.5));
#3868=CARTESIAN_POINT('',(-52.500000000015,-28.0000000000256,35.5));
#3869=CARTESIAN_POINT('',(-52.500000000015,-19.0000000000257,35.5));
#3870=CARTESIAN_POINT('',(-43.500000000015,-28.0000000000256,35.5));
#3871=CARTESIAN_POINT('',(-52.500000000015,-28.0000000000257,35.5));
#3872=CARTESIAN_POINT('',(-43.500000000015,-20.0000000000256,35.5));
#3873=CARTESIAN_POINT('',(-43.500000000015,-28.0000000000257,35.5));
#3874=CARTESIAN_POINT('',(-44.500000000015,-19.0000000000256,35.5));
#3875=CARTESIAN_POINT('Origin',(-44.500000000015,-20.0000000000256,35.5));
#3876=CARTESIAN_POINT('',(-48.500000000015,-19.0000000000257,35.5));
#3877=CARTESIAN_POINT('',(-43.500000000015,-19.0000000000256,35.5));
#3878=CARTESIAN_POINT('',(-50.500000000015,-17.0000000000256,35.5));
#3879=CARTESIAN_POINT('Origin',(-48.500000000015,-17.0000000000256,35.5));
#3880=CARTESIAN_POINT('',(-50.500000000015,25.9999999999914,35.5));
#3881=CARTESIAN_POINT('',(-50.500000000015,-28.0000000000085,35.5));
#3882=CARTESIAN_POINT('Origin',(-48.500000000015,25.9999999999914,35.5));
#3883=CARTESIAN_POINT('',(50.499999999985,25.9999999999914,35.5));
#3884=CARTESIAN_POINT('Origin',(48.499999999985,25.9999999999914,35.5));
#3885=CARTESIAN_POINT('',(50.499999999985,-17.0000000000171,35.5));
#3886=CARTESIAN_POINT('',(50.499999999985,27.9999999999914,35.5));
#3887=CARTESIAN_POINT('',(48.499999999985,-19.0000000000171,35.5));
#3888=CARTESIAN_POINT('Origin',(48.499999999985,-17.0000000000171,35.5));
#3889=CARTESIAN_POINT('',(44.499999999985,-19.0000000000171,35.5));
#3890=CARTESIAN_POINT('',(43.499999999985,-19.0000000000171,35.5));
#3891=CARTESIAN_POINT('',(43.499999999985,-20.0000000000171,35.5));
#3892=CARTESIAN_POINT('Origin',(44.499999999985,-20.0000000000171,35.5));
#3893=CARTESIAN_POINT('',(43.499999999985,-28.0000000000171,35.5));
#3894=CARTESIAN_POINT('',(43.499999999985,-28.0000000000171,35.5));
#3895=CARTESIAN_POINT('',(52.499999999985,-28.0000000000171,35.5));
#3896=CARTESIAN_POINT('',(52.499999999985,-28.0000000000171,35.5));
#3897=CARTESIAN_POINT('',(52.499999999985,-19.0000000000171,35.5));
#3898=CARTESIAN_POINT('Origin',(-50.500000000015,28.0000000000086,0.));
#3899=CARTESIAN_POINT('',(-52.500000000015,28.0000000000086,0.));
#3900=CARTESIAN_POINT('Origin',(-50.500000000015,28.0000000000086,0.));
#3901=CARTESIAN_POINT('',(-52.500000000015,28.0000000000086,0.));
#3902=CARTESIAN_POINT('Origin',(-44.500000000015,-20.0000000000256,2.));
#3903=CARTESIAN_POINT('',(-43.500000000015,-20.0000000000256,2.));
#3904=CARTESIAN_POINT('',(-44.500000000015,-19.0000000000256,2.));
#3905=CARTESIAN_POINT('Origin',(-43.500000000015,-19.0000000000256,2.));
#3906=CARTESIAN_POINT('',(-48.500000000015,-19.0000000000257,2.));
#3907=CARTESIAN_POINT('Origin',(44.499999999985,-20.0000000000171,2.));
#3908=CARTESIAN_POINT('',(44.499999999985,-19.0000000000171,2.));
#3909=CARTESIAN_POINT('',(43.499999999985,-20.0000000000171,2.));
#3910=CARTESIAN_POINT('Origin',(43.499999999985,-19.0000000000171,2.));
#3911=CARTESIAN_POINT('',(43.499999999985,-28.0000000000171,2.));
#3912=CARTESIAN_POINT('Origin',(-48.500000000015,-17.0000000000256,2.));
#3913=CARTESIAN_POINT('',(-50.500000000015,-17.0000000000256,2.));
#3914=CARTESIAN_POINT('Origin',(-50.500000000015,-19.0000000000257,2.));
#3915=CARTESIAN_POINT('',(-50.500000000015,25.9999999999914,2.));
#3916=CARTESIAN_POINT('Origin',(48.499999999985,-17.0000000000171,2.));
#3917=CARTESIAN_POINT('',(48.499999999985,-19.0000000000171,2.));
#3918=CARTESIAN_POINT('',(50.499999999985,-17.0000000000171,2.));
#3919=CARTESIAN_POINT('Origin',(50.499999999985,-19.0000000000171,2.));
#3920=CARTESIAN_POINT('Origin',(48.499999999985,25.9999999999914,2.));
#3921=CARTESIAN_POINT('',(50.499999999985,25.9999999999914,2.));
#3922=CARTESIAN_POINT('Origin',(-48.500000000015,25.9999999999914,2.));
#3923=CARTESIAN_POINT('Origin',(-46.500000000015,21.9999999999914,29.5));
#3924=CARTESIAN_POINT('Origin',(34.499999999985,-6.00000000000856,23.));
#3925=CARTESIAN_POINT('',(34.499999999985,-6.00000000000856,29.));
#3926=CARTESIAN_POINT('',(34.499999999985,-12.0000000000086,29.));
#3927=CARTESIAN_POINT('',(34.499999999985,-6.00000000000856,23.));
#3928=CARTESIAN_POINT('Origin',(38.499999999985,-6.00000000000856,23.));
#3929=CARTESIAN_POINT('',(38.499999999985,-6.00000000000856,29.));
#3930=CARTESIAN_POINT('',(34.499999999985,-6.00000000000856,29.));
#3931=CARTESIAN_POINT('',(38.499999999985,-6.00000000000856,23.));
#3932=CARTESIAN_POINT('Origin',(36.499999999985,-9.00000000000856,29.));
#3933=CARTESIAN_POINT('',(38.499999999985,-6.00000000000856,29.));
#3934=CARTESIAN_POINT('Origin',(19.999999999985,-6.00000000000856,23.));
#3935=CARTESIAN_POINT('',(15.999999999985,-6.00000000000856,29.));
#3936=CARTESIAN_POINT('',(15.999999999985,-6.00000000000856,23.));
#3937=CARTESIAN_POINT('',(19.999999999985,-6.00000000000856,29.));
#3938=CARTESIAN_POINT('',(19.999999999985,-6.00000000000856,29.));
#3939=CARTESIAN_POINT('',(19.999999999985,-6.00000000000856,23.));
#3940=CARTESIAN_POINT('Origin',(19.999999999985,-12.0000000000086,23.));
#3941=CARTESIAN_POINT('',(19.999999999985,-12.0000000000086,29.));
#3942=CARTESIAN_POINT('Origin',(17.999999999985,-9.00000000000856,29.));
#3943=CARTESIAN_POINT('',(15.999999999985,-6.00000000000856,29.));
#3944=CARTESIAN_POINT('Origin',(-16.500000000015,28.000000000001,27.2));
#3945=CARTESIAN_POINT('Origin',(8.499999999985,28.000000000001,20.5));
#3946=CARTESIAN_POINT('',(5.249999999985,28.000000000001,20.5));
#3947=CARTESIAN_POINT('Origin',(-42.000000000015,28.000000000001,8.2));
#3948=CARTESIAN_POINT('Origin',(27.249999999985,28.000000000001,24.7));
#3949=CARTESIAN_POINT('Origin',(31.749999999985,0.999999999991439,23.));
#3950=CARTESIAN_POINT('',(31.749999999985,0.999999999991439,23.));
#3951=CARTESIAN_POINT('Origin',(31.749999999985,-1.00000000000856,23.));
#3952=CARTESIAN_POINT('Origin',(15.999999999985,27.9999999999914,11.5));
#3953=CARTESIAN_POINT('Origin',(38.499999999985,-12.0000000000086,11.5));
#3954=CARTESIAN_POINT('Origin',(-50.500000000015,27.9999999999914,2.));
#3955=CARTESIAN_POINT('Origin',(-2.00000000001502,-21.0000000000086,2.));
#3956=CARTESIAN_POINT('',(-22.000000000015,-21.0000000000086,20.5));
#3957=CARTESIAN_POINT('',(-7.00000000001502,-21.0000000000086,20.5));
#3958=CARTESIAN_POINT('',(-22.000000000015,-21.0000000000085,2.));
#3959=CARTESIAN_POINT('Origin',(-22.000000000015,-23.0000000000086,2.));
#3960=CARTESIAN_POINT('',(-22.000000000015,-23.0000000000086,2.));
#3961=CARTESIAN_POINT('Origin',(-22.000000000015,27.9999999999914,2.));
#3962=CARTESIAN_POINT('',(-22.000000000015,27.9999999999914,20.5));
#3963=CARTESIAN_POINT('Origin',(-21.000000000015,3.49999999999145,20.5));
#3964=CARTESIAN_POINT('Origin',(15.499999999985,-22.0000000000086,2.));
#3965=CARTESIAN_POINT('',(15.499999999985,-22.0000000000086,5.));
#3966=CARTESIAN_POINT('',(15.499999999985,-24.0000000000086,5.));
#3967=CARTESIAN_POINT('',(15.499999999985,-22.0000000000086,2.));
#3968=CARTESIAN_POINT('Origin',(40.499999999985,-22.0000000000086,2.));
#3969=CARTESIAN_POINT('',(40.499999999985,-22.0000000000086,5.));
#3970=CARTESIAN_POINT('',(15.499999999985,-22.0000000000086,5.));
#3971=CARTESIAN_POINT('',(40.499999999985,-22.0000000000086,2.));
#3972=CARTESIAN_POINT('Origin',(40.499999999985,-24.0000000000086,2.));
#3973=CARTESIAN_POINT('',(40.499999999985,-22.0000000000086,5.));
#3974=CARTESIAN_POINT('Origin',(27.999999999985,-23.0000000000086,5.));
#3975=CARTESIAN_POINT('Origin',(44.499999999985,-12.0000000000086,2.));
#3976=CARTESIAN_POINT('Origin',(43.499999999985,-28.0000000000171,2.));
#3977=CARTESIAN_POINT('',(52.499999999985,-28.0000000000171,2.));
#3978=CARTESIAN_POINT('Origin',(50.499999999985,27.9999999999914,2.));
#3979=CARTESIAN_POINT('Origin',(-43.500000000015,-28.0000000000257,2.));
#3980=CARTESIAN_POINT('',(-43.500000000015,-28.0000000000257,2.));
#3981=CARTESIAN_POINT('Origin',(-52.500000000015,-28.0000000000257,2.));
#3982=CARTESIAN_POINT('',(-52.500000000015,-28.0000000000257,2.));
#3983=CARTESIAN_POINT('Origin',(-52.500000000015,30.0000000000086,0.));
#3984=CARTESIAN_POINT('',(-52.500000000015,-29.9999999999914,0.));
#3985=CARTESIAN_POINT('Origin',(52.499999999985,-29.9999999999914,0.));
#3986=CARTESIAN_POINT('',(52.499999999985,30.0000000000086,0.));
#3987=CARTESIAN_POINT('Origin',(-1.49924517245381E-11,8.56203996590921E-12,
0.));
#3988=UNCERTAINTY_MEASURE_WITH_UNIT(LENGTH_MEASURE(0.01),#3992,
'DISTANCE_ACCURACY_VALUE',
'Maximum model space distance between geometric entities at asserted c
onnectivities');
#3989=UNCERTAINTY_MEASURE_WITH_UNIT(LENGTH_MEASURE(0.01),#3992,
'DISTANCE_ACCURACY_VALUE',
'Maximum model space distance between geometric entities at asserted c
onnectivities');
#3990=(
GEOMETRIC_REPRESENTATION_CONTEXT(3)
GLOBAL_UNCERTAINTY_ASSIGNED_CONTEXT((#3988))
GLOBAL_UNIT_ASSIGNED_CONTEXT((#3992,#3993,#3994))
REPRESENTATION_CONTEXT('','3D')
);
#3991=(
GEOMETRIC_REPRESENTATION_CONTEXT(3)
GLOBAL_UNCERTAINTY_ASSIGNED_CONTEXT((#3989))
GLOBAL_UNIT_ASSIGNED_CONTEXT((#3992,#3993,#3994))
REPRESENTATION_CONTEXT('','3D')
);
#3992=(
LENGTH_UNIT()
NAMED_UNIT(*)
SI_UNIT(.MILLI.,.METRE.)
);
#3993=(
NAMED_UNIT(*)
PLANE_ANGLE_UNIT()
SI_UNIT($,.RADIAN.)
);
#3994=(
NAMED_UNIT(*)
SI_UNIT($,.STERADIAN.)
SOLID_ANGLE_UNIT()
);
#3995=SHAPE_DEFINITION_REPRESENTATION(#3996,#3997);
#3996=PRODUCT_DEFINITION_SHAPE('',$,#3999);
#3997=SHAPE_REPRESENTATION('',(#2468),#3990);
#3998=PRODUCT_DEFINITION_CONTEXT('part definition',#4003,'design');
#3999=PRODUCT_DEFINITION('2026-08-22-19-23-52-790',
'Transmitter_Box_v004',#4000,#3998);
#4000=PRODUCT_DEFINITION_FORMATION('',$,#4005);
#4001=PRODUCT_RELATED_PRODUCT_CATEGORY('Transmitter_Box_v004',
'Transmitter_Box_v004',(#4005));
#4002=APPLICATION_PROTOCOL_DEFINITION('international standard',
'automotive_design',2009,#4003);
#4003=APPLICATION_CONTEXT(
'Core Data for Automotive Mechanical Design Process');
#4004=PRODUCT_CONTEXT('part definition',#4003,'mechanical');
#4005=PRODUCT('2026-08-22-19-23-52-790','Transmitter_Box_v004',$,(#4004));
#4006=PRESENTATION_STYLE_ASSIGNMENT((#4008));
#4007=PRESENTATION_STYLE_ASSIGNMENT((#4009));
#4008=SURFACE_STYLE_USAGE(.BOTH.,#4010);
#4009=SURFACE_STYLE_USAGE(.BOTH.,#4011);
#4010=SURFACE_SIDE_STYLE('',(#4012));
#4011=SURFACE_SIDE_STYLE('',(#4013));
#4012=SURFACE_STYLE_FILL_AREA(#4014);
#4013=SURFACE_STYLE_FILL_AREA(#4015);
#4014=FILL_AREA_STYLE('Steel - Satin',(#4016));
#4015=FILL_AREA_STYLE('Plastic - Matte (Green)',(#4017));
#4016=FILL_AREA_STYLE_COLOUR('Steel - Satin',#4018);
#4017=FILL_AREA_STYLE_COLOUR('Plastic - Matte (Green)',#4019);
#4018=COLOUR_RGB('Steel - Satin',0.627450980392157,0.627450980392157,0.627450980392157);
#4019=COLOUR_RGB('Plastic - Matte (Green)',0.266666666666667,0.588235294117647,
0.282352941176471);
ENDSEC;
END-ISO-10303-21;
