ISO-10303-21;
HEADER;
/* Generated by software containing ST-Developer
 * from STEP Tools, Inc. (www.steptools.com) 
 */

FILE_DESCRIPTION(
/* description */ (''),
/* implementation_level */ '2;1');

FILE_NAME(
/* name */ 'bracket_omni_wheel_v003.step',
/* time_stamp */ '2026-08-22T14:17:02+04:00',
/* author */ (''),
/* organization */ (''),
/* preprocessor_version */ 'ST-DEVELOPER v20.1',
/* originating_system */ 'Autodesk Translation Framework v15.8.0.0',
/* authorisation */ '');

FILE_SCHEMA (('AUTOMOTIVE_DESIGN { 1 0 10303 214 3 1 1 }'));
ENDSEC;

DATA;
#10=MECHANICAL_DESIGN_GEOMETRIC_PRESENTATION_REPRESENTATION('',(#27,#28),
#2574);
#11=ITEM_DEFINED_TRANSFORMATION($,$,#1530,#1687);
#12=ITEM_DEFINED_TRANSFORMATION($,$,#1647,#1688);
#13=ITEM_DEFINED_TRANSFORMATION($,$,#1648,#1689);
#14=(
REPRESENTATION_RELATIONSHIP($,$,#2591,#2590)
REPRESENTATION_RELATIONSHIP_WITH_TRANSFORMATION(#11)
SHAPE_REPRESENTATION_RELATIONSHIP()
);
#15=(
REPRESENTATION_RELATIONSHIP($,$,#2592,#2590)
REPRESENTATION_RELATIONSHIP_WITH_TRANSFORMATION(#12)
SHAPE_REPRESENTATION_RELATIONSHIP()
);
#16=(
REPRESENTATION_RELATIONSHIP($,$,#2593,#2590)
REPRESENTATION_RELATIONSHIP_WITH_TRANSFORMATION(#13)
SHAPE_REPRESENTATION_RELATIONSHIP()
);
#17=CONTEXT_DEPENDENT_SHAPE_REPRESENTATION(#14,#2587);
#18=CONTEXT_DEPENDENT_SHAPE_REPRESENTATION(#15,#2588);
#19=CONTEXT_DEPENDENT_SHAPE_REPRESENTATION(#16,#2589);
#20=NEXT_ASSEMBLY_USAGE_OCCURRENCE('side_bracket_1:1',
'side_bracket_1:1','side_bracket_1:1',#2595,#2596,'side_bracket_1:1');
#21=NEXT_ASSEMBLY_USAGE_OCCURRENCE('side_bracket_2:1',
'side_bracket_2:1','side_bracket_2:1',#2595,#2597,'side_bracket_2:1');
#22=NEXT_ASSEMBLY_USAGE_OCCURRENCE('top_bracket:1','top_bracket:1',
'top_bracket:1',#2595,#2598,'top_bracket:1');
#23=SHAPE_REPRESENTATION_RELATIONSHIP('SRR','None',#2591,#25);
#24=SHAPE_REPRESENTATION_RELATIONSHIP('SRR','None',#2590,#26);
#25=ADVANCED_BREP_SHAPE_REPRESENTATION('',(#29),#2571);
#26=ADVANCED_BREP_SHAPE_REPRESENTATION('',(#30),#2570);
#27=STYLED_ITEM('',(#2614),#29);
#28=STYLED_ITEM('',(#2614),#30);
#29=MANIFOLD_SOLID_BREP('side_bracket_1',#1493);
#30=MANIFOLD_SOLID_BREP('Body4',#1494);
#31=CYLINDRICAL_SURFACE('',#1538,1.75);
#32=CYLINDRICAL_SURFACE('',#1542,1.75);
#33=CYLINDRICAL_SURFACE('',#1546,1.75);
#34=CYLINDRICAL_SURFACE('',#1550,1.75);
#35=CYLINDRICAL_SURFACE('',#1567,3.75);
#36=CYLINDRICAL_SURFACE('',#1576,3.75);
#37=CYLINDRICAL_SURFACE('',#1615,8.);
#38=CYLINDRICAL_SURFACE('',#1618,8.);
#39=CYLINDRICAL_SURFACE('',#1621,1.);
#40=CYLINDRICAL_SURFACE('',#1642,1.);
#41=CYLINDRICAL_SURFACE('',#1643,8.);
#42=CYLINDRICAL_SURFACE('',#1645,8.);
#43=CYLINDRICAL_SURFACE('',#1656,1.75);
#44=CYLINDRICAL_SURFACE('',#1660,1.75);
#45=CYLINDRICAL_SURFACE('',#1664,1.75);
#46=CYLINDRICAL_SURFACE('',#1668,1.75);
#47=FACE_BOUND('',#201,.T.);
#48=FACE_BOUND('',#202,.T.);
#49=FACE_BOUND('',#203,.T.);
#50=FACE_BOUND('',#204,.T.);
#51=FACE_BOUND('',#214,.T.);
#52=FACE_BOUND('',#215,.T.);
#53=FACE_BOUND('',#216,.T.);
#54=FACE_BOUND('',#217,.T.);
#55=FACE_BOUND('',#222,.T.);
#56=FACE_BOUND('',#226,.T.);
#57=FACE_BOUND('',#230,.T.);
#58=FACE_BOUND('',#234,.T.);
#59=FACE_BOUND('',#281,.T.);
#60=FACE_BOUND('',#282,.T.);
#61=FACE_BOUND('',#283,.T.);
#62=FACE_BOUND('',#284,.T.);
#63=FACE_BOUND('',#294,.T.);
#64=FACE_BOUND('',#295,.T.);
#65=FACE_BOUND('',#296,.T.);
#66=FACE_BOUND('',#297,.T.);
#67=PLANE('',#1534);
#68=PLANE('',#1554);
#69=PLANE('',#1561);
#70=PLANE('',#1569);
#71=PLANE('',#1578);
#72=PLANE('',#1584);
#73=PLANE('',#1587);
#74=PLANE('',#1591);
#75=PLANE('',#1594);
#76=PLANE('',#1597);
#77=PLANE('',#1601);
#78=PLANE('',#1605);
#79=PLANE('',#1608);
#80=PLANE('',#1611);
#81=PLANE('',#1617);
#82=PLANE('',#1620);
#83=PLANE('',#1622);
#84=PLANE('',#1623);
#85=PLANE('',#1624);
#86=PLANE('',#1627);
#87=PLANE('',#1630);
#88=PLANE('',#1631);
#89=PLANE('',#1632);
#90=PLANE('',#1633);
#91=PLANE('',#1635);
#92=PLANE('',#1637);
#93=PLANE('',#1638);
#94=PLANE('',#1639);
#95=PLANE('',#1640);
#96=PLANE('',#1641);
#97=PLANE('',#1644);
#98=PLANE('',#1646);
#99=PLANE('',#1652);
#100=PLANE('',#1672);
#101=PLANE('',#1679);
#102=PLANE('',#1680);
#103=PLANE('',#1681);
#104=PLANE('',#1682);
#105=PLANE('',#1683);
#106=PLANE('',#1684);
#107=PLANE('',#1685);
#108=PLANE('',#1686);
#109=FACE_OUTER_BOUND('',#199,.T.);
#110=FACE_OUTER_BOUND('',#200,.T.);
#111=FACE_OUTER_BOUND('',#205,.T.);
#112=FACE_OUTER_BOUND('',#206,.T.);
#113=FACE_OUTER_BOUND('',#207,.T.);
#114=FACE_OUTER_BOUND('',#208,.T.);
#115=FACE_OUTER_BOUND('',#209,.T.);
#116=FACE_OUTER_BOUND('',#210,.T.);
#117=FACE_OUTER_BOUND('',#211,.T.);
#118=FACE_OUTER_BOUND('',#212,.T.);
#119=FACE_OUTER_BOUND('',#213,.T.);
#120=FACE_OUTER_BOUND('',#218,.T.);
#121=FACE_OUTER_BOUND('',#219,.T.);
#122=FACE_OUTER_BOUND('',#220,.T.);
#123=FACE_OUTER_BOUND('',#221,.T.);
#124=FACE_OUTER_BOUND('',#223,.T.);
#125=FACE_OUTER_BOUND('',#224,.T.);
#126=FACE_OUTER_BOUND('',#225,.T.);
#127=FACE_OUTER_BOUND('',#227,.T.);
#128=FACE_OUTER_BOUND('',#228,.T.);
#129=FACE_OUTER_BOUND('',#229,.T.);
#130=FACE_OUTER_BOUND('',#231,.T.);
#131=FACE_OUTER_BOUND('',#232,.T.);
#132=FACE_OUTER_BOUND('',#233,.T.);
#133=FACE_OUTER_BOUND('',#235,.T.);
#134=FACE_OUTER_BOUND('',#236,.T.);
#135=FACE_OUTER_BOUND('',#237,.T.);
#136=FACE_OUTER_BOUND('',#238,.T.);
#137=FACE_OUTER_BOUND('',#239,.T.);
#138=FACE_OUTER_BOUND('',#240,.T.);
#139=FACE_OUTER_BOUND('',#241,.T.);
#140=FACE_OUTER_BOUND('',#242,.T.);
#141=FACE_OUTER_BOUND('',#243,.T.);
#142=FACE_OUTER_BOUND('',#244,.T.);
#143=FACE_OUTER_BOUND('',#245,.T.);
#144=FACE_OUTER_BOUND('',#246,.T.);
#145=FACE_OUTER_BOUND('',#247,.T.);
#146=FACE_OUTER_BOUND('',#248,.T.);
#147=FACE_OUTER_BOUND('',#249,.T.);
#148=FACE_OUTER_BOUND('',#250,.T.);
#149=FACE_OUTER_BOUND('',#251,.T.);
#150=FACE_OUTER_BOUND('',#252,.T.);
#151=FACE_OUTER_BOUND('',#253,.T.);
#152=FACE_OUTER_BOUND('',#254,.T.);
#153=FACE_OUTER_BOUND('',#255,.T.);
#154=FACE_OUTER_BOUND('',#256,.T.);
#155=FACE_OUTER_BOUND('',#257,.T.);
#156=FACE_OUTER_BOUND('',#258,.T.);
#157=FACE_OUTER_BOUND('',#259,.T.);
#158=FACE_OUTER_BOUND('',#260,.T.);
#159=FACE_OUTER_BOUND('',#261,.T.);
#160=FACE_OUTER_BOUND('',#262,.T.);
#161=FACE_OUTER_BOUND('',#263,.T.);
#162=FACE_OUTER_BOUND('',#264,.T.);
#163=FACE_OUTER_BOUND('',#265,.T.);
#164=FACE_OUTER_BOUND('',#266,.T.);
#165=FACE_OUTER_BOUND('',#267,.T.);
#166=FACE_OUTER_BOUND('',#268,.T.);
#167=FACE_OUTER_BOUND('',#269,.T.);
#168=FACE_OUTER_BOUND('',#270,.T.);
#169=FACE_OUTER_BOUND('',#271,.T.);
#170=FACE_OUTER_BOUND('',#272,.T.);
#171=FACE_OUTER_BOUND('',#273,.T.);
#172=FACE_OUTER_BOUND('',#274,.T.);
#173=FACE_OUTER_BOUND('',#275,.T.);
#174=FACE_OUTER_BOUND('',#276,.T.);
#175=FACE_OUTER_BOUND('',#277,.T.);
#176=FACE_OUTER_BOUND('',#278,.T.);
#177=FACE_OUTER_BOUND('',#279,.T.);
#178=FACE_OUTER_BOUND('',#280,.T.);
#179=FACE_OUTER_BOUND('',#285,.T.);
#180=FACE_OUTER_BOUND('',#286,.T.);
#181=FACE_OUTER_BOUND('',#287,.T.);
#182=FACE_OUTER_BOUND('',#288,.T.);
#183=FACE_OUTER_BOUND('',#289,.T.);
#184=FACE_OUTER_BOUND('',#290,.T.);
#185=FACE_OUTER_BOUND('',#291,.T.);
#186=FACE_OUTER_BOUND('',#292,.T.);
#187=FACE_OUTER_BOUND('',#293,.T.);
#188=FACE_OUTER_BOUND('',#298,.T.);
#189=FACE_OUTER_BOUND('',#299,.T.);
#190=FACE_OUTER_BOUND('',#300,.T.);
#191=FACE_OUTER_BOUND('',#301,.T.);
#192=FACE_OUTER_BOUND('',#302,.T.);
#193=FACE_OUTER_BOUND('',#303,.T.);
#194=FACE_OUTER_BOUND('',#304,.T.);
#195=FACE_OUTER_BOUND('',#305,.T.);
#196=FACE_OUTER_BOUND('',#306,.T.);
#197=FACE_OUTER_BOUND('',#307,.T.);
#198=FACE_OUTER_BOUND('',#308,.T.);
#199=EDGE_LOOP('',(#967,#968,#969,#970));
#200=EDGE_LOOP('',(#971,#972,#973,#974));
#201=EDGE_LOOP('',(#975));
#202=EDGE_LOOP('',(#976));
#203=EDGE_LOOP('',(#977));
#204=EDGE_LOOP('',(#978));
#205=EDGE_LOOP('',(#979,#980,#981,#982));
#206=EDGE_LOOP('',(#983,#984,#985,#986));
#207=EDGE_LOOP('',(#987,#988,#989,#990));
#208=EDGE_LOOP('',(#991,#992,#993,#994));
#209=EDGE_LOOP('',(#995,#996,#997,#998));
#210=EDGE_LOOP('',(#999,#1000,#1001,#1002));
#211=EDGE_LOOP('',(#1003,#1004,#1005,#1006));
#212=EDGE_LOOP('',(#1007,#1008,#1009,#1010));
#213=EDGE_LOOP('',(#1011,#1012,#1013,#1014));
#214=EDGE_LOOP('',(#1015));
#215=EDGE_LOOP('',(#1016));
#216=EDGE_LOOP('',(#1017));
#217=EDGE_LOOP('',(#1018));
#218=EDGE_LOOP('',(#1019,#1020,#1021,#1022));
#219=EDGE_LOOP('',(#1023,#1024,#1025,#1026));
#220=EDGE_LOOP('',(#1027,#1028,#1029,#1030));
#221=EDGE_LOOP('',(#1031,#1032,#1033,#1034,#1035,#1036));
#222=EDGE_LOOP('',(#1037));
#223=EDGE_LOOP('',(#1038,#1039,#1040,#1041));
#224=EDGE_LOOP('',(#1042,#1043,#1044,#1045));
#225=EDGE_LOOP('',(#1046,#1047,#1048,#1049,#1050,#1051));
#226=EDGE_LOOP('',(#1052));
#227=EDGE_LOOP('',(#1053,#1054,#1055,#1056));
#228=EDGE_LOOP('',(#1057,#1058,#1059,#1060));
#229=EDGE_LOOP('',(#1061,#1062,#1063,#1064,#1065,#1066));
#230=EDGE_LOOP('',(#1067));
#231=EDGE_LOOP('',(#1068,#1069,#1070,#1071));
#232=EDGE_LOOP('',(#1072,#1073,#1074,#1075));
#233=EDGE_LOOP('',(#1076,#1077,#1078,#1079,#1080,#1081));
#234=EDGE_LOOP('',(#1082));
#235=EDGE_LOOP('',(#1083,#1084,#1085,#1086));
#236=EDGE_LOOP('',(#1087,#1088,#1089,#1090));
#237=EDGE_LOOP('',(#1091,#1092,#1093,#1094));
#238=EDGE_LOOP('',(#1095,#1096,#1097,#1098));
#239=EDGE_LOOP('',(#1099,#1100,#1101,#1102));
#240=EDGE_LOOP('',(#1103,#1104,#1105,#1106));
#241=EDGE_LOOP('',(#1107,#1108,#1109,#1110));
#242=EDGE_LOOP('',(#1111,#1112,#1113,#1114));
#243=EDGE_LOOP('',(#1115,#1116,#1117,#1118));
#244=EDGE_LOOP('',(#1119,#1120,#1121,#1122));
#245=EDGE_LOOP('',(#1123,#1124,#1125,#1126));
#246=EDGE_LOOP('',(#1127,#1128,#1129,#1130));
#247=EDGE_LOOP('',(#1131,#1132,#1133,#1134));
#248=EDGE_LOOP('',(#1135,#1136,#1137,#1138));
#249=EDGE_LOOP('',(#1139,#1140,#1141,#1142));
#250=EDGE_LOOP('',(#1143,#1144,#1145,#1146));
#251=EDGE_LOOP('',(#1147,#1148,#1149,#1150));
#252=EDGE_LOOP('',(#1151,#1152,#1153,#1154));
#253=EDGE_LOOP('',(#1155,#1156,#1157,#1158));
#254=EDGE_LOOP('',(#1159,#1160,#1161,#1162,#1163,#1164,#1165,#1166,#1167,
#1168));
#255=EDGE_LOOP('',(#1169,#1170,#1171,#1172));
#256=EDGE_LOOP('',(#1173,#1174,#1175));
#257=EDGE_LOOP('',(#1176,#1177,#1178));
#258=EDGE_LOOP('',(#1179,#1180,#1181,#1182));
#259=EDGE_LOOP('',(#1183,#1184,#1185,#1186));
#260=EDGE_LOOP('',(#1187,#1188,#1189,#1190));
#261=EDGE_LOOP('',(#1191,#1192,#1193,#1194));
#262=EDGE_LOOP('',(#1195,#1196,#1197,#1198));
#263=EDGE_LOOP('',(#1199,#1200,#1201));
#264=EDGE_LOOP('',(#1202,#1203,#1204));
#265=EDGE_LOOP('',(#1205,#1206,#1207,#1208));
#266=EDGE_LOOP('',(#1209,#1210,#1211,#1212));
#267=EDGE_LOOP('',(#1213,#1214,#1215,#1216));
#268=EDGE_LOOP('',(#1217,#1218,#1219,#1220));
#269=EDGE_LOOP('',(#1221,#1222,#1223,#1224));
#270=EDGE_LOOP('',(#1225,#1226,#1227,#1228));
#271=EDGE_LOOP('',(#1229,#1230,#1231,#1232));
#272=EDGE_LOOP('',(#1233,#1234,#1235,#1236));
#273=EDGE_LOOP('',(#1237,#1238,#1239,#1240));
#274=EDGE_LOOP('',(#1241,#1242,#1243,#1244));
#275=EDGE_LOOP('',(#1245,#1246,#1247,#1248));
#276=EDGE_LOOP('',(#1249,#1250,#1251,#1252));
#277=EDGE_LOOP('',(#1253,#1254,#1255,#1256));
#278=EDGE_LOOP('',(#1257,#1258,#1259,#1260,#1261,#1262,#1263,#1264,#1265,
#1266));
#279=EDGE_LOOP('',(#1267,#1268,#1269,#1270));
#280=EDGE_LOOP('',(#1271,#1272,#1273,#1274));
#281=EDGE_LOOP('',(#1275));
#282=EDGE_LOOP('',(#1276));
#283=EDGE_LOOP('',(#1277));
#284=EDGE_LOOP('',(#1278));
#285=EDGE_LOOP('',(#1279,#1280,#1281,#1282));
#286=EDGE_LOOP('',(#1283,#1284,#1285,#1286));
#287=EDGE_LOOP('',(#1287,#1288,#1289,#1290));
#288=EDGE_LOOP('',(#1291,#1292,#1293,#1294));
#289=EDGE_LOOP('',(#1295,#1296,#1297,#1298));
#290=EDGE_LOOP('',(#1299,#1300,#1301,#1302));
#291=EDGE_LOOP('',(#1303,#1304,#1305,#1306));
#292=EDGE_LOOP('',(#1307,#1308,#1309,#1310));
#293=EDGE_LOOP('',(#1311,#1312,#1313,#1314));
#294=EDGE_LOOP('',(#1315));
#295=EDGE_LOOP('',(#1316));
#296=EDGE_LOOP('',(#1317));
#297=EDGE_LOOP('',(#1318));
#298=EDGE_LOOP('',(#1319,#1320,#1321,#1322));
#299=EDGE_LOOP('',(#1323,#1324,#1325,#1326));
#300=EDGE_LOOP('',(#1327,#1328,#1329,#1330));
#301=EDGE_LOOP('',(#1331,#1332,#1333,#1334));
#302=EDGE_LOOP('',(#1335,#1336,#1337,#1338));
#303=EDGE_LOOP('',(#1339,#1340,#1341,#1342,#1343,#1344,#1345,#1346));
#304=EDGE_LOOP('',(#1347,#1348,#1349,#1350));
#305=EDGE_LOOP('',(#1351,#1352,#1353,#1354));
#306=EDGE_LOOP('',(#1355,#1356,#1357,#1358));
#307=EDGE_LOOP('',(#1359,#1360,#1361,#1362));
#308=EDGE_LOOP('',(#1363,#1364,#1365,#1366,#1367,#1368,#1369,#1370));
#309=LINE('',#2156,#447);
#310=LINE('',#2161,#448);
#311=LINE('',#2163,#449);
#312=LINE('',#2165,#450);
#313=LINE('',#2166,#451);
#314=LINE('',#2175,#452);
#315=LINE('',#2179,#453);
#316=LINE('',#2183,#454);
#317=LINE('',#2187,#455);
#318=LINE('',#2191,#456);
#319=LINE('',#2195,#457);
#320=LINE('',#2199,#458);
#321=LINE('',#2203,#459);
#322=LINE('',#2208,#460);
#323=LINE('',#2210,#461);
#324=LINE('',#2212,#462);
#325=LINE('',#2213,#463);
#326=LINE('',#2221,#464);
#327=LINE('',#2223,#465);
#328=LINE('',#2225,#466);
#329=LINE('',#2229,#467);
#330=LINE('',#2233,#468);
#331=LINE('',#2237,#469);
#332=LINE('',#2238,#470);
#333=LINE('',#2244,#471);
#334=LINE('',#2247,#472);
#335=LINE('',#2252,#473);
#336=LINE('',#2256,#474);
#337=LINE('',#2260,#475);
#338=LINE('',#2261,#476);
#339=LINE('',#2268,#477);
#340=LINE('',#2273,#478);
#341=LINE('',#2277,#479);
#342=LINE('',#2279,#480);
#343=LINE('',#2281,#481);
#344=LINE('',#2285,#482);
#345=LINE('',#2288,#483);
#346=LINE('',#2291,#484);
#347=LINE('',#2296,#485);
#348=LINE('',#2300,#486);
#349=LINE('',#2304,#487);
#350=LINE('',#2305,#488);
#351=LINE('',#2308,#489);
#352=LINE('',#2310,#490);
#353=LINE('',#2311,#491);
#354=LINE('',#2314,#492);
#355=LINE('',#2319,#493);
#356=LINE('',#2320,#494);
#357=LINE('',#2324,#495);
#358=LINE('',#2327,#496);
#359=LINE('',#2328,#497);
#360=LINE('',#2332,#498);
#361=LINE('',#2335,#499);
#362=LINE('',#2336,#500);
#363=LINE('',#2339,#501);
#364=LINE('',#2344,#502);
#365=LINE('',#2345,#503);
#366=LINE('',#2348,#504);
#367=LINE('',#2353,#505);
#368=LINE('',#2354,#506);
#369=LINE('',#2358,#507);
#370=LINE('',#2361,#508);
#371=LINE('',#2362,#509);
#372=LINE('',#2366,#510);
#373=LINE('',#2369,#511);
#374=LINE('',#2370,#512);
#375=LINE('',#2376,#513);
#376=LINE('',#2379,#514);
#377=LINE('',#2382,#515);
#378=LINE('',#2383,#516);
#379=LINE('',#2386,#517);
#380=LINE('',#2390,#518);
#381=LINE('',#2392,#519);
#382=LINE('',#2394,#520);
#383=LINE('',#2395,#521);
#384=LINE('',#2398,#522);
#385=LINE('',#2399,#523);
#386=LINE('',#2400,#524);
#387=LINE('',#2402,#525);
#388=LINE('',#2404,#526);
#389=LINE('',#2405,#527);
#390=LINE('',#2407,#528);
#391=LINE('',#2411,#529);
#392=LINE('',#2414,#530);
#393=LINE('',#2415,#531);
#394=LINE('',#2419,#532);
#395=LINE('',#2421,#533);
#396=LINE('',#2423,#534);
#397=LINE('',#2424,#535);
#398=LINE('',#2425,#536);
#399=LINE('',#2428,#537);
#400=LINE('',#2429,#538);
#401=LINE('',#2430,#539);
#402=LINE('',#2432,#540);
#403=LINE('',#2433,#541);
#404=LINE('',#2435,#542);
#405=LINE('',#2437,#543);
#406=LINE('',#2439,#544);
#407=LINE('',#2443,#545);
#408=LINE('',#2448,#546);
#409=LINE('',#2450,#547);
#410=LINE('',#2452,#548);
#411=LINE('',#2460,#549);
#412=LINE('',#2465,#550);
#413=LINE('',#2467,#551);
#414=LINE('',#2469,#552);
#415=LINE('',#2470,#553);
#416=LINE('',#2480,#554);
#417=LINE('',#2483,#555);
#418=LINE('',#2488,#556);
#419=LINE('',#2491,#557);
#420=LINE('',#2496,#558);
#421=LINE('',#2499,#559);
#422=LINE('',#2504,#560);
#423=LINE('',#2508,#561);
#424=LINE('',#2512,#562);
#425=LINE('',#2514,#563);
#426=LINE('',#2516,#564);
#427=LINE('',#2517,#565);
#428=LINE('',#2525,#566);
#429=LINE('',#2527,#567);
#430=LINE('',#2529,#568);
#431=LINE('',#2532,#569);
#432=LINE('',#2534,#570);
#433=LINE('',#2535,#571);
#434=LINE('',#2538,#572);
#435=LINE('',#2540,#573);
#436=LINE('',#2541,#574);
#437=LINE('',#2544,#575);
#438=LINE('',#2546,#576);
#439=LINE('',#2547,#577);
#440=LINE('',#2548,#578);
#441=LINE('',#2550,#579);
#442=LINE('',#2553,#580);
#443=LINE('',#2554,#581);
#444=LINE('',#2557,#582);
#445=LINE('',#2558,#583);
#446=LINE('',#2560,#584);
#447=VECTOR('',#1698,2.);
#448=VECTOR('',#1703,10.);
#449=VECTOR('',#1704,10.);
#450=VECTOR('',#1705,10.);
#451=VECTOR('',#1706,10.);
#452=VECTOR('',#1715,1.75);
#453=VECTOR('',#1720,2.);
#454=VECTOR('',#1725,1.75);
#455=VECTOR('',#1730,2.);
#456=VECTOR('',#1735,1.75);
#457=VECTOR('',#1740,2.);
#458=VECTOR('',#1745,1.75);
#459=VECTOR('',#1750,2.);
#460=VECTOR('',#1755,10.);
#461=VECTOR('',#1756,10.);
#462=VECTOR('',#1757,10.);
#463=VECTOR('',#1758,10.);
#464=VECTOR('',#1767,2.);
#465=VECTOR('',#1770,2.);
#466=VECTOR('',#1773,2.);
#467=VECTOR('',#1776,10.);
#468=VECTOR('',#1779,10.);
#469=VECTOR('',#1782,10.);
#470=VECTOR('',#1783,10.);
#471=VECTOR('',#1790,4.);
#472=VECTOR('',#1793,3.75);
#473=VECTOR('',#1798,10.);
#474=VECTOR('',#1801,10.);
#475=VECTOR('',#1804,10.);
#476=VECTOR('',#1805,10.);
#477=VECTOR('',#1812,4.);
#478=VECTOR('',#1819,3.75);
#479=VECTOR('',#1822,10.);
#480=VECTOR('',#1823,10.);
#481=VECTOR('',#1824,10.);
#482=VECTOR('',#1827,10.);
#483=VECTOR('',#1832,4.);
#484=VECTOR('',#1835,4.);
#485=VECTOR('',#1840,10.);
#486=VECTOR('',#1843,10.);
#487=VECTOR('',#1846,10.);
#488=VECTOR('',#1847,10.);
#489=VECTOR('',#1850,10.);
#490=VECTOR('',#1851,10.);
#491=VECTOR('',#1852,10.);
#492=VECTOR('',#1855,10.);
#493=VECTOR('',#1862,10.);
#494=VECTOR('',#1863,10.);
#495=VECTOR('',#1868,10.);
#496=VECTOR('',#1871,10.);
#497=VECTOR('',#1872,10.);
#498=VECTOR('',#1877,10.);
#499=VECTOR('',#1880,10.);
#500=VECTOR('',#1881,10.);
#501=VECTOR('',#1884,10.);
#502=VECTOR('',#1891,10.);
#503=VECTOR('',#1892,10.);
#504=VECTOR('',#1895,10.);
#505=VECTOR('',#1902,10.);
#506=VECTOR('',#1903,10.);
#507=VECTOR('',#1908,10.);
#508=VECTOR('',#1911,10.);
#509=VECTOR('',#1912,10.);
#510=VECTOR('',#1917,10.);
#511=VECTOR('',#1920,10.);
#512=VECTOR('',#1921,10.);
#513=VECTOR('',#1930,10.);
#514=VECTOR('',#1933,10.);
#515=VECTOR('',#1936,10.);
#516=VECTOR('',#1937,10.);
#517=VECTOR('',#1940,10.);
#518=VECTOR('',#1945,10.);
#519=VECTOR('',#1946,10.);
#520=VECTOR('',#1947,10.);
#521=VECTOR('',#1948,10.);
#522=VECTOR('',#1953,10.);
#523=VECTOR('',#1954,10.);
#524=VECTOR('',#1955,10.);
#525=VECTOR('',#1958,10.);
#526=VECTOR('',#1959,10.);
#527=VECTOR('',#1960,10.);
#528=VECTOR('',#1963,10.);
#529=VECTOR('',#1968,10.);
#530=VECTOR('',#1971,10.);
#531=VECTOR('',#1972,10.);
#532=VECTOR('',#1977,10.);
#533=VECTOR('',#1980,10.);
#534=VECTOR('',#1983,10.);
#535=VECTOR('',#1984,10.);
#536=VECTOR('',#1985,10.);
#537=VECTOR('',#1988,10.);
#538=VECTOR('',#1989,10.);
#539=VECTOR('',#1990,10.);
#540=VECTOR('',#1993,10.);
#541=VECTOR('',#1994,10.);
#542=VECTOR('',#1997,10.);
#543=VECTOR('',#2000,10.);
#544=VECTOR('',#2003,10.);
#545=VECTOR('',#2010,10.);
#546=VECTOR('',#2019,10.);
#547=VECTOR('',#2022,10.);
#548=VECTOR('',#2025,10.);
#549=VECTOR('',#2036,2.);
#550=VECTOR('',#2041,10.);
#551=VECTOR('',#2042,10.);
#552=VECTOR('',#2043,10.);
#553=VECTOR('',#2044,10.);
#554=VECTOR('',#2055,1.75);
#555=VECTOR('',#2058,2.);
#556=VECTOR('',#2065,1.75);
#557=VECTOR('',#2068,2.);
#558=VECTOR('',#2075,1.75);
#559=VECTOR('',#2078,2.);
#560=VECTOR('',#2085,1.75);
#561=VECTOR('',#2090,2.);
#562=VECTOR('',#2093,10.);
#563=VECTOR('',#2094,10.);
#564=VECTOR('',#2095,10.);
#565=VECTOR('',#2096,10.);
#566=VECTOR('',#2105,2.);
#567=VECTOR('',#2108,2.);
#568=VECTOR('',#2111,2.);
#569=VECTOR('',#2114,10.);
#570=VECTOR('',#2115,10.);
#571=VECTOR('',#2116,10.);
#572=VECTOR('',#2119,10.);
#573=VECTOR('',#2120,10.);
#574=VECTOR('',#2121,10.);
#575=VECTOR('',#2124,10.);
#576=VECTOR('',#2125,10.);
#577=VECTOR('',#2126,10.);
#578=VECTOR('',#2127,10.);
#579=VECTOR('',#2130,10.);
#580=VECTOR('',#2133,10.);
#581=VECTOR('',#2134,10.);
#582=VECTOR('',#2137,10.);
#583=VECTOR('',#2138,10.);
#584=VECTOR('',#2141,10.);
#585=CIRCLE('',#1532,2.25);
#586=CIRCLE('',#1533,1.75);
#587=CIRCLE('',#1535,2.25);
#588=CIRCLE('',#1536,2.25);
#589=CIRCLE('',#1537,2.25);
#590=CIRCLE('',#1539,1.75);
#591=CIRCLE('',#1541,1.75);
#592=CIRCLE('',#1543,1.75);
#593=CIRCLE('',#1545,1.75);
#594=CIRCLE('',#1547,1.75);
#595=CIRCLE('',#1549,1.75);
#596=CIRCLE('',#1551,1.75);
#597=CIRCLE('',#1553,2.25);
#598=CIRCLE('',#1555,2.25);
#599=CIRCLE('',#1556,2.25);
#600=CIRCLE('',#1557,2.25);
#601=CIRCLE('',#1562,7.);
#602=CIRCLE('',#1563,7.);
#603=CIRCLE('',#1564,4.75);
#604=CIRCLE('',#1566,3.75);
#605=CIRCLE('',#1568,3.75);
#606=CIRCLE('',#1570,7.);
#607=CIRCLE('',#1571,7.);
#608=CIRCLE('',#1572,4.75);
#609=CIRCLE('',#1574,3.75);
#610=CIRCLE('',#1575,4.25);
#611=CIRCLE('',#1577,3.75);
#612=CIRCLE('',#1579,7.);
#613=CIRCLE('',#1580,7.);
#614=CIRCLE('',#1583,4.25);
#615=CIRCLE('',#1585,7.);
#616=CIRCLE('',#1586,7.);
#617=CIRCLE('',#1589,1.);
#618=CIRCLE('',#1590,2.);
#619=CIRCLE('',#1593,8.);
#620=CIRCLE('',#1596,8.);
#621=CIRCLE('',#1599,1.);
#622=CIRCLE('',#1600,2.);
#623=CIRCLE('',#1603,1.);
#624=CIRCLE('',#1604,2.);
#625=CIRCLE('',#1607,8.);
#626=CIRCLE('',#1610,8.);
#627=CIRCLE('',#1613,1.);
#628=CIRCLE('',#1614,2.);
#629=CIRCLE('',#1616,8.);
#630=CIRCLE('',#1619,8.);
#631=CIRCLE('',#1626,8.);
#632=CIRCLE('',#1629,8.);
#633=CIRCLE('',#1650,2.25);
#634=CIRCLE('',#1651,1.75);
#635=CIRCLE('',#1653,2.25);
#636=CIRCLE('',#1654,2.25);
#637=CIRCLE('',#1655,2.25);
#638=CIRCLE('',#1657,1.75);
#639=CIRCLE('',#1659,1.75);
#640=CIRCLE('',#1661,1.75);
#641=CIRCLE('',#1663,1.75);
#642=CIRCLE('',#1665,1.75);
#643=CIRCLE('',#1667,1.75);
#644=CIRCLE('',#1669,1.75);
#645=CIRCLE('',#1671,2.25);
#646=CIRCLE('',#1673,2.25);
#647=CIRCLE('',#1674,2.25);
#648=CIRCLE('',#1675,2.25);
#649=VERTEX_POINT('',#2153);
#650=VERTEX_POINT('',#2155);
#651=VERTEX_POINT('',#2159);
#652=VERTEX_POINT('',#2160);
#653=VERTEX_POINT('',#2162);
#654=VERTEX_POINT('',#2164);
#655=VERTEX_POINT('',#2167);
#656=VERTEX_POINT('',#2169);
#657=VERTEX_POINT('',#2171);
#658=VERTEX_POINT('',#2174);
#659=VERTEX_POINT('',#2178);
#660=VERTEX_POINT('',#2182);
#661=VERTEX_POINT('',#2186);
#662=VERTEX_POINT('',#2190);
#663=VERTEX_POINT('',#2194);
#664=VERTEX_POINT('',#2198);
#665=VERTEX_POINT('',#2202);
#666=VERTEX_POINT('',#2206);
#667=VERTEX_POINT('',#2207);
#668=VERTEX_POINT('',#2209);
#669=VERTEX_POINT('',#2211);
#670=VERTEX_POINT('',#2214);
#671=VERTEX_POINT('',#2216);
#672=VERTEX_POINT('',#2218);
#673=VERTEX_POINT('',#2227);
#674=VERTEX_POINT('',#2228);
#675=VERTEX_POINT('',#2230);
#676=VERTEX_POINT('',#2232);
#677=VERTEX_POINT('',#2234);
#678=VERTEX_POINT('',#2236);
#679=VERTEX_POINT('',#2239);
#680=VERTEX_POINT('',#2242);
#681=VERTEX_POINT('',#2246);
#682=VERTEX_POINT('',#2250);
#683=VERTEX_POINT('',#2251);
#684=VERTEX_POINT('',#2253);
#685=VERTEX_POINT('',#2255);
#686=VERTEX_POINT('',#2257);
#687=VERTEX_POINT('',#2259);
#688=VERTEX_POINT('',#2262);
#689=VERTEX_POINT('',#2265);
#690=VERTEX_POINT('',#2267);
#691=VERTEX_POINT('',#2271);
#692=VERTEX_POINT('',#2275);
#693=VERTEX_POINT('',#2276);
#694=VERTEX_POINT('',#2278);
#695=VERTEX_POINT('',#2280);
#696=VERTEX_POINT('',#2282);
#697=VERTEX_POINT('',#2284);
#698=VERTEX_POINT('',#2290);
#699=VERTEX_POINT('',#2294);
#700=VERTEX_POINT('',#2295);
#701=VERTEX_POINT('',#2297);
#702=VERTEX_POINT('',#2299);
#703=VERTEX_POINT('',#2301);
#704=VERTEX_POINT('',#2303);
#705=VERTEX_POINT('',#2307);
#706=VERTEX_POINT('',#2309);
#707=VERTEX_POINT('',#2313);
#708=VERTEX_POINT('',#2318);
#709=VERTEX_POINT('',#2322);
#710=VERTEX_POINT('',#2326);
#711=VERTEX_POINT('',#2330);
#712=VERTEX_POINT('',#2334);
#713=VERTEX_POINT('',#2338);
#714=VERTEX_POINT('',#2343);
#715=VERTEX_POINT('',#2347);
#716=VERTEX_POINT('',#2352);
#717=VERTEX_POINT('',#2356);
#718=VERTEX_POINT('',#2360);
#719=VERTEX_POINT('',#2364);
#720=VERTEX_POINT('',#2368);
#721=VERTEX_POINT('',#2375);
#722=VERTEX_POINT('',#2377);
#723=VERTEX_POINT('',#2381);
#724=VERTEX_POINT('',#2385);
#725=VERTEX_POINT('',#2389);
#726=VERTEX_POINT('',#2391);
#727=VERTEX_POINT('',#2393);
#728=VERTEX_POINT('',#2403);
#729=VERTEX_POINT('',#2409);
#730=VERTEX_POINT('',#2413);
#731=VERTEX_POINT('',#2417);
#732=VERTEX_POINT('',#2427);
#733=VERTEX_POINT('',#2457);
#734=VERTEX_POINT('',#2459);
#735=VERTEX_POINT('',#2463);
#736=VERTEX_POINT('',#2464);
#737=VERTEX_POINT('',#2466);
#738=VERTEX_POINT('',#2468);
#739=VERTEX_POINT('',#2471);
#740=VERTEX_POINT('',#2473);
#741=VERTEX_POINT('',#2475);
#742=VERTEX_POINT('',#2478);
#743=VERTEX_POINT('',#2482);
#744=VERTEX_POINT('',#2486);
#745=VERTEX_POINT('',#2490);
#746=VERTEX_POINT('',#2494);
#747=VERTEX_POINT('',#2498);
#748=VERTEX_POINT('',#2502);
#749=VERTEX_POINT('',#2506);
#750=VERTEX_POINT('',#2510);
#751=VERTEX_POINT('',#2511);
#752=VERTEX_POINT('',#2513);
#753=VERTEX_POINT('',#2515);
#754=VERTEX_POINT('',#2518);
#755=VERTEX_POINT('',#2520);
#756=VERTEX_POINT('',#2522);
#757=VERTEX_POINT('',#2531);
#758=VERTEX_POINT('',#2533);
#759=VERTEX_POINT('',#2537);
#760=VERTEX_POINT('',#2539);
#761=VERTEX_POINT('',#2543);
#762=VERTEX_POINT('',#2545);
#763=VERTEX_POINT('',#2552);
#764=VERTEX_POINT('',#2556);
#765=EDGE_CURVE('',#649,#649,#585,.T.);
#766=EDGE_CURVE('',#649,#650,#309,.T.);
#767=EDGE_CURVE('',#650,#650,#586,.T.);
#768=EDGE_CURVE('',#651,#652,#310,.T.);
#769=EDGE_CURVE('',#653,#651,#311,.T.);
#770=EDGE_CURVE('',#654,#653,#312,.T.);
#771=EDGE_CURVE('',#652,#654,#313,.T.);
#772=EDGE_CURVE('',#655,#655,#587,.T.);
#773=EDGE_CURVE('',#656,#656,#588,.T.);
#774=EDGE_CURVE('',#657,#657,#589,.T.);
#775=EDGE_CURVE('',#650,#658,#314,.T.);
#776=EDGE_CURVE('',#658,#658,#590,.T.);
#777=EDGE_CURVE('',#655,#659,#315,.T.);
#778=EDGE_CURVE('',#659,#659,#591,.T.);
#779=EDGE_CURVE('',#659,#660,#316,.T.);
#780=EDGE_CURVE('',#660,#660,#592,.T.);
#781=EDGE_CURVE('',#657,#661,#317,.T.);
#782=EDGE_CURVE('',#661,#661,#593,.T.);
#783=EDGE_CURVE('',#661,#662,#318,.T.);
#784=EDGE_CURVE('',#662,#662,#594,.T.);
#785=EDGE_CURVE('',#656,#663,#319,.T.);
#786=EDGE_CURVE('',#663,#663,#595,.T.);
#787=EDGE_CURVE('',#663,#664,#320,.T.);
#788=EDGE_CURVE('',#664,#664,#596,.T.);
#789=EDGE_CURVE('',#658,#665,#321,.T.);
#790=EDGE_CURVE('',#665,#665,#597,.T.);
#791=EDGE_CURVE('',#666,#667,#322,.T.);
#792=EDGE_CURVE('',#668,#666,#323,.T.);
#793=EDGE_CURVE('',#669,#668,#324,.T.);
#794=EDGE_CURVE('',#667,#669,#325,.T.);
#795=EDGE_CURVE('',#670,#670,#598,.T.);
#796=EDGE_CURVE('',#671,#671,#599,.T.);
#797=EDGE_CURVE('',#672,#672,#600,.T.);
#798=EDGE_CURVE('',#662,#670,#326,.T.);
#799=EDGE_CURVE('',#664,#672,#327,.T.);
#800=EDGE_CURVE('',#660,#671,#328,.T.);
#801=EDGE_CURVE('',#673,#674,#329,.T.);
#802=EDGE_CURVE('',#675,#673,#601,.T.);
#803=EDGE_CURVE('',#676,#675,#330,.T.);
#804=EDGE_CURVE('',#677,#676,#602,.T.);
#805=EDGE_CURVE('',#678,#677,#331,.T.);
#806=EDGE_CURVE('',#674,#678,#332,.T.);
#807=EDGE_CURVE('',#679,#679,#603,.T.);
#808=EDGE_CURVE('',#680,#680,#604,.T.);
#809=EDGE_CURVE('',#680,#679,#333,.T.);
#810=EDGE_CURVE('',#680,#681,#334,.T.);
#811=EDGE_CURVE('',#681,#681,#605,.T.);
#812=EDGE_CURVE('',#682,#683,#335,.T.);
#813=EDGE_CURVE('',#684,#682,#606,.T.);
#814=EDGE_CURVE('',#685,#684,#336,.T.);
#815=EDGE_CURVE('',#686,#685,#607,.T.);
#816=EDGE_CURVE('',#687,#686,#337,.T.);
#817=EDGE_CURVE('',#683,#687,#338,.T.);
#818=EDGE_CURVE('',#688,#688,#608,.T.);
#819=EDGE_CURVE('',#689,#689,#609,.T.);
#820=EDGE_CURVE('',#689,#690,#339,.T.);
#821=EDGE_CURVE('',#690,#690,#610,.T.);
#822=EDGE_CURVE('',#691,#691,#611,.T.);
#823=EDGE_CURVE('',#691,#689,#340,.T.);
#824=EDGE_CURVE('',#692,#693,#341,.T.);
#825=EDGE_CURVE('',#694,#692,#342,.T.);
#826=EDGE_CURVE('',#695,#694,#343,.T.);
#827=EDGE_CURVE('',#696,#695,#612,.T.);
#828=EDGE_CURVE('',#697,#696,#344,.T.);
#829=EDGE_CURVE('',#693,#697,#613,.T.);
#830=EDGE_CURVE('',#691,#688,#345,.T.);
#831=EDGE_CURVE('',#681,#698,#346,.T.);
#832=EDGE_CURVE('',#698,#698,#614,.T.);
#833=EDGE_CURVE('',#699,#700,#347,.T.);
#834=EDGE_CURVE('',#701,#699,#615,.T.);
#835=EDGE_CURVE('',#702,#701,#348,.T.);
#836=EDGE_CURVE('',#703,#702,#616,.T.);
#837=EDGE_CURVE('',#704,#703,#349,.T.);
#838=EDGE_CURVE('',#700,#704,#350,.T.);
#839=EDGE_CURVE('',#705,#669,#351,.T.);
#840=EDGE_CURVE('',#668,#706,#352,.T.);
#841=EDGE_CURVE('',#706,#705,#353,.T.);
#842=EDGE_CURVE('',#707,#694,#354,.T.);
#843=EDGE_CURVE('',#694,#669,#617,.T.);
#844=EDGE_CURVE('',#705,#707,#618,.T.);
#845=EDGE_CURVE('',#708,#695,#355,.T.);
#846=EDGE_CURVE('',#707,#708,#356,.T.);
#847=EDGE_CURVE('',#708,#709,#619,.T.);
#848=EDGE_CURVE('',#709,#696,#357,.T.);
#849=EDGE_CURVE('',#710,#697,#358,.T.);
#850=EDGE_CURVE('',#709,#710,#359,.T.);
#851=EDGE_CURVE('',#710,#711,#620,.T.);
#852=EDGE_CURVE('',#711,#693,#360,.T.);
#853=EDGE_CURVE('',#712,#692,#361,.T.);
#854=EDGE_CURVE('',#711,#712,#362,.T.);
#855=EDGE_CURVE('',#713,#667,#363,.T.);
#856=EDGE_CURVE('',#667,#692,#621,.T.);
#857=EDGE_CURVE('',#712,#713,#622,.T.);
#858=EDGE_CURVE('',#714,#666,#364,.T.);
#859=EDGE_CURVE('',#713,#714,#365,.T.);
#860=EDGE_CURVE('',#715,#700,#366,.T.);
#861=EDGE_CURVE('',#700,#666,#623,.T.);
#862=EDGE_CURVE('',#714,#715,#624,.T.);
#863=EDGE_CURVE('',#716,#699,#367,.T.);
#864=EDGE_CURVE('',#715,#716,#368,.T.);
#865=EDGE_CURVE('',#716,#717,#625,.T.);
#866=EDGE_CURVE('',#717,#701,#369,.T.);
#867=EDGE_CURVE('',#718,#702,#370,.T.);
#868=EDGE_CURVE('',#717,#718,#371,.T.);
#869=EDGE_CURVE('',#718,#719,#626,.T.);
#870=EDGE_CURVE('',#719,#703,#372,.T.);
#871=EDGE_CURVE('',#720,#704,#373,.T.);
#872=EDGE_CURVE('',#719,#720,#374,.T.);
#873=EDGE_CURVE('',#668,#704,#627,.T.);
#874=EDGE_CURVE('',#720,#706,#628,.T.);
#875=EDGE_CURVE('',#710,#721,#375,.T.);
#876=EDGE_CURVE('',#722,#721,#629,.T.);
#877=EDGE_CURVE('',#722,#711,#376,.T.);
#878=EDGE_CURVE('',#723,#709,#377,.T.);
#879=EDGE_CURVE('',#721,#723,#378,.T.);
#880=EDGE_CURVE('',#708,#724,#379,.T.);
#881=EDGE_CURVE('',#723,#724,#630,.T.);
#882=EDGE_CURVE('',#725,#719,#380,.T.);
#883=EDGE_CURVE('',#726,#725,#381,.T.);
#884=EDGE_CURVE('',#727,#726,#382,.T.);
#885=EDGE_CURVE('',#724,#727,#383,.T.);
#886=EDGE_CURVE('',#726,#653,#384,.T.);
#887=EDGE_CURVE('',#674,#726,#385,.T.);
#888=EDGE_CURVE('',#653,#674,#386,.T.);
#889=EDGE_CURVE('',#678,#654,#387,.T.);
#890=EDGE_CURVE('',#728,#678,#388,.T.);
#891=EDGE_CURVE('',#654,#728,#389,.T.);
#892=EDGE_CURVE('',#725,#673,#390,.T.);
#893=EDGE_CURVE('',#725,#729,#631,.T.);
#894=EDGE_CURVE('',#729,#675,#391,.T.);
#895=EDGE_CURVE('',#730,#676,#392,.T.);
#896=EDGE_CURVE('',#729,#730,#393,.T.);
#897=EDGE_CURVE('',#730,#731,#632,.T.);
#898=EDGE_CURVE('',#731,#677,#394,.T.);
#899=EDGE_CURVE('',#731,#728,#395,.T.);
#900=EDGE_CURVE('',#687,#651,#396,.T.);
#901=EDGE_CURVE('',#727,#687,#397,.T.);
#902=EDGE_CURVE('',#651,#727,#398,.T.);
#903=EDGE_CURVE('',#732,#652,#399,.T.);
#904=EDGE_CURVE('',#683,#732,#400,.T.);
#905=EDGE_CURVE('',#652,#683,#401,.T.);
#906=EDGE_CURVE('',#722,#682,#402,.T.);
#907=EDGE_CURVE('',#732,#722,#403,.T.);
#908=EDGE_CURVE('',#721,#684,#404,.T.);
#909=EDGE_CURVE('',#723,#685,#405,.T.);
#910=EDGE_CURVE('',#724,#686,#406,.T.);
#911=EDGE_CURVE('',#728,#732,#407,.T.);
#912=EDGE_CURVE('',#718,#729,#408,.T.);
#913=EDGE_CURVE('',#730,#717,#409,.T.);
#914=EDGE_CURVE('',#716,#731,#410,.T.);
#915=EDGE_CURVE('',#733,#733,#633,.T.);
#916=EDGE_CURVE('',#733,#734,#411,.T.);
#917=EDGE_CURVE('',#734,#734,#634,.T.);
#918=EDGE_CURVE('',#735,#736,#412,.T.);
#919=EDGE_CURVE('',#737,#735,#413,.T.);
#920=EDGE_CURVE('',#738,#737,#414,.T.);
#921=EDGE_CURVE('',#736,#738,#415,.T.);
#922=EDGE_CURVE('',#739,#739,#635,.T.);
#923=EDGE_CURVE('',#740,#740,#636,.T.);
#924=EDGE_CURVE('',#741,#741,#637,.T.);
#925=EDGE_CURVE('',#742,#742,#638,.T.);
#926=EDGE_CURVE('',#742,#734,#416,.T.);
#927=EDGE_CURVE('',#739,#743,#417,.T.);
#928=EDGE_CURVE('',#743,#743,#639,.T.);
#929=EDGE_CURVE('',#744,#744,#640,.T.);
#930=EDGE_CURVE('',#744,#743,#418,.T.);
#931=EDGE_CURVE('',#741,#745,#419,.T.);
#932=EDGE_CURVE('',#745,#745,#641,.T.);
#933=EDGE_CURVE('',#746,#746,#642,.T.);
#934=EDGE_CURVE('',#746,#745,#420,.T.);
#935=EDGE_CURVE('',#740,#747,#421,.T.);
#936=EDGE_CURVE('',#747,#747,#643,.T.);
#937=EDGE_CURVE('',#748,#748,#644,.T.);
#938=EDGE_CURVE('',#748,#747,#422,.T.);
#939=EDGE_CURVE('',#749,#749,#645,.T.);
#940=EDGE_CURVE('',#749,#746,#423,.T.);
#941=EDGE_CURVE('',#750,#751,#424,.T.);
#942=EDGE_CURVE('',#752,#750,#425,.T.);
#943=EDGE_CURVE('',#753,#752,#426,.T.);
#944=EDGE_CURVE('',#751,#753,#427,.T.);
#945=EDGE_CURVE('',#754,#754,#646,.T.);
#946=EDGE_CURVE('',#755,#755,#647,.T.);
#947=EDGE_CURVE('',#756,#756,#648,.T.);
#948=EDGE_CURVE('',#754,#744,#428,.T.);
#949=EDGE_CURVE('',#756,#748,#429,.T.);
#950=EDGE_CURVE('',#755,#742,#430,.T.);
#951=EDGE_CURVE('',#757,#735,#431,.T.);
#952=EDGE_CURVE('',#736,#758,#432,.T.);
#953=EDGE_CURVE('',#758,#757,#433,.T.);
#954=EDGE_CURVE('',#759,#758,#434,.T.);
#955=EDGE_CURVE('',#760,#759,#435,.T.);
#956=EDGE_CURVE('',#757,#760,#436,.T.);
#957=EDGE_CURVE('',#761,#738,#437,.T.);
#958=EDGE_CURVE('',#761,#762,#438,.T.);
#959=EDGE_CURVE('',#752,#762,#439,.T.);
#960=EDGE_CURVE('',#759,#750,#440,.T.);
#961=EDGE_CURVE('',#751,#760,#441,.T.);
#962=EDGE_CURVE('',#737,#763,#442,.T.);
#963=EDGE_CURVE('',#763,#761,#443,.T.);
#964=EDGE_CURVE('',#764,#753,#444,.T.);
#965=EDGE_CURVE('',#762,#764,#445,.T.);
#966=EDGE_CURVE('',#764,#763,#446,.T.);
#967=ORIENTED_EDGE('',*,*,#765,.T.);
#968=ORIENTED_EDGE('',*,*,#766,.T.);
#969=ORIENTED_EDGE('',*,*,#767,.T.);
#970=ORIENTED_EDGE('',*,*,#766,.F.);
#971=ORIENTED_EDGE('',*,*,#768,.F.);
#972=ORIENTED_EDGE('',*,*,#769,.F.);
#973=ORIENTED_EDGE('',*,*,#770,.F.);
#974=ORIENTED_EDGE('',*,*,#771,.F.);
#975=ORIENTED_EDGE('',*,*,#772,.F.);
#976=ORIENTED_EDGE('',*,*,#773,.F.);
#977=ORIENTED_EDGE('',*,*,#774,.F.);
#978=ORIENTED_EDGE('',*,*,#765,.F.);
#979=ORIENTED_EDGE('',*,*,#767,.F.);
#980=ORIENTED_EDGE('',*,*,#775,.T.);
#981=ORIENTED_EDGE('',*,*,#776,.F.);
#982=ORIENTED_EDGE('',*,*,#775,.F.);
#983=ORIENTED_EDGE('',*,*,#772,.T.);
#984=ORIENTED_EDGE('',*,*,#777,.T.);
#985=ORIENTED_EDGE('',*,*,#778,.T.);
#986=ORIENTED_EDGE('',*,*,#777,.F.);
#987=ORIENTED_EDGE('',*,*,#778,.F.);
#988=ORIENTED_EDGE('',*,*,#779,.T.);
#989=ORIENTED_EDGE('',*,*,#780,.F.);
#990=ORIENTED_EDGE('',*,*,#779,.F.);
#991=ORIENTED_EDGE('',*,*,#774,.T.);
#992=ORIENTED_EDGE('',*,*,#781,.T.);
#993=ORIENTED_EDGE('',*,*,#782,.T.);
#994=ORIENTED_EDGE('',*,*,#781,.F.);
#995=ORIENTED_EDGE('',*,*,#782,.F.);
#996=ORIENTED_EDGE('',*,*,#783,.T.);
#997=ORIENTED_EDGE('',*,*,#784,.F.);
#998=ORIENTED_EDGE('',*,*,#783,.F.);
#999=ORIENTED_EDGE('',*,*,#773,.T.);
#1000=ORIENTED_EDGE('',*,*,#785,.T.);
#1001=ORIENTED_EDGE('',*,*,#786,.T.);
#1002=ORIENTED_EDGE('',*,*,#785,.F.);
#1003=ORIENTED_EDGE('',*,*,#786,.F.);
#1004=ORIENTED_EDGE('',*,*,#787,.T.);
#1005=ORIENTED_EDGE('',*,*,#788,.F.);
#1006=ORIENTED_EDGE('',*,*,#787,.F.);
#1007=ORIENTED_EDGE('',*,*,#776,.T.);
#1008=ORIENTED_EDGE('',*,*,#789,.T.);
#1009=ORIENTED_EDGE('',*,*,#790,.T.);
#1010=ORIENTED_EDGE('',*,*,#789,.F.);
#1011=ORIENTED_EDGE('',*,*,#791,.F.);
#1012=ORIENTED_EDGE('',*,*,#792,.F.);
#1013=ORIENTED_EDGE('',*,*,#793,.F.);
#1014=ORIENTED_EDGE('',*,*,#794,.F.);
#1015=ORIENTED_EDGE('',*,*,#795,.F.);
#1016=ORIENTED_EDGE('',*,*,#796,.F.);
#1017=ORIENTED_EDGE('',*,*,#797,.F.);
#1018=ORIENTED_EDGE('',*,*,#790,.F.);
#1019=ORIENTED_EDGE('',*,*,#784,.T.);
#1020=ORIENTED_EDGE('',*,*,#798,.T.);
#1021=ORIENTED_EDGE('',*,*,#795,.T.);
#1022=ORIENTED_EDGE('',*,*,#798,.F.);
#1023=ORIENTED_EDGE('',*,*,#788,.T.);
#1024=ORIENTED_EDGE('',*,*,#799,.T.);
#1025=ORIENTED_EDGE('',*,*,#797,.T.);
#1026=ORIENTED_EDGE('',*,*,#799,.F.);
#1027=ORIENTED_EDGE('',*,*,#780,.T.);
#1028=ORIENTED_EDGE('',*,*,#800,.T.);
#1029=ORIENTED_EDGE('',*,*,#796,.T.);
#1030=ORIENTED_EDGE('',*,*,#800,.F.);
#1031=ORIENTED_EDGE('',*,*,#801,.F.);
#1032=ORIENTED_EDGE('',*,*,#802,.F.);
#1033=ORIENTED_EDGE('',*,*,#803,.F.);
#1034=ORIENTED_EDGE('',*,*,#804,.F.);
#1035=ORIENTED_EDGE('',*,*,#805,.F.);
#1036=ORIENTED_EDGE('',*,*,#806,.F.);
#1037=ORIENTED_EDGE('',*,*,#807,.F.);
#1038=ORIENTED_EDGE('',*,*,#808,.T.);
#1039=ORIENTED_EDGE('',*,*,#809,.T.);
#1040=ORIENTED_EDGE('',*,*,#807,.T.);
#1041=ORIENTED_EDGE('',*,*,#809,.F.);
#1042=ORIENTED_EDGE('',*,*,#808,.F.);
#1043=ORIENTED_EDGE('',*,*,#810,.T.);
#1044=ORIENTED_EDGE('',*,*,#811,.F.);
#1045=ORIENTED_EDGE('',*,*,#810,.F.);
#1046=ORIENTED_EDGE('',*,*,#812,.F.);
#1047=ORIENTED_EDGE('',*,*,#813,.F.);
#1048=ORIENTED_EDGE('',*,*,#814,.F.);
#1049=ORIENTED_EDGE('',*,*,#815,.F.);
#1050=ORIENTED_EDGE('',*,*,#816,.F.);
#1051=ORIENTED_EDGE('',*,*,#817,.F.);
#1052=ORIENTED_EDGE('',*,*,#818,.F.);
#1053=ORIENTED_EDGE('',*,*,#819,.T.);
#1054=ORIENTED_EDGE('',*,*,#820,.T.);
#1055=ORIENTED_EDGE('',*,*,#821,.T.);
#1056=ORIENTED_EDGE('',*,*,#820,.F.);
#1057=ORIENTED_EDGE('',*,*,#822,.F.);
#1058=ORIENTED_EDGE('',*,*,#823,.T.);
#1059=ORIENTED_EDGE('',*,*,#819,.F.);
#1060=ORIENTED_EDGE('',*,*,#823,.F.);
#1061=ORIENTED_EDGE('',*,*,#824,.F.);
#1062=ORIENTED_EDGE('',*,*,#825,.F.);
#1063=ORIENTED_EDGE('',*,*,#826,.F.);
#1064=ORIENTED_EDGE('',*,*,#827,.F.);
#1065=ORIENTED_EDGE('',*,*,#828,.F.);
#1066=ORIENTED_EDGE('',*,*,#829,.F.);
#1067=ORIENTED_EDGE('',*,*,#821,.F.);
#1068=ORIENTED_EDGE('',*,*,#822,.T.);
#1069=ORIENTED_EDGE('',*,*,#830,.T.);
#1070=ORIENTED_EDGE('',*,*,#818,.T.);
#1071=ORIENTED_EDGE('',*,*,#830,.F.);
#1072=ORIENTED_EDGE('',*,*,#811,.T.);
#1073=ORIENTED_EDGE('',*,*,#831,.T.);
#1074=ORIENTED_EDGE('',*,*,#832,.T.);
#1075=ORIENTED_EDGE('',*,*,#831,.F.);
#1076=ORIENTED_EDGE('',*,*,#833,.F.);
#1077=ORIENTED_EDGE('',*,*,#834,.F.);
#1078=ORIENTED_EDGE('',*,*,#835,.F.);
#1079=ORIENTED_EDGE('',*,*,#836,.F.);
#1080=ORIENTED_EDGE('',*,*,#837,.F.);
#1081=ORIENTED_EDGE('',*,*,#838,.F.);
#1082=ORIENTED_EDGE('',*,*,#832,.F.);
#1083=ORIENTED_EDGE('',*,*,#839,.T.);
#1084=ORIENTED_EDGE('',*,*,#793,.T.);
#1085=ORIENTED_EDGE('',*,*,#840,.T.);
#1086=ORIENTED_EDGE('',*,*,#841,.T.);
#1087=ORIENTED_EDGE('',*,*,#842,.T.);
#1088=ORIENTED_EDGE('',*,*,#843,.T.);
#1089=ORIENTED_EDGE('',*,*,#839,.F.);
#1090=ORIENTED_EDGE('',*,*,#844,.T.);
#1091=ORIENTED_EDGE('',*,*,#845,.T.);
#1092=ORIENTED_EDGE('',*,*,#826,.T.);
#1093=ORIENTED_EDGE('',*,*,#842,.F.);
#1094=ORIENTED_EDGE('',*,*,#846,.T.);
#1095=ORIENTED_EDGE('',*,*,#845,.F.);
#1096=ORIENTED_EDGE('',*,*,#847,.T.);
#1097=ORIENTED_EDGE('',*,*,#848,.T.);
#1098=ORIENTED_EDGE('',*,*,#827,.T.);
#1099=ORIENTED_EDGE('',*,*,#849,.T.);
#1100=ORIENTED_EDGE('',*,*,#828,.T.);
#1101=ORIENTED_EDGE('',*,*,#848,.F.);
#1102=ORIENTED_EDGE('',*,*,#850,.T.);
#1103=ORIENTED_EDGE('',*,*,#849,.F.);
#1104=ORIENTED_EDGE('',*,*,#851,.T.);
#1105=ORIENTED_EDGE('',*,*,#852,.T.);
#1106=ORIENTED_EDGE('',*,*,#829,.T.);
#1107=ORIENTED_EDGE('',*,*,#853,.T.);
#1108=ORIENTED_EDGE('',*,*,#824,.T.);
#1109=ORIENTED_EDGE('',*,*,#852,.F.);
#1110=ORIENTED_EDGE('',*,*,#854,.T.);
#1111=ORIENTED_EDGE('',*,*,#855,.T.);
#1112=ORIENTED_EDGE('',*,*,#856,.T.);
#1113=ORIENTED_EDGE('',*,*,#853,.F.);
#1114=ORIENTED_EDGE('',*,*,#857,.T.);
#1115=ORIENTED_EDGE('',*,*,#858,.T.);
#1116=ORIENTED_EDGE('',*,*,#791,.T.);
#1117=ORIENTED_EDGE('',*,*,#855,.F.);
#1118=ORIENTED_EDGE('',*,*,#859,.T.);
#1119=ORIENTED_EDGE('',*,*,#860,.T.);
#1120=ORIENTED_EDGE('',*,*,#861,.T.);
#1121=ORIENTED_EDGE('',*,*,#858,.F.);
#1122=ORIENTED_EDGE('',*,*,#862,.T.);
#1123=ORIENTED_EDGE('',*,*,#863,.T.);
#1124=ORIENTED_EDGE('',*,*,#833,.T.);
#1125=ORIENTED_EDGE('',*,*,#860,.F.);
#1126=ORIENTED_EDGE('',*,*,#864,.T.);
#1127=ORIENTED_EDGE('',*,*,#863,.F.);
#1128=ORIENTED_EDGE('',*,*,#865,.T.);
#1129=ORIENTED_EDGE('',*,*,#866,.T.);
#1130=ORIENTED_EDGE('',*,*,#834,.T.);
#1131=ORIENTED_EDGE('',*,*,#867,.T.);
#1132=ORIENTED_EDGE('',*,*,#835,.T.);
#1133=ORIENTED_EDGE('',*,*,#866,.F.);
#1134=ORIENTED_EDGE('',*,*,#868,.T.);
#1135=ORIENTED_EDGE('',*,*,#867,.F.);
#1136=ORIENTED_EDGE('',*,*,#869,.T.);
#1137=ORIENTED_EDGE('',*,*,#870,.T.);
#1138=ORIENTED_EDGE('',*,*,#836,.T.);
#1139=ORIENTED_EDGE('',*,*,#871,.T.);
#1140=ORIENTED_EDGE('',*,*,#837,.T.);
#1141=ORIENTED_EDGE('',*,*,#870,.F.);
#1142=ORIENTED_EDGE('',*,*,#872,.T.);
#1143=ORIENTED_EDGE('',*,*,#840,.F.);
#1144=ORIENTED_EDGE('',*,*,#873,.T.);
#1145=ORIENTED_EDGE('',*,*,#871,.F.);
#1146=ORIENTED_EDGE('',*,*,#874,.T.);
#1147=ORIENTED_EDGE('',*,*,#851,.F.);
#1148=ORIENTED_EDGE('',*,*,#875,.T.);
#1149=ORIENTED_EDGE('',*,*,#876,.F.);
#1150=ORIENTED_EDGE('',*,*,#877,.T.);
#1151=ORIENTED_EDGE('',*,*,#850,.F.);
#1152=ORIENTED_EDGE('',*,*,#878,.F.);
#1153=ORIENTED_EDGE('',*,*,#879,.F.);
#1154=ORIENTED_EDGE('',*,*,#875,.F.);
#1155=ORIENTED_EDGE('',*,*,#847,.F.);
#1156=ORIENTED_EDGE('',*,*,#880,.T.);
#1157=ORIENTED_EDGE('',*,*,#881,.F.);
#1158=ORIENTED_EDGE('',*,*,#878,.T.);
#1159=ORIENTED_EDGE('',*,*,#846,.F.);
#1160=ORIENTED_EDGE('',*,*,#844,.F.);
#1161=ORIENTED_EDGE('',*,*,#841,.F.);
#1162=ORIENTED_EDGE('',*,*,#874,.F.);
#1163=ORIENTED_EDGE('',*,*,#872,.F.);
#1164=ORIENTED_EDGE('',*,*,#882,.F.);
#1165=ORIENTED_EDGE('',*,*,#883,.F.);
#1166=ORIENTED_EDGE('',*,*,#884,.F.);
#1167=ORIENTED_EDGE('',*,*,#885,.F.);
#1168=ORIENTED_EDGE('',*,*,#880,.F.);
#1169=ORIENTED_EDGE('',*,*,#861,.F.);
#1170=ORIENTED_EDGE('',*,*,#838,.T.);
#1171=ORIENTED_EDGE('',*,*,#873,.F.);
#1172=ORIENTED_EDGE('',*,*,#792,.T.);
#1173=ORIENTED_EDGE('',*,*,#886,.F.);
#1174=ORIENTED_EDGE('',*,*,#887,.F.);
#1175=ORIENTED_EDGE('',*,*,#888,.F.);
#1176=ORIENTED_EDGE('',*,*,#889,.F.);
#1177=ORIENTED_EDGE('',*,*,#890,.F.);
#1178=ORIENTED_EDGE('',*,*,#891,.F.);
#1179=ORIENTED_EDGE('',*,*,#892,.T.);
#1180=ORIENTED_EDGE('',*,*,#801,.T.);
#1181=ORIENTED_EDGE('',*,*,#887,.T.);
#1182=ORIENTED_EDGE('',*,*,#883,.T.);
#1183=ORIENTED_EDGE('',*,*,#892,.F.);
#1184=ORIENTED_EDGE('',*,*,#893,.T.);
#1185=ORIENTED_EDGE('',*,*,#894,.T.);
#1186=ORIENTED_EDGE('',*,*,#802,.T.);
#1187=ORIENTED_EDGE('',*,*,#895,.T.);
#1188=ORIENTED_EDGE('',*,*,#803,.T.);
#1189=ORIENTED_EDGE('',*,*,#894,.F.);
#1190=ORIENTED_EDGE('',*,*,#896,.T.);
#1191=ORIENTED_EDGE('',*,*,#895,.F.);
#1192=ORIENTED_EDGE('',*,*,#897,.T.);
#1193=ORIENTED_EDGE('',*,*,#898,.T.);
#1194=ORIENTED_EDGE('',*,*,#804,.T.);
#1195=ORIENTED_EDGE('',*,*,#898,.F.);
#1196=ORIENTED_EDGE('',*,*,#899,.T.);
#1197=ORIENTED_EDGE('',*,*,#890,.T.);
#1198=ORIENTED_EDGE('',*,*,#805,.T.);
#1199=ORIENTED_EDGE('',*,*,#900,.F.);
#1200=ORIENTED_EDGE('',*,*,#901,.F.);
#1201=ORIENTED_EDGE('',*,*,#902,.F.);
#1202=ORIENTED_EDGE('',*,*,#903,.F.);
#1203=ORIENTED_EDGE('',*,*,#904,.F.);
#1204=ORIENTED_EDGE('',*,*,#905,.F.);
#1205=ORIENTED_EDGE('',*,*,#906,.T.);
#1206=ORIENTED_EDGE('',*,*,#812,.T.);
#1207=ORIENTED_EDGE('',*,*,#904,.T.);
#1208=ORIENTED_EDGE('',*,*,#907,.T.);
#1209=ORIENTED_EDGE('',*,*,#906,.F.);
#1210=ORIENTED_EDGE('',*,*,#876,.T.);
#1211=ORIENTED_EDGE('',*,*,#908,.T.);
#1212=ORIENTED_EDGE('',*,*,#813,.T.);
#1213=ORIENTED_EDGE('',*,*,#909,.T.);
#1214=ORIENTED_EDGE('',*,*,#814,.T.);
#1215=ORIENTED_EDGE('',*,*,#908,.F.);
#1216=ORIENTED_EDGE('',*,*,#879,.T.);
#1217=ORIENTED_EDGE('',*,*,#909,.F.);
#1218=ORIENTED_EDGE('',*,*,#881,.T.);
#1219=ORIENTED_EDGE('',*,*,#910,.T.);
#1220=ORIENTED_EDGE('',*,*,#815,.T.);
#1221=ORIENTED_EDGE('',*,*,#910,.F.);
#1222=ORIENTED_EDGE('',*,*,#885,.T.);
#1223=ORIENTED_EDGE('',*,*,#901,.T.);
#1224=ORIENTED_EDGE('',*,*,#816,.T.);
#1225=ORIENTED_EDGE('',*,*,#900,.T.);
#1226=ORIENTED_EDGE('',*,*,#768,.T.);
#1227=ORIENTED_EDGE('',*,*,#905,.T.);
#1228=ORIENTED_EDGE('',*,*,#817,.T.);
#1229=ORIENTED_EDGE('',*,*,#903,.T.);
#1230=ORIENTED_EDGE('',*,*,#771,.T.);
#1231=ORIENTED_EDGE('',*,*,#891,.T.);
#1232=ORIENTED_EDGE('',*,*,#911,.T.);
#1233=ORIENTED_EDGE('',*,*,#886,.T.);
#1234=ORIENTED_EDGE('',*,*,#769,.T.);
#1235=ORIENTED_EDGE('',*,*,#902,.T.);
#1236=ORIENTED_EDGE('',*,*,#884,.T.);
#1237=ORIENTED_EDGE('',*,*,#889,.T.);
#1238=ORIENTED_EDGE('',*,*,#770,.T.);
#1239=ORIENTED_EDGE('',*,*,#888,.T.);
#1240=ORIENTED_EDGE('',*,*,#806,.T.);
#1241=ORIENTED_EDGE('',*,*,#856,.F.);
#1242=ORIENTED_EDGE('',*,*,#794,.T.);
#1243=ORIENTED_EDGE('',*,*,#843,.F.);
#1244=ORIENTED_EDGE('',*,*,#825,.T.);
#1245=ORIENTED_EDGE('',*,*,#869,.F.);
#1246=ORIENTED_EDGE('',*,*,#912,.T.);
#1247=ORIENTED_EDGE('',*,*,#893,.F.);
#1248=ORIENTED_EDGE('',*,*,#882,.T.);
#1249=ORIENTED_EDGE('',*,*,#868,.F.);
#1250=ORIENTED_EDGE('',*,*,#913,.F.);
#1251=ORIENTED_EDGE('',*,*,#896,.F.);
#1252=ORIENTED_EDGE('',*,*,#912,.F.);
#1253=ORIENTED_EDGE('',*,*,#865,.F.);
#1254=ORIENTED_EDGE('',*,*,#914,.T.);
#1255=ORIENTED_EDGE('',*,*,#897,.F.);
#1256=ORIENTED_EDGE('',*,*,#913,.T.);
#1257=ORIENTED_EDGE('',*,*,#854,.F.);
#1258=ORIENTED_EDGE('',*,*,#877,.F.);
#1259=ORIENTED_EDGE('',*,*,#907,.F.);
#1260=ORIENTED_EDGE('',*,*,#911,.F.);
#1261=ORIENTED_EDGE('',*,*,#899,.F.);
#1262=ORIENTED_EDGE('',*,*,#914,.F.);
#1263=ORIENTED_EDGE('',*,*,#864,.F.);
#1264=ORIENTED_EDGE('',*,*,#862,.F.);
#1265=ORIENTED_EDGE('',*,*,#859,.F.);
#1266=ORIENTED_EDGE('',*,*,#857,.F.);
#1267=ORIENTED_EDGE('',*,*,#915,.T.);
#1268=ORIENTED_EDGE('',*,*,#916,.T.);
#1269=ORIENTED_EDGE('',*,*,#917,.T.);
#1270=ORIENTED_EDGE('',*,*,#916,.F.);
#1271=ORIENTED_EDGE('',*,*,#918,.F.);
#1272=ORIENTED_EDGE('',*,*,#919,.F.);
#1273=ORIENTED_EDGE('',*,*,#920,.F.);
#1274=ORIENTED_EDGE('',*,*,#921,.F.);
#1275=ORIENTED_EDGE('',*,*,#922,.F.);
#1276=ORIENTED_EDGE('',*,*,#923,.F.);
#1277=ORIENTED_EDGE('',*,*,#924,.F.);
#1278=ORIENTED_EDGE('',*,*,#915,.F.);
#1279=ORIENTED_EDGE('',*,*,#925,.F.);
#1280=ORIENTED_EDGE('',*,*,#926,.T.);
#1281=ORIENTED_EDGE('',*,*,#917,.F.);
#1282=ORIENTED_EDGE('',*,*,#926,.F.);
#1283=ORIENTED_EDGE('',*,*,#922,.T.);
#1284=ORIENTED_EDGE('',*,*,#927,.T.);
#1285=ORIENTED_EDGE('',*,*,#928,.T.);
#1286=ORIENTED_EDGE('',*,*,#927,.F.);
#1287=ORIENTED_EDGE('',*,*,#929,.F.);
#1288=ORIENTED_EDGE('',*,*,#930,.T.);
#1289=ORIENTED_EDGE('',*,*,#928,.F.);
#1290=ORIENTED_EDGE('',*,*,#930,.F.);
#1291=ORIENTED_EDGE('',*,*,#924,.T.);
#1292=ORIENTED_EDGE('',*,*,#931,.T.);
#1293=ORIENTED_EDGE('',*,*,#932,.T.);
#1294=ORIENTED_EDGE('',*,*,#931,.F.);
#1295=ORIENTED_EDGE('',*,*,#933,.F.);
#1296=ORIENTED_EDGE('',*,*,#934,.T.);
#1297=ORIENTED_EDGE('',*,*,#932,.F.);
#1298=ORIENTED_EDGE('',*,*,#934,.F.);
#1299=ORIENTED_EDGE('',*,*,#923,.T.);
#1300=ORIENTED_EDGE('',*,*,#935,.T.);
#1301=ORIENTED_EDGE('',*,*,#936,.T.);
#1302=ORIENTED_EDGE('',*,*,#935,.F.);
#1303=ORIENTED_EDGE('',*,*,#937,.F.);
#1304=ORIENTED_EDGE('',*,*,#938,.T.);
#1305=ORIENTED_EDGE('',*,*,#936,.F.);
#1306=ORIENTED_EDGE('',*,*,#938,.F.);
#1307=ORIENTED_EDGE('',*,*,#939,.T.);
#1308=ORIENTED_EDGE('',*,*,#940,.T.);
#1309=ORIENTED_EDGE('',*,*,#933,.T.);
#1310=ORIENTED_EDGE('',*,*,#940,.F.);
#1311=ORIENTED_EDGE('',*,*,#941,.F.);
#1312=ORIENTED_EDGE('',*,*,#942,.F.);
#1313=ORIENTED_EDGE('',*,*,#943,.F.);
#1314=ORIENTED_EDGE('',*,*,#944,.F.);
#1315=ORIENTED_EDGE('',*,*,#945,.F.);
#1316=ORIENTED_EDGE('',*,*,#946,.F.);
#1317=ORIENTED_EDGE('',*,*,#947,.F.);
#1318=ORIENTED_EDGE('',*,*,#939,.F.);
#1319=ORIENTED_EDGE('',*,*,#945,.T.);
#1320=ORIENTED_EDGE('',*,*,#948,.T.);
#1321=ORIENTED_EDGE('',*,*,#929,.T.);
#1322=ORIENTED_EDGE('',*,*,#948,.F.);
#1323=ORIENTED_EDGE('',*,*,#947,.T.);
#1324=ORIENTED_EDGE('',*,*,#949,.T.);
#1325=ORIENTED_EDGE('',*,*,#937,.T.);
#1326=ORIENTED_EDGE('',*,*,#949,.F.);
#1327=ORIENTED_EDGE('',*,*,#946,.T.);
#1328=ORIENTED_EDGE('',*,*,#950,.T.);
#1329=ORIENTED_EDGE('',*,*,#925,.T.);
#1330=ORIENTED_EDGE('',*,*,#950,.F.);
#1331=ORIENTED_EDGE('',*,*,#951,.T.);
#1332=ORIENTED_EDGE('',*,*,#918,.T.);
#1333=ORIENTED_EDGE('',*,*,#952,.T.);
#1334=ORIENTED_EDGE('',*,*,#953,.T.);
#1335=ORIENTED_EDGE('',*,*,#953,.F.);
#1336=ORIENTED_EDGE('',*,*,#954,.F.);
#1337=ORIENTED_EDGE('',*,*,#955,.F.);
#1338=ORIENTED_EDGE('',*,*,#956,.F.);
#1339=ORIENTED_EDGE('',*,*,#952,.F.);
#1340=ORIENTED_EDGE('',*,*,#921,.T.);
#1341=ORIENTED_EDGE('',*,*,#957,.F.);
#1342=ORIENTED_EDGE('',*,*,#958,.T.);
#1343=ORIENTED_EDGE('',*,*,#959,.F.);
#1344=ORIENTED_EDGE('',*,*,#942,.T.);
#1345=ORIENTED_EDGE('',*,*,#960,.F.);
#1346=ORIENTED_EDGE('',*,*,#954,.T.);
#1347=ORIENTED_EDGE('',*,*,#961,.T.);
#1348=ORIENTED_EDGE('',*,*,#955,.T.);
#1349=ORIENTED_EDGE('',*,*,#960,.T.);
#1350=ORIENTED_EDGE('',*,*,#941,.T.);
#1351=ORIENTED_EDGE('',*,*,#962,.T.);
#1352=ORIENTED_EDGE('',*,*,#963,.T.);
#1353=ORIENTED_EDGE('',*,*,#957,.T.);
#1354=ORIENTED_EDGE('',*,*,#920,.T.);
#1355=ORIENTED_EDGE('',*,*,#964,.T.);
#1356=ORIENTED_EDGE('',*,*,#943,.T.);
#1357=ORIENTED_EDGE('',*,*,#959,.T.);
#1358=ORIENTED_EDGE('',*,*,#965,.T.);
#1359=ORIENTED_EDGE('',*,*,#963,.F.);
#1360=ORIENTED_EDGE('',*,*,#966,.F.);
#1361=ORIENTED_EDGE('',*,*,#965,.F.);
#1362=ORIENTED_EDGE('',*,*,#958,.F.);
#1363=ORIENTED_EDGE('',*,*,#951,.F.);
#1364=ORIENTED_EDGE('',*,*,#956,.T.);
#1365=ORIENTED_EDGE('',*,*,#961,.F.);
#1366=ORIENTED_EDGE('',*,*,#944,.T.);
#1367=ORIENTED_EDGE('',*,*,#964,.F.);
#1368=ORIENTED_EDGE('',*,*,#966,.T.);
#1369=ORIENTED_EDGE('',*,*,#962,.F.);
#1370=ORIENTED_EDGE('',*,*,#919,.T.);
#1371=CONICAL_SURFACE('',#1531,2.,0.785398163397451);
#1372=CONICAL_SURFACE('',#1540,2.,0.785398163397451);
#1373=CONICAL_SURFACE('',#1544,2.,0.785398163397451);
#1374=CONICAL_SURFACE('',#1548,2.,0.785398163397451);
#1375=CONICAL_SURFACE('',#1552,2.,0.785398163397451);
#1376=CONICAL_SURFACE('',#1558,2.,0.785398163397451);
#1377=CONICAL_SURFACE('',#1559,2.,0.785398163397451);
#1378=CONICAL_SURFACE('',#1560,2.,0.785398163397451);
#1379=CONICAL_SURFACE('',#1565,4.,0.785398163397449);
#1380=CONICAL_SURFACE('',#1573,4.,0.785398163397448);
#1381=CONICAL_SURFACE('',#1581,4.,0.785398163397448);
#1382=CONICAL_SURFACE('',#1582,4.,0.785398163397448);
#1383=CONICAL_SURFACE('',#1588,1.5,0.785398163397446);
#1384=CONICAL_SURFACE('',#1592,7.5,0.785398163397449);
#1385=CONICAL_SURFACE('',#1595,7.5,0.785398163397448);
#1386=CONICAL_SURFACE('',#1598,1.5,0.785398163397448);
#1387=CONICAL_SURFACE('',#1602,1.5,0.785398163397444);
#1388=CONICAL_SURFACE('',#1606,7.5,0.785398163397448);
#1389=CONICAL_SURFACE('',#1609,7.5,0.785398163397449);
#1390=CONICAL_SURFACE('',#1612,1.5,0.785398163397451);
#1391=CONICAL_SURFACE('',#1625,7.5,0.785398163397448);
#1392=CONICAL_SURFACE('',#1628,7.5,0.785398163397448);
#1393=CONICAL_SURFACE('',#1634,7.5,0.785398163397447);
#1394=CONICAL_SURFACE('',#1636,7.5,0.785398163397448);
#1395=CONICAL_SURFACE('',#1649,2.,0.785398163397448);
#1396=CONICAL_SURFACE('',#1658,2.,0.785398163397448);
#1397=CONICAL_SURFACE('',#1662,2.,0.785398163397448);
#1398=CONICAL_SURFACE('',#1666,2.,0.785398163397448);
#1399=CONICAL_SURFACE('',#1670,2.,0.78539816339745);
#1400=CONICAL_SURFACE('',#1676,2.,0.78539816339745);
#1401=CONICAL_SURFACE('',#1677,2.,0.78539816339745);
#1402=CONICAL_SURFACE('',#1678,2.,0.78539816339745);
#1403=ADVANCED_FACE('',(#109),#1371,.F.);
#1404=ADVANCED_FACE('',(#110,#47,#48,#49,#50),#67,.T.);
#1405=ADVANCED_FACE('',(#111),#31,.F.);
#1406=ADVANCED_FACE('',(#112),#1372,.F.);
#1407=ADVANCED_FACE('',(#113),#32,.F.);
#1408=ADVANCED_FACE('',(#114),#1373,.F.);
#1409=ADVANCED_FACE('',(#115),#33,.F.);
#1410=ADVANCED_FACE('',(#116),#1374,.F.);
#1411=ADVANCED_FACE('',(#117),#34,.F.);
#1412=ADVANCED_FACE('',(#118),#1375,.F.);
#1413=ADVANCED_FACE('',(#119,#51,#52,#53,#54),#68,.F.);
#1414=ADVANCED_FACE('',(#120),#1376,.F.);
#1415=ADVANCED_FACE('',(#121),#1377,.F.);
#1416=ADVANCED_FACE('',(#122),#1378,.F.);
#1417=ADVANCED_FACE('',(#123,#55),#69,.T.);
#1418=ADVANCED_FACE('',(#124),#1379,.F.);
#1419=ADVANCED_FACE('',(#125),#35,.F.);
#1420=ADVANCED_FACE('',(#126,#56),#70,.T.);
#1421=ADVANCED_FACE('',(#127),#1380,.F.);
#1422=ADVANCED_FACE('',(#128),#36,.F.);
#1423=ADVANCED_FACE('',(#129,#57),#71,.F.);
#1424=ADVANCED_FACE('',(#130),#1381,.F.);
#1425=ADVANCED_FACE('',(#131),#1382,.F.);
#1426=ADVANCED_FACE('',(#132,#58),#72,.F.);
#1427=ADVANCED_FACE('',(#133),#73,.T.);
#1428=ADVANCED_FACE('',(#134),#1383,.F.);
#1429=ADVANCED_FACE('',(#135),#74,.T.);
#1430=ADVANCED_FACE('',(#136),#1384,.T.);
#1431=ADVANCED_FACE('',(#137),#75,.T.);
#1432=ADVANCED_FACE('',(#138),#1385,.T.);
#1433=ADVANCED_FACE('',(#139),#76,.T.);
#1434=ADVANCED_FACE('',(#140),#1386,.F.);
#1435=ADVANCED_FACE('',(#141),#77,.T.);
#1436=ADVANCED_FACE('',(#142),#1387,.F.);
#1437=ADVANCED_FACE('',(#143),#78,.T.);
#1438=ADVANCED_FACE('',(#144),#1388,.T.);
#1439=ADVANCED_FACE('',(#145),#79,.T.);
#1440=ADVANCED_FACE('',(#146),#1389,.T.);
#1441=ADVANCED_FACE('',(#147),#80,.T.);
#1442=ADVANCED_FACE('',(#148),#1390,.F.);
#1443=ADVANCED_FACE('',(#149),#37,.T.);
#1444=ADVANCED_FACE('',(#150),#81,.T.);
#1445=ADVANCED_FACE('',(#151),#38,.T.);
#1446=ADVANCED_FACE('',(#152),#82,.T.);
#1447=ADVANCED_FACE('',(#153),#39,.F.);
#1448=ADVANCED_FACE('',(#154),#83,.T.);
#1449=ADVANCED_FACE('',(#155),#84,.T.);
#1450=ADVANCED_FACE('',(#156),#85,.T.);
#1451=ADVANCED_FACE('',(#157),#1391,.T.);
#1452=ADVANCED_FACE('',(#158),#86,.T.);
#1453=ADVANCED_FACE('',(#159),#1392,.T.);
#1454=ADVANCED_FACE('',(#160),#87,.T.);
#1455=ADVANCED_FACE('',(#161),#88,.T.);
#1456=ADVANCED_FACE('',(#162),#89,.T.);
#1457=ADVANCED_FACE('',(#163),#90,.T.);
#1458=ADVANCED_FACE('',(#164),#1393,.T.);
#1459=ADVANCED_FACE('',(#165),#91,.T.);
#1460=ADVANCED_FACE('',(#166),#1394,.T.);
#1461=ADVANCED_FACE('',(#167),#92,.T.);
#1462=ADVANCED_FACE('',(#168),#93,.T.);
#1463=ADVANCED_FACE('',(#169),#94,.T.);
#1464=ADVANCED_FACE('',(#170),#95,.T.);
#1465=ADVANCED_FACE('',(#171),#96,.T.);
#1466=ADVANCED_FACE('',(#172),#40,.F.);
#1467=ADVANCED_FACE('',(#173),#41,.T.);
#1468=ADVANCED_FACE('',(#174),#97,.T.);
#1469=ADVANCED_FACE('',(#175),#42,.T.);
#1470=ADVANCED_FACE('',(#176),#98,.T.);
#1471=ADVANCED_FACE('',(#177),#1395,.F.);
#1472=ADVANCED_FACE('',(#178,#59,#60,#61,#62),#99,.T.);
#1473=ADVANCED_FACE('',(#179),#43,.F.);
#1474=ADVANCED_FACE('',(#180),#1396,.F.);
#1475=ADVANCED_FACE('',(#181),#44,.F.);
#1476=ADVANCED_FACE('',(#182),#1397,.F.);
#1477=ADVANCED_FACE('',(#183),#45,.F.);
#1478=ADVANCED_FACE('',(#184),#1398,.F.);
#1479=ADVANCED_FACE('',(#185),#46,.F.);
#1480=ADVANCED_FACE('',(#186),#1399,.F.);
#1481=ADVANCED_FACE('',(#187,#63,#64,#65,#66),#100,.T.);
#1482=ADVANCED_FACE('',(#188),#1400,.F.);
#1483=ADVANCED_FACE('',(#189),#1401,.F.);
#1484=ADVANCED_FACE('',(#190),#1402,.F.);
#1485=ADVANCED_FACE('',(#191),#101,.T.);
#1486=ADVANCED_FACE('',(#192),#102,.T.);
#1487=ADVANCED_FACE('',(#193),#103,.F.);
#1488=ADVANCED_FACE('',(#194),#104,.T.);
#1489=ADVANCED_FACE('',(#195),#105,.T.);
#1490=ADVANCED_FACE('',(#196),#106,.T.);
#1491=ADVANCED_FACE('',(#197),#107,.T.);
#1492=ADVANCED_FACE('',(#198),#108,.F.);
#1493=CLOSED_SHELL('',(#1403,#1404,#1405,#1406,#1407,#1408,#1409,#1410,
#1411,#1412,#1413,#1414,#1415,#1416,#1417,#1418,#1419,#1420,#1421,#1422,
#1423,#1424,#1425,#1426,#1427,#1428,#1429,#1430,#1431,#1432,#1433,#1434,
#1435,#1436,#1437,#1438,#1439,#1440,#1441,#1442,#1443,#1444,#1445,#1446,
#1447,#1448,#1449,#1450,#1451,#1452,#1453,#1454,#1455,#1456,#1457,#1458,
#1459,#1460,#1461,#1462,#1463,#1464,#1465,#1466,#1467,#1468,#1469,#1470));
#1494=CLOSED_SHELL('',(#1471,#1472,#1473,#1474,#1475,#1476,#1477,#1478,
#1479,#1480,#1481,#1482,#1483,#1484,#1485,#1486,#1487,#1488,#1489,#1490,
#1491,#1492));
#1495=DERIVED_UNIT_ELEMENT(#1501,1.);
#1496=DERIVED_UNIT_ELEMENT(#2576,-3.);
#1497=DERIVED_UNIT_ELEMENT(#1501,1.);
#1498=DERIVED_UNIT_ELEMENT(#2576,-3.);
#1499=DERIVED_UNIT_ELEMENT(#1501,1.);
#1500=DERIVED_UNIT_ELEMENT(#2576,-3.);
#1501=(
MASS_UNIT()
NAMED_UNIT(*)
SI_UNIT(.KILO.,.GRAM.)
);
#1502=DERIVED_UNIT((#1495,#1496));
#1503=DERIVED_UNIT((#1497,#1498));
#1504=DERIVED_UNIT((#1499,#1500));
#1505=MEASURE_REPRESENTATION_ITEM('density measure',
POSITIVE_RATIO_MEASURE(7850.),#1502);
#1506=MEASURE_REPRESENTATION_ITEM('density measure',
POSITIVE_RATIO_MEASURE(7850.),#1503);
#1507=MEASURE_REPRESENTATION_ITEM('density measure',
POSITIVE_RATIO_MEASURE(7850.),#1504);
#1508=PROPERTY_DEFINITION_REPRESENTATION(#1523,#1514);
#1509=PROPERTY_DEFINITION_REPRESENTATION(#1524,#1515);
#1510=PROPERTY_DEFINITION_REPRESENTATION(#1525,#1516);
#1511=PROPERTY_DEFINITION_REPRESENTATION(#1526,#1517);
#1512=PROPERTY_DEFINITION_REPRESENTATION(#1527,#1518);
#1513=PROPERTY_DEFINITION_REPRESENTATION(#1528,#1519);
#1514=REPRESENTATION('material name',(#1520),#2571);
#1515=REPRESENTATION('density',(#1505),#2571);
#1516=REPRESENTATION('material name',(#1521),#2572);
#1517=REPRESENTATION('density',(#1506),#2572);
#1518=REPRESENTATION('material name',(#1522),#2573);
#1519=REPRESENTATION('density',(#1507),#2573);
#1520=DESCRIPTIVE_REPRESENTATION_ITEM('Steel','Steel');
#1521=DESCRIPTIVE_REPRESENTATION_ITEM('Steel','Steel');
#1522=DESCRIPTIVE_REPRESENTATION_ITEM('Steel','Steel');
#1523=PROPERTY_DEFINITION('material property','material name',#2596);
#1524=PROPERTY_DEFINITION('material property','density of part',#2596);
#1525=PROPERTY_DEFINITION('material property','material name',#2597);
#1526=PROPERTY_DEFINITION('material property','density of part',#2597);
#1527=PROPERTY_DEFINITION('material property','material name',#2598);
#1528=PROPERTY_DEFINITION('material property','density of part',#2598);
#1529=AXIS2_PLACEMENT_3D('',#2150,#1690,#1691);
#1530=AXIS2_PLACEMENT_3D('',#2151,#1692,#1693);
#1531=AXIS2_PLACEMENT_3D('',#2152,#1694,#1695);
#1532=AXIS2_PLACEMENT_3D('',#2154,#1696,#1697);
#1533=AXIS2_PLACEMENT_3D('',#2157,#1699,#1700);
#1534=AXIS2_PLACEMENT_3D('',#2158,#1701,#1702);
#1535=AXIS2_PLACEMENT_3D('',#2168,#1707,#1708);
#1536=AXIS2_PLACEMENT_3D('',#2170,#1709,#1710);
#1537=AXIS2_PLACEMENT_3D('',#2172,#1711,#1712);
#1538=AXIS2_PLACEMENT_3D('',#2173,#1713,#1714);
#1539=AXIS2_PLACEMENT_3D('',#2176,#1716,#1717);
#1540=AXIS2_PLACEMENT_3D('',#2177,#1718,#1719);
#1541=AXIS2_PLACEMENT_3D('',#2180,#1721,#1722);
#1542=AXIS2_PLACEMENT_3D('',#2181,#1723,#1724);
#1543=AXIS2_PLACEMENT_3D('',#2184,#1726,#1727);
#1544=AXIS2_PLACEMENT_3D('',#2185,#1728,#1729);
#1545=AXIS2_PLACEMENT_3D('',#2188,#1731,#1732);
#1546=AXIS2_PLACEMENT_3D('',#2189,#1733,#1734);
#1547=AXIS2_PLACEMENT_3D('',#2192,#1736,#1737);
#1548=AXIS2_PLACEMENT_3D('',#2193,#1738,#1739);
#1549=AXIS2_PLACEMENT_3D('',#2196,#1741,#1742);
#1550=AXIS2_PLACEMENT_3D('',#2197,#1743,#1744);
#1551=AXIS2_PLACEMENT_3D('',#2200,#1746,#1747);
#1552=AXIS2_PLACEMENT_3D('',#2201,#1748,#1749);
#1553=AXIS2_PLACEMENT_3D('',#2204,#1751,#1752);
#1554=AXIS2_PLACEMENT_3D('',#2205,#1753,#1754);
#1555=AXIS2_PLACEMENT_3D('',#2215,#1759,#1760);
#1556=AXIS2_PLACEMENT_3D('',#2217,#1761,#1762);
#1557=AXIS2_PLACEMENT_3D('',#2219,#1763,#1764);
#1558=AXIS2_PLACEMENT_3D('',#2220,#1765,#1766);
#1559=AXIS2_PLACEMENT_3D('',#2222,#1768,#1769);
#1560=AXIS2_PLACEMENT_3D('',#2224,#1771,#1772);
#1561=AXIS2_PLACEMENT_3D('',#2226,#1774,#1775);
#1562=AXIS2_PLACEMENT_3D('',#2231,#1777,#1778);
#1563=AXIS2_PLACEMENT_3D('',#2235,#1780,#1781);
#1564=AXIS2_PLACEMENT_3D('',#2240,#1784,#1785);
#1565=AXIS2_PLACEMENT_3D('',#2241,#1786,#1787);
#1566=AXIS2_PLACEMENT_3D('',#2243,#1788,#1789);
#1567=AXIS2_PLACEMENT_3D('',#2245,#1791,#1792);
#1568=AXIS2_PLACEMENT_3D('',#2248,#1794,#1795);
#1569=AXIS2_PLACEMENT_3D('',#2249,#1796,#1797);
#1570=AXIS2_PLACEMENT_3D('',#2254,#1799,#1800);
#1571=AXIS2_PLACEMENT_3D('',#2258,#1802,#1803);
#1572=AXIS2_PLACEMENT_3D('',#2263,#1806,#1807);
#1573=AXIS2_PLACEMENT_3D('',#2264,#1808,#1809);
#1574=AXIS2_PLACEMENT_3D('',#2266,#1810,#1811);
#1575=AXIS2_PLACEMENT_3D('',#2269,#1813,#1814);
#1576=AXIS2_PLACEMENT_3D('',#2270,#1815,#1816);
#1577=AXIS2_PLACEMENT_3D('',#2272,#1817,#1818);
#1578=AXIS2_PLACEMENT_3D('',#2274,#1820,#1821);
#1579=AXIS2_PLACEMENT_3D('',#2283,#1825,#1826);
#1580=AXIS2_PLACEMENT_3D('',#2286,#1828,#1829);
#1581=AXIS2_PLACEMENT_3D('',#2287,#1830,#1831);
#1582=AXIS2_PLACEMENT_3D('',#2289,#1833,#1834);
#1583=AXIS2_PLACEMENT_3D('',#2292,#1836,#1837);
#1584=AXIS2_PLACEMENT_3D('',#2293,#1838,#1839);
#1585=AXIS2_PLACEMENT_3D('',#2298,#1841,#1842);
#1586=AXIS2_PLACEMENT_3D('',#2302,#1844,#1845);
#1587=AXIS2_PLACEMENT_3D('',#2306,#1848,#1849);
#1588=AXIS2_PLACEMENT_3D('',#2312,#1853,#1854);
#1589=AXIS2_PLACEMENT_3D('',#2315,#1856,#1857);
#1590=AXIS2_PLACEMENT_3D('',#2316,#1858,#1859);
#1591=AXIS2_PLACEMENT_3D('',#2317,#1860,#1861);
#1592=AXIS2_PLACEMENT_3D('',#2321,#1864,#1865);
#1593=AXIS2_PLACEMENT_3D('',#2323,#1866,#1867);
#1594=AXIS2_PLACEMENT_3D('',#2325,#1869,#1870);
#1595=AXIS2_PLACEMENT_3D('',#2329,#1873,#1874);
#1596=AXIS2_PLACEMENT_3D('',#2331,#1875,#1876);
#1597=AXIS2_PLACEMENT_3D('',#2333,#1878,#1879);
#1598=AXIS2_PLACEMENT_3D('',#2337,#1882,#1883);
#1599=AXIS2_PLACEMENT_3D('',#2340,#1885,#1886);
#1600=AXIS2_PLACEMENT_3D('',#2341,#1887,#1888);
#1601=AXIS2_PLACEMENT_3D('',#2342,#1889,#1890);
#1602=AXIS2_PLACEMENT_3D('',#2346,#1893,#1894);
#1603=AXIS2_PLACEMENT_3D('',#2349,#1896,#1897);
#1604=AXIS2_PLACEMENT_3D('',#2350,#1898,#1899);
#1605=AXIS2_PLACEMENT_3D('',#2351,#1900,#1901);
#1606=AXIS2_PLACEMENT_3D('',#2355,#1904,#1905);
#1607=AXIS2_PLACEMENT_3D('',#2357,#1906,#1907);
#1608=AXIS2_PLACEMENT_3D('',#2359,#1909,#1910);
#1609=AXIS2_PLACEMENT_3D('',#2363,#1913,#1914);
#1610=AXIS2_PLACEMENT_3D('',#2365,#1915,#1916);
#1611=AXIS2_PLACEMENT_3D('',#2367,#1918,#1919);
#1612=AXIS2_PLACEMENT_3D('',#2371,#1922,#1923);
#1613=AXIS2_PLACEMENT_3D('',#2372,#1924,#1925);
#1614=AXIS2_PLACEMENT_3D('',#2373,#1926,#1927);
#1615=AXIS2_PLACEMENT_3D('',#2374,#1928,#1929);
#1616=AXIS2_PLACEMENT_3D('',#2378,#1931,#1932);
#1617=AXIS2_PLACEMENT_3D('',#2380,#1934,#1935);
#1618=AXIS2_PLACEMENT_3D('',#2384,#1938,#1939);
#1619=AXIS2_PLACEMENT_3D('',#2387,#1941,#1942);
#1620=AXIS2_PLACEMENT_3D('',#2388,#1943,#1944);
#1621=AXIS2_PLACEMENT_3D('',#2396,#1949,#1950);
#1622=AXIS2_PLACEMENT_3D('',#2397,#1951,#1952);
#1623=AXIS2_PLACEMENT_3D('',#2401,#1956,#1957);
#1624=AXIS2_PLACEMENT_3D('',#2406,#1961,#1962);
#1625=AXIS2_PLACEMENT_3D('',#2408,#1964,#1965);
#1626=AXIS2_PLACEMENT_3D('',#2410,#1966,#1967);
#1627=AXIS2_PLACEMENT_3D('',#2412,#1969,#1970);
#1628=AXIS2_PLACEMENT_3D('',#2416,#1973,#1974);
#1629=AXIS2_PLACEMENT_3D('',#2418,#1975,#1976);
#1630=AXIS2_PLACEMENT_3D('',#2420,#1978,#1979);
#1631=AXIS2_PLACEMENT_3D('',#2422,#1981,#1982);
#1632=AXIS2_PLACEMENT_3D('',#2426,#1986,#1987);
#1633=AXIS2_PLACEMENT_3D('',#2431,#1991,#1992);
#1634=AXIS2_PLACEMENT_3D('',#2434,#1995,#1996);
#1635=AXIS2_PLACEMENT_3D('',#2436,#1998,#1999);
#1636=AXIS2_PLACEMENT_3D('',#2438,#2001,#2002);
#1637=AXIS2_PLACEMENT_3D('',#2440,#2004,#2005);
#1638=AXIS2_PLACEMENT_3D('',#2441,#2006,#2007);
#1639=AXIS2_PLACEMENT_3D('',#2442,#2008,#2009);
#1640=AXIS2_PLACEMENT_3D('',#2444,#2011,#2012);
#1641=AXIS2_PLACEMENT_3D('',#2445,#2013,#2014);
#1642=AXIS2_PLACEMENT_3D('',#2446,#2015,#2016);
#1643=AXIS2_PLACEMENT_3D('',#2447,#2017,#2018);
#1644=AXIS2_PLACEMENT_3D('',#2449,#2020,#2021);
#1645=AXIS2_PLACEMENT_3D('',#2451,#2023,#2024);
#1646=AXIS2_PLACEMENT_3D('',#2453,#2026,#2027);
#1647=AXIS2_PLACEMENT_3D('',#2454,#2028,#2029);
#1648=AXIS2_PLACEMENT_3D('',#2455,#2030,#2031);
#1649=AXIS2_PLACEMENT_3D('',#2456,#2032,#2033);
#1650=AXIS2_PLACEMENT_3D('',#2458,#2034,#2035);
#1651=AXIS2_PLACEMENT_3D('',#2461,#2037,#2038);
#1652=AXIS2_PLACEMENT_3D('',#2462,#2039,#2040);
#1653=AXIS2_PLACEMENT_3D('',#2472,#2045,#2046);
#1654=AXIS2_PLACEMENT_3D('',#2474,#2047,#2048);
#1655=AXIS2_PLACEMENT_3D('',#2476,#2049,#2050);
#1656=AXIS2_PLACEMENT_3D('',#2477,#2051,#2052);
#1657=AXIS2_PLACEMENT_3D('',#2479,#2053,#2054);
#1658=AXIS2_PLACEMENT_3D('',#2481,#2056,#2057);
#1659=AXIS2_PLACEMENT_3D('',#2484,#2059,#2060);
#1660=AXIS2_PLACEMENT_3D('',#2485,#2061,#2062);
#1661=AXIS2_PLACEMENT_3D('',#2487,#2063,#2064);
#1662=AXIS2_PLACEMENT_3D('',#2489,#2066,#2067);
#1663=AXIS2_PLACEMENT_3D('',#2492,#2069,#2070);
#1664=AXIS2_PLACEMENT_3D('',#2493,#2071,#2072);
#1665=AXIS2_PLACEMENT_3D('',#2495,#2073,#2074);
#1666=AXIS2_PLACEMENT_3D('',#2497,#2076,#2077);
#1667=AXIS2_PLACEMENT_3D('',#2500,#2079,#2080);
#1668=AXIS2_PLACEMENT_3D('',#2501,#2081,#2082);
#1669=AXIS2_PLACEMENT_3D('',#2503,#2083,#2084);
#1670=AXIS2_PLACEMENT_3D('',#2505,#2086,#2087);
#1671=AXIS2_PLACEMENT_3D('',#2507,#2088,#2089);
#1672=AXIS2_PLACEMENT_3D('',#2509,#2091,#2092);
#1673=AXIS2_PLACEMENT_3D('',#2519,#2097,#2098);
#1674=AXIS2_PLACEMENT_3D('',#2521,#2099,#2100);
#1675=AXIS2_PLACEMENT_3D('',#2523,#2101,#2102);
#1676=AXIS2_PLACEMENT_3D('',#2524,#2103,#2104);
#1677=AXIS2_PLACEMENT_3D('',#2526,#2106,#2107);
#1678=AXIS2_PLACEMENT_3D('',#2528,#2109,#2110);
#1679=AXIS2_PLACEMENT_3D('',#2530,#2112,#2113);
#1680=AXIS2_PLACEMENT_3D('',#2536,#2117,#2118);
#1681=AXIS2_PLACEMENT_3D('',#2542,#2122,#2123);
#1682=AXIS2_PLACEMENT_3D('',#2549,#2128,#2129);
#1683=AXIS2_PLACEMENT_3D('',#2551,#2131,#2132);
#1684=AXIS2_PLACEMENT_3D('',#2555,#2135,#2136);
#1685=AXIS2_PLACEMENT_3D('',#2559,#2139,#2140);
#1686=AXIS2_PLACEMENT_3D('',#2561,#2142,#2143);
#1687=AXIS2_PLACEMENT_3D('',#2562,#2144,#2145);
#1688=AXIS2_PLACEMENT_3D('',#2563,#2146,#2147);
#1689=AXIS2_PLACEMENT_3D('',#2564,#2148,#2149);
#1690=DIRECTION('axis',(0.,0.,1.));
#1691=DIRECTION('refdir',(1.,0.,0.));
#1692=DIRECTION('axis',(0.,0.,1.));
#1693=DIRECTION('refdir',(1.,0.,0.));
#1694=DIRECTION('center_axis',(0.,0.,1.));
#1695=DIRECTION('ref_axis',(1.,0.,0.));
#1696=DIRECTION('center_axis',(0.,0.,1.));
#1697=DIRECTION('ref_axis',(1.,0.,0.));
#1698=DIRECTION('',(0.707106781186549,8.65956056235495E-17,-0.707106781186546));
#1699=DIRECTION('center_axis',(0.,0.,-1.));
#1700=DIRECTION('ref_axis',(1.,0.,0.));
#1701=DIRECTION('center_axis',(0.,0.,1.));
#1702=DIRECTION('ref_axis',(1.,0.,0.));
#1703=DIRECTION('',(0.,-1.,0.));
#1704=DIRECTION('',(1.,0.,0.));
#1705=DIRECTION('',(0.,1.,0.));
#1706=DIRECTION('',(-1.,0.,0.));
#1707=DIRECTION('center_axis',(0.,0.,1.));
#1708=DIRECTION('ref_axis',(1.,0.,0.));
#1709=DIRECTION('center_axis',(0.,0.,1.));
#1710=DIRECTION('ref_axis',(1.,0.,0.));
#1711=DIRECTION('center_axis',(0.,0.,1.));
#1712=DIRECTION('ref_axis',(1.,0.,0.));
#1713=DIRECTION('center_axis',(0.,0.,1.));
#1714=DIRECTION('ref_axis',(1.,0.,0.));
#1715=DIRECTION('',(0.,0.,-1.));
#1716=DIRECTION('center_axis',(0.,0.,1.));
#1717=DIRECTION('ref_axis',(1.,0.,0.));
#1718=DIRECTION('center_axis',(0.,0.,1.));
#1719=DIRECTION('ref_axis',(1.,0.,0.));
#1720=DIRECTION('',(0.707106781186549,8.65956056235495E-17,-0.707106781186546));
#1721=DIRECTION('center_axis',(0.,0.,-1.));
#1722=DIRECTION('ref_axis',(1.,0.,0.));
#1723=DIRECTION('center_axis',(0.,0.,1.));
#1724=DIRECTION('ref_axis',(1.,0.,0.));
#1725=DIRECTION('',(0.,0.,-1.));
#1726=DIRECTION('center_axis',(0.,0.,1.));
#1727=DIRECTION('ref_axis',(1.,0.,0.));
#1728=DIRECTION('center_axis',(0.,0.,1.));
#1729=DIRECTION('ref_axis',(1.,0.,0.));
#1730=DIRECTION('',(0.707106781186549,8.65956056235495E-17,-0.707106781186546));
#1731=DIRECTION('center_axis',(0.,0.,-1.));
#1732=DIRECTION('ref_axis',(1.,0.,0.));
#1733=DIRECTION('center_axis',(0.,0.,1.));
#1734=DIRECTION('ref_axis',(1.,0.,0.));
#1735=DIRECTION('',(0.,0.,-1.));
#1736=DIRECTION('center_axis',(0.,0.,1.));
#1737=DIRECTION('ref_axis',(1.,0.,0.));
#1738=DIRECTION('center_axis',(0.,0.,1.));
#1739=DIRECTION('ref_axis',(1.,0.,0.));
#1740=DIRECTION('',(0.707106781186549,8.65956056235495E-17,-0.707106781186546));
#1741=DIRECTION('center_axis',(0.,0.,-1.));
#1742=DIRECTION('ref_axis',(1.,0.,0.));
#1743=DIRECTION('center_axis',(0.,0.,1.));
#1744=DIRECTION('ref_axis',(1.,0.,0.));
#1745=DIRECTION('',(0.,0.,-1.));
#1746=DIRECTION('center_axis',(0.,0.,1.));
#1747=DIRECTION('ref_axis',(1.,0.,0.));
#1748=DIRECTION('center_axis',(0.,0.,-1.));
#1749=DIRECTION('ref_axis',(1.,0.,0.));
#1750=DIRECTION('',(-0.707106781186549,-8.65956056235495E-17,-0.707106781186546));
#1751=DIRECTION('center_axis',(0.,0.,-1.));
#1752=DIRECTION('ref_axis',(1.,0.,0.));
#1753=DIRECTION('center_axis',(0.,0.,1.));
#1754=DIRECTION('ref_axis',(1.,0.,0.));
#1755=DIRECTION('',(1.,0.,0.));
#1756=DIRECTION('',(-1.22464679914735E-16,-1.,0.));
#1757=DIRECTION('',(-1.,0.,0.));
#1758=DIRECTION('',(0.,1.,0.));
#1759=DIRECTION('center_axis',(0.,0.,-1.));
#1760=DIRECTION('ref_axis',(1.,0.,0.));
#1761=DIRECTION('center_axis',(0.,0.,-1.));
#1762=DIRECTION('ref_axis',(1.,0.,0.));
#1763=DIRECTION('center_axis',(0.,0.,-1.));
#1764=DIRECTION('ref_axis',(1.,0.,0.));
#1765=DIRECTION('center_axis',(0.,0.,-1.));
#1766=DIRECTION('ref_axis',(1.,0.,0.));
#1767=DIRECTION('',(-0.707106781186549,-8.65956056235495E-17,-0.707106781186546));
#1768=DIRECTION('center_axis',(0.,0.,-1.));
#1769=DIRECTION('ref_axis',(1.,0.,0.));
#1770=DIRECTION('',(-0.707106781186549,-8.65956056235495E-17,-0.707106781186546));
#1771=DIRECTION('center_axis',(0.,0.,-1.));
#1772=DIRECTION('ref_axis',(1.,0.,0.));
#1773=DIRECTION('',(-0.707106781186549,-8.65956056235495E-17,-0.707106781186546));
#1774=DIRECTION('center_axis',(-1.,0.,0.));
#1775=DIRECTION('ref_axis',(0.,-1.,0.));
#1776=DIRECTION('',(0.,4.48574959444508E-17,1.));
#1777=DIRECTION('center_axis',(1.,0.,0.));
#1778=DIRECTION('ref_axis',(0.,0.707106781186548,-0.707106781186548));
#1779=DIRECTION('',(0.,1.,0.));
#1780=DIRECTION('center_axis',(1.,0.,0.));
#1781=DIRECTION('ref_axis',(0.,-0.707106781186548,-0.707106781186548));
#1782=DIRECTION('',(0.,4.48574959444508E-17,-1.));
#1783=DIRECTION('',(0.,-1.,0.));
#1784=DIRECTION('center_axis',(-1.,0.,0.));
#1785=DIRECTION('ref_axis',(0.,-1.,0.));
#1786=DIRECTION('center_axis',(-1.,0.,0.));
#1787=DIRECTION('ref_axis',(-1.22464679914735E-16,-1.,0.));
#1788=DIRECTION('center_axis',(1.,-1.22464679914735E-16,0.));
#1789=DIRECTION('ref_axis',(-1.22464679914735E-16,-1.,0.));
#1790=DIRECTION('',(-0.707106781186547,0.707106781186548,8.65956056235493E-17));
#1791=DIRECTION('center_axis',(-1.,1.22464679914735E-16,0.));
#1792=DIRECTION('ref_axis',(-1.22464679914735E-16,-1.,0.));
#1793=DIRECTION('',(1.,-1.22464679914735E-16,0.));
#1794=DIRECTION('center_axis',(-1.,1.22464679914735E-16,0.));
#1795=DIRECTION('ref_axis',(-1.22464679914735E-16,-1.,0.));
#1796=DIRECTION('center_axis',(1.,0.,0.));
#1797=DIRECTION('ref_axis',(0.,1.,0.));
#1798=DIRECTION('',(0.,-4.48574959444508E-17,1.));
#1799=DIRECTION('center_axis',(-1.,0.,0.));
#1800=DIRECTION('ref_axis',(0.,-0.707106781186548,-0.707106781186547));
#1801=DIRECTION('',(0.,-1.,0.));
#1802=DIRECTION('center_axis',(-1.,0.,0.));
#1803=DIRECTION('ref_axis',(0.,0.707106781186548,-0.707106781186547));
#1804=DIRECTION('',(0.,-4.48574959444508E-17,-1.));
#1805=DIRECTION('',(0.,1.,0.));
#1806=DIRECTION('center_axis',(1.,0.,0.));
#1807=DIRECTION('ref_axis',(0.,1.,0.));
#1808=DIRECTION('center_axis',(-1.,0.,0.));
#1809=DIRECTION('ref_axis',(0.,1.,0.));
#1810=DIRECTION('center_axis',(1.,0.,0.));
#1811=DIRECTION('ref_axis',(0.,1.,0.));
#1812=DIRECTION('',(-0.707106781186548,-0.707106781186548,-8.65956056235493E-17));
#1813=DIRECTION('center_axis',(-1.,0.,0.));
#1814=DIRECTION('ref_axis',(0.,1.,0.));
#1815=DIRECTION('center_axis',(1.,0.,0.));
#1816=DIRECTION('ref_axis',(0.,1.,0.));
#1817=DIRECTION('center_axis',(-1.,0.,0.));
#1818=DIRECTION('ref_axis',(0.,1.,0.));
#1819=DIRECTION('',(-1.,0.,0.));
#1820=DIRECTION('center_axis',(1.,0.,0.));
#1821=DIRECTION('ref_axis',(0.,1.,0.));
#1822=DIRECTION('',(0.,4.48574959444508E-17,-1.));
#1823=DIRECTION('',(0.,-1.,0.));
#1824=DIRECTION('',(0.,4.48574959444508E-17,1.));
#1825=DIRECTION('center_axis',(1.,0.,0.));
#1826=DIRECTION('ref_axis',(0.,0.707106781186548,-0.707106781186547));
#1827=DIRECTION('',(0.,1.,0.));
#1828=DIRECTION('center_axis',(1.,0.,0.));
#1829=DIRECTION('ref_axis',(0.,-0.707106781186548,-0.707106781186547));
#1830=DIRECTION('center_axis',(1.,0.,0.));
#1831=DIRECTION('ref_axis',(0.,1.,0.));
#1832=DIRECTION('',(0.707106781186548,-0.707106781186548,8.65956056235493E-17));
#1833=DIRECTION('center_axis',(1.,0.,0.));
#1834=DIRECTION('ref_axis',(-1.22464679914735E-16,-1.,0.));
#1835=DIRECTION('',(0.707106781186548,0.707106781186547,-8.65956056235494E-17));
#1836=DIRECTION('center_axis',(1.,-1.22464679914735E-16,0.));
#1837=DIRECTION('ref_axis',(-1.22464679914735E-16,-1.,0.));
#1838=DIRECTION('center_axis',(-1.,1.22464679914735E-16,0.));
#1839=DIRECTION('ref_axis',(-1.22464679914735E-16,-1.,0.));
#1840=DIRECTION('',(-5.4934588826137E-33,-4.48574959444508E-17,1.));
#1841=DIRECTION('center_axis',(-1.,1.22464679914735E-16,0.));
#1842=DIRECTION('ref_axis',(-8.65956056235493E-17,-0.707106781186548,-0.707106781186548));
#1843=DIRECTION('',(-1.22464679914735E-16,-1.,0.));
#1844=DIRECTION('center_axis',(-1.,1.22464679914735E-16,0.));
#1845=DIRECTION('ref_axis',(8.65956056235493E-17,0.707106781186547,-0.707106781186547));
#1846=DIRECTION('',(-5.4934588826137E-33,-4.48574959444508E-17,-1.));
#1847=DIRECTION('',(1.22464679914735E-16,1.,0.));
#1848=DIRECTION('center_axis',(0.,0.707106781186547,-0.707106781186548));
#1849=DIRECTION('ref_axis',(-1.,0.,0.));
#1850=DIRECTION('',(0.,-0.707106781186548,-0.707106781186547));
#1851=DIRECTION('',(-1.57009245868377E-15,0.707106781186548,0.707106781186547));
#1852=DIRECTION('',(1.,0.,0.));
#1853=DIRECTION('center_axis',(0.,1.,0.));
#1854=DIRECTION('ref_axis',(0.707106781186546,2.11460263795795E-17,0.707106781186549));
#1855=DIRECTION('',(-0.707106781186545,-0.70710678118655,0.));
#1856=DIRECTION('center_axis',(0.,-1.,4.48574959444508E-17));
#1857=DIRECTION('ref_axis',(0.707106781186546,0.,0.707106781186549));
#1858=DIRECTION('center_axis',(0.,1.,-4.48574959444508E-17));
#1859=DIRECTION('ref_axis',(0.707106781186546,3.17190395693693E-17,0.707106781186549));
#1860=DIRECTION('center_axis',(-0.707106781186548,0.707106781186548,-3.17190395693692E-17));
#1861=DIRECTION('ref_axis',(-4.48574959444508E-17,0.,1.));
#1862=DIRECTION('',(-0.707106781186547,-0.707106781186547,0.));
#1863=DIRECTION('',(0.,-4.48574959444508E-17,-1.));
#1864=DIRECTION('center_axis',(1.,0.,0.));
#1865=DIRECTION('ref_axis',(0.,0.707106781186548,-0.707106781186547));
#1866=DIRECTION('center_axis',(-1.,0.,0.));
#1867=DIRECTION('ref_axis',(0.,0.707106781186548,-0.707106781186547));
#1868=DIRECTION('',(-0.707106781186549,0.,0.707106781186546));
#1869=DIRECTION('center_axis',(-0.707106781186548,0.,-0.707106781186548));
#1870=DIRECTION('ref_axis',(-0.707106781186548,0.,0.707106781186548));
#1871=DIRECTION('',(-0.707106781186547,0.,0.707106781186547));
#1872=DIRECTION('',(0.,-1.,0.));
#1873=DIRECTION('center_axis',(1.,0.,0.));
#1874=DIRECTION('ref_axis',(0.,-0.707106781186548,-0.707106781186547));
#1875=DIRECTION('center_axis',(-1.,0.,0.));
#1876=DIRECTION('ref_axis',(0.,-0.707106781186548,-0.707106781186547));
#1877=DIRECTION('',(-0.707106781186547,0.707106781186548,0.));
#1878=DIRECTION('center_axis',(-0.707106781186549,-0.707106781186546,-3.17190395693691E-17));
#1879=DIRECTION('ref_axis',(-4.48574959444506E-17,0.,1.));
#1880=DIRECTION('',(-0.707106781186546,0.707106781186549,0.));
#1881=DIRECTION('',(0.,-4.48574959444508E-17,1.));
#1882=DIRECTION('center_axis',(0.,-1.,0.));
#1883=DIRECTION('ref_axis',(0.707106781186546,-2.11460263795795E-17,0.707106781186549));
#1884=DIRECTION('',(0.,0.707106781186547,-0.707106781186547));
#1885=DIRECTION('center_axis',(0.,1.,4.48574959444508E-17));
#1886=DIRECTION('ref_axis',(0.707106781186546,0.,0.707106781186549));
#1887=DIRECTION('center_axis',(0.,-1.,-4.48574959444508E-17));
#1888=DIRECTION('ref_axis',(0.707106781186546,-3.17190395693693E-17,0.707106781186549));
#1889=DIRECTION('center_axis',(0.,-0.707106781186546,-0.707106781186549));
#1890=DIRECTION('ref_axis',(-1.,0.,0.));
#1891=DIRECTION('',(-1.57009245868378E-15,0.707106781186549,-0.707106781186546));
#1892=DIRECTION('',(-1.,0.,0.));
#1893=DIRECTION('center_axis',(0.,-1.,0.));
#1894=DIRECTION('ref_axis',(-0.707106781186546,-2.11460263795795E-17,0.707106781186549));
#1895=DIRECTION('',(0.707106781186544,0.707106781186551,0.));
#1896=DIRECTION('center_axis',(0.,1.,4.48574959444508E-17));
#1897=DIRECTION('ref_axis',(-0.707106781186546,0.,0.707106781186549));
#1898=DIRECTION('center_axis',(0.,-1.,-4.48574959444508E-17));
#1899=DIRECTION('ref_axis',(-0.707106781186546,-3.17190395693693E-17,0.707106781186549));
#1900=DIRECTION('center_axis',(0.707106781186544,-0.707106781186551,-3.17190395693693E-17));
#1901=DIRECTION('ref_axis',(-4.48574959444512E-17,0.,-1.));
#1902=DIRECTION('',(0.707106781186551,0.707106781186544,-1.57009245868377E-15));
#1903=DIRECTION('',(5.4934588826137E-33,4.48574959444508E-17,-1.));
#1904=DIRECTION('center_axis',(-1.,0.,0.));
#1905=DIRECTION('ref_axis',(-8.65956056235493E-17,-0.707106781186547,-0.707106781186547));
#1906=DIRECTION('center_axis',(1.,-1.22464679914735E-16,0.));
#1907=DIRECTION('ref_axis',(-8.65956056235493E-17,-0.707106781186548,-0.707106781186548));
#1908=DIRECTION('',(0.707106781186549,0.,0.707106781186546));
#1909=DIRECTION('center_axis',(0.707106781186546,-8.65956056235491E-17,
-0.707106781186549));
#1910=DIRECTION('ref_axis',(-0.707106781186549,0.,-0.707106781186546));
#1911=DIRECTION('',(0.707106781186549,0.,0.707106781186546));
#1912=DIRECTION('',(1.22464679914735E-16,1.,0.));
#1913=DIRECTION('center_axis',(-1.,0.,0.));
#1914=DIRECTION('ref_axis',(8.65956056235493E-17,0.707106781186547,-0.707106781186547));
#1915=DIRECTION('center_axis',(1.,-1.22464679914735E-16,0.));
#1916=DIRECTION('ref_axis',(8.65956056235493E-17,0.707106781186548,-0.707106781186548));
#1917=DIRECTION('',(0.707106781186549,-0.707106781186546,0.));
#1918=DIRECTION('center_axis',(0.707106781186551,0.707106781186544,-3.1719039569369E-17));
#1919=DIRECTION('ref_axis',(-4.48574959444503E-17,0.,-1.));
#1920=DIRECTION('',(0.707106781186543,-0.707106781186552,3.14018491736753E-15));
#1921=DIRECTION('',(5.4934588826137E-33,4.48574959444508E-17,1.));
#1922=DIRECTION('center_axis',(0.,1.,0.));
#1923=DIRECTION('ref_axis',(-0.707106781186546,2.11460263795795E-17,0.707106781186549));
#1924=DIRECTION('center_axis',(0.,-1.,4.48574959444508E-17));
#1925=DIRECTION('ref_axis',(-0.707106781186546,0.,0.707106781186549));
#1926=DIRECTION('center_axis',(0.,1.,-4.48574959444508E-17));
#1927=DIRECTION('ref_axis',(-0.707106781186546,3.17190395693693E-17,0.707106781186549));
#1928=DIRECTION('center_axis',(1.,0.,0.));
#1929=DIRECTION('ref_axis',(0.,-0.707106781186548,-0.707106781186547));
#1930=DIRECTION('',(1.,0.,0.));
#1931=DIRECTION('center_axis',(1.,0.,0.));
#1932=DIRECTION('ref_axis',(0.,-0.707106781186548,-0.707106781186547));
#1933=DIRECTION('',(-1.,0.,0.));
#1934=DIRECTION('center_axis',(0.,0.,-1.));
#1935=DIRECTION('ref_axis',(0.,1.,0.));
#1936=DIRECTION('',(-1.,0.,0.));
#1937=DIRECTION('',(0.,1.,0.));
#1938=DIRECTION('center_axis',(1.,0.,0.));
#1939=DIRECTION('ref_axis',(0.,0.707106781186548,-0.707106781186547));
#1940=DIRECTION('',(1.,0.,0.));
#1941=DIRECTION('center_axis',(1.,0.,0.));
#1942=DIRECTION('ref_axis',(0.,0.707106781186548,-0.707106781186547));
#1943=DIRECTION('center_axis',(0.,1.,-4.48574959444508E-17));
#1944=DIRECTION('ref_axis',(0.,4.48574959444508E-17,1.));
#1945=DIRECTION('',(1.,-1.22464679914735E-16,0.));
#1946=DIRECTION('',(0.,-4.48574959444508E-17,-1.));
#1947=DIRECTION('',(-1.,0.,0.));
#1948=DIRECTION('',(0.,4.48574959444508E-17,1.));
#1949=DIRECTION('center_axis',(1.22464679914735E-16,1.,0.));
#1950=DIRECTION('ref_axis',(-0.707106781186546,0.,0.707106781186549));
#1951=DIRECTION('center_axis',(-0.577350269189629,0.57735026918962,0.577350269189628));
#1952=DIRECTION('ref_axis',(0.707106781186547,0.,0.707106781186548));
#1953=DIRECTION('',(0.,-0.707106781186551,0.707106781186544));
#1954=DIRECTION('',(0.707106781186545,0.70710678118655,6.28036983473507E-15));
#1955=DIRECTION('',(-0.707106781186546,1.57009245868377E-15,-0.707106781186549));
#1956=DIRECTION('center_axis',(-0.577350269189627,-0.577350269189627,0.577350269189624));
#1957=DIRECTION('ref_axis',(0.707106781186546,0.,0.707106781186549));
#1958=DIRECTION('',(0.707106781186546,0.,0.707106781186549));
#1959=DIRECTION('',(-0.707106781186547,0.707106781186547,0.));
#1960=DIRECTION('',(0.,-0.707106781186546,-0.707106781186549));
#1961=DIRECTION('center_axis',(-0.70710678118655,0.707106781186545,-3.17190395693691E-17));
#1962=DIRECTION('ref_axis',(-4.48574959444505E-17,0.,1.));
#1963=DIRECTION('',(-0.707106781186547,-0.707106781186548,0.));
#1964=DIRECTION('center_axis',(1.,0.,0.));
#1965=DIRECTION('ref_axis',(4.61843229992263E-17,0.707106781186547,-0.707106781186547));
#1966=DIRECTION('center_axis',(-1.,0.,0.));
#1967=DIRECTION('ref_axis',(8.65956056235493E-17,0.707106781186548,-0.707106781186548));
#1968=DIRECTION('',(-0.707106781186549,0.,0.707106781186546));
#1969=DIRECTION('center_axis',(-0.707106781186549,0.,-0.707106781186546));
#1970=DIRECTION('ref_axis',(-0.707106781186546,0.,0.707106781186549));
#1971=DIRECTION('',(-0.707106781186546,0.,0.707106781186549));
#1972=DIRECTION('',(0.,-1.,0.));
#1973=DIRECTION('center_axis',(1.,0.,0.));
#1974=DIRECTION('ref_axis',(-4.61843229992263E-17,-0.707106781186547,-0.707106781186547));
#1975=DIRECTION('center_axis',(-1.,0.,0.));
#1976=DIRECTION('ref_axis',(-8.65956056235493E-17,-0.707106781186548,-0.707106781186548));
#1977=DIRECTION('',(-0.707106781186549,0.707106781186546,0.));
#1978=DIRECTION('center_axis',(-0.707106781186548,-0.707106781186548,-3.17190395693692E-17));
#1979=DIRECTION('ref_axis',(-4.48574959444508E-17,0.,1.));
#1980=DIRECTION('',(0.,-4.48574959444508E-17,1.));
#1981=DIRECTION('center_axis',(0.577350269189627,0.577350269189622,0.577350269189628));
#1982=DIRECTION('ref_axis',(0.707106781186548,0.,-0.707106781186547));
#1983=DIRECTION('',(-0.707106781186547,-4.71027737605132E-15,0.707106781186547));
#1984=DIRECTION('',(0.707106781186547,-0.707106781186547,-6.28036983473509E-15));
#1985=DIRECTION('',(0.,0.707106781186551,-0.707106781186544));
#1986=DIRECTION('center_axis',(0.577350269189627,-0.577350269189627,0.577350269189624));
#1987=DIRECTION('ref_axis',(0.707106781186546,0.,-0.707106781186549));
#1988=DIRECTION('',(0.,0.707106781186546,0.707106781186549));
#1989=DIRECTION('',(-0.707106781186546,-0.707106781186549,-3.14018491736754E-15));
#1990=DIRECTION('',(0.707106781186547,3.14018491736755E-15,-0.707106781186547));
#1991=DIRECTION('center_axis',(0.707106781186549,-0.707106781186546,-3.17190395693691E-17));
#1992=DIRECTION('ref_axis',(-4.48574959444506E-17,0.,-1.));
#1993=DIRECTION('',(0.707106781186547,0.707106781186547,-1.57009245868377E-15));
#1994=DIRECTION('',(0.,4.48574959444508E-17,-1.));
#1995=DIRECTION('center_axis',(-1.,0.,0.));
#1996=DIRECTION('ref_axis',(0.,-0.707106781186548,-0.707106781186547));
#1997=DIRECTION('',(0.707106781186549,0.,0.707106781186546));
#1998=DIRECTION('center_axis',(0.707106781186548,0.,-0.707106781186548));
#1999=DIRECTION('ref_axis',(-0.707106781186548,0.,-0.707106781186548));
#2000=DIRECTION('',(0.707106781186547,0.,0.707106781186547));
#2001=DIRECTION('center_axis',(-1.,0.,0.));
#2002=DIRECTION('ref_axis',(0.,0.707106781186548,-0.707106781186547));
#2003=DIRECTION('',(0.707106781186547,-0.707106781186547,0.));
#2004=DIRECTION('center_axis',(0.707106781186548,0.707106781186548,-3.17190395693692E-17));
#2005=DIRECTION('ref_axis',(-4.48574959444508E-17,0.,-1.));
#2006=DIRECTION('center_axis',(0.707106781186548,0.,0.707106781186548));
#2007=DIRECTION('ref_axis',(0.707106781186548,0.,-0.707106781186548));
#2008=DIRECTION('center_axis',(0.,-0.707106781186549,0.707106781186546));
#2009=DIRECTION('ref_axis',(1.,0.,0.));
#2010=DIRECTION('',(1.,0.,0.));
#2011=DIRECTION('center_axis',(0.,0.707106781186544,0.707106781186551));
#2012=DIRECTION('ref_axis',(1.,0.,0.));
#2013=DIRECTION('center_axis',(-0.707106781186549,0.,0.707106781186546));
#2014=DIRECTION('ref_axis',(0.707106781186546,0.,0.707106781186549));
#2015=DIRECTION('center_axis',(0.,1.,0.));
#2016=DIRECTION('ref_axis',(0.707106781186546,0.,0.707106781186549));
#2017=DIRECTION('center_axis',(-1.,1.22464679914735E-16,0.));
#2018=DIRECTION('ref_axis',(8.65956056235493E-17,0.707106781186548,-0.707106781186548));
#2019=DIRECTION('',(-1.,1.22464679914735E-16,0.));
#2020=DIRECTION('center_axis',(0.,0.,-1.));
#2021=DIRECTION('ref_axis',(-1.22464679914735E-16,-1.,0.));
#2022=DIRECTION('',(1.,-1.22464679914735E-16,0.));
#2023=DIRECTION('center_axis',(-1.,1.22464679914735E-16,0.));
#2024=DIRECTION('ref_axis',(-8.65956056235493E-17,-0.707106781186548,-0.707106781186548));
#2025=DIRECTION('',(-1.,1.22464679914735E-16,0.));
#2026=DIRECTION('center_axis',(0.,-1.,-4.48574959444508E-17));
#2027=DIRECTION('ref_axis',(0.,4.48574959444508E-17,-1.));
#2028=DIRECTION('axis',(0.,0.,1.));
#2029=DIRECTION('refdir',(1.,0.,0.));
#2030=DIRECTION('axis',(0.,0.,1.));
#2031=DIRECTION('refdir',(1.,0.,0.));
#2032=DIRECTION('center_axis',(0.,0.,-1.));
#2033=DIRECTION('ref_axis',(-1.,0.,0.));
#2034=DIRECTION('center_axis',(0.,0.,-1.));
#2035=DIRECTION('ref_axis',(-1.,0.,0.));
#2036=DIRECTION('',(-0.707106781186548,8.65956056235493E-17,0.707106781186548));
#2037=DIRECTION('center_axis',(0.,0.,1.));
#2038=DIRECTION('ref_axis',(-1.,0.,0.));
#2039=DIRECTION('center_axis',(0.,0.,-1.));
#2040=DIRECTION('ref_axis',(0.,1.,0.));
#2041=DIRECTION('',(-1.,0.,0.));
#2042=DIRECTION('',(0.,1.,0.));
#2043=DIRECTION('',(1.,0.,0.));
#2044=DIRECTION('',(0.,-1.,0.));
#2045=DIRECTION('center_axis',(0.,0.,-1.));
#2046=DIRECTION('ref_axis',(-1.,0.,0.));
#2047=DIRECTION('center_axis',(0.,0.,-1.));
#2048=DIRECTION('ref_axis',(-1.,0.,0.));
#2049=DIRECTION('center_axis',(0.,0.,-1.));
#2050=DIRECTION('ref_axis',(-1.,0.,0.));
#2051=DIRECTION('center_axis',(0.,0.,-1.));
#2052=DIRECTION('ref_axis',(-1.,0.,0.));
#2053=DIRECTION('center_axis',(0.,0.,-1.));
#2054=DIRECTION('ref_axis',(-1.,0.,0.));
#2055=DIRECTION('',(0.,0.,-1.));
#2056=DIRECTION('center_axis',(0.,0.,-1.));
#2057=DIRECTION('ref_axis',(-1.,0.,0.));
#2058=DIRECTION('',(-0.707106781186548,8.65956056235493E-17,0.707106781186548));
#2059=DIRECTION('center_axis',(0.,0.,1.));
#2060=DIRECTION('ref_axis',(-1.,0.,0.));
#2061=DIRECTION('center_axis',(0.,0.,-1.));
#2062=DIRECTION('ref_axis',(-1.,0.,0.));
#2063=DIRECTION('center_axis',(0.,0.,-1.));
#2064=DIRECTION('ref_axis',(-1.,0.,0.));
#2065=DIRECTION('',(0.,0.,-1.));
#2066=DIRECTION('center_axis',(0.,0.,-1.));
#2067=DIRECTION('ref_axis',(-1.,0.,0.));
#2068=DIRECTION('',(-0.707106781186548,8.65956056235493E-17,0.707106781186548));
#2069=DIRECTION('center_axis',(0.,0.,1.));
#2070=DIRECTION('ref_axis',(-1.,0.,0.));
#2071=DIRECTION('center_axis',(0.,0.,-1.));
#2072=DIRECTION('ref_axis',(-1.,0.,0.));
#2073=DIRECTION('center_axis',(0.,0.,-1.));
#2074=DIRECTION('ref_axis',(-1.,0.,0.));
#2075=DIRECTION('',(0.,0.,-1.));
#2076=DIRECTION('center_axis',(0.,0.,-1.));
#2077=DIRECTION('ref_axis',(-1.,0.,0.));
#2078=DIRECTION('',(-0.707106781186548,8.65956056235493E-17,0.707106781186548));
#2079=DIRECTION('center_axis',(0.,0.,1.));
#2080=DIRECTION('ref_axis',(-1.,0.,0.));
#2081=DIRECTION('center_axis',(0.,0.,-1.));
#2082=DIRECTION('ref_axis',(-1.,0.,0.));
#2083=DIRECTION('center_axis',(0.,0.,-1.));
#2084=DIRECTION('ref_axis',(-1.,0.,0.));
#2085=DIRECTION('',(0.,0.,-1.));
#2086=DIRECTION('center_axis',(0.,0.,1.));
#2087=DIRECTION('ref_axis',(-1.,0.,0.));
#2088=DIRECTION('center_axis',(0.,0.,1.));
#2089=DIRECTION('ref_axis',(-1.,0.,0.));
#2090=DIRECTION('',(-0.707106781186548,-8.65956056235495E-17,-0.707106781186547));
#2091=DIRECTION('center_axis',(0.,0.,1.));
#2092=DIRECTION('ref_axis',(0.,-1.,0.));
#2093=DIRECTION('',(1.,0.,0.));
#2094=DIRECTION('',(0.,1.,0.));
#2095=DIRECTION('',(-1.,0.,0.));
#2096=DIRECTION('',(0.,-1.,0.));
#2097=DIRECTION('center_axis',(0.,0.,1.));
#2098=DIRECTION('ref_axis',(-1.,0.,0.));
#2099=DIRECTION('center_axis',(0.,0.,1.));
#2100=DIRECTION('ref_axis',(-1.,0.,0.));
#2101=DIRECTION('center_axis',(0.,0.,1.));
#2102=DIRECTION('ref_axis',(-1.,0.,0.));
#2103=DIRECTION('center_axis',(0.,0.,1.));
#2104=DIRECTION('ref_axis',(-1.,0.,0.));
#2105=DIRECTION('',(-0.707106781186548,-8.65956056235494E-17,-0.707106781186547));
#2106=DIRECTION('center_axis',(0.,0.,1.));
#2107=DIRECTION('ref_axis',(-1.,0.,0.));
#2108=DIRECTION('',(-0.707106781186548,-8.65956056235494E-17,-0.707106781186547));
#2109=DIRECTION('center_axis',(0.,0.,1.));
#2110=DIRECTION('ref_axis',(-1.,0.,0.));
#2111=DIRECTION('',(-0.707106781186548,-8.65956056235494E-17,-0.707106781186547));
#2112=DIRECTION('center_axis',(0.,0.707106781186548,-0.707106781186548));
#2113=DIRECTION('ref_axis',(-1.,0.,0.));
#2114=DIRECTION('',(0.,-0.707106781186548,-0.707106781186548));
#2115=DIRECTION('',(0.,0.707106781186548,0.707106781186548));
#2116=DIRECTION('',(1.,0.,0.));
#2117=DIRECTION('center_axis',(0.,1.,0.));
#2118=DIRECTION('ref_axis',(0.,0.,1.));
#2119=DIRECTION('',(0.,0.,-1.));
#2120=DIRECTION('',(-1.,0.,0.));
#2121=DIRECTION('',(0.,0.,1.));
#2122=DIRECTION('center_axis',(1.,0.,0.));
#2123=DIRECTION('ref_axis',(0.,1.,0.));
#2124=DIRECTION('',(0.,0.707106781186548,-0.707106781186548));
#2125=DIRECTION('',(0.,0.,1.));
#2126=DIRECTION('',(0.,-0.707106781186548,-0.707106781186548));
#2127=DIRECTION('',(0.,-0.707106781186548,0.707106781186548));
#2128=DIRECTION('center_axis',(0.,0.707106781186548,0.707106781186548));
#2129=DIRECTION('ref_axis',(1.,0.,0.));
#2130=DIRECTION('',(0.,0.707106781186548,-0.707106781186548));
#2131=DIRECTION('center_axis',(0.,-0.707106781186548,-0.707106781186548));
#2132=DIRECTION('ref_axis',(-1.,0.,0.));
#2133=DIRECTION('',(0.,-0.707106781186548,0.707106781186548));
#2134=DIRECTION('',(-1.,0.,0.));
#2135=DIRECTION('center_axis',(0.,-0.707106781186548,0.707106781186548));
#2136=DIRECTION('ref_axis',(1.,0.,0.));
#2137=DIRECTION('',(0.,0.707106781186548,0.707106781186548));
#2138=DIRECTION('',(1.,0.,0.));
#2139=DIRECTION('center_axis',(0.,-1.,0.));
#2140=DIRECTION('ref_axis',(0.,0.,-1.));
#2141=DIRECTION('',(0.,0.,-1.));
#2142=DIRECTION('center_axis',(-1.,0.,0.));
#2143=DIRECTION('ref_axis',(0.,0.,1.));
#2144=DIRECTION('',(0.,0.,1.));
#2145=DIRECTION('',(1.,0.,0.));
#2146=DIRECTION('',(0.,0.,1.));
#2147=DIRECTION('',(-1.,1.22464679914735E-16,0.));
#2148=DIRECTION('',(0.,0.,1.));
#2149=DIRECTION('',(1.,0.,0.));
#2150=CARTESIAN_POINT('',(0.,0.,0.));
#2151=CARTESIAN_POINT('',(0.,0.,0.));
#2152=CARTESIAN_POINT('Origin',(-15.3728127589656,-16.9153907602805,27.5));
#2153=CARTESIAN_POINT('',(-17.6228127589656,-16.9153907602805,27.75));
#2154=CARTESIAN_POINT('Origin',(-15.3728127589656,-16.9153907602805,27.75));
#2155=CARTESIAN_POINT('',(-17.1228127589656,-16.9153907602805,27.25));
#2156=CARTESIAN_POINT('',(-17.3728127589656,-16.9153907602805,27.5));
#2157=CARTESIAN_POINT('Origin',(-15.3728127589656,-16.9153907602805,27.25));
#2158=CARTESIAN_POINT('Origin',(-6.17281275896562,-22.7991116905119,27.75));
#2159=CARTESIAN_POINT('',(10.0271872410344,-12.7991116905119,27.75));
#2160=CARTESIAN_POINT('',(10.0271872410344,-32.7991116905119,27.75));
#2161=CARTESIAN_POINT('',(10.0271872410344,-22.7991116905119,27.75));
#2162=CARTESIAN_POINT('',(-22.3728127589656,-12.7991116905119,27.75));
#2163=CARTESIAN_POINT('',(0.927187241034382,-12.7991116905119,27.75));
#2164=CARTESIAN_POINT('',(-22.3728127589656,-32.7991116905119,27.75));
#2165=CARTESIAN_POINT('',(-22.3728127589656,-17.2991116905119,27.75));
#2166=CARTESIAN_POINT('',(0.927187241034382,-32.7991116905119,27.75));
#2167=CARTESIAN_POINT('',(-17.6228127589656,-28.6828326207457,27.75));
#2168=CARTESIAN_POINT('Origin',(-15.3728127589656,-28.6828326207457,27.75));
#2169=CARTESIAN_POINT('',(0.777187241034383,-28.6828326207457,27.75));
#2170=CARTESIAN_POINT('Origin',(3.02718724103438,-28.6828326207457,27.75));
#2171=CARTESIAN_POINT('',(0.777187241034383,-16.9153907602824,27.75));
#2172=CARTESIAN_POINT('Origin',(3.02718724103438,-16.9153907602824,27.75));
#2173=CARTESIAN_POINT('Origin',(-15.3728127589656,-16.9153907602805,24.75));
#2174=CARTESIAN_POINT('',(-17.1228127589656,-16.9153907602805,25.25));
#2175=CARTESIAN_POINT('',(-17.1228127589656,-16.9153907602805,24.75));
#2176=CARTESIAN_POINT('Origin',(-15.3728127589656,-16.9153907602805,25.25));
#2177=CARTESIAN_POINT('Origin',(-15.3728127589656,-28.6828326207457,27.5));
#2178=CARTESIAN_POINT('',(-17.1228127589656,-28.6828326207457,27.25));
#2179=CARTESIAN_POINT('',(-17.3728127589656,-28.6828326207457,27.5));
#2180=CARTESIAN_POINT('Origin',(-15.3728127589656,-28.6828326207457,27.25));
#2181=CARTESIAN_POINT('Origin',(-15.3728127589656,-28.6828326207457,24.75));
#2182=CARTESIAN_POINT('',(-17.1228127589656,-28.6828326207457,25.25));
#2183=CARTESIAN_POINT('',(-17.1228127589656,-28.6828326207457,24.75));
#2184=CARTESIAN_POINT('Origin',(-15.3728127589656,-28.6828326207457,25.25));
#2185=CARTESIAN_POINT('Origin',(3.02718724103438,-16.9153907602824,27.5));
#2186=CARTESIAN_POINT('',(1.27718724103438,-16.9153907602824,27.25));
#2187=CARTESIAN_POINT('',(1.02718724103438,-16.9153907602824,27.5));
#2188=CARTESIAN_POINT('Origin',(3.02718724103438,-16.9153907602824,27.25));
#2189=CARTESIAN_POINT('Origin',(3.02718724103438,-16.9153907602824,24.75));
#2190=CARTESIAN_POINT('',(1.27718724103438,-16.9153907602824,25.25));
#2191=CARTESIAN_POINT('',(1.27718724103438,-16.9153907602824,24.75));
#2192=CARTESIAN_POINT('Origin',(3.02718724103438,-16.9153907602824,25.25));
#2193=CARTESIAN_POINT('Origin',(3.02718724103438,-28.6828326207457,27.5));
#2194=CARTESIAN_POINT('',(1.27718724103438,-28.6828326207457,27.25));
#2195=CARTESIAN_POINT('',(1.02718724103438,-28.6828326207457,27.5));
#2196=CARTESIAN_POINT('Origin',(3.02718724103438,-28.6828326207457,27.25));
#2197=CARTESIAN_POINT('Origin',(3.02718724103438,-28.6828326207457,24.75));
#2198=CARTESIAN_POINT('',(1.27718724103438,-28.6828326207457,25.25));
#2199=CARTESIAN_POINT('',(1.27718724103438,-28.6828326207457,24.75));
#2200=CARTESIAN_POINT('Origin',(3.02718724103438,-28.6828326207457,25.25));
#2201=CARTESIAN_POINT('Origin',(-15.3728127589656,-16.9153907602805,25.));
#2202=CARTESIAN_POINT('',(-17.6228127589656,-16.9153907602805,24.75));
#2203=CARTESIAN_POINT('',(-17.3728127589656,-16.9153907602805,25.));
#2204=CARTESIAN_POINT('Origin',(-15.3728127589656,-16.9153907602805,24.75));
#2205=CARTESIAN_POINT('Origin',(-6.17281275896562,-22.7991116905119,24.75));
#2206=CARTESIAN_POINT('',(-19.3728127589656,-32.7991116905119,24.75));
#2207=CARTESIAN_POINT('',(7.02718724103438,-32.7991116905119,24.75));
#2208=CARTESIAN_POINT('',(0.927187241034382,-32.7991116905119,24.75));
#2209=CARTESIAN_POINT('',(-19.3728127589656,-12.7991116905119,24.75));
#2210=CARTESIAN_POINT('',(-19.3728127589656,-22.7991116905119,24.75));
#2211=CARTESIAN_POINT('',(7.02718724103438,-12.7991116905119,24.75));
#2212=CARTESIAN_POINT('',(0.927187241034382,-12.7991116905119,24.75));
#2213=CARTESIAN_POINT('',(7.02718724103438,-22.7991116905119,24.75));
#2214=CARTESIAN_POINT('',(0.777187241034383,-16.9153907602824,24.75));
#2215=CARTESIAN_POINT('Origin',(3.02718724103438,-16.9153907602824,24.75));
#2216=CARTESIAN_POINT('',(-17.6228127589656,-28.6828326207457,24.75));
#2217=CARTESIAN_POINT('Origin',(-15.3728127589656,-28.6828326207457,24.75));
#2218=CARTESIAN_POINT('',(0.777187241034383,-28.6828326207457,24.75));
#2219=CARTESIAN_POINT('Origin',(3.02718724103438,-28.6828326207457,24.75));
#2220=CARTESIAN_POINT('Origin',(3.02718724103438,-16.9153907602824,25.));
#2221=CARTESIAN_POINT('',(1.02718724103438,-16.9153907602824,25.));
#2222=CARTESIAN_POINT('Origin',(3.02718724103438,-28.6828326207457,25.));
#2223=CARTESIAN_POINT('',(1.02718724103438,-28.6828326207457,25.));
#2224=CARTESIAN_POINT('Origin',(-15.3728127589656,-28.6828326207457,25.));
#2225=CARTESIAN_POINT('',(-17.3728127589656,-28.6828326207457,25.));
#2226=CARTESIAN_POINT('Origin',(-23.3728127589656,-11.7991116905119,24.75));
#2227=CARTESIAN_POINT('',(-23.3728127589656,-12.7991116905119,-16.75));
#2228=CARTESIAN_POINT('',(-23.3728127589656,-12.7991116905119,26.75));
#2229=CARTESIAN_POINT('',(-23.3728127589656,-12.7991116905119,4.46332084647285E-15));
#2230=CARTESIAN_POINT('',(-23.3728127589656,-19.7991116905119,-23.75));
#2231=CARTESIAN_POINT('Origin',(-23.3728127589656,-19.7991116905119,-16.75));
#2232=CARTESIAN_POINT('',(-23.3728127589656,-25.7991116905119,-23.75));
#2233=CARTESIAN_POINT('',(-23.3728127589656,-11.7991116905119,-23.75));
#2234=CARTESIAN_POINT('',(-23.3728127589656,-32.7991116905119,-16.75));
#2235=CARTESIAN_POINT('Origin',(-23.3728127589656,-25.7991116905119,-16.75));
#2236=CARTESIAN_POINT('',(-23.3728127589656,-32.7991116905119,26.75));
#2237=CARTESIAN_POINT('',(-23.3728127589656,-32.7991116905119,24.75));
#2238=CARTESIAN_POINT('',(-23.3728127589656,-17.2991116905119,26.75));
#2239=CARTESIAN_POINT('',(-23.3728127589656,-18.0491116905119,-16.75));
#2240=CARTESIAN_POINT('Origin',(-23.3728127589656,-22.7991116905119,-16.75));
#2241=CARTESIAN_POINT('Origin',(-22.6228127589656,-22.7991116905119,-16.75));
#2242=CARTESIAN_POINT('',(-22.3728127589656,-19.0491116905119,-16.75));
#2243=CARTESIAN_POINT('Origin',(-22.3728127589656,-22.7991116905119,-16.75));
#2244=CARTESIAN_POINT('',(-22.6228127589656,-18.7991116905119,-16.75));
#2245=CARTESIAN_POINT('Origin',(-20.3728127589656,-22.7991116905119,-16.75));
#2246=CARTESIAN_POINT('',(-20.8728127589656,-19.0491116905119,-16.75));
#2247=CARTESIAN_POINT('',(-20.3728127589656,-19.0491116905119,-16.75));
#2248=CARTESIAN_POINT('Origin',(-20.8728127589656,-22.7991116905119,-16.75));
#2249=CARTESIAN_POINT('Origin',(11.0271872410344,-22.7991116905119,4.44089209850063E-15));
#2250=CARTESIAN_POINT('',(11.0271872410344,-32.7991116905119,-16.75));
#2251=CARTESIAN_POINT('',(11.0271872410344,-32.7991116905119,26.75));
#2252=CARTESIAN_POINT('',(11.0271872410344,-32.7991116905119,12.375));
#2253=CARTESIAN_POINT('',(11.0271872410344,-25.7991116905119,-23.75));
#2254=CARTESIAN_POINT('Origin',(11.0271872410344,-25.7991116905119,-16.75));
#2255=CARTESIAN_POINT('',(11.0271872410344,-19.7991116905119,-23.75));
#2256=CARTESIAN_POINT('',(11.0271872410344,-28.2991116905119,-23.75));
#2257=CARTESIAN_POINT('',(11.0271872410344,-12.7991116905119,-16.75));
#2258=CARTESIAN_POINT('Origin',(11.0271872410344,-19.7991116905119,-16.75));
#2259=CARTESIAN_POINT('',(11.0271872410344,-12.7991116905119,26.75));
#2260=CARTESIAN_POINT('',(11.0271872410344,-12.7991116905119,-12.375));
#2261=CARTESIAN_POINT('',(11.0271872410344,-22.7991116905119,26.75));
#2262=CARTESIAN_POINT('',(11.0271872410344,-27.5491116905119,-16.75));
#2263=CARTESIAN_POINT('Origin',(11.0271872410344,-22.7991116905119,-16.75));
#2264=CARTESIAN_POINT('Origin',(8.27718724103438,-22.7991116905119,-16.75));
#2265=CARTESIAN_POINT('',(8.52718724103438,-26.5491116905119,-16.75));
#2266=CARTESIAN_POINT('Origin',(8.52718724103438,-22.7991116905119,-16.75));
#2267=CARTESIAN_POINT('',(8.02718724103438,-27.0491116905119,-16.75));
#2268=CARTESIAN_POINT('',(8.27718724103438,-26.7991116905119,-16.75));
#2269=CARTESIAN_POINT('Origin',(8.02718724103438,-22.7991116905119,-16.75));
#2270=CARTESIAN_POINT('Origin',(8.02718724103438,-22.7991116905119,-16.75));
#2271=CARTESIAN_POINT('',(10.0271872410344,-26.5491116905119,-16.75));
#2272=CARTESIAN_POINT('Origin',(10.0271872410344,-22.7991116905119,-16.75));
#2273=CARTESIAN_POINT('',(8.02718724103438,-26.5491116905119,-16.75));
#2274=CARTESIAN_POINT('Origin',(8.02718724103438,-22.7991116905119,4.44089209850063E-15));
#2275=CARTESIAN_POINT('',(8.02718724103438,-32.7991116905119,23.75));
#2276=CARTESIAN_POINT('',(8.02718724103438,-32.7991116905119,-16.75));
#2277=CARTESIAN_POINT('',(8.02718724103438,-32.7991116905119,12.375));
#2278=CARTESIAN_POINT('',(8.02718724103438,-12.7991116905119,23.75));
#2279=CARTESIAN_POINT('',(8.02718724103438,-22.7991116905119,23.75));
#2280=CARTESIAN_POINT('',(8.02718724103438,-12.7991116905119,-16.75));
#2281=CARTESIAN_POINT('',(8.02718724103438,-12.7991116905119,-12.375));
#2282=CARTESIAN_POINT('',(8.02718724103438,-19.7991116905119,-23.75));
#2283=CARTESIAN_POINT('Origin',(8.02718724103438,-19.7991116905119,-16.75));
#2284=CARTESIAN_POINT('',(8.02718724103438,-25.7991116905119,-23.75));
#2285=CARTESIAN_POINT('',(8.02718724103438,-28.2991116905119,-23.75));
#2286=CARTESIAN_POINT('Origin',(8.02718724103438,-25.7991116905119,-16.75));
#2287=CARTESIAN_POINT('Origin',(10.2771872410344,-22.7991116905119,-16.75));
#2288=CARTESIAN_POINT('',(10.2771872410344,-26.7991116905119,-16.75));
#2289=CARTESIAN_POINT('Origin',(-20.6228127589656,-22.7991116905119,-16.75));
#2290=CARTESIAN_POINT('',(-20.3728127589656,-18.5491116905119,-16.75));
#2291=CARTESIAN_POINT('',(-20.6228127589656,-18.7991116905119,-16.75));
#2292=CARTESIAN_POINT('Origin',(-20.3728127589656,-22.7991116905119,-16.75));
#2293=CARTESIAN_POINT('Origin',(-20.3728127589656,-22.7991116905119,4.44089209850063E-15));
#2294=CARTESIAN_POINT('',(-20.3728127589656,-32.7991116905119,-16.75));
#2295=CARTESIAN_POINT('',(-20.3728127589656,-32.7991116905119,23.75));
#2296=CARTESIAN_POINT('',(-20.3728127589656,-32.7991116905119,12.375));
#2297=CARTESIAN_POINT('',(-20.3728127589656,-25.7991116905119,-23.75));
#2298=CARTESIAN_POINT('Origin',(-20.3728127589656,-25.7991116905119,-16.75));
#2299=CARTESIAN_POINT('',(-20.3728127589656,-19.7991116905119,-23.75));
#2300=CARTESIAN_POINT('',(-20.3728127589656,-17.2991116905119,-23.75));
#2301=CARTESIAN_POINT('',(-20.3728127589656,-12.7991116905119,-16.75));
#2302=CARTESIAN_POINT('Origin',(-20.3728127589656,-19.7991116905119,-16.75));
#2303=CARTESIAN_POINT('',(-20.3728127589656,-12.7991116905119,23.75));
#2304=CARTESIAN_POINT('',(-20.3728127589656,-12.7991116905119,-12.375));
#2305=CARTESIAN_POINT('',(-20.3728127589656,-22.7991116905119,23.75));
#2306=CARTESIAN_POINT('Origin',(0.927187241034382,-12.2991116905119,25.25));
#2307=CARTESIAN_POINT('',(7.02718724103438,-11.7991116905119,25.75));
#2308=CARTESIAN_POINT('',(7.02718724103438,-11.7991116905119,25.75));
#2309=CARTESIAN_POINT('',(-19.3728127589656,-11.7991116905119,25.75));
#2310=CARTESIAN_POINT('',(-19.3728127589656,-12.7991116905119,24.75));
#2311=CARTESIAN_POINT('',(0.927187241034382,-11.7991116905119,25.75));
#2312=CARTESIAN_POINT('Origin',(7.02718724103438,-12.2991116905119,23.75));
#2313=CARTESIAN_POINT('',(9.02718724103438,-11.7991116905119,23.75));
#2314=CARTESIAN_POINT('',(9.02718724103438,-11.7991116905119,23.75));
#2315=CARTESIAN_POINT('Origin',(7.02718724103438,-12.7991116905119,23.75));
#2316=CARTESIAN_POINT('Origin',(7.02718724103438,-11.7991116905119,23.75));
#2317=CARTESIAN_POINT('Origin',(8.52718724103438,-12.2991116905119,-12.375));
#2318=CARTESIAN_POINT('',(9.02718724103438,-11.7991116905119,-16.75));
#2319=CARTESIAN_POINT('',(9.02718724103438,-11.7991116905119,-16.75));
#2320=CARTESIAN_POINT('',(9.02718724103438,-11.7991116905119,-12.375));
#2321=CARTESIAN_POINT('Origin',(8.52718724103438,-19.7991116905119,-16.75));
#2322=CARTESIAN_POINT('',(9.02718724103438,-19.7991116905119,-24.75));
#2323=CARTESIAN_POINT('Origin',(9.02718724103438,-19.7991116905119,-16.75));
#2324=CARTESIAN_POINT('',(9.02718724103438,-19.7991116905119,-24.75));
#2325=CARTESIAN_POINT('Origin',(8.52718724103438,-28.2991116905119,-24.25));
#2326=CARTESIAN_POINT('',(9.02718724103438,-25.7991116905119,-24.75));
#2327=CARTESIAN_POINT('',(9.02718724103438,-25.7991116905119,-24.75));
#2328=CARTESIAN_POINT('',(9.02718724103438,-28.2991116905119,-24.75));
#2329=CARTESIAN_POINT('Origin',(8.52718724103438,-25.7991116905119,-16.75));
#2330=CARTESIAN_POINT('',(9.02718724103438,-33.7991116905119,-16.75));
#2331=CARTESIAN_POINT('Origin',(9.02718724103438,-25.7991116905119,-16.75));
#2332=CARTESIAN_POINT('',(9.02718724103438,-33.7991116905119,-16.75));
#2333=CARTESIAN_POINT('Origin',(8.52718724103438,-33.2991116905119,12.375));
#2334=CARTESIAN_POINT('',(9.02718724103438,-33.7991116905119,23.75));
#2335=CARTESIAN_POINT('',(9.02718724103438,-33.7991116905119,23.75));
#2336=CARTESIAN_POINT('',(9.02718724103438,-33.7991116905119,12.375));
#2337=CARTESIAN_POINT('Origin',(7.02718724103438,-33.2991116905119,23.75));
#2338=CARTESIAN_POINT('',(7.02718724103438,-33.7991116905119,25.75));
#2339=CARTESIAN_POINT('',(7.02718724103438,-33.7991116905119,25.75));
#2340=CARTESIAN_POINT('Origin',(7.02718724103438,-32.7991116905119,23.75));
#2341=CARTESIAN_POINT('Origin',(7.02718724103438,-33.7991116905119,23.75));
#2342=CARTESIAN_POINT('Origin',(0.927187241034382,-33.2991116905119,25.25));
#2343=CARTESIAN_POINT('',(-19.3728127589656,-33.7991116905119,25.75));
#2344=CARTESIAN_POINT('',(-19.3728127589656,-33.7991116905119,25.75));
#2345=CARTESIAN_POINT('',(0.927187241034382,-33.7991116905119,25.75));
#2346=CARTESIAN_POINT('Origin',(-19.3728127589656,-33.2991116905119,23.75));
#2347=CARTESIAN_POINT('',(-21.3728127589656,-33.7991116905119,23.75));
#2348=CARTESIAN_POINT('',(-21.3728127589656,-33.7991116905119,23.75));
#2349=CARTESIAN_POINT('Origin',(-19.3728127589656,-32.7991116905119,23.75));
#2350=CARTESIAN_POINT('Origin',(-19.3728127589656,-33.7991116905119,23.75));
#2351=CARTESIAN_POINT('Origin',(-20.8728127589656,-33.2991116905119,12.375));
#2352=CARTESIAN_POINT('',(-21.3728127589656,-33.7991116905119,-16.75));
#2353=CARTESIAN_POINT('',(-21.3728127589656,-33.7991116905119,-16.75));
#2354=CARTESIAN_POINT('',(-21.3728127589656,-33.7991116905119,12.375));
#2355=CARTESIAN_POINT('Origin',(-20.8728127589656,-25.7991116905119,-16.75));
#2356=CARTESIAN_POINT('',(-21.3728127589656,-25.7991116905119,-24.75));
#2357=CARTESIAN_POINT('Origin',(-21.3728127589656,-25.7991116905119,-16.75));
#2358=CARTESIAN_POINT('',(-21.3728127589656,-25.7991116905119,-24.75));
#2359=CARTESIAN_POINT('Origin',(-20.8728127589656,-17.2991116905119,-24.25));
#2360=CARTESIAN_POINT('',(-21.3728127589656,-19.7991116905119,-24.75));
#2361=CARTESIAN_POINT('',(-21.3728127589656,-19.7991116905119,-24.75));
#2362=CARTESIAN_POINT('',(-21.3728127589656,-17.2991116905119,-24.75));
#2363=CARTESIAN_POINT('Origin',(-20.8728127589656,-19.7991116905119,-16.75));
#2364=CARTESIAN_POINT('',(-21.3728127589656,-11.7991116905119,-16.75));
#2365=CARTESIAN_POINT('Origin',(-21.3728127589656,-19.7991116905119,-16.75));
#2366=CARTESIAN_POINT('',(-21.3728127589656,-11.7991116905119,-16.75));
#2367=CARTESIAN_POINT('Origin',(-20.8728127589656,-12.2991116905119,-12.375));
#2368=CARTESIAN_POINT('',(-21.3728127589656,-11.7991116905119,23.75));
#2369=CARTESIAN_POINT('',(-21.3728127589656,-11.7991116905119,23.75));
#2370=CARTESIAN_POINT('',(-21.3728127589656,-11.7991116905119,-12.375));
#2371=CARTESIAN_POINT('Origin',(-19.3728127589656,-12.2991116905119,23.75));
#2372=CARTESIAN_POINT('Origin',(-19.3728127589656,-12.7991116905119,23.75));
#2373=CARTESIAN_POINT('Origin',(-19.3728127589656,-11.7991116905119,23.75));
#2374=CARTESIAN_POINT('Origin',(8.02718724103438,-25.7991116905119,-16.75));
#2375=CARTESIAN_POINT('',(10.0271872410344,-25.7991116905119,-24.75));
#2376=CARTESIAN_POINT('',(8.02718724103438,-25.7991116905119,-24.75));
#2377=CARTESIAN_POINT('',(10.0271872410344,-33.7991116905119,-16.75));
#2378=CARTESIAN_POINT('Origin',(10.0271872410344,-25.7991116905119,-16.75));
#2379=CARTESIAN_POINT('',(8.02718724103438,-33.7991116905119,-16.75));
#2380=CARTESIAN_POINT('Origin',(8.02718724103438,-33.7991116905119,-24.75));
#2381=CARTESIAN_POINT('',(10.0271872410344,-19.7991116905119,-24.75));
#2382=CARTESIAN_POINT('',(8.02718724103438,-19.7991116905119,-24.75));
#2383=CARTESIAN_POINT('',(10.0271872410344,-28.2991116905119,-24.75));
#2384=CARTESIAN_POINT('Origin',(8.02718724103438,-19.7991116905119,-16.75));
#2385=CARTESIAN_POINT('',(10.0271872410344,-11.7991116905119,-16.75));
#2386=CARTESIAN_POINT('',(8.02718724103438,-11.7991116905119,-16.75));
#2387=CARTESIAN_POINT('Origin',(10.0271872410344,-19.7991116905119,-16.75));
#2388=CARTESIAN_POINT('Origin',(8.02718724103438,-11.7991116905119,-24.75));
#2389=CARTESIAN_POINT('',(-22.3728127589656,-11.7991116905119,-16.75));
#2390=CARTESIAN_POINT('',(-20.3728127589656,-11.7991116905119,-16.75));
#2391=CARTESIAN_POINT('',(-22.3728127589656,-11.7991116905119,26.75));
#2392=CARTESIAN_POINT('',(-22.3728127589656,-11.7991116905119,4.4184633505284E-15));
#2393=CARTESIAN_POINT('',(10.0271872410344,-11.7991116905119,26.75));
#2394=CARTESIAN_POINT('',(0.927187241034382,-11.7991116905119,26.75));
#2395=CARTESIAN_POINT('',(10.0271872410344,-11.7991116905119,-12.375));
#2396=CARTESIAN_POINT('Origin',(-19.3728127589656,-22.7991116905119,23.75));
#2397=CARTESIAN_POINT('Origin',(-23.3728127589656,-12.7991116905119,26.75));
#2398=CARTESIAN_POINT('',(-22.3728127589656,-11.7991116905119,26.75));
#2399=CARTESIAN_POINT('',(-23.3728127589656,-12.7991116905119,26.75));
#2400=CARTESIAN_POINT('',(-22.3728127589656,-12.7991116905119,27.75));
#2401=CARTESIAN_POINT('Origin',(-22.3728127589656,-33.7991116905119,26.75));
#2402=CARTESIAN_POINT('',(-23.3728127589656,-32.7991116905119,26.75));
#2403=CARTESIAN_POINT('',(-22.3728127589656,-33.7991116905119,26.75));
#2404=CARTESIAN_POINT('',(-22.3728127589656,-33.7991116905119,26.75));
#2405=CARTESIAN_POINT('',(-22.3728127589656,-32.7991116905119,27.75));
#2406=CARTESIAN_POINT('Origin',(-22.8728127589656,-12.2991116905119,4.44089209850063E-15));
#2407=CARTESIAN_POINT('',(-22.3728127589656,-11.7991116905119,-16.75));
#2408=CARTESIAN_POINT('Origin',(-22.8728127589656,-19.7991116905119,-16.75));
#2409=CARTESIAN_POINT('',(-22.3728127589656,-19.7991116905119,-24.75));
#2410=CARTESIAN_POINT('Origin',(-22.3728127589656,-19.7991116905119,-16.75));
#2411=CARTESIAN_POINT('',(-22.3728127589656,-19.7991116905119,-24.75));
#2412=CARTESIAN_POINT('Origin',(-22.8728127589656,-11.7991116905119,-24.25));
#2413=CARTESIAN_POINT('',(-22.3728127589656,-25.7991116905119,-24.75));
#2414=CARTESIAN_POINT('',(-22.3728127589656,-25.7991116905119,-24.75));
#2415=CARTESIAN_POINT('',(-22.3728127589656,-11.7991116905119,-24.75));
#2416=CARTESIAN_POINT('Origin',(-22.8728127589656,-25.7991116905119,-16.75));
#2417=CARTESIAN_POINT('',(-22.3728127589656,-33.7991116905119,-16.75));
#2418=CARTESIAN_POINT('Origin',(-22.3728127589656,-25.7991116905119,-16.75));
#2419=CARTESIAN_POINT('',(-22.3728127589656,-33.7991116905119,-16.75));
#2420=CARTESIAN_POINT('Origin',(-22.8728127589656,-33.2991116905119,24.75));
#2421=CARTESIAN_POINT('',(-22.3728127589656,-33.7991116905119,24.75));
#2422=CARTESIAN_POINT('Origin',(10.0271872410344,-11.7991116905119,26.75));
#2423=CARTESIAN_POINT('',(11.0271872410344,-12.7991116905119,26.75));
#2424=CARTESIAN_POINT('',(10.0271872410344,-11.7991116905119,26.75));
#2425=CARTESIAN_POINT('',(10.0271872410344,-12.7991116905119,27.75));
#2426=CARTESIAN_POINT('Origin',(11.0271872410344,-32.7991116905119,26.75));
#2427=CARTESIAN_POINT('',(10.0271872410344,-33.7991116905119,26.75));
#2428=CARTESIAN_POINT('',(10.0271872410344,-33.7991116905119,26.75));
#2429=CARTESIAN_POINT('',(11.0271872410344,-32.7991116905119,26.75));
#2430=CARTESIAN_POINT('',(10.0271872410344,-32.7991116905119,27.75));
#2431=CARTESIAN_POINT('Origin',(10.5271872410344,-33.2991116905119,12.375));
#2432=CARTESIAN_POINT('',(10.0271872410344,-33.7991116905119,-16.75));
#2433=CARTESIAN_POINT('',(10.0271872410344,-33.7991116905119,12.375));
#2434=CARTESIAN_POINT('Origin',(10.5271872410344,-25.7991116905119,-16.75));
#2435=CARTESIAN_POINT('',(10.0271872410344,-25.7991116905119,-24.75));
#2436=CARTESIAN_POINT('Origin',(10.5271872410344,-28.2991116905119,-24.25));
#2437=CARTESIAN_POINT('',(10.0271872410344,-19.7991116905119,-24.75));
#2438=CARTESIAN_POINT('Origin',(10.5271872410344,-19.7991116905119,-16.75));
#2439=CARTESIAN_POINT('',(10.0271872410344,-11.7991116905119,-16.75));
#2440=CARTESIAN_POINT('Origin',(10.5271872410344,-12.2991116905119,-12.375));
#2441=CARTESIAN_POINT('Origin',(10.5271872410344,-22.7991116905119,27.25));
#2442=CARTESIAN_POINT('Origin',(0.927187241034382,-33.2991116905119,27.25));
#2443=CARTESIAN_POINT('',(0.927187241034382,-33.7991116905119,26.75));
#2444=CARTESIAN_POINT('Origin',(0.927187241034382,-12.2991116905119,27.25));
#2445=CARTESIAN_POINT('Origin',(-22.8728127589656,-17.2991116905119,27.25));
#2446=CARTESIAN_POINT('Origin',(7.02718724103438,-22.7991116905119,23.75));
#2447=CARTESIAN_POINT('Origin',(-20.3728127589656,-19.7991116905119,-16.75));
#2448=CARTESIAN_POINT('',(-20.3728127589656,-19.7991116905119,-24.75));
#2449=CARTESIAN_POINT('Origin',(-20.3728127589656,-11.7991116905119,-24.75));
#2450=CARTESIAN_POINT('',(-20.3728127589656,-25.7991116905119,-24.75));
#2451=CARTESIAN_POINT('Origin',(-20.3728127589656,-25.7991116905119,-16.75));
#2452=CARTESIAN_POINT('',(-20.3728127589656,-33.7991116905119,-16.75));
#2453=CARTESIAN_POINT('Origin',(8.02718724103438,-33.7991116905119,24.75));
#2454=CARTESIAN_POINT('',(0.,0.,0.));
#2455=CARTESIAN_POINT('',(0.,0.,0.));
#2456=CARTESIAN_POINT('Origin',(-9.19999999999838,5.88372093023152,-9.75000004470349));
#2457=CARTESIAN_POINT('',(-6.94999999999838,5.88372093023152,-10.0000000447035));
#2458=CARTESIAN_POINT('Origin',(-9.19999999999838,5.88372093023152,-10.0000000447035));
#2459=CARTESIAN_POINT('',(-7.44999999999838,5.88372093023152,-9.50000004470349));
#2460=CARTESIAN_POINT('',(-7.19999999999838,5.88372093023152,-9.75000004470349));
#2461=CARTESIAN_POINT('Origin',(-9.19999999999838,5.88372093023152,-9.50000004470349));
#2462=CARTESIAN_POINT('Origin',(-14.1999999999984,-9.99999999999981,-10.0000000447035));
#2463=CARTESIAN_POINT('',(14.2000000000016,9.50000029802342,-10.0000000447035));
#2464=CARTESIAN_POINT('',(-14.1999999999984,9.50000029802342,-10.0000000447035));
#2465=CARTESIAN_POINT('',(-14.1999999999984,9.50000029802342,-10.0000000447035));
#2466=CARTESIAN_POINT('',(14.2000000000016,-9.49999999999981,-10.0000000447035));
#2467=CARTESIAN_POINT('',(14.2000000000016,-4.999999925494,-10.0000000447035));
#2468=CARTESIAN_POINT('',(-14.1999999999984,-9.49999999999981,-10.0000000447035));
#2469=CARTESIAN_POINT('',(-14.1999999999984,-9.49999999999981,-10.0000000447035));
#2470=CARTESIAN_POINT('',(-14.1999999999984,10.0000002980234,-10.0000000447035));
#2471=CARTESIAN_POINT('',(11.4500000000016,5.88372093022965,-10.0000000447035));
#2472=CARTESIAN_POINT('Origin',(9.20000000000162,5.88372093022965,-10.0000000447035));
#2473=CARTESIAN_POINT('',(-6.94999999999838,-5.8837209302336,-10.0000000447035));
#2474=CARTESIAN_POINT('Origin',(-9.19999999999838,-5.8837209302336,-10.0000000447035));
#2475=CARTESIAN_POINT('',(11.4500000000016,-5.8837209302336,-10.0000000447035));
#2476=CARTESIAN_POINT('Origin',(9.20000000000162,-5.8837209302336,-10.0000000447035));
#2477=CARTESIAN_POINT('Origin',(-9.19999999999838,5.88372093023152,3.));
#2478=CARTESIAN_POINT('',(-7.44999999999838,5.88372093023152,-7.5));
#2479=CARTESIAN_POINT('Origin',(-9.19999999999838,5.88372093023152,-7.5));
#2480=CARTESIAN_POINT('',(-7.44999999999838,5.88372093023152,3.));
#2481=CARTESIAN_POINT('Origin',(9.20000000000162,5.88372093022965,-9.75000004470349));
#2482=CARTESIAN_POINT('',(10.9500000000016,5.88372093022965,-9.50000004470349));
#2483=CARTESIAN_POINT('',(11.2000000000016,5.88372093022965,-9.75000004470349));
#2484=CARTESIAN_POINT('Origin',(9.20000000000162,5.88372093022965,-9.50000004470349));
#2485=CARTESIAN_POINT('Origin',(9.20000000000162,5.88372093022965,3.));
#2486=CARTESIAN_POINT('',(10.9500000000016,5.88372093022965,-7.5));
#2487=CARTESIAN_POINT('Origin',(9.20000000000162,5.88372093022965,-7.5));
#2488=CARTESIAN_POINT('',(10.9500000000016,5.88372093022965,3.));
#2489=CARTESIAN_POINT('Origin',(9.20000000000162,-5.8837209302336,-9.75000004470349));
#2490=CARTESIAN_POINT('',(10.9500000000016,-5.8837209302336,-9.50000004470349));
#2491=CARTESIAN_POINT('',(11.2000000000016,-5.8837209302336,-9.75000004470349));
#2492=CARTESIAN_POINT('Origin',(9.20000000000162,-5.8837209302336,-9.50000004470349));
#2493=CARTESIAN_POINT('Origin',(9.20000000000162,-5.8837209302336,3.));
#2494=CARTESIAN_POINT('',(10.9500000000016,-5.8837209302336,-7.5));
#2495=CARTESIAN_POINT('Origin',(9.20000000000162,-5.8837209302336,-7.5));
#2496=CARTESIAN_POINT('',(10.9500000000016,-5.8837209302336,3.));
#2497=CARTESIAN_POINT('Origin',(-9.19999999999838,-5.8837209302336,-9.75000004470349));
#2498=CARTESIAN_POINT('',(-7.44999999999838,-5.8837209302336,-9.50000004470349));
#2499=CARTESIAN_POINT('',(-7.19999999999838,-5.8837209302336,-9.75000004470349));
#2500=CARTESIAN_POINT('Origin',(-9.19999999999838,-5.8837209302336,-9.50000004470349));
#2501=CARTESIAN_POINT('Origin',(-9.19999999999838,-5.8837209302336,3.));
#2502=CARTESIAN_POINT('',(-7.44999999999838,-5.8837209302336,-7.5));
#2503=CARTESIAN_POINT('Origin',(-9.19999999999838,-5.8837209302336,-7.5));
#2504=CARTESIAN_POINT('',(-7.44999999999838,-5.8837209302336,3.));
#2505=CARTESIAN_POINT('Origin',(9.20000000000162,-5.8837209302336,-7.25));
#2506=CARTESIAN_POINT('',(11.4500000000016,-5.8837209302336,-7.));
#2507=CARTESIAN_POINT('Origin',(9.20000000000162,-5.8837209302336,-7.));
#2508=CARTESIAN_POINT('',(11.2000000000016,-5.8837209302336,-7.25));
#2509=CARTESIAN_POINT('Origin',(-14.1999999999984,10.0000002980234,-7.));
#2510=CARTESIAN_POINT('',(-14.1999999999984,9.50000029802342,-7.));
#2511=CARTESIAN_POINT('',(14.2000000000016,9.50000029802342,-7.));
#2512=CARTESIAN_POINT('',(-14.1999999999984,9.50000029802342,-7.));
#2513=CARTESIAN_POINT('',(-14.1999999999984,-9.49999999999981,-7.));
#2514=CARTESIAN_POINT('',(-14.1999999999984,-9.99999999999981,-7.));
#2515=CARTESIAN_POINT('',(14.2000000000016,-9.49999999999981,-7.));
#2516=CARTESIAN_POINT('',(-14.1999999999984,-9.49999999999981,-7.));
#2517=CARTESIAN_POINT('',(14.2000000000016,5.00000022351761,-7.));
#2518=CARTESIAN_POINT('',(11.4500000000016,5.88372093022965,-7.));
#2519=CARTESIAN_POINT('Origin',(9.20000000000162,5.88372093022965,-7.));
#2520=CARTESIAN_POINT('',(-6.94999999999838,5.88372093023152,-7.));
#2521=CARTESIAN_POINT('Origin',(-9.19999999999838,5.88372093023152,-7.));
#2522=CARTESIAN_POINT('',(-6.94999999999838,-5.8837209302336,-7.));
#2523=CARTESIAN_POINT('Origin',(-9.19999999999838,-5.8837209302336,-7.));
#2524=CARTESIAN_POINT('Origin',(9.20000000000162,5.88372093022965,-7.25));
#2525=CARTESIAN_POINT('',(11.2000000000016,5.88372093022965,-7.25));
#2526=CARTESIAN_POINT('Origin',(-9.19999999999838,-5.8837209302336,-7.25));
#2527=CARTESIAN_POINT('',(-7.19999999999838,-5.8837209302336,-7.25));
#2528=CARTESIAN_POINT('Origin',(-9.19999999999838,5.88372093023152,-7.25));
#2529=CARTESIAN_POINT('',(-7.19999999999838,5.88372093023152,-7.25));
#2530=CARTESIAN_POINT('Origin',(-14.1999999999984,9.75000029802342,-9.75000004470349));
#2531=CARTESIAN_POINT('',(14.2000000000016,10.0000002980234,-9.50000004470349));
#2532=CARTESIAN_POINT('',(14.2000000000016,7.62500026635845,-11.8750000763685));
#2533=CARTESIAN_POINT('',(-14.1999999999984,10.0000002980234,-9.50000004470349));
#2534=CARTESIAN_POINT('',(-14.1999999999984,7.62500026635845,-11.8750000763685));
#2535=CARTESIAN_POINT('',(-14.1999999999984,10.0000002980234,-9.50000004470349));
#2536=CARTESIAN_POINT('Origin',(-14.1999999999984,10.0000002980234,-10.0000000447035));
#2537=CARTESIAN_POINT('',(-14.1999999999984,10.0000002980234,-7.5));
#2538=CARTESIAN_POINT('',(-14.1999999999984,10.0000002980234,-7.));
#2539=CARTESIAN_POINT('',(14.2000000000016,10.0000002980234,-7.5));
#2540=CARTESIAN_POINT('',(-14.1999999999984,10.0000002980234,-7.5));
#2541=CARTESIAN_POINT('',(14.2000000000016,10.0000002980234,-9.25000003352761));
#2542=CARTESIAN_POINT('Origin',(-14.1999999999984,1.49011805117283E-7,-8.50000002235174));
#2543=CARTESIAN_POINT('',(-14.1999999999984,-9.99999999999981,-9.50000004470349));
#2544=CARTESIAN_POINT('',(-14.1999999999984,-7.62499996833484,-11.8750000763685));
#2545=CARTESIAN_POINT('',(-14.1999999999984,-9.99999999999981,-7.5));
#2546=CARTESIAN_POINT('',(-14.1999999999984,-9.99999999999981,-10.0000000447035));
#2547=CARTESIAN_POINT('',(-14.1999999999984,-7.62499996833484,-5.12499996833503));
#2548=CARTESIAN_POINT('',(-14.1999999999984,7.62500026635845,-5.12499996833503));
#2549=CARTESIAN_POINT('Origin',(-14.1999999999984,9.75000029802342,-7.25));
#2550=CARTESIAN_POINT('',(14.2000000000016,7.62500026635845,-5.12499996833503));
#2551=CARTESIAN_POINT('Origin',(-14.1999999999984,-9.74999999999981,-9.75000004470349));
#2552=CARTESIAN_POINT('',(14.2000000000016,-9.99999999999981,-9.50000004470349));
#2553=CARTESIAN_POINT('',(14.2000000000016,-7.62499996833484,-11.8750000763685));
#2554=CARTESIAN_POINT('',(-14.1999999999984,-9.99999999999981,-9.50000004470349));
#2555=CARTESIAN_POINT('Origin',(-14.1999999999984,-9.74999999999981,-7.25));
#2556=CARTESIAN_POINT('',(14.2000000000016,-9.99999999999981,-7.5));
#2557=CARTESIAN_POINT('',(14.2000000000016,-7.62499996833484,-5.12499996833503));
#2558=CARTESIAN_POINT('',(-14.1999999999984,-9.99999999999981,-7.5));
#2559=CARTESIAN_POINT('Origin',(-14.1999999999984,-9.99999999999981,-7.));
#2560=CARTESIAN_POINT('',(14.2000000000016,-9.99999999999981,-7.75000001117587));
#2561=CARTESIAN_POINT('Origin',(14.2000000000016,1.49011805117283E-7,-8.50000002235174));
#2562=CARTESIAN_POINT('',(6.17281275896724,22.7991116905121,-24.75));
#2563=CARTESIAN_POINT('',(-30.6294650500376,-31.9665103725899,-27.6629113261709));
#2564=CARTESIAN_POINT('',(0.,0.,0.));
#2565=UNCERTAINTY_MEASURE_WITH_UNIT(LENGTH_MEASURE(0.01),#2575,
'DISTANCE_ACCURACY_VALUE',
'Maximum model space distance between geometric entities at asserted c
onnectivities');
#2566=UNCERTAINTY_MEASURE_WITH_UNIT(LENGTH_MEASURE(0.01),#2575,
'DISTANCE_ACCURACY_VALUE',
'Maximum model space distance between geometric entities at asserted c
onnectivities');
#2567=UNCERTAINTY_MEASURE_WITH_UNIT(LENGTH_MEASURE(0.01),#2575,
'DISTANCE_ACCURACY_VALUE',
'Maximum model space distance between geometric entities at asserted c
onnectivities');
#2568=UNCERTAINTY_MEASURE_WITH_UNIT(LENGTH_MEASURE(0.01),#2575,
'DISTANCE_ACCURACY_VALUE',
'Maximum model space distance between geometric entities at asserted c
onnectivities');
#2569=UNCERTAINTY_MEASURE_WITH_UNIT(LENGTH_MEASURE(0.01),#2575,
'DISTANCE_ACCURACY_VALUE',
'Maximum model space distance between geometric entities at asserted c
onnectivities');
#2570=(
GEOMETRIC_REPRESENTATION_CONTEXT(3)
GLOBAL_UNCERTAINTY_ASSIGNED_CONTEXT((#2565))
GLOBAL_UNIT_ASSIGNED_CONTEXT((#2575,#2577,#2578))
REPRESENTATION_CONTEXT('','3D')
);
#2571=(
GEOMETRIC_REPRESENTATION_CONTEXT(3)
GLOBAL_UNCERTAINTY_ASSIGNED_CONTEXT((#2566))
GLOBAL_UNIT_ASSIGNED_CONTEXT((#2575,#2577,#2578))
REPRESENTATION_CONTEXT('','3D')
);
#2572=(
GEOMETRIC_REPRESENTATION_CONTEXT(3)
GLOBAL_UNCERTAINTY_ASSIGNED_CONTEXT((#2567))
GLOBAL_UNIT_ASSIGNED_CONTEXT((#2575,#2577,#2578))
REPRESENTATION_CONTEXT('','3D')
);
#2573=(
GEOMETRIC_REPRESENTATION_CONTEXT(3)
GLOBAL_UNCERTAINTY_ASSIGNED_CONTEXT((#2568))
GLOBAL_UNIT_ASSIGNED_CONTEXT((#2575,#2577,#2578))
REPRESENTATION_CONTEXT('','3D')
);
#2574=(
GEOMETRIC_REPRESENTATION_CONTEXT(3)
GLOBAL_UNCERTAINTY_ASSIGNED_CONTEXT((#2569))
GLOBAL_UNIT_ASSIGNED_CONTEXT((#2575,#2577,#2578))
REPRESENTATION_CONTEXT('','3D')
);
#2575=(
LENGTH_UNIT()
NAMED_UNIT(*)
SI_UNIT(.MILLI.,.METRE.)
);
#2576=(
LENGTH_UNIT()
NAMED_UNIT(*)
SI_UNIT($,.METRE.)
);
#2577=(
NAMED_UNIT(*)
PLANE_ANGLE_UNIT()
SI_UNIT($,.RADIAN.)
);
#2578=(
NAMED_UNIT(*)
SI_UNIT($,.STERADIAN.)
SOLID_ANGLE_UNIT()
);
#2579=SHAPE_DEFINITION_REPRESENTATION(#2583,#2590);
#2580=SHAPE_DEFINITION_REPRESENTATION(#2584,#2591);
#2581=SHAPE_DEFINITION_REPRESENTATION(#2585,#2592);
#2582=SHAPE_DEFINITION_REPRESENTATION(#2586,#2593);
#2583=PRODUCT_DEFINITION_SHAPE('',$,#2595);
#2584=PRODUCT_DEFINITION_SHAPE('',$,#2596);
#2585=PRODUCT_DEFINITION_SHAPE('',$,#2597);
#2586=PRODUCT_DEFINITION_SHAPE('',$,#2598);
#2587=PRODUCT_DEFINITION_SHAPE($,$,#20);
#2588=PRODUCT_DEFINITION_SHAPE($,$,#21);
#2589=PRODUCT_DEFINITION_SHAPE($,$,#22);
#2590=SHAPE_REPRESENTATION('',(#1529,#1687,#1688,#1689),#2570);
#2591=SHAPE_REPRESENTATION('',(#1530),#2571);
#2592=SHAPE_REPRESENTATION('',(#1647),#2572);
#2593=SHAPE_REPRESENTATION('',(#1648),#2573);
#2594=PRODUCT_DEFINITION_CONTEXT('part definition',#2608,'design');
#2595=PRODUCT_DEFINITION('2026-08-22-14-17-02-226','bracket_omni_wheel',
#2599,#2594);
#2596=PRODUCT_DEFINITION('2026-08-22-14-17-02-227','side_bracket_1',#2600,
#2594);
#2597=PRODUCT_DEFINITION('2026-08-22-14-17-02-228','side_bracket_2',#2601,
#2594);
#2598=PRODUCT_DEFINITION('2026-08-22-14-17-02-229','top_bracket',#2602,
#2594);
#2599=PRODUCT_DEFINITION_FORMATION('',$,#2610);
#2600=PRODUCT_DEFINITION_FORMATION('',$,#2611);
#2601=PRODUCT_DEFINITION_FORMATION('',$,#2612);
#2602=PRODUCT_DEFINITION_FORMATION('',$,#2613);
#2603=PRODUCT_RELATED_PRODUCT_CATEGORY('bracket_omni_wheel',
'bracket_omni_wheel',(#2610));
#2604=PRODUCT_RELATED_PRODUCT_CATEGORY('side_bracket_1',
'side_bracket_1',(#2611));
#2605=PRODUCT_RELATED_PRODUCT_CATEGORY('side_bracket_2',
'side_bracket_2',(#2612));
#2606=PRODUCT_RELATED_PRODUCT_CATEGORY('top_bracket','top_bracket',(#2613));
#2607=APPLICATION_PROTOCOL_DEFINITION('international standard',
'automotive_design',2009,#2608);
#2608=APPLICATION_CONTEXT(
'Core Data for Automotive Mechanical Design Process');
#2609=PRODUCT_CONTEXT('part definition',#2608,'mechanical');
#2610=PRODUCT('2026-08-22-14-17-02-226','bracket_omni_wheel',$,(#2609));
#2611=PRODUCT('2026-08-22-14-17-02-227','side_bracket_1',$,(#2609));
#2612=PRODUCT('2026-08-22-14-17-02-228','side_bracket_2',$,(#2609));
#2613=PRODUCT('2026-08-22-14-17-02-229','top_bracket',$,(#2609));
#2614=PRESENTATION_STYLE_ASSIGNMENT((#2615));
#2615=SURFACE_STYLE_USAGE(.BOTH.,#2616);
#2616=SURFACE_SIDE_STYLE('',(#2617));
#2617=SURFACE_STYLE_FILL_AREA(#2618);
#2618=FILL_AREA_STYLE('Steel - Satin',(#2619));
#2619=FILL_AREA_STYLE_COLOUR('Steel - Satin',#2620);
#2620=COLOUR_RGB('Steel - Satin',0.627450980392157,0.627450980392157,0.627450980392157);
ENDSEC;
END-ISO-10303-21;
