ISO-10303-21;
HEADER;
/* Generated by software containing ST-Developer
 * from STEP Tools, Inc. (www.steptools.com) 
 */

FILE_DESCRIPTION(
/* description */ (''),
/* implementation_level */ '2;1');

FILE_NAME(
/* name */ 'mast_base_v001.step',
/* time_stamp */ '2026-08-22T18:59:54+04:00',
/* author */ (''),
/* organization */ (''),
/* preprocessor_version */ 'ST-DEVELOPER v20.1',
/* originating_system */ 'Autodesk Translation Framework v15.8.0.0',
/* authorisation */ '');

FILE_SCHEMA (('AUTOMOTIVE_DESIGN { 1 0 10303 214 3 1 1 }'));
ENDSEC;

DATA;
#10=MECHANICAL_DESIGN_GEOMETRIC_PRESENTATION_REPRESENTATION('',(#19,#20),
#4574);
#11=ITEM_DEFINED_TRANSFORMATION($,$,#2774,#3013);
#12=(
REPRESENTATION_RELATIONSHIP($,$,#4585,#4584)
REPRESENTATION_RELATIONSHIP_WITH_TRANSFORMATION(#11)
SHAPE_REPRESENTATION_RELATIONSHIP()
);
#13=CONTEXT_DEPENDENT_SHAPE_REPRESENTATION(#12,#4583);
#14=NEXT_ASSEMBLY_USAGE_OCCURRENCE('top_mast:1','top_mast:1',
'top_mast:1',#4587,#4588,'top_mast:1');
#15=SHAPE_REPRESENTATION_RELATIONSHIP('SRR','None',#4585,#17);
#16=SHAPE_REPRESENTATION_RELATIONSHIP('SRR','None',#4584,#18);
#17=ADVANCED_BREP_SHAPE_REPRESENTATION('',(#21),#4573);
#18=ADVANCED_BREP_SHAPE_REPRESENTATION('',(#22),#4572);
#19=STYLED_ITEM('',(#4598),#21);
#20=STYLED_ITEM('',(#4598),#22);
#21=MANIFOLD_SOLID_BREP('top_mast',#2759);
#22=MANIFOLD_SOLID_BREP('Body1',#2760);
#23=CIRCLE('',#2829,1.);
#24=CIRCLE('',#2830,0.999999999999996);
#25=CIRCLE('',#2831,1.);
#26=CIRCLE('',#2837,1.);
#27=CIRCLE('',#2838,0.999999999999996);
#28=CIRCLE('',#2839,1.);
#29=CIRCLE('',#2846,1.);
#30=CIRCLE('',#2847,0.999999999999996);
#31=CIRCLE('',#2848,1.);
#32=CIRCLE('',#2854,1.);
#33=CIRCLE('',#2855,0.999999999999996);
#34=CIRCLE('',#2856,1.);
#35=CIRCLE('',#2926,1.);
#36=CIRCLE('',#2927,0.999999999999996);
#37=CIRCLE('',#2928,1.);
#38=CIRCLE('',#2934,1.);
#39=CIRCLE('',#2935,0.999999999999996);
#40=CIRCLE('',#2936,1.);
#41=CIRCLE('',#2943,1.);
#42=CIRCLE('',#2944,0.999999999999996);
#43=CIRCLE('',#2945,1.);
#44=CIRCLE('',#2951,1.);
#45=CIRCLE('',#2952,0.999999999999996);
#46=CIRCLE('',#2953,1.);
#47=CIRCLE('',#2974,1.5);
#48=CIRCLE('',#2975,1.5);
#49=CIRCLE('',#2977,1.5);
#50=CIRCLE('',#2978,1.5);
#51=CIRCLE('',#2980,1.5);
#52=CIRCLE('',#2981,1.5);
#53=CIRCLE('',#2983,1.5);
#54=CIRCLE('',#2984,1.5);
#55=SPHERICAL_SURFACE('',#2828,0.999999999999996);
#56=SPHERICAL_SURFACE('',#2836,0.999999999999996);
#57=SPHERICAL_SURFACE('',#2845,0.999999999999996);
#58=SPHERICAL_SURFACE('',#2853,0.999999999999996);
#59=SPHERICAL_SURFACE('',#2925,0.999999999999996);
#60=SPHERICAL_SURFACE('',#2933,0.999999999999996);
#61=SPHERICAL_SURFACE('',#2942,0.999999999999996);
#62=SPHERICAL_SURFACE('',#2950,0.999999999999996);
#63=CYLINDRICAL_SURFACE('',#2820,1.);
#64=CYLINDRICAL_SURFACE('',#2823,1.);
#65=CYLINDRICAL_SURFACE('',#2825,1.);
#66=CYLINDRICAL_SURFACE('',#2827,1.);
#67=CYLINDRICAL_SURFACE('',#2832,1.);
#68=CYLINDRICAL_SURFACE('',#2840,1.);
#69=CYLINDRICAL_SURFACE('',#2844,1.);
#70=CYLINDRICAL_SURFACE('',#2849,1.);
#71=CYLINDRICAL_SURFACE('',#2857,1.);
#72=CYLINDRICAL_SURFACE('',#2861,1.);
#73=CYLINDRICAL_SURFACE('',#2862,1.);
#74=CYLINDRICAL_SURFACE('',#2863,1.);
#75=CYLINDRICAL_SURFACE('',#2864,1.);
#76=CYLINDRICAL_SURFACE('',#2865,1.);
#77=CYLINDRICAL_SURFACE('',#2866,1.);
#78=CYLINDRICAL_SURFACE('',#2867,1.);
#79=CYLINDRICAL_SURFACE('',#2915,1.);
#80=CYLINDRICAL_SURFACE('',#2918,1.);
#81=CYLINDRICAL_SURFACE('',#2920,1.);
#82=CYLINDRICAL_SURFACE('',#2922,1.);
#83=CYLINDRICAL_SURFACE('',#2929,1.);
#84=CYLINDRICAL_SURFACE('',#2937,1.);
#85=CYLINDRICAL_SURFACE('',#2941,1.);
#86=CYLINDRICAL_SURFACE('',#2946,1.);
#87=CYLINDRICAL_SURFACE('',#2954,1.);
#88=CYLINDRICAL_SURFACE('',#2958,1.);
#89=CYLINDRICAL_SURFACE('',#2960,1.);
#90=CYLINDRICAL_SURFACE('',#2961,1.);
#91=CYLINDRICAL_SURFACE('',#2962,1.);
#92=CYLINDRICAL_SURFACE('',#2963,1.);
#93=CYLINDRICAL_SURFACE('',#2965,1.);
#94=CYLINDRICAL_SURFACE('',#2967,1.);
#95=CYLINDRICAL_SURFACE('',#2973,1.5);
#96=CYLINDRICAL_SURFACE('',#2976,1.5);
#97=CYLINDRICAL_SURFACE('',#2979,1.5);
#98=CYLINDRICAL_SURFACE('',#2982,1.5);
#99=FACE_BOUND('',#348,.T.);
#100=FACE_BOUND('',#349,.T.);
#101=FACE_BOUND('',#350,.T.);
#102=FACE_BOUND('',#351,.T.);
#103=FACE_BOUND('',#352,.T.);
#104=FACE_BOUND('',#420,.T.);
#105=FACE_BOUND('',#421,.T.);
#106=FACE_BOUND('',#422,.T.);
#107=FACE_BOUND('',#423,.T.);
#108=FACE_BOUND('',#424,.T.);
#109=FACE_BOUND('',#477,.T.);
#110=FACE_BOUND('',#478,.T.);
#111=FACE_BOUND('',#479,.T.);
#112=FACE_BOUND('',#480,.T.);
#113=FACE_BOUND('',#481,.T.);
#114=FACE_BOUND('',#506,.T.);
#115=FACE_BOUND('',#507,.T.);
#116=FACE_BOUND('',#508,.T.);
#117=FACE_BOUND('',#509,.T.);
#118=FACE_BOUND('',#510,.T.);
#119=ELLIPSE('',#2785,1.73205080756888,1.);
#120=ELLIPSE('',#2787,1.73205080756888,1.);
#121=ELLIPSE('',#2789,1.73205080756888,1.);
#122=ELLIPSE('',#2791,1.73205080756888,1.);
#123=ELLIPSE('',#2821,1.4142135623731,1.);
#124=ELLIPSE('',#2822,1.4142135623731,1.);
#125=ELLIPSE('',#2824,1.4142135623731,1.);
#126=ELLIPSE('',#2826,1.41421356237309,1.);
#127=ELLIPSE('',#2833,1.41421356237309,1.);
#128=ELLIPSE('',#2834,1.12603250061049,1.);
#129=ELLIPSE('',#2835,1.41421356237309,1.);
#130=ELLIPSE('',#2841,1.41421356237309,1.);
#131=ELLIPSE('',#2842,1.12603250061049,1.);
#132=ELLIPSE('',#2843,1.41421356237309,1.);
#133=ELLIPSE('',#2850,1.41421356237309,1.);
#134=ELLIPSE('',#2851,1.12603250061049,1.);
#135=ELLIPSE('',#2852,1.41421356237309,1.);
#136=ELLIPSE('',#2858,1.41421356237309,1.);
#137=ELLIPSE('',#2859,1.12603250061049,1.);
#138=ELLIPSE('',#2860,1.41421356237309,1.);
#139=ELLIPSE('',#2916,1.4142135623731,1.);
#140=ELLIPSE('',#2917,1.4142135623731,1.);
#141=ELLIPSE('',#2919,1.4142135623731,1.);
#142=ELLIPSE('',#2921,1.41421356237309,1.);
#143=ELLIPSE('',#2930,1.41421356237309,1.);
#144=ELLIPSE('',#2931,1.12603250061049,1.);
#145=ELLIPSE('',#2932,1.41421356237309,1.);
#146=ELLIPSE('',#2938,1.41421356237309,1.);
#147=ELLIPSE('',#2939,1.12603250061049,1.);
#148=ELLIPSE('',#2940,1.41421356237309,1.);
#149=ELLIPSE('',#2947,1.41421356237309,1.);
#150=ELLIPSE('',#2948,1.12603250061049,1.);
#151=ELLIPSE('',#2949,1.41421356237309,1.);
#152=ELLIPSE('',#2955,1.41421356237309,1.);
#153=ELLIPSE('',#2956,1.12603250061049,1.);
#154=ELLIPSE('',#2957,1.41421356237309,1.);
#155=ELLIPSE('',#2959,1.73205080756888,1.);
#156=ELLIPSE('',#2964,1.73205080756888,1.);
#157=ELLIPSE('',#2966,1.73205080756888,1.);
#158=ELLIPSE('',#2968,1.73205080756888,1.);
#159=FACE_OUTER_BOUND('',#325,.T.);
#160=FACE_OUTER_BOUND('',#326,.T.);
#161=FACE_OUTER_BOUND('',#327,.T.);
#162=FACE_OUTER_BOUND('',#328,.T.);
#163=FACE_OUTER_BOUND('',#329,.T.);
#164=FACE_OUTER_BOUND('',#330,.T.);
#165=FACE_OUTER_BOUND('',#331,.T.);
#166=FACE_OUTER_BOUND('',#332,.T.);
#167=FACE_OUTER_BOUND('',#333,.T.);
#168=FACE_OUTER_BOUND('',#334,.T.);
#169=FACE_OUTER_BOUND('',#335,.T.);
#170=FACE_OUTER_BOUND('',#336,.T.);
#171=FACE_OUTER_BOUND('',#337,.T.);
#172=FACE_OUTER_BOUND('',#338,.T.);
#173=FACE_OUTER_BOUND('',#339,.T.);
#174=FACE_OUTER_BOUND('',#340,.T.);
#175=FACE_OUTER_BOUND('',#341,.T.);
#176=FACE_OUTER_BOUND('',#342,.T.);
#177=FACE_OUTER_BOUND('',#343,.T.);
#178=FACE_OUTER_BOUND('',#344,.T.);
#179=FACE_OUTER_BOUND('',#345,.T.);
#180=FACE_OUTER_BOUND('',#346,.T.);
#181=FACE_OUTER_BOUND('',#347,.T.);
#182=FACE_OUTER_BOUND('',#353,.T.);
#183=FACE_OUTER_BOUND('',#354,.T.);
#184=FACE_OUTER_BOUND('',#355,.T.);
#185=FACE_OUTER_BOUND('',#356,.T.);
#186=FACE_OUTER_BOUND('',#357,.T.);
#187=FACE_OUTER_BOUND('',#358,.T.);
#188=FACE_OUTER_BOUND('',#359,.T.);
#189=FACE_OUTER_BOUND('',#360,.T.);
#190=FACE_OUTER_BOUND('',#361,.T.);
#191=FACE_OUTER_BOUND('',#362,.T.);
#192=FACE_OUTER_BOUND('',#363,.T.);
#193=FACE_OUTER_BOUND('',#364,.T.);
#194=FACE_OUTER_BOUND('',#365,.T.);
#195=FACE_OUTER_BOUND('',#366,.T.);
#196=FACE_OUTER_BOUND('',#367,.T.);
#197=FACE_OUTER_BOUND('',#368,.T.);
#198=FACE_OUTER_BOUND('',#369,.T.);
#199=FACE_OUTER_BOUND('',#370,.T.);
#200=FACE_OUTER_BOUND('',#371,.T.);
#201=FACE_OUTER_BOUND('',#372,.T.);
#202=FACE_OUTER_BOUND('',#373,.T.);
#203=FACE_OUTER_BOUND('',#374,.T.);
#204=FACE_OUTER_BOUND('',#375,.T.);
#205=FACE_OUTER_BOUND('',#376,.T.);
#206=FACE_OUTER_BOUND('',#377,.T.);
#207=FACE_OUTER_BOUND('',#378,.T.);
#208=FACE_OUTER_BOUND('',#379,.T.);
#209=FACE_OUTER_BOUND('',#380,.T.);
#210=FACE_OUTER_BOUND('',#381,.T.);
#211=FACE_OUTER_BOUND('',#382,.T.);
#212=FACE_OUTER_BOUND('',#383,.T.);
#213=FACE_OUTER_BOUND('',#384,.T.);
#214=FACE_OUTER_BOUND('',#385,.T.);
#215=FACE_OUTER_BOUND('',#386,.T.);
#216=FACE_OUTER_BOUND('',#387,.T.);
#217=FACE_OUTER_BOUND('',#388,.T.);
#218=FACE_OUTER_BOUND('',#389,.T.);
#219=FACE_OUTER_BOUND('',#390,.T.);
#220=FACE_OUTER_BOUND('',#391,.T.);
#221=FACE_OUTER_BOUND('',#392,.T.);
#222=FACE_OUTER_BOUND('',#393,.T.);
#223=FACE_OUTER_BOUND('',#394,.T.);
#224=FACE_OUTER_BOUND('',#395,.T.);
#225=FACE_OUTER_BOUND('',#396,.T.);
#226=FACE_OUTER_BOUND('',#397,.T.);
#227=FACE_OUTER_BOUND('',#398,.T.);
#228=FACE_OUTER_BOUND('',#399,.T.);
#229=FACE_OUTER_BOUND('',#400,.T.);
#230=FACE_OUTER_BOUND('',#401,.T.);
#231=FACE_OUTER_BOUND('',#402,.T.);
#232=FACE_OUTER_BOUND('',#403,.T.);
#233=FACE_OUTER_BOUND('',#404,.T.);
#234=FACE_OUTER_BOUND('',#405,.T.);
#235=FACE_OUTER_BOUND('',#406,.T.);
#236=FACE_OUTER_BOUND('',#407,.T.);
#237=FACE_OUTER_BOUND('',#408,.T.);
#238=FACE_OUTER_BOUND('',#409,.T.);
#239=FACE_OUTER_BOUND('',#410,.T.);
#240=FACE_OUTER_BOUND('',#411,.T.);
#241=FACE_OUTER_BOUND('',#412,.T.);
#242=FACE_OUTER_BOUND('',#413,.T.);
#243=FACE_OUTER_BOUND('',#414,.T.);
#244=FACE_OUTER_BOUND('',#415,.T.);
#245=FACE_OUTER_BOUND('',#416,.T.);
#246=FACE_OUTER_BOUND('',#417,.T.);
#247=FACE_OUTER_BOUND('',#418,.T.);
#248=FACE_OUTER_BOUND('',#419,.T.);
#249=FACE_OUTER_BOUND('',#425,.T.);
#250=FACE_OUTER_BOUND('',#426,.T.);
#251=FACE_OUTER_BOUND('',#427,.T.);
#252=FACE_OUTER_BOUND('',#428,.T.);
#253=FACE_OUTER_BOUND('',#429,.T.);
#254=FACE_OUTER_BOUND('',#430,.T.);
#255=FACE_OUTER_BOUND('',#431,.T.);
#256=FACE_OUTER_BOUND('',#432,.T.);
#257=FACE_OUTER_BOUND('',#433,.T.);
#258=FACE_OUTER_BOUND('',#434,.T.);
#259=FACE_OUTER_BOUND('',#435,.T.);
#260=FACE_OUTER_BOUND('',#436,.T.);
#261=FACE_OUTER_BOUND('',#437,.T.);
#262=FACE_OUTER_BOUND('',#438,.T.);
#263=FACE_OUTER_BOUND('',#439,.T.);
#264=FACE_OUTER_BOUND('',#440,.T.);
#265=FACE_OUTER_BOUND('',#441,.T.);
#266=FACE_OUTER_BOUND('',#442,.T.);
#267=FACE_OUTER_BOUND('',#443,.T.);
#268=FACE_OUTER_BOUND('',#444,.T.);
#269=FACE_OUTER_BOUND('',#445,.T.);
#270=FACE_OUTER_BOUND('',#446,.T.);
#271=FACE_OUTER_BOUND('',#447,.T.);
#272=FACE_OUTER_BOUND('',#448,.T.);
#273=FACE_OUTER_BOUND('',#449,.T.);
#274=FACE_OUTER_BOUND('',#450,.T.);
#275=FACE_OUTER_BOUND('',#451,.T.);
#276=FACE_OUTER_BOUND('',#452,.T.);
#277=FACE_OUTER_BOUND('',#453,.T.);
#278=FACE_OUTER_BOUND('',#454,.T.);
#279=FACE_OUTER_BOUND('',#455,.T.);
#280=FACE_OUTER_BOUND('',#456,.T.);
#281=FACE_OUTER_BOUND('',#457,.T.);
#282=FACE_OUTER_BOUND('',#458,.T.);
#283=FACE_OUTER_BOUND('',#459,.T.);
#284=FACE_OUTER_BOUND('',#460,.T.);
#285=FACE_OUTER_BOUND('',#461,.T.);
#286=FACE_OUTER_BOUND('',#462,.T.);
#287=FACE_OUTER_BOUND('',#463,.T.);
#288=FACE_OUTER_BOUND('',#464,.T.);
#289=FACE_OUTER_BOUND('',#465,.T.);
#290=FACE_OUTER_BOUND('',#466,.T.);
#291=FACE_OUTER_BOUND('',#467,.T.);
#292=FACE_OUTER_BOUND('',#468,.T.);
#293=FACE_OUTER_BOUND('',#469,.T.);
#294=FACE_OUTER_BOUND('',#470,.T.);
#295=FACE_OUTER_BOUND('',#471,.T.);
#296=FACE_OUTER_BOUND('',#472,.T.);
#297=FACE_OUTER_BOUND('',#473,.T.);
#298=FACE_OUTER_BOUND('',#474,.T.);
#299=FACE_OUTER_BOUND('',#475,.T.);
#300=FACE_OUTER_BOUND('',#476,.T.);
#301=FACE_OUTER_BOUND('',#482,.T.);
#302=FACE_OUTER_BOUND('',#483,.T.);
#303=FACE_OUTER_BOUND('',#484,.T.);
#304=FACE_OUTER_BOUND('',#485,.T.);
#305=FACE_OUTER_BOUND('',#486,.T.);
#306=FACE_OUTER_BOUND('',#487,.T.);
#307=FACE_OUTER_BOUND('',#488,.T.);
#308=FACE_OUTER_BOUND('',#489,.T.);
#309=FACE_OUTER_BOUND('',#490,.T.);
#310=FACE_OUTER_BOUND('',#491,.T.);
#311=FACE_OUTER_BOUND('',#492,.T.);
#312=FACE_OUTER_BOUND('',#493,.T.);
#313=FACE_OUTER_BOUND('',#494,.T.);
#314=FACE_OUTER_BOUND('',#495,.T.);
#315=FACE_OUTER_BOUND('',#496,.T.);
#316=FACE_OUTER_BOUND('',#497,.T.);
#317=FACE_OUTER_BOUND('',#498,.T.);
#318=FACE_OUTER_BOUND('',#499,.T.);
#319=FACE_OUTER_BOUND('',#500,.T.);
#320=FACE_OUTER_BOUND('',#501,.T.);
#321=FACE_OUTER_BOUND('',#502,.T.);
#322=FACE_OUTER_BOUND('',#503,.T.);
#323=FACE_OUTER_BOUND('',#504,.T.);
#324=FACE_OUTER_BOUND('',#505,.T.);
#325=EDGE_LOOP('',(#1719,#1720,#1721,#1722));
#326=EDGE_LOOP('',(#1723,#1724,#1725,#1726));
#327=EDGE_LOOP('',(#1727,#1728,#1729,#1730));
#328=EDGE_LOOP('',(#1731,#1732,#1733,#1734));
#329=EDGE_LOOP('',(#1735,#1736,#1737,#1738,#1739,#1740));
#330=EDGE_LOOP('',(#1741,#1742,#1743,#1744,#1745,#1746));
#331=EDGE_LOOP('',(#1747,#1748,#1749,#1750));
#332=EDGE_LOOP('',(#1751,#1752,#1753,#1754,#1755,#1756));
#333=EDGE_LOOP('',(#1757,#1758,#1759,#1760,#1761,#1762));
#334=EDGE_LOOP('',(#1763,#1764,#1765));
#335=EDGE_LOOP('',(#1766,#1767,#1768));
#336=EDGE_LOOP('',(#1769,#1770,#1771));
#337=EDGE_LOOP('',(#1772,#1773,#1774));
#338=EDGE_LOOP('',(#1775,#1776,#1777,#1778));
#339=EDGE_LOOP('',(#1779,#1780,#1781,#1782));
#340=EDGE_LOOP('',(#1783,#1784,#1785,#1786));
#341=EDGE_LOOP('',(#1787,#1788,#1789,#1790));
#342=EDGE_LOOP('',(#1791,#1792,#1793,#1794));
#343=EDGE_LOOP('',(#1795,#1796,#1797,#1798));
#344=EDGE_LOOP('',(#1799,#1800,#1801,#1802));
#345=EDGE_LOOP('',(#1803,#1804,#1805,#1806));
#346=EDGE_LOOP('',(#1807,#1808,#1809,#1810));
#347=EDGE_LOOP('',(#1811,#1812,#1813,#1814));
#348=EDGE_LOOP('',(#1815,#1816,#1817,#1818));
#349=EDGE_LOOP('',(#1819,#1820,#1821,#1822));
#350=EDGE_LOOP('',(#1823,#1824,#1825,#1826));
#351=EDGE_LOOP('',(#1827,#1828,#1829,#1830));
#352=EDGE_LOOP('',(#1831,#1832,#1833,#1834));
#353=EDGE_LOOP('',(#1835,#1836,#1837,#1838));
#354=EDGE_LOOP('',(#1839,#1840,#1841,#1842));
#355=EDGE_LOOP('',(#1843,#1844,#1845,#1846));
#356=EDGE_LOOP('',(#1847,#1848,#1849,#1850));
#357=EDGE_LOOP('',(#1851,#1852,#1853,#1854));
#358=EDGE_LOOP('',(#1855,#1856,#1857,#1858));
#359=EDGE_LOOP('',(#1859,#1860,#1861,#1862));
#360=EDGE_LOOP('',(#1863,#1864,#1865,#1866));
#361=EDGE_LOOP('',(#1867,#1868,#1869,#1870));
#362=EDGE_LOOP('',(#1871,#1872,#1873,#1874));
#363=EDGE_LOOP('',(#1875,#1876,#1877,#1878));
#364=EDGE_LOOP('',(#1879,#1880,#1881,#1882));
#365=EDGE_LOOP('',(#1883,#1884,#1885,#1886));
#366=EDGE_LOOP('',(#1887,#1888,#1889,#1890));
#367=EDGE_LOOP('',(#1891,#1892,#1893,#1894));
#368=EDGE_LOOP('',(#1895,#1896,#1897,#1898));
#369=EDGE_LOOP('',(#1899,#1900,#1901,#1902));
#370=EDGE_LOOP('',(#1903,#1904,#1905,#1906));
#371=EDGE_LOOP('',(#1907,#1908,#1909,#1910));
#372=EDGE_LOOP('',(#1911,#1912,#1913,#1914));
#373=EDGE_LOOP('',(#1915,#1916,#1917,#1918));
#374=EDGE_LOOP('',(#1919,#1920,#1921,#1922));
#375=EDGE_LOOP('',(#1923,#1924,#1925));
#376=EDGE_LOOP('',(#1926,#1927,#1928,#1929,#1930,#1931));
#377=EDGE_LOOP('',(#1932,#1933,#1934));
#378=EDGE_LOOP('',(#1935,#1936,#1937,#1938,#1939,#1940));
#379=EDGE_LOOP('',(#1941,#1942,#1943,#1944));
#380=EDGE_LOOP('',(#1945,#1946,#1947));
#381=EDGE_LOOP('',(#1948,#1949,#1950,#1951,#1952,#1953));
#382=EDGE_LOOP('',(#1954,#1955,#1956));
#383=EDGE_LOOP('',(#1957,#1958,#1959,#1960,#1961,#1962));
#384=EDGE_LOOP('',(#1963,#1964,#1965,#1966));
#385=EDGE_LOOP('',(#1967,#1968,#1969,#1970));
#386=EDGE_LOOP('',(#1971,#1972,#1973,#1974));
#387=EDGE_LOOP('',(#1975,#1976,#1977,#1978));
#388=EDGE_LOOP('',(#1979,#1980,#1981,#1982));
#389=EDGE_LOOP('',(#1983,#1984,#1985,#1986));
#390=EDGE_LOOP('',(#1987,#1988,#1989,#1990));
#391=EDGE_LOOP('',(#1991,#1992,#1993,#1994));
#392=EDGE_LOOP('',(#1995,#1996,#1997,#1998,#1999,#2000));
#393=EDGE_LOOP('',(#2001,#2002,#2003,#2004));
#394=EDGE_LOOP('',(#2005,#2006,#2007,#2008,#2009,#2010));
#395=EDGE_LOOP('',(#2011,#2012,#2013,#2014,#2015,#2016));
#396=EDGE_LOOP('',(#2017,#2018,#2019,#2020,#2021,#2022));
#397=EDGE_LOOP('',(#2023,#2024,#2025,#2026));
#398=EDGE_LOOP('',(#2027,#2028,#2029,#2030));
#399=EDGE_LOOP('',(#2031,#2032,#2033,#2034));
#400=EDGE_LOOP('',(#2035,#2036,#2037,#2038));
#401=EDGE_LOOP('',(#2039,#2040,#2041,#2042));
#402=EDGE_LOOP('',(#2043,#2044,#2045,#2046));
#403=EDGE_LOOP('',(#2047,#2048,#2049,#2050));
#404=EDGE_LOOP('',(#2051,#2052,#2053,#2054));
#405=EDGE_LOOP('',(#2055,#2056,#2057,#2058));
#406=EDGE_LOOP('',(#2059,#2060,#2061,#2062));
#407=EDGE_LOOP('',(#2063,#2064,#2065,#2066));
#408=EDGE_LOOP('',(#2067,#2068,#2069,#2070));
#409=EDGE_LOOP('',(#2071,#2072,#2073,#2074));
#410=EDGE_LOOP('',(#2075,#2076,#2077,#2078));
#411=EDGE_LOOP('',(#2079,#2080,#2081,#2082));
#412=EDGE_LOOP('',(#2083,#2084,#2085,#2086));
#413=EDGE_LOOP('',(#2087,#2088,#2089,#2090));
#414=EDGE_LOOP('',(#2091,#2092,#2093,#2094));
#415=EDGE_LOOP('',(#2095,#2096,#2097,#2098));
#416=EDGE_LOOP('',(#2099,#2100,#2101,#2102));
#417=EDGE_LOOP('',(#2103,#2104,#2105,#2106));
#418=EDGE_LOOP('',(#2107,#2108,#2109,#2110));
#419=EDGE_LOOP('',(#2111,#2112,#2113,#2114));
#420=EDGE_LOOP('',(#2115,#2116,#2117,#2118));
#421=EDGE_LOOP('',(#2119,#2120,#2121,#2122));
#422=EDGE_LOOP('',(#2123,#2124,#2125,#2126));
#423=EDGE_LOOP('',(#2127,#2128,#2129,#2130));
#424=EDGE_LOOP('',(#2131,#2132,#2133,#2134));
#425=EDGE_LOOP('',(#2135,#2136,#2137,#2138));
#426=EDGE_LOOP('',(#2139,#2140,#2141,#2142));
#427=EDGE_LOOP('',(#2143,#2144,#2145,#2146));
#428=EDGE_LOOP('',(#2147,#2148,#2149,#2150));
#429=EDGE_LOOP('',(#2151,#2152,#2153,#2154));
#430=EDGE_LOOP('',(#2155,#2156,#2157,#2158));
#431=EDGE_LOOP('',(#2159,#2160,#2161,#2162));
#432=EDGE_LOOP('',(#2163,#2164,#2165,#2166));
#433=EDGE_LOOP('',(#2167,#2168,#2169,#2170));
#434=EDGE_LOOP('',(#2171,#2172,#2173,#2174));
#435=EDGE_LOOP('',(#2175,#2176,#2177,#2178));
#436=EDGE_LOOP('',(#2179,#2180,#2181,#2182));
#437=EDGE_LOOP('',(#2183,#2184,#2185,#2186));
#438=EDGE_LOOP('',(#2187,#2188,#2189,#2190));
#439=EDGE_LOOP('',(#2191,#2192,#2193,#2194));
#440=EDGE_LOOP('',(#2195,#2196,#2197,#2198));
#441=EDGE_LOOP('',(#2199,#2200,#2201,#2202));
#442=EDGE_LOOP('',(#2203,#2204,#2205,#2206));
#443=EDGE_LOOP('',(#2207,#2208,#2209,#2210));
#444=EDGE_LOOP('',(#2211,#2212,#2213,#2214));
#445=EDGE_LOOP('',(#2215,#2216,#2217,#2218));
#446=EDGE_LOOP('',(#2219,#2220,#2221,#2222));
#447=EDGE_LOOP('',(#2223,#2224,#2225,#2226));
#448=EDGE_LOOP('',(#2227,#2228,#2229,#2230));
#449=EDGE_LOOP('',(#2231,#2232,#2233));
#450=EDGE_LOOP('',(#2234,#2235,#2236,#2237,#2238,#2239));
#451=EDGE_LOOP('',(#2240,#2241,#2242));
#452=EDGE_LOOP('',(#2243,#2244,#2245,#2246,#2247,#2248));
#453=EDGE_LOOP('',(#2249,#2250,#2251,#2252));
#454=EDGE_LOOP('',(#2253,#2254,#2255));
#455=EDGE_LOOP('',(#2256,#2257,#2258,#2259,#2260,#2261));
#456=EDGE_LOOP('',(#2262,#2263,#2264));
#457=EDGE_LOOP('',(#2265,#2266,#2267,#2268,#2269,#2270));
#458=EDGE_LOOP('',(#2271,#2272,#2273,#2274));
#459=EDGE_LOOP('',(#2275,#2276,#2277,#2278));
#460=EDGE_LOOP('',(#2279,#2280,#2281,#2282));
#461=EDGE_LOOP('',(#2283,#2284,#2285,#2286));
#462=EDGE_LOOP('',(#2287,#2288,#2289,#2290));
#463=EDGE_LOOP('',(#2291,#2292,#2293,#2294));
#464=EDGE_LOOP('',(#2295,#2296,#2297,#2298));
#465=EDGE_LOOP('',(#2299,#2300,#2301,#2302));
#466=EDGE_LOOP('',(#2303,#2304,#2305,#2306,#2307,#2308));
#467=EDGE_LOOP('',(#2309,#2310,#2311,#2312));
#468=EDGE_LOOP('',(#2313,#2314,#2315,#2316,#2317,#2318));
#469=EDGE_LOOP('',(#2319,#2320,#2321,#2322));
#470=EDGE_LOOP('',(#2323,#2324,#2325,#2326));
#471=EDGE_LOOP('',(#2327,#2328,#2329,#2330));
#472=EDGE_LOOP('',(#2331,#2332,#2333,#2334));
#473=EDGE_LOOP('',(#2335,#2336,#2337,#2338,#2339,#2340));
#474=EDGE_LOOP('',(#2341,#2342,#2343,#2344,#2345,#2346));
#475=EDGE_LOOP('',(#2347,#2348,#2349,#2350));
#476=EDGE_LOOP('',(#2351,#2352,#2353,#2354));
#477=EDGE_LOOP('',(#2355,#2356,#2357,#2358,#2359,#2360,#2361,#2362));
#478=EDGE_LOOP('',(#2363));
#479=EDGE_LOOP('',(#2364));
#480=EDGE_LOOP('',(#2365));
#481=EDGE_LOOP('',(#2366));
#482=EDGE_LOOP('',(#2367,#2368,#2369,#2370));
#483=EDGE_LOOP('',(#2371,#2372,#2373,#2374));
#484=EDGE_LOOP('',(#2375,#2376,#2377,#2378));
#485=EDGE_LOOP('',(#2379,#2380,#2381,#2382));
#486=EDGE_LOOP('',(#2383,#2384,#2385,#2386));
#487=EDGE_LOOP('',(#2387,#2388,#2389,#2390));
#488=EDGE_LOOP('',(#2391,#2392,#2393,#2394));
#489=EDGE_LOOP('',(#2395,#2396,#2397,#2398));
#490=EDGE_LOOP('',(#2399,#2400,#2401,#2402));
#491=EDGE_LOOP('',(#2403,#2404,#2405,#2406));
#492=EDGE_LOOP('',(#2407,#2408,#2409,#2410));
#493=EDGE_LOOP('',(#2411,#2412,#2413,#2414));
#494=EDGE_LOOP('',(#2415,#2416,#2417,#2418));
#495=EDGE_LOOP('',(#2419,#2420,#2421,#2422));
#496=EDGE_LOOP('',(#2423,#2424,#2425,#2426));
#497=EDGE_LOOP('',(#2427,#2428,#2429,#2430));
#498=EDGE_LOOP('',(#2431,#2432,#2433,#2434));
#499=EDGE_LOOP('',(#2435,#2436,#2437,#2438));
#500=EDGE_LOOP('',(#2439,#2440,#2441,#2442));
#501=EDGE_LOOP('',(#2443,#2444,#2445,#2446));
#502=EDGE_LOOP('',(#2447,#2448,#2449,#2450));
#503=EDGE_LOOP('',(#2451,#2452,#2453,#2454));
#504=EDGE_LOOP('',(#2455,#2456,#2457,#2458));
#505=EDGE_LOOP('',(#2459,#2460,#2461,#2462));
#506=EDGE_LOOP('',(#2463,#2464,#2465,#2466));
#507=EDGE_LOOP('',(#2467));
#508=EDGE_LOOP('',(#2468));
#509=EDGE_LOOP('',(#2469));
#510=EDGE_LOOP('',(#2470));
#511=LINE('',#3805,#815);
#512=LINE('',#3807,#816);
#513=LINE('',#3809,#817);
#514=LINE('',#3810,#818);
#515=LINE('',#3813,#819);
#516=LINE('',#3815,#820);
#517=LINE('',#3816,#821);
#518=LINE('',#3819,#822);
#519=LINE('',#3821,#823);
#520=LINE('',#3822,#824);
#521=LINE('',#3824,#825);
#522=LINE('',#3825,#826);
#523=LINE('',#3828,#827);
#524=LINE('',#3830,#828);
#525=LINE('',#3832,#829);
#526=LINE('',#3834,#830);
#527=LINE('',#3835,#831);
#528=LINE('',#3838,#832);
#529=LINE('',#3840,#833);
#530=LINE('',#3842,#834);
#531=LINE('',#3843,#835);
#532=LINE('',#3847,#836);
#533=LINE('',#3849,#837);
#534=LINE('',#3851,#838);
#535=LINE('',#3852,#839);
#536=LINE('',#3855,#840);
#537=LINE('',#3857,#841);
#538=LINE('',#3858,#842);
#539=LINE('',#3870,#843);
#540=LINE('',#3872,#844);
#541=LINE('',#3874,#845);
#542=LINE('',#3875,#846);
#543=LINE('',#3878,#847);
#544=LINE('',#3880,#848);
#545=LINE('',#3881,#849);
#546=LINE('',#3884,#850);
#547=LINE('',#3885,#851);
#548=LINE('',#3889,#852);
#549=LINE('',#3891,#853);
#550=LINE('',#3893,#854);
#551=LINE('',#3894,#855);
#552=LINE('',#3897,#856);
#553=LINE('',#3899,#857);
#554=LINE('',#3900,#858);
#555=LINE('',#3903,#859);
#556=LINE('',#3905,#860);
#557=LINE('',#3906,#861);
#558=LINE('',#3908,#862);
#559=LINE('',#3909,#863);
#560=LINE('',#3912,#864);
#561=LINE('',#3914,#865);
#562=LINE('',#3915,#866);
#563=LINE('',#3918,#867);
#564=LINE('',#3919,#868);
#565=LINE('',#3923,#869);
#566=LINE('',#3925,#870);
#567=LINE('',#3927,#871);
#568=LINE('',#3928,#872);
#569=LINE('',#3931,#873);
#570=LINE('',#3933,#874);
#571=LINE('',#3935,#875);
#572=LINE('',#3936,#876);
#573=LINE('',#3939,#877);
#574=LINE('',#3941,#878);
#575=LINE('',#3943,#879);
#576=LINE('',#3944,#880);
#577=LINE('',#3947,#881);
#578=LINE('',#3949,#882);
#579=LINE('',#3951,#883);
#580=LINE('',#3952,#884);
#581=LINE('',#3955,#885);
#582=LINE('',#3957,#886);
#583=LINE('',#3959,#887);
#584=LINE('',#3960,#888);
#585=LINE('',#3963,#889);
#586=LINE('',#3965,#890);
#587=LINE('',#3966,#891);
#588=LINE('',#3969,#892);
#589=LINE('',#3970,#893);
#590=LINE('',#3973,#894);
#591=LINE('',#3974,#895);
#592=LINE('',#3976,#896);
#593=LINE('',#3979,#897);
#594=LINE('',#3981,#898);
#595=LINE('',#3982,#899);
#596=LINE('',#3985,#900);
#597=LINE('',#3986,#901);
#598=LINE('',#3989,#902);
#599=LINE('',#3991,#903);
#600=LINE('',#3992,#904);
#601=LINE('',#3995,#905);
#602=LINE('',#3996,#906);
#603=LINE('',#3999,#907);
#604=LINE('',#4000,#908);
#605=LINE('',#4002,#909);
#606=LINE('',#4005,#910);
#607=LINE('',#4007,#911);
#608=LINE('',#4008,#912);
#609=LINE('',#4011,#913);
#610=LINE('',#4012,#914);
#611=LINE('',#4015,#915);
#612=LINE('',#4017,#916);
#613=LINE('',#4018,#917);
#614=LINE('',#4021,#918);
#615=LINE('',#4022,#919);
#616=LINE('',#4025,#920);
#617=LINE('',#4026,#921);
#618=LINE('',#4028,#922);
#619=LINE('',#4031,#923);
#620=LINE('',#4033,#924);
#621=LINE('',#4034,#925);
#622=LINE('',#4037,#926);
#623=LINE('',#4038,#927);
#624=LINE('',#4045,#928);
#625=LINE('',#4048,#929);
#626=LINE('',#4058,#930);
#627=LINE('',#4060,#931);
#628=LINE('',#4074,#932);
#629=LINE('',#4076,#933);
#630=LINE('',#4083,#934);
#631=LINE('',#4092,#935);
#632=LINE('',#4094,#936);
#633=LINE('',#4108,#937);
#634=LINE('',#4110,#938);
#635=LINE('',#4117,#939);
#636=LINE('',#4118,#940);
#637=LINE('',#4120,#941);
#638=LINE('',#4122,#942);
#639=LINE('',#4124,#943);
#640=LINE('',#4126,#944);
#641=LINE('',#4127,#945);
#642=LINE('',#4129,#946);
#643=LINE('',#4130,#947);
#644=LINE('',#4132,#948);
#645=LINE('',#4133,#949);
#646=LINE('',#4135,#950);
#647=LINE('',#4138,#951);
#648=LINE('',#4141,#952);
#649=LINE('',#4143,#953);
#650=LINE('',#4147,#954);
#651=LINE('',#4148,#955);
#652=LINE('',#4150,#956);
#653=LINE('',#4153,#957);
#654=LINE('',#4154,#958);
#655=LINE('',#4156,#959);
#656=LINE('',#4159,#960);
#657=LINE('',#4160,#961);
#658=LINE('',#4162,#962);
#659=LINE('',#4165,#963);
#660=LINE('',#4166,#964);
#661=LINE('',#4168,#965);
#662=LINE('',#4175,#966);
#663=LINE('',#4180,#967);
#664=LINE('',#4182,#968);
#665=LINE('',#4184,#969);
#666=LINE('',#4185,#970);
#667=LINE('',#4188,#971);
#668=LINE('',#4190,#972);
#669=LINE('',#4191,#973);
#670=LINE('',#4194,#974);
#671=LINE('',#4196,#975);
#672=LINE('',#4197,#976);
#673=LINE('',#4199,#977);
#674=LINE('',#4200,#978);
#675=LINE('',#4203,#979);
#676=LINE('',#4205,#980);
#677=LINE('',#4206,#981);
#678=LINE('',#4209,#982);
#679=LINE('',#4210,#983);
#680=LINE('',#4214,#984);
#681=LINE('',#4216,#985);
#682=LINE('',#4218,#986);
#683=LINE('',#4219,#987);
#684=LINE('',#4222,#988);
#685=LINE('',#4224,#989);
#686=LINE('',#4226,#990);
#687=LINE('',#4227,#991);
#688=LINE('',#4230,#992);
#689=LINE('',#4232,#993);
#690=LINE('',#4234,#994);
#691=LINE('',#4235,#995);
#692=LINE('',#4238,#996);
#693=LINE('',#4240,#997);
#694=LINE('',#4242,#998);
#695=LINE('',#4243,#999);
#696=LINE('',#4246,#1000);
#697=LINE('',#4248,#1001);
#698=LINE('',#4250,#1002);
#699=LINE('',#4251,#1003);
#700=LINE('',#4254,#1004);
#701=LINE('',#4256,#1005);
#702=LINE('',#4257,#1006);
#703=LINE('',#4260,#1007);
#704=LINE('',#4261,#1008);
#705=LINE('',#4264,#1009);
#706=LINE('',#4265,#1010);
#707=LINE('',#4267,#1011);
#708=LINE('',#4270,#1012);
#709=LINE('',#4272,#1013);
#710=LINE('',#4273,#1014);
#711=LINE('',#4276,#1015);
#712=LINE('',#4277,#1016);
#713=LINE('',#4280,#1017);
#714=LINE('',#4282,#1018);
#715=LINE('',#4283,#1019);
#716=LINE('',#4286,#1020);
#717=LINE('',#4287,#1021);
#718=LINE('',#4290,#1022);
#719=LINE('',#4291,#1023);
#720=LINE('',#4293,#1024);
#721=LINE('',#4296,#1025);
#722=LINE('',#4298,#1026);
#723=LINE('',#4299,#1027);
#724=LINE('',#4302,#1028);
#725=LINE('',#4303,#1029);
#726=LINE('',#4306,#1030);
#727=LINE('',#4308,#1031);
#728=LINE('',#4309,#1032);
#729=LINE('',#4312,#1033);
#730=LINE('',#4313,#1034);
#731=LINE('',#4316,#1035);
#732=LINE('',#4317,#1036);
#733=LINE('',#4319,#1037);
#734=LINE('',#4322,#1038);
#735=LINE('',#4324,#1039);
#736=LINE('',#4325,#1040);
#737=LINE('',#4328,#1041);
#738=LINE('',#4329,#1042);
#739=LINE('',#4334,#1043);
#740=LINE('',#4339,#1044);
#741=LINE('',#4343,#1045);
#742=LINE('',#4345,#1046);
#743=LINE('',#4348,#1047);
#744=LINE('',#4350,#1048);
#745=LINE('',#4351,#1049);
#746=LINE('',#4354,#1050);
#747=LINE('',#4355,#1051);
#748=LINE('',#4364,#1052);
#749=LINE('',#4366,#1053);
#750=LINE('',#4380,#1054);
#751=LINE('',#4382,#1055);
#752=LINE('',#4389,#1056);
#753=LINE('',#4398,#1057);
#754=LINE('',#4400,#1058);
#755=LINE('',#4414,#1059);
#756=LINE('',#4416,#1060);
#757=LINE('',#4424,#1061);
#758=LINE('',#4427,#1062);
#759=LINE('',#4429,#1063);
#760=LINE('',#4431,#1064);
#761=LINE('',#4433,#1065);
#762=LINE('',#4436,#1066);
#763=LINE('',#4439,#1067);
#764=LINE('',#4444,#1068);
#765=LINE('',#4445,#1069);
#766=LINE('',#4448,#1070);
#767=LINE('',#4451,#1071);
#768=LINE('',#4453,#1072);
#769=LINE('',#4455,#1073);
#770=LINE('',#4457,#1074);
#771=LINE('',#4459,#1075);
#772=LINE('',#4464,#1076);
#773=LINE('',#4470,#1077);
#774=LINE('',#4476,#1078);
#775=LINE('',#4482,#1079);
#776=LINE('',#4485,#1080);
#777=LINE('',#4486,#1081);
#778=LINE('',#4488,#1082);
#779=LINE('',#4489,#1083);
#780=LINE('',#4494,#1084);
#781=LINE('',#4496,#1085);
#782=LINE('',#4498,#1086);
#783=LINE('',#4499,#1087);
#784=LINE('',#4502,#1088);
#785=LINE('',#4504,#1089);
#786=LINE('',#4505,#1090);
#787=LINE('',#4508,#1091);
#788=LINE('',#4509,#1092);
#789=LINE('',#4512,#1093);
#790=LINE('',#4513,#1094);
#791=LINE('',#4515,#1095);
#792=LINE('',#4518,#1096);
#793=LINE('',#4520,#1097);
#794=LINE('',#4521,#1098);
#795=LINE('',#4524,#1099);
#796=LINE('',#4525,#1100);
#797=LINE('',#4528,#1101);
#798=LINE('',#4529,#1102);
#799=LINE('',#4531,#1103);
#800=LINE('',#4534,#1104);
#801=LINE('',#4535,#1105);
#802=LINE('',#4537,#1106);
#803=LINE('',#4540,#1107);
#804=LINE('',#4541,#1108);
#805=LINE('',#4543,#1109);
#806=LINE('',#4546,#1110);
#807=LINE('',#4547,#1111);
#808=LINE('',#4549,#1112);
#809=LINE('',#4557,#1113);
#810=LINE('',#4558,#1114);
#811=LINE('',#4560,#1115);
#812=LINE('',#4563,#1116);
#813=LINE('',#4564,#1117);
#814=LINE('',#4566,#1118);
#815=VECTOR('',#3020,10.);
#816=VECTOR('',#3021,10.);
#817=VECTOR('',#3022,10.);
#818=VECTOR('',#3023,10.);
#819=VECTOR('',#3026,10.);
#820=VECTOR('',#3027,10.);
#821=VECTOR('',#3028,10.);
#822=VECTOR('',#3031,10.);
#823=VECTOR('',#3032,10.);
#824=VECTOR('',#3033,10.);
#825=VECTOR('',#3036,10.);
#826=VECTOR('',#3037,10.);
#827=VECTOR('',#3040,10.);
#828=VECTOR('',#3041,10.);
#829=VECTOR('',#3042,10.);
#830=VECTOR('',#3043,10.);
#831=VECTOR('',#3044,10.);
#832=VECTOR('',#3047,10.);
#833=VECTOR('',#3048,10.);
#834=VECTOR('',#3049,10.);
#835=VECTOR('',#3050,10.);
#836=VECTOR('',#3055,10.);
#837=VECTOR('',#3056,10.);
#838=VECTOR('',#3057,10.);
#839=VECTOR('',#3058,10.);
#840=VECTOR('',#3061,10.);
#841=VECTOR('',#3062,10.);
#842=VECTOR('',#3063,10.);
#843=VECTOR('',#3082,10.);
#844=VECTOR('',#3083,10.);
#845=VECTOR('',#3084,10.);
#846=VECTOR('',#3085,10.);
#847=VECTOR('',#3088,10.);
#848=VECTOR('',#3089,10.);
#849=VECTOR('',#3090,10.);
#850=VECTOR('',#3093,10.);
#851=VECTOR('',#3094,10.);
#852=VECTOR('',#3097,10.);
#853=VECTOR('',#3098,10.);
#854=VECTOR('',#3099,10.);
#855=VECTOR('',#3100,10.);
#856=VECTOR('',#3103,10.);
#857=VECTOR('',#3104,10.);
#858=VECTOR('',#3105,10.);
#859=VECTOR('',#3108,10.);
#860=VECTOR('',#3109,10.);
#861=VECTOR('',#3110,10.);
#862=VECTOR('',#3113,10.);
#863=VECTOR('',#3114,10.);
#864=VECTOR('',#3117,10.);
#865=VECTOR('',#3118,10.);
#866=VECTOR('',#3119,10.);
#867=VECTOR('',#3122,10.);
#868=VECTOR('',#3123,10.);
#869=VECTOR('',#3126,10.);
#870=VECTOR('',#3127,10.);
#871=VECTOR('',#3128,10.);
#872=VECTOR('',#3129,10.);
#873=VECTOR('',#3130,10.);
#874=VECTOR('',#3131,10.);
#875=VECTOR('',#3132,10.);
#876=VECTOR('',#3133,10.);
#877=VECTOR('',#3134,10.);
#878=VECTOR('',#3135,10.);
#879=VECTOR('',#3136,10.);
#880=VECTOR('',#3137,10.);
#881=VECTOR('',#3138,10.);
#882=VECTOR('',#3139,10.);
#883=VECTOR('',#3140,10.);
#884=VECTOR('',#3141,10.);
#885=VECTOR('',#3142,10.);
#886=VECTOR('',#3143,10.);
#887=VECTOR('',#3144,10.);
#888=VECTOR('',#3145,10.);
#889=VECTOR('',#3148,10.);
#890=VECTOR('',#3149,10.);
#891=VECTOR('',#3150,10.);
#892=VECTOR('',#3153,10.);
#893=VECTOR('',#3154,10.);
#894=VECTOR('',#3157,10.);
#895=VECTOR('',#3158,10.);
#896=VECTOR('',#3161,10.);
#897=VECTOR('',#3164,10.);
#898=VECTOR('',#3165,10.);
#899=VECTOR('',#3166,10.);
#900=VECTOR('',#3169,10.);
#901=VECTOR('',#3170,10.);
#902=VECTOR('',#3173,10.);
#903=VECTOR('',#3174,10.);
#904=VECTOR('',#3175,10.);
#905=VECTOR('',#3178,10.);
#906=VECTOR('',#3179,10.);
#907=VECTOR('',#3182,10.);
#908=VECTOR('',#3183,10.);
#909=VECTOR('',#3186,10.);
#910=VECTOR('',#3189,10.);
#911=VECTOR('',#3190,10.);
#912=VECTOR('',#3191,10.);
#913=VECTOR('',#3194,10.);
#914=VECTOR('',#3195,10.);
#915=VECTOR('',#3198,10.);
#916=VECTOR('',#3199,10.);
#917=VECTOR('',#3200,10.);
#918=VECTOR('',#3203,10.);
#919=VECTOR('',#3204,10.);
#920=VECTOR('',#3207,10.);
#921=VECTOR('',#3208,10.);
#922=VECTOR('',#3211,10.);
#923=VECTOR('',#3214,10.);
#924=VECTOR('',#3215,10.);
#925=VECTOR('',#3216,10.);
#926=VECTOR('',#3219,10.);
#927=VECTOR('',#3220,10.);
#928=VECTOR('',#3231,10.);
#929=VECTOR('',#3236,10.);
#930=VECTOR('',#3249,10.);
#931=VECTOR('',#3250,10.);
#932=VECTOR('',#3267,10.);
#933=VECTOR('',#3268,10.);
#934=VECTOR('',#3277,10.);
#935=VECTOR('',#3288,10.);
#936=VECTOR('',#3289,10.);
#937=VECTOR('',#3306,10.);
#938=VECTOR('',#3307,10.);
#939=VECTOR('',#3316,10.);
#940=VECTOR('',#3317,10.);
#941=VECTOR('',#3320,10.);
#942=VECTOR('',#3323,10.);
#943=VECTOR('',#3326,10.);
#944=VECTOR('',#3329,10.);
#945=VECTOR('',#3330,10.);
#946=VECTOR('',#3333,10.);
#947=VECTOR('',#3334,10.);
#948=VECTOR('',#3337,10.);
#949=VECTOR('',#3338,10.);
#950=VECTOR('',#3341,10.);
#951=VECTOR('',#3346,10.);
#952=VECTOR('',#3351,10.);
#953=VECTOR('',#3354,10.);
#954=VECTOR('',#3359,10.);
#955=VECTOR('',#3360,10.);
#956=VECTOR('',#3363,10.);
#957=VECTOR('',#3366,10.);
#958=VECTOR('',#3367,10.);
#959=VECTOR('',#3370,10.);
#960=VECTOR('',#3373,10.);
#961=VECTOR('',#3374,10.);
#962=VECTOR('',#3377,10.);
#963=VECTOR('',#3380,10.);
#964=VECTOR('',#3381,10.);
#965=VECTOR('',#3384,10.);
#966=VECTOR('',#3397,10.);
#967=VECTOR('',#3402,10.);
#968=VECTOR('',#3403,10.);
#969=VECTOR('',#3404,10.);
#970=VECTOR('',#3405,10.);
#971=VECTOR('',#3408,10.);
#972=VECTOR('',#3409,10.);
#973=VECTOR('',#3410,10.);
#974=VECTOR('',#3413,10.);
#975=VECTOR('',#3414,10.);
#976=VECTOR('',#3415,10.);
#977=VECTOR('',#3418,10.);
#978=VECTOR('',#3419,10.);
#979=VECTOR('',#3422,10.);
#980=VECTOR('',#3423,10.);
#981=VECTOR('',#3424,10.);
#982=VECTOR('',#3427,10.);
#983=VECTOR('',#3428,10.);
#984=VECTOR('',#3431,10.);
#985=VECTOR('',#3432,10.);
#986=VECTOR('',#3433,10.);
#987=VECTOR('',#3434,10.);
#988=VECTOR('',#3435,10.);
#989=VECTOR('',#3436,10.);
#990=VECTOR('',#3437,10.);
#991=VECTOR('',#3438,10.);
#992=VECTOR('',#3439,10.);
#993=VECTOR('',#3440,10.);
#994=VECTOR('',#3441,10.);
#995=VECTOR('',#3442,10.);
#996=VECTOR('',#3443,10.);
#997=VECTOR('',#3444,10.);
#998=VECTOR('',#3445,10.);
#999=VECTOR('',#3446,10.);
#1000=VECTOR('',#3447,10.);
#1001=VECTOR('',#3448,10.);
#1002=VECTOR('',#3449,10.);
#1003=VECTOR('',#3450,10.);
#1004=VECTOR('',#3453,10.);
#1005=VECTOR('',#3454,10.);
#1006=VECTOR('',#3455,10.);
#1007=VECTOR('',#3458,10.);
#1008=VECTOR('',#3459,10.);
#1009=VECTOR('',#3462,10.);
#1010=VECTOR('',#3463,10.);
#1011=VECTOR('',#3466,10.);
#1012=VECTOR('',#3469,10.);
#1013=VECTOR('',#3470,10.);
#1014=VECTOR('',#3471,10.);
#1015=VECTOR('',#3474,10.);
#1016=VECTOR('',#3475,10.);
#1017=VECTOR('',#3478,10.);
#1018=VECTOR('',#3479,10.);
#1019=VECTOR('',#3480,10.);
#1020=VECTOR('',#3483,10.);
#1021=VECTOR('',#3484,10.);
#1022=VECTOR('',#3487,10.);
#1023=VECTOR('',#3488,10.);
#1024=VECTOR('',#3491,10.);
#1025=VECTOR('',#3494,10.);
#1026=VECTOR('',#3495,10.);
#1027=VECTOR('',#3496,10.);
#1028=VECTOR('',#3499,10.);
#1029=VECTOR('',#3500,10.);
#1030=VECTOR('',#3503,10.);
#1031=VECTOR('',#3504,10.);
#1032=VECTOR('',#3505,10.);
#1033=VECTOR('',#3508,10.);
#1034=VECTOR('',#3509,10.);
#1035=VECTOR('',#3512,10.);
#1036=VECTOR('',#3513,10.);
#1037=VECTOR('',#3516,10.);
#1038=VECTOR('',#3519,10.);
#1039=VECTOR('',#3520,10.);
#1040=VECTOR('',#3521,10.);
#1041=VECTOR('',#3524,10.);
#1042=VECTOR('',#3525,10.);
#1043=VECTOR('',#3530,10.);
#1044=VECTOR('',#3537,10.);
#1045=VECTOR('',#3542,10.);
#1046=VECTOR('',#3545,10.);
#1047=VECTOR('',#3548,10.);
#1048=VECTOR('',#3549,10.);
#1049=VECTOR('',#3550,10.);
#1050=VECTOR('',#3553,10.);
#1051=VECTOR('',#3554,10.);
#1052=VECTOR('',#3565,10.);
#1053=VECTOR('',#3566,10.);
#1054=VECTOR('',#3583,10.);
#1055=VECTOR('',#3584,10.);
#1056=VECTOR('',#3593,10.);
#1057=VECTOR('',#3604,10.);
#1058=VECTOR('',#3605,10.);
#1059=VECTOR('',#3622,10.);
#1060=VECTOR('',#3623,10.);
#1061=VECTOR('',#3632,10.);
#1062=VECTOR('',#3635,10.);
#1063=VECTOR('',#3638,10.);
#1064=VECTOR('',#3641,10.);
#1065=VECTOR('',#3644,10.);
#1066=VECTOR('',#3647,10.);
#1067=VECTOR('',#3650,10.);
#1068=VECTOR('',#3655,10.);
#1069=VECTOR('',#3656,10.);
#1070=VECTOR('',#3659,10.);
#1071=VECTOR('',#3662,10.);
#1072=VECTOR('',#3665,10.);
#1073=VECTOR('',#3668,10.);
#1074=VECTOR('',#3671,10.);
#1075=VECTOR('',#3674,10.);
#1076=VECTOR('',#3679,1.5);
#1077=VECTOR('',#3686,1.5);
#1078=VECTOR('',#3693,1.5);
#1079=VECTOR('',#3700,1.5);
#1080=VECTOR('',#3705,10.);
#1081=VECTOR('',#3706,10.);
#1082=VECTOR('',#3709,10.);
#1083=VECTOR('',#3710,10.);
#1084=VECTOR('',#3715,10.);
#1085=VECTOR('',#3716,10.);
#1086=VECTOR('',#3717,10.);
#1087=VECTOR('',#3718,10.);
#1088=VECTOR('',#3721,10.);
#1089=VECTOR('',#3722,10.);
#1090=VECTOR('',#3723,10.);
#1091=VECTOR('',#3726,10.);
#1092=VECTOR('',#3727,10.);
#1093=VECTOR('',#3730,10.);
#1094=VECTOR('',#3731,10.);
#1095=VECTOR('',#3734,10.);
#1096=VECTOR('',#3737,10.);
#1097=VECTOR('',#3738,10.);
#1098=VECTOR('',#3739,10.);
#1099=VECTOR('',#3742,10.);
#1100=VECTOR('',#3743,10.);
#1101=VECTOR('',#3746,10.);
#1102=VECTOR('',#3747,10.);
#1103=VECTOR('',#3750,10.);
#1104=VECTOR('',#3753,10.);
#1105=VECTOR('',#3754,10.);
#1106=VECTOR('',#3757,10.);
#1107=VECTOR('',#3760,10.);
#1108=VECTOR('',#3761,10.);
#1109=VECTOR('',#3764,10.);
#1110=VECTOR('',#3767,10.);
#1111=VECTOR('',#3768,10.);
#1112=VECTOR('',#3771,10.);
#1113=VECTOR('',#3784,10.);
#1114=VECTOR('',#3785,10.);
#1115=VECTOR('',#3788,10.);
#1116=VECTOR('',#3791,10.);
#1117=VECTOR('',#3792,10.);
#1118=VECTOR('',#3795,10.);
#1119=VERTEX_POINT('',#3803);
#1120=VERTEX_POINT('',#3804);
#1121=VERTEX_POINT('',#3806);
#1122=VERTEX_POINT('',#3808);
#1123=VERTEX_POINT('',#3812);
#1124=VERTEX_POINT('',#3814);
#1125=VERTEX_POINT('',#3818);
#1126=VERTEX_POINT('',#3820);
#1127=VERTEX_POINT('',#3827);
#1128=VERTEX_POINT('',#3829);
#1129=VERTEX_POINT('',#3831);
#1130=VERTEX_POINT('',#3833);
#1131=VERTEX_POINT('',#3837);
#1132=VERTEX_POINT('',#3839);
#1133=VERTEX_POINT('',#3841);
#1134=VERTEX_POINT('',#3846);
#1135=VERTEX_POINT('',#3848);
#1136=VERTEX_POINT('',#3850);
#1137=VERTEX_POINT('',#3854);
#1138=VERTEX_POINT('',#3856);
#1139=VERTEX_POINT('',#3868);
#1140=VERTEX_POINT('',#3869);
#1141=VERTEX_POINT('',#3871);
#1142=VERTEX_POINT('',#3873);
#1143=VERTEX_POINT('',#3877);
#1144=VERTEX_POINT('',#3879);
#1145=VERTEX_POINT('',#3883);
#1146=VERTEX_POINT('',#3887);
#1147=VERTEX_POINT('',#3888);
#1148=VERTEX_POINT('',#3890);
#1149=VERTEX_POINT('',#3892);
#1150=VERTEX_POINT('',#3896);
#1151=VERTEX_POINT('',#3898);
#1152=VERTEX_POINT('',#3902);
#1153=VERTEX_POINT('',#3904);
#1154=VERTEX_POINT('',#3911);
#1155=VERTEX_POINT('',#3913);
#1156=VERTEX_POINT('',#3917);
#1157=VERTEX_POINT('',#3921);
#1158=VERTEX_POINT('',#3922);
#1159=VERTEX_POINT('',#3924);
#1160=VERTEX_POINT('',#3926);
#1161=VERTEX_POINT('',#3929);
#1162=VERTEX_POINT('',#3930);
#1163=VERTEX_POINT('',#3932);
#1164=VERTEX_POINT('',#3934);
#1165=VERTEX_POINT('',#3937);
#1166=VERTEX_POINT('',#3938);
#1167=VERTEX_POINT('',#3940);
#1168=VERTEX_POINT('',#3942);
#1169=VERTEX_POINT('',#3945);
#1170=VERTEX_POINT('',#3946);
#1171=VERTEX_POINT('',#3948);
#1172=VERTEX_POINT('',#3950);
#1173=VERTEX_POINT('',#3953);
#1174=VERTEX_POINT('',#3954);
#1175=VERTEX_POINT('',#3956);
#1176=VERTEX_POINT('',#3958);
#1177=VERTEX_POINT('',#3962);
#1178=VERTEX_POINT('',#3964);
#1179=VERTEX_POINT('',#3968);
#1180=VERTEX_POINT('',#3972);
#1181=VERTEX_POINT('',#3978);
#1182=VERTEX_POINT('',#3980);
#1183=VERTEX_POINT('',#3984);
#1184=VERTEX_POINT('',#3988);
#1185=VERTEX_POINT('',#3990);
#1186=VERTEX_POINT('',#3994);
#1187=VERTEX_POINT('',#3998);
#1188=VERTEX_POINT('',#4004);
#1189=VERTEX_POINT('',#4006);
#1190=VERTEX_POINT('',#4010);
#1191=VERTEX_POINT('',#4014);
#1192=VERTEX_POINT('',#4016);
#1193=VERTEX_POINT('',#4020);
#1194=VERTEX_POINT('',#4024);
#1195=VERTEX_POINT('',#4030);
#1196=VERTEX_POINT('',#4032);
#1197=VERTEX_POINT('',#4036);
#1198=VERTEX_POINT('',#4043);
#1199=VERTEX_POINT('',#4051);
#1200=VERTEX_POINT('',#4053);
#1201=VERTEX_POINT('',#4057);
#1202=VERTEX_POINT('',#4059);
#1203=VERTEX_POINT('',#4061);
#1204=VERTEX_POINT('',#4063);
#1205=VERTEX_POINT('',#4067);
#1206=VERTEX_POINT('',#4069);
#1207=VERTEX_POINT('',#4073);
#1208=VERTEX_POINT('',#4075);
#1209=VERTEX_POINT('',#4077);
#1210=VERTEX_POINT('',#4079);
#1211=VERTEX_POINT('',#4085);
#1212=VERTEX_POINT('',#4087);
#1213=VERTEX_POINT('',#4091);
#1214=VERTEX_POINT('',#4093);
#1215=VERTEX_POINT('',#4095);
#1216=VERTEX_POINT('',#4097);
#1217=VERTEX_POINT('',#4101);
#1218=VERTEX_POINT('',#4103);
#1219=VERTEX_POINT('',#4107);
#1220=VERTEX_POINT('',#4109);
#1221=VERTEX_POINT('',#4111);
#1222=VERTEX_POINT('',#4113);
#1223=VERTEX_POINT('',#4146);
#1224=VERTEX_POINT('',#4152);
#1225=VERTEX_POINT('',#4158);
#1226=VERTEX_POINT('',#4164);
#1227=VERTEX_POINT('',#4178);
#1228=VERTEX_POINT('',#4179);
#1229=VERTEX_POINT('',#4181);
#1230=VERTEX_POINT('',#4183);
#1231=VERTEX_POINT('',#4187);
#1232=VERTEX_POINT('',#4189);
#1233=VERTEX_POINT('',#4193);
#1234=VERTEX_POINT('',#4195);
#1235=VERTEX_POINT('',#4202);
#1236=VERTEX_POINT('',#4204);
#1237=VERTEX_POINT('',#4208);
#1238=VERTEX_POINT('',#4212);
#1239=VERTEX_POINT('',#4213);
#1240=VERTEX_POINT('',#4215);
#1241=VERTEX_POINT('',#4217);
#1242=VERTEX_POINT('',#4220);
#1243=VERTEX_POINT('',#4221);
#1244=VERTEX_POINT('',#4223);
#1245=VERTEX_POINT('',#4225);
#1246=VERTEX_POINT('',#4228);
#1247=VERTEX_POINT('',#4229);
#1248=VERTEX_POINT('',#4231);
#1249=VERTEX_POINT('',#4233);
#1250=VERTEX_POINT('',#4236);
#1251=VERTEX_POINT('',#4237);
#1252=VERTEX_POINT('',#4239);
#1253=VERTEX_POINT('',#4241);
#1254=VERTEX_POINT('',#4244);
#1255=VERTEX_POINT('',#4245);
#1256=VERTEX_POINT('',#4247);
#1257=VERTEX_POINT('',#4249);
#1258=VERTEX_POINT('',#4253);
#1259=VERTEX_POINT('',#4255);
#1260=VERTEX_POINT('',#4259);
#1261=VERTEX_POINT('',#4263);
#1262=VERTEX_POINT('',#4269);
#1263=VERTEX_POINT('',#4271);
#1264=VERTEX_POINT('',#4275);
#1265=VERTEX_POINT('',#4279);
#1266=VERTEX_POINT('',#4281);
#1267=VERTEX_POINT('',#4285);
#1268=VERTEX_POINT('',#4289);
#1269=VERTEX_POINT('',#4295);
#1270=VERTEX_POINT('',#4297);
#1271=VERTEX_POINT('',#4301);
#1272=VERTEX_POINT('',#4305);
#1273=VERTEX_POINT('',#4307);
#1274=VERTEX_POINT('',#4311);
#1275=VERTEX_POINT('',#4315);
#1276=VERTEX_POINT('',#4321);
#1277=VERTEX_POINT('',#4323);
#1278=VERTEX_POINT('',#4327);
#1279=VERTEX_POINT('',#4331);
#1280=VERTEX_POINT('',#4333);
#1281=VERTEX_POINT('',#4337);
#1282=VERTEX_POINT('',#4341);
#1283=VERTEX_POINT('',#4347);
#1284=VERTEX_POINT('',#4349);
#1285=VERTEX_POINT('',#4353);
#1286=VERTEX_POINT('',#4357);
#1287=VERTEX_POINT('',#4359);
#1288=VERTEX_POINT('',#4363);
#1289=VERTEX_POINT('',#4365);
#1290=VERTEX_POINT('',#4367);
#1291=VERTEX_POINT('',#4369);
#1292=VERTEX_POINT('',#4373);
#1293=VERTEX_POINT('',#4375);
#1294=VERTEX_POINT('',#4379);
#1295=VERTEX_POINT('',#4381);
#1296=VERTEX_POINT('',#4383);
#1297=VERTEX_POINT('',#4385);
#1298=VERTEX_POINT('',#4391);
#1299=VERTEX_POINT('',#4393);
#1300=VERTEX_POINT('',#4397);
#1301=VERTEX_POINT('',#4399);
#1302=VERTEX_POINT('',#4401);
#1303=VERTEX_POINT('',#4403);
#1304=VERTEX_POINT('',#4407);
#1305=VERTEX_POINT('',#4409);
#1306=VERTEX_POINT('',#4413);
#1307=VERTEX_POINT('',#4415);
#1308=VERTEX_POINT('',#4417);
#1309=VERTEX_POINT('',#4419);
#1310=VERTEX_POINT('',#4423);
#1311=VERTEX_POINT('',#4425);
#1312=VERTEX_POINT('',#4435);
#1313=VERTEX_POINT('',#4437);
#1314=VERTEX_POINT('',#4441);
#1315=VERTEX_POINT('',#4442);
#1316=VERTEX_POINT('',#4447);
#1317=VERTEX_POINT('',#4449);
#1318=VERTEX_POINT('',#4461);
#1319=VERTEX_POINT('',#4463);
#1320=VERTEX_POINT('',#4467);
#1321=VERTEX_POINT('',#4469);
#1322=VERTEX_POINT('',#4473);
#1323=VERTEX_POINT('',#4475);
#1324=VERTEX_POINT('',#4479);
#1325=VERTEX_POINT('',#4481);
#1326=VERTEX_POINT('',#4492);
#1327=VERTEX_POINT('',#4493);
#1328=VERTEX_POINT('',#4495);
#1329=VERTEX_POINT('',#4497);
#1330=VERTEX_POINT('',#4501);
#1331=VERTEX_POINT('',#4503);
#1332=VERTEX_POINT('',#4507);
#1333=VERTEX_POINT('',#4511);
#1334=VERTEX_POINT('',#4517);
#1335=VERTEX_POINT('',#4519);
#1336=VERTEX_POINT('',#4523);
#1337=VERTEX_POINT('',#4527);
#1338=VERTEX_POINT('',#4533);
#1339=VERTEX_POINT('',#4539);
#1340=VERTEX_POINT('',#4545);
#1341=VERTEX_POINT('',#4556);
#1342=VERTEX_POINT('',#4562);
#1343=EDGE_CURVE('',#1119,#1120,#511,.T.);
#1344=EDGE_CURVE('',#1120,#1121,#512,.T.);
#1345=EDGE_CURVE('',#1121,#1122,#513,.T.);
#1346=EDGE_CURVE('',#1122,#1119,#514,.T.);
#1347=EDGE_CURVE('',#1120,#1123,#515,.T.);
#1348=EDGE_CURVE('',#1123,#1124,#516,.T.);
#1349=EDGE_CURVE('',#1124,#1121,#517,.T.);
#1350=EDGE_CURVE('',#1125,#1124,#518,.T.);
#1351=EDGE_CURVE('',#1123,#1126,#519,.T.);
#1352=EDGE_CURVE('',#1126,#1125,#520,.T.);
#1353=EDGE_CURVE('',#1126,#1119,#521,.T.);
#1354=EDGE_CURVE('',#1122,#1125,#522,.T.);
#1355=EDGE_CURVE('',#1122,#1127,#523,.T.);
#1356=EDGE_CURVE('',#1128,#1127,#524,.T.);
#1357=EDGE_CURVE('',#1129,#1128,#525,.T.);
#1358=EDGE_CURVE('',#1130,#1129,#526,.T.);
#1359=EDGE_CURVE('',#1125,#1130,#527,.T.);
#1360=EDGE_CURVE('',#1121,#1131,#528,.T.);
#1361=EDGE_CURVE('',#1132,#1131,#529,.T.);
#1362=EDGE_CURVE('',#1133,#1132,#530,.T.);
#1363=EDGE_CURVE('',#1127,#1133,#531,.T.);
#1364=EDGE_CURVE('',#1124,#1134,#532,.T.);
#1365=EDGE_CURVE('',#1135,#1134,#533,.T.);
#1366=EDGE_CURVE('',#1136,#1135,#534,.T.);
#1367=EDGE_CURVE('',#1131,#1136,#535,.T.);
#1368=EDGE_CURVE('',#1137,#1130,#536,.T.);
#1369=EDGE_CURVE('',#1138,#1137,#537,.T.);
#1370=EDGE_CURVE('',#1134,#1138,#538,.T.);
#1371=EDGE_CURVE('',#1137,#1129,#119,.F.);
#1372=EDGE_CURVE('',#1128,#1133,#120,.F.);
#1373=EDGE_CURVE('',#1132,#1136,#121,.F.);
#1374=EDGE_CURVE('',#1135,#1138,#122,.F.);
#1375=EDGE_CURVE('',#1139,#1140,#539,.T.);
#1376=EDGE_CURVE('',#1141,#1139,#540,.T.);
#1377=EDGE_CURVE('',#1142,#1141,#541,.T.);
#1378=EDGE_CURVE('',#1140,#1142,#542,.T.);
#1379=EDGE_CURVE('',#1141,#1143,#543,.T.);
#1380=EDGE_CURVE('',#1144,#1143,#544,.T.);
#1381=EDGE_CURVE('',#1142,#1144,#545,.T.);
#1382=EDGE_CURVE('',#1139,#1145,#546,.T.);
#1383=EDGE_CURVE('',#1143,#1145,#547,.T.);
#1384=EDGE_CURVE('',#1146,#1147,#548,.T.);
#1385=EDGE_CURVE('',#1147,#1148,#549,.T.);
#1386=EDGE_CURVE('',#1148,#1149,#550,.T.);
#1387=EDGE_CURVE('',#1146,#1149,#551,.T.);
#1388=EDGE_CURVE('',#1147,#1150,#552,.T.);
#1389=EDGE_CURVE('',#1150,#1151,#553,.T.);
#1390=EDGE_CURVE('',#1151,#1148,#554,.T.);
#1391=EDGE_CURVE('',#1150,#1152,#555,.T.);
#1392=EDGE_CURVE('',#1152,#1153,#556,.T.);
#1393=EDGE_CURVE('',#1153,#1151,#557,.T.);
#1394=EDGE_CURVE('',#1149,#1153,#558,.T.);
#1395=EDGE_CURVE('',#1152,#1146,#559,.T.);
#1396=EDGE_CURVE('',#1154,#1149,#560,.T.);
#1397=EDGE_CURVE('',#1155,#1154,#561,.T.);
#1398=EDGE_CURVE('',#1155,#1153,#562,.T.);
#1399=EDGE_CURVE('',#1156,#1148,#563,.T.);
#1400=EDGE_CURVE('',#1154,#1156,#564,.T.);
#1401=EDGE_CURVE('',#1157,#1158,#565,.T.);
#1402=EDGE_CURVE('',#1159,#1157,#566,.T.);
#1403=EDGE_CURVE('',#1160,#1159,#567,.T.);
#1404=EDGE_CURVE('',#1158,#1160,#568,.T.);
#1405=EDGE_CURVE('',#1161,#1162,#569,.T.);
#1406=EDGE_CURVE('',#1163,#1161,#570,.T.);
#1407=EDGE_CURVE('',#1164,#1163,#571,.T.);
#1408=EDGE_CURVE('',#1162,#1164,#572,.T.);
#1409=EDGE_CURVE('',#1165,#1166,#573,.T.);
#1410=EDGE_CURVE('',#1167,#1165,#574,.T.);
#1411=EDGE_CURVE('',#1168,#1167,#575,.T.);
#1412=EDGE_CURVE('',#1166,#1168,#576,.T.);
#1413=EDGE_CURVE('',#1169,#1170,#577,.T.);
#1414=EDGE_CURVE('',#1171,#1169,#578,.T.);
#1415=EDGE_CURVE('',#1172,#1171,#579,.T.);
#1416=EDGE_CURVE('',#1170,#1172,#580,.T.);
#1417=EDGE_CURVE('',#1173,#1174,#581,.T.);
#1418=EDGE_CURVE('',#1175,#1173,#582,.T.);
#1419=EDGE_CURVE('',#1176,#1175,#583,.T.);
#1420=EDGE_CURVE('',#1174,#1176,#584,.T.);
#1421=EDGE_CURVE('',#1162,#1177,#585,.T.);
#1422=EDGE_CURVE('',#1177,#1178,#586,.T.);
#1423=EDGE_CURVE('',#1161,#1178,#587,.T.);
#1424=EDGE_CURVE('',#1164,#1179,#588,.T.);
#1425=EDGE_CURVE('',#1179,#1177,#589,.T.);
#1426=EDGE_CURVE('',#1163,#1180,#590,.T.);
#1427=EDGE_CURVE('',#1180,#1179,#591,.T.);
#1428=EDGE_CURVE('',#1178,#1180,#592,.T.);
#1429=EDGE_CURVE('',#1181,#1178,#593,.T.);
#1430=EDGE_CURVE('',#1182,#1181,#594,.T.);
#1431=EDGE_CURVE('',#1182,#1180,#595,.T.);
#1432=EDGE_CURVE('',#1183,#1177,#596,.T.);
#1433=EDGE_CURVE('',#1181,#1183,#597,.T.);
#1434=EDGE_CURVE('',#1174,#1184,#598,.T.);
#1435=EDGE_CURVE('',#1184,#1185,#599,.T.);
#1436=EDGE_CURVE('',#1173,#1185,#600,.T.);
#1437=EDGE_CURVE('',#1176,#1186,#601,.T.);
#1438=EDGE_CURVE('',#1186,#1184,#602,.T.);
#1439=EDGE_CURVE('',#1175,#1187,#603,.T.);
#1440=EDGE_CURVE('',#1187,#1186,#604,.T.);
#1441=EDGE_CURVE('',#1185,#1187,#605,.T.);
#1442=EDGE_CURVE('',#1188,#1185,#606,.T.);
#1443=EDGE_CURVE('',#1189,#1188,#607,.T.);
#1444=EDGE_CURVE('',#1189,#1187,#608,.T.);
#1445=EDGE_CURVE('',#1190,#1184,#609,.T.);
#1446=EDGE_CURVE('',#1188,#1190,#610,.T.);
#1447=EDGE_CURVE('',#1166,#1191,#611,.T.);
#1448=EDGE_CURVE('',#1191,#1192,#612,.T.);
#1449=EDGE_CURVE('',#1165,#1192,#613,.T.);
#1450=EDGE_CURVE('',#1168,#1193,#614,.T.);
#1451=EDGE_CURVE('',#1193,#1191,#615,.T.);
#1452=EDGE_CURVE('',#1167,#1194,#616,.T.);
#1453=EDGE_CURVE('',#1194,#1193,#617,.T.);
#1454=EDGE_CURVE('',#1192,#1194,#618,.T.);
#1455=EDGE_CURVE('',#1195,#1192,#619,.T.);
#1456=EDGE_CURVE('',#1196,#1195,#620,.T.);
#1457=EDGE_CURVE('',#1196,#1194,#621,.T.);
#1458=EDGE_CURVE('',#1197,#1191,#622,.T.);
#1459=EDGE_CURVE('',#1195,#1197,#623,.T.);
#1460=EDGE_CURVE('',#1170,#1144,#123,.T.);
#1461=EDGE_CURVE('',#1169,#1143,#124,.T.);
#1462=EDGE_CURVE('',#1172,#1198,#125,.T.);
#1463=EDGE_CURVE('',#1198,#1144,#624,.T.);
#1464=EDGE_CURVE('',#1171,#1145,#126,.T.);
#1465=EDGE_CURVE('',#1145,#1198,#625,.T.);
#1466=EDGE_CURVE('',#1199,#1157,#23,.F.);
#1467=EDGE_CURVE('',#1200,#1199,#24,.F.);
#1468=EDGE_CURVE('',#1157,#1200,#25,.F.);
#1469=EDGE_CURVE('',#1201,#1200,#626,.T.);
#1470=EDGE_CURVE('',#1199,#1202,#627,.T.);
#1471=EDGE_CURVE('',#1202,#1203,#127,.T.);
#1472=EDGE_CURVE('',#1203,#1204,#128,.T.);
#1473=EDGE_CURVE('',#1204,#1201,#129,.T.);
#1474=EDGE_CURVE('',#1205,#1158,#26,.F.);
#1475=EDGE_CURVE('',#1206,#1205,#27,.F.);
#1476=EDGE_CURVE('',#1158,#1206,#28,.F.);
#1477=EDGE_CURVE('',#1207,#1206,#628,.T.);
#1478=EDGE_CURVE('',#1205,#1208,#629,.T.);
#1479=EDGE_CURVE('',#1208,#1209,#130,.T.);
#1480=EDGE_CURVE('',#1209,#1210,#131,.T.);
#1481=EDGE_CURVE('',#1210,#1207,#132,.T.);
#1482=EDGE_CURVE('',#1206,#1199,#630,.T.);
#1483=EDGE_CURVE('',#1211,#1159,#29,.F.);
#1484=EDGE_CURVE('',#1212,#1211,#30,.F.);
#1485=EDGE_CURVE('',#1159,#1212,#31,.F.);
#1486=EDGE_CURVE('',#1213,#1212,#631,.T.);
#1487=EDGE_CURVE('',#1211,#1214,#632,.T.);
#1488=EDGE_CURVE('',#1214,#1215,#133,.T.);
#1489=EDGE_CURVE('',#1215,#1216,#134,.T.);
#1490=EDGE_CURVE('',#1216,#1213,#135,.T.);
#1491=EDGE_CURVE('',#1217,#1160,#32,.F.);
#1492=EDGE_CURVE('',#1218,#1217,#33,.F.);
#1493=EDGE_CURVE('',#1160,#1218,#34,.F.);
#1494=EDGE_CURVE('',#1219,#1218,#633,.T.);
#1495=EDGE_CURVE('',#1217,#1220,#634,.T.);
#1496=EDGE_CURVE('',#1220,#1221,#136,.T.);
#1497=EDGE_CURVE('',#1221,#1222,#137,.T.);
#1498=EDGE_CURVE('',#1222,#1219,#138,.T.);
#1499=EDGE_CURVE('',#1128,#1221,#635,.T.);
#1500=EDGE_CURVE('',#1133,#1222,#636,.T.);
#1501=EDGE_CURVE('',#1218,#1205,#637,.T.);
#1502=EDGE_CURVE('',#1212,#1217,#638,.T.);
#1503=EDGE_CURVE('',#1200,#1211,#639,.T.);
#1504=EDGE_CURVE('',#1137,#1215,#640,.T.);
#1505=EDGE_CURVE('',#1129,#1216,#641,.T.);
#1506=EDGE_CURVE('',#1136,#1210,#642,.T.);
#1507=EDGE_CURVE('',#1132,#1209,#643,.T.);
#1508=EDGE_CURVE('',#1135,#1203,#644,.T.);
#1509=EDGE_CURVE('',#1138,#1204,#645,.T.);
#1510=EDGE_CURVE('',#1220,#1213,#646,.T.);
#1511=EDGE_CURVE('',#1214,#1201,#647,.T.);
#1512=EDGE_CURVE('',#1208,#1219,#648,.T.);
#1513=EDGE_CURVE('',#1202,#1207,#649,.T.);
#1514=EDGE_CURVE('',#1223,#1151,#650,.T.);
#1515=EDGE_CURVE('',#1156,#1223,#651,.T.);
#1516=EDGE_CURVE('',#1223,#1155,#652,.T.);
#1517=EDGE_CURVE('',#1224,#1179,#653,.T.);
#1518=EDGE_CURVE('',#1183,#1224,#654,.T.);
#1519=EDGE_CURVE('',#1224,#1182,#655,.T.);
#1520=EDGE_CURVE('',#1225,#1186,#656,.T.);
#1521=EDGE_CURVE('',#1190,#1225,#657,.T.);
#1522=EDGE_CURVE('',#1225,#1189,#658,.T.);
#1523=EDGE_CURVE('',#1226,#1196,#659,.T.);
#1524=EDGE_CURVE('',#1226,#1193,#660,.T.);
#1525=EDGE_CURVE('',#1197,#1226,#661,.T.);
#1526=EDGE_CURVE('',#1140,#1198,#662,.T.);
#1527=EDGE_CURVE('',#1227,#1228,#663,.T.);
#1528=EDGE_CURVE('',#1228,#1229,#664,.T.);
#1529=EDGE_CURVE('',#1229,#1230,#665,.T.);
#1530=EDGE_CURVE('',#1227,#1230,#666,.T.);
#1531=EDGE_CURVE('',#1228,#1231,#667,.T.);
#1532=EDGE_CURVE('',#1231,#1232,#668,.T.);
#1533=EDGE_CURVE('',#1232,#1229,#669,.T.);
#1534=EDGE_CURVE('',#1231,#1233,#670,.T.);
#1535=EDGE_CURVE('',#1233,#1234,#671,.T.);
#1536=EDGE_CURVE('',#1234,#1232,#672,.T.);
#1537=EDGE_CURVE('',#1230,#1234,#673,.T.);
#1538=EDGE_CURVE('',#1233,#1227,#674,.T.);
#1539=EDGE_CURVE('',#1235,#1230,#675,.T.);
#1540=EDGE_CURVE('',#1236,#1235,#676,.T.);
#1541=EDGE_CURVE('',#1236,#1234,#677,.T.);
#1542=EDGE_CURVE('',#1237,#1229,#678,.T.);
#1543=EDGE_CURVE('',#1235,#1237,#679,.T.);
#1544=EDGE_CURVE('',#1238,#1239,#680,.T.);
#1545=EDGE_CURVE('',#1240,#1238,#681,.T.);
#1546=EDGE_CURVE('',#1241,#1240,#682,.T.);
#1547=EDGE_CURVE('',#1239,#1241,#683,.T.);
#1548=EDGE_CURVE('',#1242,#1243,#684,.T.);
#1549=EDGE_CURVE('',#1244,#1242,#685,.T.);
#1550=EDGE_CURVE('',#1245,#1244,#686,.T.);
#1551=EDGE_CURVE('',#1243,#1245,#687,.T.);
#1552=EDGE_CURVE('',#1246,#1247,#688,.T.);
#1553=EDGE_CURVE('',#1248,#1246,#689,.T.);
#1554=EDGE_CURVE('',#1249,#1248,#690,.T.);
#1555=EDGE_CURVE('',#1247,#1249,#691,.T.);
#1556=EDGE_CURVE('',#1250,#1251,#692,.T.);
#1557=EDGE_CURVE('',#1252,#1250,#693,.T.);
#1558=EDGE_CURVE('',#1253,#1252,#694,.T.);
#1559=EDGE_CURVE('',#1251,#1253,#695,.T.);
#1560=EDGE_CURVE('',#1254,#1255,#696,.T.);
#1561=EDGE_CURVE('',#1256,#1254,#697,.T.);
#1562=EDGE_CURVE('',#1257,#1256,#698,.T.);
#1563=EDGE_CURVE('',#1255,#1257,#699,.T.);
#1564=EDGE_CURVE('',#1243,#1258,#700,.T.);
#1565=EDGE_CURVE('',#1258,#1259,#701,.T.);
#1566=EDGE_CURVE('',#1242,#1259,#702,.T.);
#1567=EDGE_CURVE('',#1245,#1260,#703,.T.);
#1568=EDGE_CURVE('',#1260,#1258,#704,.T.);
#1569=EDGE_CURVE('',#1244,#1261,#705,.T.);
#1570=EDGE_CURVE('',#1261,#1260,#706,.T.);
#1571=EDGE_CURVE('',#1259,#1261,#707,.T.);
#1572=EDGE_CURVE('',#1262,#1259,#708,.T.);
#1573=EDGE_CURVE('',#1263,#1262,#709,.T.);
#1574=EDGE_CURVE('',#1263,#1261,#710,.T.);
#1575=EDGE_CURVE('',#1264,#1258,#711,.T.);
#1576=EDGE_CURVE('',#1262,#1264,#712,.T.);
#1577=EDGE_CURVE('',#1255,#1265,#713,.T.);
#1578=EDGE_CURVE('',#1265,#1266,#714,.T.);
#1579=EDGE_CURVE('',#1254,#1266,#715,.T.);
#1580=EDGE_CURVE('',#1257,#1267,#716,.T.);
#1581=EDGE_CURVE('',#1267,#1265,#717,.T.);
#1582=EDGE_CURVE('',#1256,#1268,#718,.T.);
#1583=EDGE_CURVE('',#1268,#1267,#719,.T.);
#1584=EDGE_CURVE('',#1266,#1268,#720,.T.);
#1585=EDGE_CURVE('',#1269,#1266,#721,.T.);
#1586=EDGE_CURVE('',#1270,#1269,#722,.T.);
#1587=EDGE_CURVE('',#1270,#1268,#723,.T.);
#1588=EDGE_CURVE('',#1271,#1265,#724,.T.);
#1589=EDGE_CURVE('',#1269,#1271,#725,.T.);
#1590=EDGE_CURVE('',#1247,#1272,#726,.T.);
#1591=EDGE_CURVE('',#1272,#1273,#727,.T.);
#1592=EDGE_CURVE('',#1246,#1273,#728,.T.);
#1593=EDGE_CURVE('',#1249,#1274,#729,.T.);
#1594=EDGE_CURVE('',#1274,#1272,#730,.T.);
#1595=EDGE_CURVE('',#1248,#1275,#731,.T.);
#1596=EDGE_CURVE('',#1275,#1274,#732,.T.);
#1597=EDGE_CURVE('',#1273,#1275,#733,.T.);
#1598=EDGE_CURVE('',#1276,#1273,#734,.T.);
#1599=EDGE_CURVE('',#1277,#1276,#735,.T.);
#1600=EDGE_CURVE('',#1277,#1275,#736,.T.);
#1601=EDGE_CURVE('',#1278,#1272,#737,.T.);
#1602=EDGE_CURVE('',#1276,#1278,#738,.T.);
#1603=EDGE_CURVE('',#1251,#1279,#139,.T.);
#1604=EDGE_CURVE('',#1279,#1280,#739,.T.);
#1605=EDGE_CURVE('',#1250,#1280,#140,.T.);
#1606=EDGE_CURVE('',#1253,#1281,#141,.T.);
#1607=EDGE_CURVE('',#1281,#1279,#740,.T.);
#1608=EDGE_CURVE('',#1252,#1282,#142,.T.);
#1609=EDGE_CURVE('',#1282,#1281,#741,.T.);
#1610=EDGE_CURVE('',#1280,#1282,#742,.T.);
#1611=EDGE_CURVE('',#1283,#1280,#743,.T.);
#1612=EDGE_CURVE('',#1283,#1284,#744,.T.);
#1613=EDGE_CURVE('',#1284,#1282,#745,.T.);
#1614=EDGE_CURVE('',#1285,#1279,#746,.T.);
#1615=EDGE_CURVE('',#1285,#1283,#747,.T.);
#1616=EDGE_CURVE('',#1286,#1238,#35,.F.);
#1617=EDGE_CURVE('',#1287,#1286,#36,.F.);
#1618=EDGE_CURVE('',#1238,#1287,#37,.F.);
#1619=EDGE_CURVE('',#1288,#1287,#748,.T.);
#1620=EDGE_CURVE('',#1286,#1289,#749,.T.);
#1621=EDGE_CURVE('',#1289,#1290,#143,.T.);
#1622=EDGE_CURVE('',#1290,#1291,#144,.T.);
#1623=EDGE_CURVE('',#1291,#1288,#145,.T.);
#1624=EDGE_CURVE('',#1292,#1239,#38,.F.);
#1625=EDGE_CURVE('',#1293,#1292,#39,.F.);
#1626=EDGE_CURVE('',#1239,#1293,#40,.F.);
#1627=EDGE_CURVE('',#1294,#1293,#750,.T.);
#1628=EDGE_CURVE('',#1292,#1295,#751,.T.);
#1629=EDGE_CURVE('',#1295,#1296,#146,.T.);
#1630=EDGE_CURVE('',#1296,#1297,#147,.T.);
#1631=EDGE_CURVE('',#1297,#1294,#148,.T.);
#1632=EDGE_CURVE('',#1293,#1286,#752,.T.);
#1633=EDGE_CURVE('',#1298,#1240,#41,.F.);
#1634=EDGE_CURVE('',#1299,#1298,#42,.F.);
#1635=EDGE_CURVE('',#1240,#1299,#43,.F.);
#1636=EDGE_CURVE('',#1300,#1299,#753,.T.);
#1637=EDGE_CURVE('',#1298,#1301,#754,.T.);
#1638=EDGE_CURVE('',#1301,#1302,#149,.T.);
#1639=EDGE_CURVE('',#1302,#1303,#150,.T.);
#1640=EDGE_CURVE('',#1303,#1300,#151,.T.);
#1641=EDGE_CURVE('',#1304,#1241,#44,.F.);
#1642=EDGE_CURVE('',#1305,#1304,#45,.F.);
#1643=EDGE_CURVE('',#1241,#1305,#46,.F.);
#1644=EDGE_CURVE('',#1306,#1305,#755,.T.);
#1645=EDGE_CURVE('',#1304,#1307,#756,.T.);
#1646=EDGE_CURVE('',#1307,#1308,#152,.T.);
#1647=EDGE_CURVE('',#1308,#1309,#153,.T.);
#1648=EDGE_CURVE('',#1309,#1306,#154,.T.);
#1649=EDGE_CURVE('',#1310,#1308,#757,.T.);
#1650=EDGE_CURVE('',#1310,#1311,#155,.F.);
#1651=EDGE_CURVE('',#1311,#1309,#758,.T.);
#1652=EDGE_CURVE('',#1305,#1292,#759,.T.);
#1653=EDGE_CURVE('',#1299,#1304,#760,.T.);
#1654=EDGE_CURVE('',#1287,#1298,#761,.T.);
#1655=EDGE_CURVE('',#1312,#1302,#762,.T.);
#1656=EDGE_CURVE('',#1312,#1313,#156,.F.);
#1657=EDGE_CURVE('',#1313,#1303,#763,.T.);
#1658=EDGE_CURVE('',#1314,#1315,#157,.F.);
#1659=EDGE_CURVE('',#1315,#1297,#764,.T.);
#1660=EDGE_CURVE('',#1314,#1296,#765,.T.);
#1661=EDGE_CURVE('',#1316,#1290,#766,.T.);
#1662=EDGE_CURVE('',#1316,#1317,#158,.F.);
#1663=EDGE_CURVE('',#1317,#1291,#767,.T.);
#1664=EDGE_CURVE('',#1307,#1300,#768,.T.);
#1665=EDGE_CURVE('',#1313,#1310,#769,.T.);
#1666=EDGE_CURVE('',#1301,#1288,#770,.T.);
#1667=EDGE_CURVE('',#1317,#1312,#771,.T.);
#1668=EDGE_CURVE('',#1318,#1318,#47,.T.);
#1669=EDGE_CURVE('',#1318,#1319,#772,.T.);
#1670=EDGE_CURVE('',#1319,#1319,#48,.T.);
#1671=EDGE_CURVE('',#1320,#1320,#49,.T.);
#1672=EDGE_CURVE('',#1320,#1321,#773,.T.);
#1673=EDGE_CURVE('',#1321,#1321,#50,.T.);
#1674=EDGE_CURVE('',#1322,#1322,#51,.T.);
#1675=EDGE_CURVE('',#1322,#1323,#774,.T.);
#1676=EDGE_CURVE('',#1323,#1323,#52,.T.);
#1677=EDGE_CURVE('',#1324,#1324,#53,.T.);
#1678=EDGE_CURVE('',#1324,#1325,#775,.T.);
#1679=EDGE_CURVE('',#1325,#1325,#54,.T.);
#1680=EDGE_CURVE('',#1311,#1314,#776,.T.);
#1681=EDGE_CURVE('',#1295,#1306,#777,.T.);
#1682=EDGE_CURVE('',#1315,#1316,#778,.T.);
#1683=EDGE_CURVE('',#1289,#1294,#779,.T.);
#1684=EDGE_CURVE('',#1326,#1327,#780,.T.);
#1685=EDGE_CURVE('',#1328,#1326,#781,.T.);
#1686=EDGE_CURVE('',#1329,#1328,#782,.T.);
#1687=EDGE_CURVE('',#1327,#1329,#783,.T.);
#1688=EDGE_CURVE('',#1327,#1330,#784,.T.);
#1689=EDGE_CURVE('',#1330,#1331,#785,.T.);
#1690=EDGE_CURVE('',#1326,#1331,#786,.T.);
#1691=EDGE_CURVE('',#1329,#1332,#787,.T.);
#1692=EDGE_CURVE('',#1332,#1330,#788,.T.);
#1693=EDGE_CURVE('',#1328,#1333,#789,.T.);
#1694=EDGE_CURVE('',#1333,#1332,#790,.T.);
#1695=EDGE_CURVE('',#1331,#1333,#791,.T.);
#1696=EDGE_CURVE('',#1334,#1331,#792,.T.);
#1697=EDGE_CURVE('',#1334,#1335,#793,.T.);
#1698=EDGE_CURVE('',#1335,#1333,#794,.T.);
#1699=EDGE_CURVE('',#1336,#1330,#795,.T.);
#1700=EDGE_CURVE('',#1336,#1334,#796,.T.);
#1701=EDGE_CURVE('',#1337,#1232,#797,.T.);
#1702=EDGE_CURVE('',#1237,#1337,#798,.T.);
#1703=EDGE_CURVE('',#1337,#1236,#799,.T.);
#1704=EDGE_CURVE('',#1338,#1260,#800,.T.);
#1705=EDGE_CURVE('',#1264,#1338,#801,.T.);
#1706=EDGE_CURVE('',#1338,#1263,#802,.T.);
#1707=EDGE_CURVE('',#1339,#1267,#803,.T.);
#1708=EDGE_CURVE('',#1271,#1339,#804,.T.);
#1709=EDGE_CURVE('',#1339,#1270,#805,.T.);
#1710=EDGE_CURVE('',#1340,#1277,#806,.T.);
#1711=EDGE_CURVE('',#1340,#1274,#807,.T.);
#1712=EDGE_CURVE('',#1278,#1340,#808,.T.);
#1713=EDGE_CURVE('',#1341,#1281,#809,.T.);
#1714=EDGE_CURVE('',#1341,#1285,#810,.T.);
#1715=EDGE_CURVE('',#1284,#1341,#811,.T.);
#1716=EDGE_CURVE('',#1342,#1332,#812,.T.);
#1717=EDGE_CURVE('',#1342,#1336,#813,.T.);
#1718=EDGE_CURVE('',#1335,#1342,#814,.T.);
#1719=ORIENTED_EDGE('',*,*,#1343,.T.);
#1720=ORIENTED_EDGE('',*,*,#1344,.T.);
#1721=ORIENTED_EDGE('',*,*,#1345,.T.);
#1722=ORIENTED_EDGE('',*,*,#1346,.T.);
#1723=ORIENTED_EDGE('',*,*,#1347,.T.);
#1724=ORIENTED_EDGE('',*,*,#1348,.T.);
#1725=ORIENTED_EDGE('',*,*,#1349,.T.);
#1726=ORIENTED_EDGE('',*,*,#1344,.F.);
#1727=ORIENTED_EDGE('',*,*,#1350,.T.);
#1728=ORIENTED_EDGE('',*,*,#1348,.F.);
#1729=ORIENTED_EDGE('',*,*,#1351,.T.);
#1730=ORIENTED_EDGE('',*,*,#1352,.T.);
#1731=ORIENTED_EDGE('',*,*,#1353,.T.);
#1732=ORIENTED_EDGE('',*,*,#1346,.F.);
#1733=ORIENTED_EDGE('',*,*,#1354,.T.);
#1734=ORIENTED_EDGE('',*,*,#1352,.F.);
#1735=ORIENTED_EDGE('',*,*,#1354,.F.);
#1736=ORIENTED_EDGE('',*,*,#1355,.T.);
#1737=ORIENTED_EDGE('',*,*,#1356,.F.);
#1738=ORIENTED_EDGE('',*,*,#1357,.F.);
#1739=ORIENTED_EDGE('',*,*,#1358,.F.);
#1740=ORIENTED_EDGE('',*,*,#1359,.F.);
#1741=ORIENTED_EDGE('',*,*,#1345,.F.);
#1742=ORIENTED_EDGE('',*,*,#1360,.T.);
#1743=ORIENTED_EDGE('',*,*,#1361,.F.);
#1744=ORIENTED_EDGE('',*,*,#1362,.F.);
#1745=ORIENTED_EDGE('',*,*,#1363,.F.);
#1746=ORIENTED_EDGE('',*,*,#1355,.F.);
#1747=ORIENTED_EDGE('',*,*,#1343,.F.);
#1748=ORIENTED_EDGE('',*,*,#1353,.F.);
#1749=ORIENTED_EDGE('',*,*,#1351,.F.);
#1750=ORIENTED_EDGE('',*,*,#1347,.F.);
#1751=ORIENTED_EDGE('',*,*,#1349,.F.);
#1752=ORIENTED_EDGE('',*,*,#1364,.T.);
#1753=ORIENTED_EDGE('',*,*,#1365,.F.);
#1754=ORIENTED_EDGE('',*,*,#1366,.F.);
#1755=ORIENTED_EDGE('',*,*,#1367,.F.);
#1756=ORIENTED_EDGE('',*,*,#1360,.F.);
#1757=ORIENTED_EDGE('',*,*,#1350,.F.);
#1758=ORIENTED_EDGE('',*,*,#1359,.T.);
#1759=ORIENTED_EDGE('',*,*,#1368,.F.);
#1760=ORIENTED_EDGE('',*,*,#1369,.F.);
#1761=ORIENTED_EDGE('',*,*,#1370,.F.);
#1762=ORIENTED_EDGE('',*,*,#1364,.F.);
#1763=ORIENTED_EDGE('',*,*,#1368,.T.);
#1764=ORIENTED_EDGE('',*,*,#1358,.T.);
#1765=ORIENTED_EDGE('',*,*,#1371,.F.);
#1766=ORIENTED_EDGE('',*,*,#1363,.T.);
#1767=ORIENTED_EDGE('',*,*,#1372,.F.);
#1768=ORIENTED_EDGE('',*,*,#1356,.T.);
#1769=ORIENTED_EDGE('',*,*,#1367,.T.);
#1770=ORIENTED_EDGE('',*,*,#1373,.F.);
#1771=ORIENTED_EDGE('',*,*,#1361,.T.);
#1772=ORIENTED_EDGE('',*,*,#1365,.T.);
#1773=ORIENTED_EDGE('',*,*,#1370,.T.);
#1774=ORIENTED_EDGE('',*,*,#1374,.F.);
#1775=ORIENTED_EDGE('',*,*,#1375,.F.);
#1776=ORIENTED_EDGE('',*,*,#1376,.F.);
#1777=ORIENTED_EDGE('',*,*,#1377,.F.);
#1778=ORIENTED_EDGE('',*,*,#1378,.F.);
#1779=ORIENTED_EDGE('',*,*,#1377,.T.);
#1780=ORIENTED_EDGE('',*,*,#1379,.T.);
#1781=ORIENTED_EDGE('',*,*,#1380,.F.);
#1782=ORIENTED_EDGE('',*,*,#1381,.F.);
#1783=ORIENTED_EDGE('',*,*,#1376,.T.);
#1784=ORIENTED_EDGE('',*,*,#1382,.T.);
#1785=ORIENTED_EDGE('',*,*,#1383,.F.);
#1786=ORIENTED_EDGE('',*,*,#1379,.F.);
#1787=ORIENTED_EDGE('',*,*,#1384,.T.);
#1788=ORIENTED_EDGE('',*,*,#1385,.T.);
#1789=ORIENTED_EDGE('',*,*,#1386,.T.);
#1790=ORIENTED_EDGE('',*,*,#1387,.F.);
#1791=ORIENTED_EDGE('',*,*,#1388,.T.);
#1792=ORIENTED_EDGE('',*,*,#1389,.T.);
#1793=ORIENTED_EDGE('',*,*,#1390,.T.);
#1794=ORIENTED_EDGE('',*,*,#1385,.F.);
#1795=ORIENTED_EDGE('',*,*,#1391,.T.);
#1796=ORIENTED_EDGE('',*,*,#1392,.T.);
#1797=ORIENTED_EDGE('',*,*,#1393,.T.);
#1798=ORIENTED_EDGE('',*,*,#1389,.F.);
#1799=ORIENTED_EDGE('',*,*,#1394,.T.);
#1800=ORIENTED_EDGE('',*,*,#1392,.F.);
#1801=ORIENTED_EDGE('',*,*,#1395,.T.);
#1802=ORIENTED_EDGE('',*,*,#1387,.T.);
#1803=ORIENTED_EDGE('',*,*,#1394,.F.);
#1804=ORIENTED_EDGE('',*,*,#1396,.F.);
#1805=ORIENTED_EDGE('',*,*,#1397,.F.);
#1806=ORIENTED_EDGE('',*,*,#1398,.T.);
#1807=ORIENTED_EDGE('',*,*,#1386,.F.);
#1808=ORIENTED_EDGE('',*,*,#1399,.F.);
#1809=ORIENTED_EDGE('',*,*,#1400,.F.);
#1810=ORIENTED_EDGE('',*,*,#1396,.T.);
#1811=ORIENTED_EDGE('',*,*,#1401,.F.);
#1812=ORIENTED_EDGE('',*,*,#1402,.F.);
#1813=ORIENTED_EDGE('',*,*,#1403,.F.);
#1814=ORIENTED_EDGE('',*,*,#1404,.F.);
#1815=ORIENTED_EDGE('',*,*,#1405,.F.);
#1816=ORIENTED_EDGE('',*,*,#1406,.F.);
#1817=ORIENTED_EDGE('',*,*,#1407,.F.);
#1818=ORIENTED_EDGE('',*,*,#1408,.F.);
#1819=ORIENTED_EDGE('',*,*,#1409,.F.);
#1820=ORIENTED_EDGE('',*,*,#1410,.F.);
#1821=ORIENTED_EDGE('',*,*,#1411,.F.);
#1822=ORIENTED_EDGE('',*,*,#1412,.F.);
#1823=ORIENTED_EDGE('',*,*,#1413,.F.);
#1824=ORIENTED_EDGE('',*,*,#1414,.F.);
#1825=ORIENTED_EDGE('',*,*,#1415,.F.);
#1826=ORIENTED_EDGE('',*,*,#1416,.F.);
#1827=ORIENTED_EDGE('',*,*,#1417,.F.);
#1828=ORIENTED_EDGE('',*,*,#1418,.F.);
#1829=ORIENTED_EDGE('',*,*,#1419,.F.);
#1830=ORIENTED_EDGE('',*,*,#1420,.F.);
#1831=ORIENTED_EDGE('',*,*,#1384,.F.);
#1832=ORIENTED_EDGE('',*,*,#1395,.F.);
#1833=ORIENTED_EDGE('',*,*,#1391,.F.);
#1834=ORIENTED_EDGE('',*,*,#1388,.F.);
#1835=ORIENTED_EDGE('',*,*,#1405,.T.);
#1836=ORIENTED_EDGE('',*,*,#1421,.T.);
#1837=ORIENTED_EDGE('',*,*,#1422,.T.);
#1838=ORIENTED_EDGE('',*,*,#1423,.F.);
#1839=ORIENTED_EDGE('',*,*,#1408,.T.);
#1840=ORIENTED_EDGE('',*,*,#1424,.T.);
#1841=ORIENTED_EDGE('',*,*,#1425,.T.);
#1842=ORIENTED_EDGE('',*,*,#1421,.F.);
#1843=ORIENTED_EDGE('',*,*,#1407,.T.);
#1844=ORIENTED_EDGE('',*,*,#1426,.T.);
#1845=ORIENTED_EDGE('',*,*,#1427,.T.);
#1846=ORIENTED_EDGE('',*,*,#1424,.F.);
#1847=ORIENTED_EDGE('',*,*,#1428,.T.);
#1848=ORIENTED_EDGE('',*,*,#1426,.F.);
#1849=ORIENTED_EDGE('',*,*,#1406,.T.);
#1850=ORIENTED_EDGE('',*,*,#1423,.T.);
#1851=ORIENTED_EDGE('',*,*,#1428,.F.);
#1852=ORIENTED_EDGE('',*,*,#1429,.F.);
#1853=ORIENTED_EDGE('',*,*,#1430,.F.);
#1854=ORIENTED_EDGE('',*,*,#1431,.T.);
#1855=ORIENTED_EDGE('',*,*,#1422,.F.);
#1856=ORIENTED_EDGE('',*,*,#1432,.F.);
#1857=ORIENTED_EDGE('',*,*,#1433,.F.);
#1858=ORIENTED_EDGE('',*,*,#1429,.T.);
#1859=ORIENTED_EDGE('',*,*,#1417,.T.);
#1860=ORIENTED_EDGE('',*,*,#1434,.T.);
#1861=ORIENTED_EDGE('',*,*,#1435,.T.);
#1862=ORIENTED_EDGE('',*,*,#1436,.F.);
#1863=ORIENTED_EDGE('',*,*,#1420,.T.);
#1864=ORIENTED_EDGE('',*,*,#1437,.T.);
#1865=ORIENTED_EDGE('',*,*,#1438,.T.);
#1866=ORIENTED_EDGE('',*,*,#1434,.F.);
#1867=ORIENTED_EDGE('',*,*,#1419,.T.);
#1868=ORIENTED_EDGE('',*,*,#1439,.T.);
#1869=ORIENTED_EDGE('',*,*,#1440,.T.);
#1870=ORIENTED_EDGE('',*,*,#1437,.F.);
#1871=ORIENTED_EDGE('',*,*,#1441,.T.);
#1872=ORIENTED_EDGE('',*,*,#1439,.F.);
#1873=ORIENTED_EDGE('',*,*,#1418,.T.);
#1874=ORIENTED_EDGE('',*,*,#1436,.T.);
#1875=ORIENTED_EDGE('',*,*,#1441,.F.);
#1876=ORIENTED_EDGE('',*,*,#1442,.F.);
#1877=ORIENTED_EDGE('',*,*,#1443,.F.);
#1878=ORIENTED_EDGE('',*,*,#1444,.T.);
#1879=ORIENTED_EDGE('',*,*,#1435,.F.);
#1880=ORIENTED_EDGE('',*,*,#1445,.F.);
#1881=ORIENTED_EDGE('',*,*,#1446,.F.);
#1882=ORIENTED_EDGE('',*,*,#1442,.T.);
#1883=ORIENTED_EDGE('',*,*,#1409,.T.);
#1884=ORIENTED_EDGE('',*,*,#1447,.T.);
#1885=ORIENTED_EDGE('',*,*,#1448,.T.);
#1886=ORIENTED_EDGE('',*,*,#1449,.F.);
#1887=ORIENTED_EDGE('',*,*,#1412,.T.);
#1888=ORIENTED_EDGE('',*,*,#1450,.T.);
#1889=ORIENTED_EDGE('',*,*,#1451,.T.);
#1890=ORIENTED_EDGE('',*,*,#1447,.F.);
#1891=ORIENTED_EDGE('',*,*,#1411,.T.);
#1892=ORIENTED_EDGE('',*,*,#1452,.T.);
#1893=ORIENTED_EDGE('',*,*,#1453,.T.);
#1894=ORIENTED_EDGE('',*,*,#1450,.F.);
#1895=ORIENTED_EDGE('',*,*,#1454,.T.);
#1896=ORIENTED_EDGE('',*,*,#1452,.F.);
#1897=ORIENTED_EDGE('',*,*,#1410,.T.);
#1898=ORIENTED_EDGE('',*,*,#1449,.T.);
#1899=ORIENTED_EDGE('',*,*,#1454,.F.);
#1900=ORIENTED_EDGE('',*,*,#1455,.F.);
#1901=ORIENTED_EDGE('',*,*,#1456,.F.);
#1902=ORIENTED_EDGE('',*,*,#1457,.T.);
#1903=ORIENTED_EDGE('',*,*,#1448,.F.);
#1904=ORIENTED_EDGE('',*,*,#1458,.F.);
#1905=ORIENTED_EDGE('',*,*,#1459,.F.);
#1906=ORIENTED_EDGE('',*,*,#1455,.T.);
#1907=ORIENTED_EDGE('',*,*,#1413,.T.);
#1908=ORIENTED_EDGE('',*,*,#1460,.T.);
#1909=ORIENTED_EDGE('',*,*,#1380,.T.);
#1910=ORIENTED_EDGE('',*,*,#1461,.F.);
#1911=ORIENTED_EDGE('',*,*,#1416,.T.);
#1912=ORIENTED_EDGE('',*,*,#1462,.T.);
#1913=ORIENTED_EDGE('',*,*,#1463,.T.);
#1914=ORIENTED_EDGE('',*,*,#1460,.F.);
#1915=ORIENTED_EDGE('',*,*,#1415,.T.);
#1916=ORIENTED_EDGE('',*,*,#1464,.T.);
#1917=ORIENTED_EDGE('',*,*,#1465,.T.);
#1918=ORIENTED_EDGE('',*,*,#1462,.F.);
#1919=ORIENTED_EDGE('',*,*,#1383,.T.);
#1920=ORIENTED_EDGE('',*,*,#1464,.F.);
#1921=ORIENTED_EDGE('',*,*,#1414,.T.);
#1922=ORIENTED_EDGE('',*,*,#1461,.T.);
#1923=ORIENTED_EDGE('',*,*,#1466,.F.);
#1924=ORIENTED_EDGE('',*,*,#1467,.F.);
#1925=ORIENTED_EDGE('',*,*,#1468,.F.);
#1926=ORIENTED_EDGE('',*,*,#1469,.T.);
#1927=ORIENTED_EDGE('',*,*,#1467,.T.);
#1928=ORIENTED_EDGE('',*,*,#1470,.T.);
#1929=ORIENTED_EDGE('',*,*,#1471,.T.);
#1930=ORIENTED_EDGE('',*,*,#1472,.T.);
#1931=ORIENTED_EDGE('',*,*,#1473,.T.);
#1932=ORIENTED_EDGE('',*,*,#1474,.F.);
#1933=ORIENTED_EDGE('',*,*,#1475,.F.);
#1934=ORIENTED_EDGE('',*,*,#1476,.F.);
#1935=ORIENTED_EDGE('',*,*,#1477,.T.);
#1936=ORIENTED_EDGE('',*,*,#1475,.T.);
#1937=ORIENTED_EDGE('',*,*,#1478,.T.);
#1938=ORIENTED_EDGE('',*,*,#1479,.T.);
#1939=ORIENTED_EDGE('',*,*,#1480,.T.);
#1940=ORIENTED_EDGE('',*,*,#1481,.T.);
#1941=ORIENTED_EDGE('',*,*,#1466,.T.);
#1942=ORIENTED_EDGE('',*,*,#1401,.T.);
#1943=ORIENTED_EDGE('',*,*,#1476,.T.);
#1944=ORIENTED_EDGE('',*,*,#1482,.T.);
#1945=ORIENTED_EDGE('',*,*,#1483,.F.);
#1946=ORIENTED_EDGE('',*,*,#1484,.F.);
#1947=ORIENTED_EDGE('',*,*,#1485,.F.);
#1948=ORIENTED_EDGE('',*,*,#1486,.T.);
#1949=ORIENTED_EDGE('',*,*,#1484,.T.);
#1950=ORIENTED_EDGE('',*,*,#1487,.T.);
#1951=ORIENTED_EDGE('',*,*,#1488,.T.);
#1952=ORIENTED_EDGE('',*,*,#1489,.T.);
#1953=ORIENTED_EDGE('',*,*,#1490,.T.);
#1954=ORIENTED_EDGE('',*,*,#1491,.F.);
#1955=ORIENTED_EDGE('',*,*,#1492,.F.);
#1956=ORIENTED_EDGE('',*,*,#1493,.F.);
#1957=ORIENTED_EDGE('',*,*,#1494,.T.);
#1958=ORIENTED_EDGE('',*,*,#1492,.T.);
#1959=ORIENTED_EDGE('',*,*,#1495,.T.);
#1960=ORIENTED_EDGE('',*,*,#1496,.T.);
#1961=ORIENTED_EDGE('',*,*,#1497,.T.);
#1962=ORIENTED_EDGE('',*,*,#1498,.T.);
#1963=ORIENTED_EDGE('',*,*,#1499,.F.);
#1964=ORIENTED_EDGE('',*,*,#1372,.T.);
#1965=ORIENTED_EDGE('',*,*,#1500,.T.);
#1966=ORIENTED_EDGE('',*,*,#1497,.F.);
#1967=ORIENTED_EDGE('',*,*,#1474,.T.);
#1968=ORIENTED_EDGE('',*,*,#1404,.T.);
#1969=ORIENTED_EDGE('',*,*,#1493,.T.);
#1970=ORIENTED_EDGE('',*,*,#1501,.T.);
#1971=ORIENTED_EDGE('',*,*,#1491,.T.);
#1972=ORIENTED_EDGE('',*,*,#1403,.T.);
#1973=ORIENTED_EDGE('',*,*,#1485,.T.);
#1974=ORIENTED_EDGE('',*,*,#1502,.T.);
#1975=ORIENTED_EDGE('',*,*,#1483,.T.);
#1976=ORIENTED_EDGE('',*,*,#1402,.T.);
#1977=ORIENTED_EDGE('',*,*,#1468,.T.);
#1978=ORIENTED_EDGE('',*,*,#1503,.T.);
#1979=ORIENTED_EDGE('',*,*,#1504,.F.);
#1980=ORIENTED_EDGE('',*,*,#1371,.T.);
#1981=ORIENTED_EDGE('',*,*,#1505,.T.);
#1982=ORIENTED_EDGE('',*,*,#1489,.F.);
#1983=ORIENTED_EDGE('',*,*,#1373,.T.);
#1984=ORIENTED_EDGE('',*,*,#1506,.T.);
#1985=ORIENTED_EDGE('',*,*,#1480,.F.);
#1986=ORIENTED_EDGE('',*,*,#1507,.F.);
#1987=ORIENTED_EDGE('',*,*,#1508,.F.);
#1988=ORIENTED_EDGE('',*,*,#1374,.T.);
#1989=ORIENTED_EDGE('',*,*,#1509,.T.);
#1990=ORIENTED_EDGE('',*,*,#1472,.F.);
#1991=ORIENTED_EDGE('',*,*,#1495,.F.);
#1992=ORIENTED_EDGE('',*,*,#1502,.F.);
#1993=ORIENTED_EDGE('',*,*,#1486,.F.);
#1994=ORIENTED_EDGE('',*,*,#1510,.F.);
#1995=ORIENTED_EDGE('',*,*,#1499,.T.);
#1996=ORIENTED_EDGE('',*,*,#1496,.F.);
#1997=ORIENTED_EDGE('',*,*,#1510,.T.);
#1998=ORIENTED_EDGE('',*,*,#1490,.F.);
#1999=ORIENTED_EDGE('',*,*,#1505,.F.);
#2000=ORIENTED_EDGE('',*,*,#1357,.T.);
#2001=ORIENTED_EDGE('',*,*,#1487,.F.);
#2002=ORIENTED_EDGE('',*,*,#1503,.F.);
#2003=ORIENTED_EDGE('',*,*,#1469,.F.);
#2004=ORIENTED_EDGE('',*,*,#1511,.F.);
#2005=ORIENTED_EDGE('',*,*,#1504,.T.);
#2006=ORIENTED_EDGE('',*,*,#1488,.F.);
#2007=ORIENTED_EDGE('',*,*,#1511,.T.);
#2008=ORIENTED_EDGE('',*,*,#1473,.F.);
#2009=ORIENTED_EDGE('',*,*,#1509,.F.);
#2010=ORIENTED_EDGE('',*,*,#1369,.T.);
#2011=ORIENTED_EDGE('',*,*,#1500,.F.);
#2012=ORIENTED_EDGE('',*,*,#1362,.T.);
#2013=ORIENTED_EDGE('',*,*,#1507,.T.);
#2014=ORIENTED_EDGE('',*,*,#1479,.F.);
#2015=ORIENTED_EDGE('',*,*,#1512,.T.);
#2016=ORIENTED_EDGE('',*,*,#1498,.F.);
#2017=ORIENTED_EDGE('',*,*,#1506,.F.);
#2018=ORIENTED_EDGE('',*,*,#1366,.T.);
#2019=ORIENTED_EDGE('',*,*,#1508,.T.);
#2020=ORIENTED_EDGE('',*,*,#1471,.F.);
#2021=ORIENTED_EDGE('',*,*,#1513,.T.);
#2022=ORIENTED_EDGE('',*,*,#1481,.F.);
#2023=ORIENTED_EDGE('',*,*,#1494,.F.);
#2024=ORIENTED_EDGE('',*,*,#1512,.F.);
#2025=ORIENTED_EDGE('',*,*,#1478,.F.);
#2026=ORIENTED_EDGE('',*,*,#1501,.F.);
#2027=ORIENTED_EDGE('',*,*,#1390,.F.);
#2028=ORIENTED_EDGE('',*,*,#1514,.F.);
#2029=ORIENTED_EDGE('',*,*,#1515,.F.);
#2030=ORIENTED_EDGE('',*,*,#1399,.T.);
#2031=ORIENTED_EDGE('',*,*,#1393,.F.);
#2032=ORIENTED_EDGE('',*,*,#1398,.F.);
#2033=ORIENTED_EDGE('',*,*,#1516,.F.);
#2034=ORIENTED_EDGE('',*,*,#1514,.T.);
#2035=ORIENTED_EDGE('',*,*,#1425,.F.);
#2036=ORIENTED_EDGE('',*,*,#1517,.F.);
#2037=ORIENTED_EDGE('',*,*,#1518,.F.);
#2038=ORIENTED_EDGE('',*,*,#1432,.T.);
#2039=ORIENTED_EDGE('',*,*,#1427,.F.);
#2040=ORIENTED_EDGE('',*,*,#1431,.F.);
#2041=ORIENTED_EDGE('',*,*,#1519,.F.);
#2042=ORIENTED_EDGE('',*,*,#1517,.T.);
#2043=ORIENTED_EDGE('',*,*,#1438,.F.);
#2044=ORIENTED_EDGE('',*,*,#1520,.F.);
#2045=ORIENTED_EDGE('',*,*,#1521,.F.);
#2046=ORIENTED_EDGE('',*,*,#1445,.T.);
#2047=ORIENTED_EDGE('',*,*,#1440,.F.);
#2048=ORIENTED_EDGE('',*,*,#1444,.F.);
#2049=ORIENTED_EDGE('',*,*,#1522,.F.);
#2050=ORIENTED_EDGE('',*,*,#1520,.T.);
#2051=ORIENTED_EDGE('',*,*,#1453,.F.);
#2052=ORIENTED_EDGE('',*,*,#1457,.F.);
#2053=ORIENTED_EDGE('',*,*,#1523,.F.);
#2054=ORIENTED_EDGE('',*,*,#1524,.T.);
#2055=ORIENTED_EDGE('',*,*,#1451,.F.);
#2056=ORIENTED_EDGE('',*,*,#1524,.F.);
#2057=ORIENTED_EDGE('',*,*,#1525,.F.);
#2058=ORIENTED_EDGE('',*,*,#1458,.T.);
#2059=ORIENTED_EDGE('',*,*,#1477,.F.);
#2060=ORIENTED_EDGE('',*,*,#1513,.F.);
#2061=ORIENTED_EDGE('',*,*,#1470,.F.);
#2062=ORIENTED_EDGE('',*,*,#1482,.F.);
#2063=ORIENTED_EDGE('',*,*,#1523,.T.);
#2064=ORIENTED_EDGE('',*,*,#1456,.T.);
#2065=ORIENTED_EDGE('',*,*,#1459,.T.);
#2066=ORIENTED_EDGE('',*,*,#1525,.T.);
#2067=ORIENTED_EDGE('',*,*,#1446,.T.);
#2068=ORIENTED_EDGE('',*,*,#1521,.T.);
#2069=ORIENTED_EDGE('',*,*,#1522,.T.);
#2070=ORIENTED_EDGE('',*,*,#1443,.T.);
#2071=ORIENTED_EDGE('',*,*,#1433,.T.);
#2072=ORIENTED_EDGE('',*,*,#1518,.T.);
#2073=ORIENTED_EDGE('',*,*,#1519,.T.);
#2074=ORIENTED_EDGE('',*,*,#1430,.T.);
#2075=ORIENTED_EDGE('',*,*,#1400,.T.);
#2076=ORIENTED_EDGE('',*,*,#1515,.T.);
#2077=ORIENTED_EDGE('',*,*,#1516,.T.);
#2078=ORIENTED_EDGE('',*,*,#1397,.T.);
#2079=ORIENTED_EDGE('',*,*,#1378,.T.);
#2080=ORIENTED_EDGE('',*,*,#1381,.T.);
#2081=ORIENTED_EDGE('',*,*,#1463,.F.);
#2082=ORIENTED_EDGE('',*,*,#1526,.F.);
#2083=ORIENTED_EDGE('',*,*,#1375,.T.);
#2084=ORIENTED_EDGE('',*,*,#1526,.T.);
#2085=ORIENTED_EDGE('',*,*,#1465,.F.);
#2086=ORIENTED_EDGE('',*,*,#1382,.F.);
#2087=ORIENTED_EDGE('',*,*,#1527,.T.);
#2088=ORIENTED_EDGE('',*,*,#1528,.T.);
#2089=ORIENTED_EDGE('',*,*,#1529,.T.);
#2090=ORIENTED_EDGE('',*,*,#1530,.F.);
#2091=ORIENTED_EDGE('',*,*,#1531,.T.);
#2092=ORIENTED_EDGE('',*,*,#1532,.T.);
#2093=ORIENTED_EDGE('',*,*,#1533,.T.);
#2094=ORIENTED_EDGE('',*,*,#1528,.F.);
#2095=ORIENTED_EDGE('',*,*,#1534,.T.);
#2096=ORIENTED_EDGE('',*,*,#1535,.T.);
#2097=ORIENTED_EDGE('',*,*,#1536,.T.);
#2098=ORIENTED_EDGE('',*,*,#1532,.F.);
#2099=ORIENTED_EDGE('',*,*,#1537,.T.);
#2100=ORIENTED_EDGE('',*,*,#1535,.F.);
#2101=ORIENTED_EDGE('',*,*,#1538,.T.);
#2102=ORIENTED_EDGE('',*,*,#1530,.T.);
#2103=ORIENTED_EDGE('',*,*,#1537,.F.);
#2104=ORIENTED_EDGE('',*,*,#1539,.F.);
#2105=ORIENTED_EDGE('',*,*,#1540,.F.);
#2106=ORIENTED_EDGE('',*,*,#1541,.T.);
#2107=ORIENTED_EDGE('',*,*,#1529,.F.);
#2108=ORIENTED_EDGE('',*,*,#1542,.F.);
#2109=ORIENTED_EDGE('',*,*,#1543,.F.);
#2110=ORIENTED_EDGE('',*,*,#1539,.T.);
#2111=ORIENTED_EDGE('',*,*,#1544,.F.);
#2112=ORIENTED_EDGE('',*,*,#1545,.F.);
#2113=ORIENTED_EDGE('',*,*,#1546,.F.);
#2114=ORIENTED_EDGE('',*,*,#1547,.F.);
#2115=ORIENTED_EDGE('',*,*,#1548,.F.);
#2116=ORIENTED_EDGE('',*,*,#1549,.F.);
#2117=ORIENTED_EDGE('',*,*,#1550,.F.);
#2118=ORIENTED_EDGE('',*,*,#1551,.F.);
#2119=ORIENTED_EDGE('',*,*,#1552,.F.);
#2120=ORIENTED_EDGE('',*,*,#1553,.F.);
#2121=ORIENTED_EDGE('',*,*,#1554,.F.);
#2122=ORIENTED_EDGE('',*,*,#1555,.F.);
#2123=ORIENTED_EDGE('',*,*,#1556,.F.);
#2124=ORIENTED_EDGE('',*,*,#1557,.F.);
#2125=ORIENTED_EDGE('',*,*,#1558,.F.);
#2126=ORIENTED_EDGE('',*,*,#1559,.F.);
#2127=ORIENTED_EDGE('',*,*,#1560,.F.);
#2128=ORIENTED_EDGE('',*,*,#1561,.F.);
#2129=ORIENTED_EDGE('',*,*,#1562,.F.);
#2130=ORIENTED_EDGE('',*,*,#1563,.F.);
#2131=ORIENTED_EDGE('',*,*,#1527,.F.);
#2132=ORIENTED_EDGE('',*,*,#1538,.F.);
#2133=ORIENTED_EDGE('',*,*,#1534,.F.);
#2134=ORIENTED_EDGE('',*,*,#1531,.F.);
#2135=ORIENTED_EDGE('',*,*,#1548,.T.);
#2136=ORIENTED_EDGE('',*,*,#1564,.T.);
#2137=ORIENTED_EDGE('',*,*,#1565,.T.);
#2138=ORIENTED_EDGE('',*,*,#1566,.F.);
#2139=ORIENTED_EDGE('',*,*,#1551,.T.);
#2140=ORIENTED_EDGE('',*,*,#1567,.T.);
#2141=ORIENTED_EDGE('',*,*,#1568,.T.);
#2142=ORIENTED_EDGE('',*,*,#1564,.F.);
#2143=ORIENTED_EDGE('',*,*,#1550,.T.);
#2144=ORIENTED_EDGE('',*,*,#1569,.T.);
#2145=ORIENTED_EDGE('',*,*,#1570,.T.);
#2146=ORIENTED_EDGE('',*,*,#1567,.F.);
#2147=ORIENTED_EDGE('',*,*,#1571,.T.);
#2148=ORIENTED_EDGE('',*,*,#1569,.F.);
#2149=ORIENTED_EDGE('',*,*,#1549,.T.);
#2150=ORIENTED_EDGE('',*,*,#1566,.T.);
#2151=ORIENTED_EDGE('',*,*,#1571,.F.);
#2152=ORIENTED_EDGE('',*,*,#1572,.F.);
#2153=ORIENTED_EDGE('',*,*,#1573,.F.);
#2154=ORIENTED_EDGE('',*,*,#1574,.T.);
#2155=ORIENTED_EDGE('',*,*,#1565,.F.);
#2156=ORIENTED_EDGE('',*,*,#1575,.F.);
#2157=ORIENTED_EDGE('',*,*,#1576,.F.);
#2158=ORIENTED_EDGE('',*,*,#1572,.T.);
#2159=ORIENTED_EDGE('',*,*,#1560,.T.);
#2160=ORIENTED_EDGE('',*,*,#1577,.T.);
#2161=ORIENTED_EDGE('',*,*,#1578,.T.);
#2162=ORIENTED_EDGE('',*,*,#1579,.F.);
#2163=ORIENTED_EDGE('',*,*,#1563,.T.);
#2164=ORIENTED_EDGE('',*,*,#1580,.T.);
#2165=ORIENTED_EDGE('',*,*,#1581,.T.);
#2166=ORIENTED_EDGE('',*,*,#1577,.F.);
#2167=ORIENTED_EDGE('',*,*,#1562,.T.);
#2168=ORIENTED_EDGE('',*,*,#1582,.T.);
#2169=ORIENTED_EDGE('',*,*,#1583,.T.);
#2170=ORIENTED_EDGE('',*,*,#1580,.F.);
#2171=ORIENTED_EDGE('',*,*,#1584,.T.);
#2172=ORIENTED_EDGE('',*,*,#1582,.F.);
#2173=ORIENTED_EDGE('',*,*,#1561,.T.);
#2174=ORIENTED_EDGE('',*,*,#1579,.T.);
#2175=ORIENTED_EDGE('',*,*,#1584,.F.);
#2176=ORIENTED_EDGE('',*,*,#1585,.F.);
#2177=ORIENTED_EDGE('',*,*,#1586,.F.);
#2178=ORIENTED_EDGE('',*,*,#1587,.T.);
#2179=ORIENTED_EDGE('',*,*,#1578,.F.);
#2180=ORIENTED_EDGE('',*,*,#1588,.F.);
#2181=ORIENTED_EDGE('',*,*,#1589,.F.);
#2182=ORIENTED_EDGE('',*,*,#1585,.T.);
#2183=ORIENTED_EDGE('',*,*,#1552,.T.);
#2184=ORIENTED_EDGE('',*,*,#1590,.T.);
#2185=ORIENTED_EDGE('',*,*,#1591,.T.);
#2186=ORIENTED_EDGE('',*,*,#1592,.F.);
#2187=ORIENTED_EDGE('',*,*,#1555,.T.);
#2188=ORIENTED_EDGE('',*,*,#1593,.T.);
#2189=ORIENTED_EDGE('',*,*,#1594,.T.);
#2190=ORIENTED_EDGE('',*,*,#1590,.F.);
#2191=ORIENTED_EDGE('',*,*,#1554,.T.);
#2192=ORIENTED_EDGE('',*,*,#1595,.T.);
#2193=ORIENTED_EDGE('',*,*,#1596,.T.);
#2194=ORIENTED_EDGE('',*,*,#1593,.F.);
#2195=ORIENTED_EDGE('',*,*,#1597,.T.);
#2196=ORIENTED_EDGE('',*,*,#1595,.F.);
#2197=ORIENTED_EDGE('',*,*,#1553,.T.);
#2198=ORIENTED_EDGE('',*,*,#1592,.T.);
#2199=ORIENTED_EDGE('',*,*,#1597,.F.);
#2200=ORIENTED_EDGE('',*,*,#1598,.F.);
#2201=ORIENTED_EDGE('',*,*,#1599,.F.);
#2202=ORIENTED_EDGE('',*,*,#1600,.T.);
#2203=ORIENTED_EDGE('',*,*,#1591,.F.);
#2204=ORIENTED_EDGE('',*,*,#1601,.F.);
#2205=ORIENTED_EDGE('',*,*,#1602,.F.);
#2206=ORIENTED_EDGE('',*,*,#1598,.T.);
#2207=ORIENTED_EDGE('',*,*,#1556,.T.);
#2208=ORIENTED_EDGE('',*,*,#1603,.T.);
#2209=ORIENTED_EDGE('',*,*,#1604,.T.);
#2210=ORIENTED_EDGE('',*,*,#1605,.F.);
#2211=ORIENTED_EDGE('',*,*,#1559,.T.);
#2212=ORIENTED_EDGE('',*,*,#1606,.T.);
#2213=ORIENTED_EDGE('',*,*,#1607,.T.);
#2214=ORIENTED_EDGE('',*,*,#1603,.F.);
#2215=ORIENTED_EDGE('',*,*,#1558,.T.);
#2216=ORIENTED_EDGE('',*,*,#1608,.T.);
#2217=ORIENTED_EDGE('',*,*,#1609,.T.);
#2218=ORIENTED_EDGE('',*,*,#1606,.F.);
#2219=ORIENTED_EDGE('',*,*,#1610,.T.);
#2220=ORIENTED_EDGE('',*,*,#1608,.F.);
#2221=ORIENTED_EDGE('',*,*,#1557,.T.);
#2222=ORIENTED_EDGE('',*,*,#1605,.T.);
#2223=ORIENTED_EDGE('',*,*,#1610,.F.);
#2224=ORIENTED_EDGE('',*,*,#1611,.F.);
#2225=ORIENTED_EDGE('',*,*,#1612,.T.);
#2226=ORIENTED_EDGE('',*,*,#1613,.T.);
#2227=ORIENTED_EDGE('',*,*,#1604,.F.);
#2228=ORIENTED_EDGE('',*,*,#1614,.F.);
#2229=ORIENTED_EDGE('',*,*,#1615,.T.);
#2230=ORIENTED_EDGE('',*,*,#1611,.T.);
#2231=ORIENTED_EDGE('',*,*,#1616,.F.);
#2232=ORIENTED_EDGE('',*,*,#1617,.F.);
#2233=ORIENTED_EDGE('',*,*,#1618,.F.);
#2234=ORIENTED_EDGE('',*,*,#1619,.T.);
#2235=ORIENTED_EDGE('',*,*,#1617,.T.);
#2236=ORIENTED_EDGE('',*,*,#1620,.T.);
#2237=ORIENTED_EDGE('',*,*,#1621,.T.);
#2238=ORIENTED_EDGE('',*,*,#1622,.T.);
#2239=ORIENTED_EDGE('',*,*,#1623,.T.);
#2240=ORIENTED_EDGE('',*,*,#1624,.F.);
#2241=ORIENTED_EDGE('',*,*,#1625,.F.);
#2242=ORIENTED_EDGE('',*,*,#1626,.F.);
#2243=ORIENTED_EDGE('',*,*,#1627,.T.);
#2244=ORIENTED_EDGE('',*,*,#1625,.T.);
#2245=ORIENTED_EDGE('',*,*,#1628,.T.);
#2246=ORIENTED_EDGE('',*,*,#1629,.T.);
#2247=ORIENTED_EDGE('',*,*,#1630,.T.);
#2248=ORIENTED_EDGE('',*,*,#1631,.T.);
#2249=ORIENTED_EDGE('',*,*,#1616,.T.);
#2250=ORIENTED_EDGE('',*,*,#1544,.T.);
#2251=ORIENTED_EDGE('',*,*,#1626,.T.);
#2252=ORIENTED_EDGE('',*,*,#1632,.T.);
#2253=ORIENTED_EDGE('',*,*,#1633,.F.);
#2254=ORIENTED_EDGE('',*,*,#1634,.F.);
#2255=ORIENTED_EDGE('',*,*,#1635,.F.);
#2256=ORIENTED_EDGE('',*,*,#1636,.T.);
#2257=ORIENTED_EDGE('',*,*,#1634,.T.);
#2258=ORIENTED_EDGE('',*,*,#1637,.T.);
#2259=ORIENTED_EDGE('',*,*,#1638,.T.);
#2260=ORIENTED_EDGE('',*,*,#1639,.T.);
#2261=ORIENTED_EDGE('',*,*,#1640,.T.);
#2262=ORIENTED_EDGE('',*,*,#1641,.F.);
#2263=ORIENTED_EDGE('',*,*,#1642,.F.);
#2264=ORIENTED_EDGE('',*,*,#1643,.F.);
#2265=ORIENTED_EDGE('',*,*,#1644,.T.);
#2266=ORIENTED_EDGE('',*,*,#1642,.T.);
#2267=ORIENTED_EDGE('',*,*,#1645,.T.);
#2268=ORIENTED_EDGE('',*,*,#1646,.T.);
#2269=ORIENTED_EDGE('',*,*,#1647,.T.);
#2270=ORIENTED_EDGE('',*,*,#1648,.T.);
#2271=ORIENTED_EDGE('',*,*,#1649,.F.);
#2272=ORIENTED_EDGE('',*,*,#1650,.T.);
#2273=ORIENTED_EDGE('',*,*,#1651,.T.);
#2274=ORIENTED_EDGE('',*,*,#1647,.F.);
#2275=ORIENTED_EDGE('',*,*,#1624,.T.);
#2276=ORIENTED_EDGE('',*,*,#1547,.T.);
#2277=ORIENTED_EDGE('',*,*,#1643,.T.);
#2278=ORIENTED_EDGE('',*,*,#1652,.T.);
#2279=ORIENTED_EDGE('',*,*,#1641,.T.);
#2280=ORIENTED_EDGE('',*,*,#1546,.T.);
#2281=ORIENTED_EDGE('',*,*,#1635,.T.);
#2282=ORIENTED_EDGE('',*,*,#1653,.T.);
#2283=ORIENTED_EDGE('',*,*,#1633,.T.);
#2284=ORIENTED_EDGE('',*,*,#1545,.T.);
#2285=ORIENTED_EDGE('',*,*,#1618,.T.);
#2286=ORIENTED_EDGE('',*,*,#1654,.T.);
#2287=ORIENTED_EDGE('',*,*,#1655,.F.);
#2288=ORIENTED_EDGE('',*,*,#1656,.T.);
#2289=ORIENTED_EDGE('',*,*,#1657,.T.);
#2290=ORIENTED_EDGE('',*,*,#1639,.F.);
#2291=ORIENTED_EDGE('',*,*,#1658,.T.);
#2292=ORIENTED_EDGE('',*,*,#1659,.T.);
#2293=ORIENTED_EDGE('',*,*,#1630,.F.);
#2294=ORIENTED_EDGE('',*,*,#1660,.F.);
#2295=ORIENTED_EDGE('',*,*,#1661,.F.);
#2296=ORIENTED_EDGE('',*,*,#1662,.T.);
#2297=ORIENTED_EDGE('',*,*,#1663,.T.);
#2298=ORIENTED_EDGE('',*,*,#1622,.F.);
#2299=ORIENTED_EDGE('',*,*,#1645,.F.);
#2300=ORIENTED_EDGE('',*,*,#1653,.F.);
#2301=ORIENTED_EDGE('',*,*,#1636,.F.);
#2302=ORIENTED_EDGE('',*,*,#1664,.F.);
#2303=ORIENTED_EDGE('',*,*,#1649,.T.);
#2304=ORIENTED_EDGE('',*,*,#1646,.F.);
#2305=ORIENTED_EDGE('',*,*,#1664,.T.);
#2306=ORIENTED_EDGE('',*,*,#1640,.F.);
#2307=ORIENTED_EDGE('',*,*,#1657,.F.);
#2308=ORIENTED_EDGE('',*,*,#1665,.T.);
#2309=ORIENTED_EDGE('',*,*,#1637,.F.);
#2310=ORIENTED_EDGE('',*,*,#1654,.F.);
#2311=ORIENTED_EDGE('',*,*,#1619,.F.);
#2312=ORIENTED_EDGE('',*,*,#1666,.F.);
#2313=ORIENTED_EDGE('',*,*,#1655,.T.);
#2314=ORIENTED_EDGE('',*,*,#1638,.F.);
#2315=ORIENTED_EDGE('',*,*,#1666,.T.);
#2316=ORIENTED_EDGE('',*,*,#1623,.F.);
#2317=ORIENTED_EDGE('',*,*,#1663,.F.);
#2318=ORIENTED_EDGE('',*,*,#1667,.T.);
#2319=ORIENTED_EDGE('',*,*,#1668,.F.);
#2320=ORIENTED_EDGE('',*,*,#1669,.T.);
#2321=ORIENTED_EDGE('',*,*,#1670,.F.);
#2322=ORIENTED_EDGE('',*,*,#1669,.F.);
#2323=ORIENTED_EDGE('',*,*,#1671,.F.);
#2324=ORIENTED_EDGE('',*,*,#1672,.T.);
#2325=ORIENTED_EDGE('',*,*,#1673,.F.);
#2326=ORIENTED_EDGE('',*,*,#1672,.F.);
#2327=ORIENTED_EDGE('',*,*,#1674,.F.);
#2328=ORIENTED_EDGE('',*,*,#1675,.T.);
#2329=ORIENTED_EDGE('',*,*,#1676,.F.);
#2330=ORIENTED_EDGE('',*,*,#1675,.F.);
#2331=ORIENTED_EDGE('',*,*,#1677,.F.);
#2332=ORIENTED_EDGE('',*,*,#1678,.T.);
#2333=ORIENTED_EDGE('',*,*,#1679,.F.);
#2334=ORIENTED_EDGE('',*,*,#1678,.F.);
#2335=ORIENTED_EDGE('',*,*,#1651,.F.);
#2336=ORIENTED_EDGE('',*,*,#1680,.T.);
#2337=ORIENTED_EDGE('',*,*,#1660,.T.);
#2338=ORIENTED_EDGE('',*,*,#1629,.F.);
#2339=ORIENTED_EDGE('',*,*,#1681,.T.);
#2340=ORIENTED_EDGE('',*,*,#1648,.F.);
#2341=ORIENTED_EDGE('',*,*,#1659,.F.);
#2342=ORIENTED_EDGE('',*,*,#1682,.T.);
#2343=ORIENTED_EDGE('',*,*,#1661,.T.);
#2344=ORIENTED_EDGE('',*,*,#1621,.F.);
#2345=ORIENTED_EDGE('',*,*,#1683,.T.);
#2346=ORIENTED_EDGE('',*,*,#1631,.F.);
#2347=ORIENTED_EDGE('',*,*,#1644,.F.);
#2348=ORIENTED_EDGE('',*,*,#1681,.F.);
#2349=ORIENTED_EDGE('',*,*,#1628,.F.);
#2350=ORIENTED_EDGE('',*,*,#1652,.F.);
#2351=ORIENTED_EDGE('',*,*,#1684,.F.);
#2352=ORIENTED_EDGE('',*,*,#1685,.F.);
#2353=ORIENTED_EDGE('',*,*,#1686,.F.);
#2354=ORIENTED_EDGE('',*,*,#1687,.F.);
#2355=ORIENTED_EDGE('',*,*,#1665,.F.);
#2356=ORIENTED_EDGE('',*,*,#1656,.F.);
#2357=ORIENTED_EDGE('',*,*,#1667,.F.);
#2358=ORIENTED_EDGE('',*,*,#1662,.F.);
#2359=ORIENTED_EDGE('',*,*,#1682,.F.);
#2360=ORIENTED_EDGE('',*,*,#1658,.F.);
#2361=ORIENTED_EDGE('',*,*,#1680,.F.);
#2362=ORIENTED_EDGE('',*,*,#1650,.F.);
#2363=ORIENTED_EDGE('',*,*,#1677,.T.);
#2364=ORIENTED_EDGE('',*,*,#1674,.T.);
#2365=ORIENTED_EDGE('',*,*,#1671,.T.);
#2366=ORIENTED_EDGE('',*,*,#1668,.T.);
#2367=ORIENTED_EDGE('',*,*,#1684,.T.);
#2368=ORIENTED_EDGE('',*,*,#1688,.T.);
#2369=ORIENTED_EDGE('',*,*,#1689,.T.);
#2370=ORIENTED_EDGE('',*,*,#1690,.F.);
#2371=ORIENTED_EDGE('',*,*,#1687,.T.);
#2372=ORIENTED_EDGE('',*,*,#1691,.T.);
#2373=ORIENTED_EDGE('',*,*,#1692,.T.);
#2374=ORIENTED_EDGE('',*,*,#1688,.F.);
#2375=ORIENTED_EDGE('',*,*,#1686,.T.);
#2376=ORIENTED_EDGE('',*,*,#1693,.T.);
#2377=ORIENTED_EDGE('',*,*,#1694,.T.);
#2378=ORIENTED_EDGE('',*,*,#1691,.F.);
#2379=ORIENTED_EDGE('',*,*,#1695,.T.);
#2380=ORIENTED_EDGE('',*,*,#1693,.F.);
#2381=ORIENTED_EDGE('',*,*,#1685,.T.);
#2382=ORIENTED_EDGE('',*,*,#1690,.T.);
#2383=ORIENTED_EDGE('',*,*,#1695,.F.);
#2384=ORIENTED_EDGE('',*,*,#1696,.F.);
#2385=ORIENTED_EDGE('',*,*,#1697,.T.);
#2386=ORIENTED_EDGE('',*,*,#1698,.T.);
#2387=ORIENTED_EDGE('',*,*,#1689,.F.);
#2388=ORIENTED_EDGE('',*,*,#1699,.F.);
#2389=ORIENTED_EDGE('',*,*,#1700,.T.);
#2390=ORIENTED_EDGE('',*,*,#1696,.T.);
#2391=ORIENTED_EDGE('',*,*,#1533,.F.);
#2392=ORIENTED_EDGE('',*,*,#1701,.F.);
#2393=ORIENTED_EDGE('',*,*,#1702,.F.);
#2394=ORIENTED_EDGE('',*,*,#1542,.T.);
#2395=ORIENTED_EDGE('',*,*,#1536,.F.);
#2396=ORIENTED_EDGE('',*,*,#1541,.F.);
#2397=ORIENTED_EDGE('',*,*,#1703,.F.);
#2398=ORIENTED_EDGE('',*,*,#1701,.T.);
#2399=ORIENTED_EDGE('',*,*,#1568,.F.);
#2400=ORIENTED_EDGE('',*,*,#1704,.F.);
#2401=ORIENTED_EDGE('',*,*,#1705,.F.);
#2402=ORIENTED_EDGE('',*,*,#1575,.T.);
#2403=ORIENTED_EDGE('',*,*,#1570,.F.);
#2404=ORIENTED_EDGE('',*,*,#1574,.F.);
#2405=ORIENTED_EDGE('',*,*,#1706,.F.);
#2406=ORIENTED_EDGE('',*,*,#1704,.T.);
#2407=ORIENTED_EDGE('',*,*,#1581,.F.);
#2408=ORIENTED_EDGE('',*,*,#1707,.F.);
#2409=ORIENTED_EDGE('',*,*,#1708,.F.);
#2410=ORIENTED_EDGE('',*,*,#1588,.T.);
#2411=ORIENTED_EDGE('',*,*,#1583,.F.);
#2412=ORIENTED_EDGE('',*,*,#1587,.F.);
#2413=ORIENTED_EDGE('',*,*,#1709,.F.);
#2414=ORIENTED_EDGE('',*,*,#1707,.T.);
#2415=ORIENTED_EDGE('',*,*,#1596,.F.);
#2416=ORIENTED_EDGE('',*,*,#1600,.F.);
#2417=ORIENTED_EDGE('',*,*,#1710,.F.);
#2418=ORIENTED_EDGE('',*,*,#1711,.T.);
#2419=ORIENTED_EDGE('',*,*,#1594,.F.);
#2420=ORIENTED_EDGE('',*,*,#1711,.F.);
#2421=ORIENTED_EDGE('',*,*,#1712,.F.);
#2422=ORIENTED_EDGE('',*,*,#1601,.T.);
#2423=ORIENTED_EDGE('',*,*,#1627,.F.);
#2424=ORIENTED_EDGE('',*,*,#1683,.F.);
#2425=ORIENTED_EDGE('',*,*,#1620,.F.);
#2426=ORIENTED_EDGE('',*,*,#1632,.F.);
#2427=ORIENTED_EDGE('',*,*,#1710,.T.);
#2428=ORIENTED_EDGE('',*,*,#1599,.T.);
#2429=ORIENTED_EDGE('',*,*,#1602,.T.);
#2430=ORIENTED_EDGE('',*,*,#1712,.T.);
#2431=ORIENTED_EDGE('',*,*,#1589,.T.);
#2432=ORIENTED_EDGE('',*,*,#1708,.T.);
#2433=ORIENTED_EDGE('',*,*,#1709,.T.);
#2434=ORIENTED_EDGE('',*,*,#1586,.T.);
#2435=ORIENTED_EDGE('',*,*,#1576,.T.);
#2436=ORIENTED_EDGE('',*,*,#1705,.T.);
#2437=ORIENTED_EDGE('',*,*,#1706,.T.);
#2438=ORIENTED_EDGE('',*,*,#1573,.T.);
#2439=ORIENTED_EDGE('',*,*,#1543,.T.);
#2440=ORIENTED_EDGE('',*,*,#1702,.T.);
#2441=ORIENTED_EDGE('',*,*,#1703,.T.);
#2442=ORIENTED_EDGE('',*,*,#1540,.T.);
#2443=ORIENTED_EDGE('',*,*,#1607,.F.);
#2444=ORIENTED_EDGE('',*,*,#1713,.F.);
#2445=ORIENTED_EDGE('',*,*,#1714,.T.);
#2446=ORIENTED_EDGE('',*,*,#1614,.T.);
#2447=ORIENTED_EDGE('',*,*,#1609,.F.);
#2448=ORIENTED_EDGE('',*,*,#1613,.F.);
#2449=ORIENTED_EDGE('',*,*,#1715,.T.);
#2450=ORIENTED_EDGE('',*,*,#1713,.T.);
#2451=ORIENTED_EDGE('',*,*,#1692,.F.);
#2452=ORIENTED_EDGE('',*,*,#1716,.F.);
#2453=ORIENTED_EDGE('',*,*,#1717,.T.);
#2454=ORIENTED_EDGE('',*,*,#1699,.T.);
#2455=ORIENTED_EDGE('',*,*,#1694,.F.);
#2456=ORIENTED_EDGE('',*,*,#1698,.F.);
#2457=ORIENTED_EDGE('',*,*,#1718,.T.);
#2458=ORIENTED_EDGE('',*,*,#1716,.T.);
#2459=ORIENTED_EDGE('',*,*,#1718,.F.);
#2460=ORIENTED_EDGE('',*,*,#1697,.F.);
#2461=ORIENTED_EDGE('',*,*,#1700,.F.);
#2462=ORIENTED_EDGE('',*,*,#1717,.F.);
#2463=ORIENTED_EDGE('',*,*,#1615,.F.);
#2464=ORIENTED_EDGE('',*,*,#1714,.F.);
#2465=ORIENTED_EDGE('',*,*,#1715,.F.);
#2466=ORIENTED_EDGE('',*,*,#1612,.F.);
#2467=ORIENTED_EDGE('',*,*,#1679,.T.);
#2468=ORIENTED_EDGE('',*,*,#1676,.T.);
#2469=ORIENTED_EDGE('',*,*,#1673,.T.);
#2470=ORIENTED_EDGE('',*,*,#1670,.T.);
#2471=PLANE('',#2775);
#2472=PLANE('',#2776);
#2473=PLANE('',#2777);
#2474=PLANE('',#2778);
#2475=PLANE('',#2779);
#2476=PLANE('',#2780);
#2477=PLANE('',#2781);
#2478=PLANE('',#2782);
#2479=PLANE('',#2783);
#2480=PLANE('',#2784);
#2481=PLANE('',#2786);
#2482=PLANE('',#2788);
#2483=PLANE('',#2790);
#2484=PLANE('',#2792);
#2485=PLANE('',#2793);
#2486=PLANE('',#2794);
#2487=PLANE('',#2795);
#2488=PLANE('',#2796);
#2489=PLANE('',#2797);
#2490=PLANE('',#2798);
#2491=PLANE('',#2799);
#2492=PLANE('',#2800);
#2493=PLANE('',#2801);
#2494=PLANE('',#2802);
#2495=PLANE('',#2803);
#2496=PLANE('',#2804);
#2497=PLANE('',#2805);
#2498=PLANE('',#2806);
#2499=PLANE('',#2807);
#2500=PLANE('',#2808);
#2501=PLANE('',#2809);
#2502=PLANE('',#2810);
#2503=PLANE('',#2811);
#2504=PLANE('',#2812);
#2505=PLANE('',#2813);
#2506=PLANE('',#2814);
#2507=PLANE('',#2815);
#2508=PLANE('',#2816);
#2509=PLANE('',#2817);
#2510=PLANE('',#2818);
#2511=PLANE('',#2819);
#2512=PLANE('',#2868);
#2513=PLANE('',#2869);
#2514=PLANE('',#2870);
#2515=PLANE('',#2871);
#2516=PLANE('',#2872);
#2517=PLANE('',#2873);
#2518=PLANE('',#2874);
#2519=PLANE('',#2875);
#2520=PLANE('',#2876);
#2521=PLANE('',#2877);
#2522=PLANE('',#2878);
#2523=PLANE('',#2879);
#2524=PLANE('',#2880);
#2525=PLANE('',#2881);
#2526=PLANE('',#2882);
#2527=PLANE('',#2883);
#2528=PLANE('',#2884);
#2529=PLANE('',#2885);
#2530=PLANE('',#2886);
#2531=PLANE('',#2887);
#2532=PLANE('',#2888);
#2533=PLANE('',#2889);
#2534=PLANE('',#2890);
#2535=PLANE('',#2891);
#2536=PLANE('',#2892);
#2537=PLANE('',#2893);
#2538=PLANE('',#2894);
#2539=PLANE('',#2895);
#2540=PLANE('',#2896);
#2541=PLANE('',#2897);
#2542=PLANE('',#2898);
#2543=PLANE('',#2899);
#2544=PLANE('',#2900);
#2545=PLANE('',#2901);
#2546=PLANE('',#2902);
#2547=PLANE('',#2903);
#2548=PLANE('',#2904);
#2549=PLANE('',#2905);
#2550=PLANE('',#2906);
#2551=PLANE('',#2907);
#2552=PLANE('',#2908);
#2553=PLANE('',#2909);
#2554=PLANE('',#2910);
#2555=PLANE('',#2911);
#2556=PLANE('',#2912);
#2557=PLANE('',#2913);
#2558=PLANE('',#2914);
#2559=PLANE('',#2923);
#2560=PLANE('',#2924);
#2561=PLANE('',#2969);
#2562=PLANE('',#2970);
#2563=PLANE('',#2971);
#2564=PLANE('',#2972);
#2565=PLANE('',#2985);
#2566=PLANE('',#2986);
#2567=PLANE('',#2987);
#2568=PLANE('',#2988);
#2569=PLANE('',#2989);
#2570=PLANE('',#2990);
#2571=PLANE('',#2991);
#2572=PLANE('',#2992);
#2573=PLANE('',#2993);
#2574=PLANE('',#2994);
#2575=PLANE('',#2995);
#2576=PLANE('',#2996);
#2577=PLANE('',#2997);
#2578=PLANE('',#2998);
#2579=PLANE('',#2999);
#2580=PLANE('',#3000);
#2581=PLANE('',#3001);
#2582=PLANE('',#3002);
#2583=PLANE('',#3003);
#2584=PLANE('',#3004);
#2585=PLANE('',#3005);
#2586=PLANE('',#3006);
#2587=PLANE('',#3007);
#2588=PLANE('',#3008);
#2589=PLANE('',#3009);
#2590=PLANE('',#3010);
#2591=PLANE('',#3011);
#2592=PLANE('',#3012);
#2593=ADVANCED_FACE('',(#159),#2471,.T.);
#2594=ADVANCED_FACE('',(#160),#2472,.T.);
#2595=ADVANCED_FACE('',(#161),#2473,.T.);
#2596=ADVANCED_FACE('',(#162),#2474,.T.);
#2597=ADVANCED_FACE('',(#163),#2475,.F.);
#2598=ADVANCED_FACE('',(#164),#2476,.F.);
#2599=ADVANCED_FACE('',(#165),#2477,.F.);
#2600=ADVANCED_FACE('',(#166),#2478,.F.);
#2601=ADVANCED_FACE('',(#167),#2479,.F.);
#2602=ADVANCED_FACE('',(#168),#2480,.T.);
#2603=ADVANCED_FACE('',(#169),#2481,.T.);
#2604=ADVANCED_FACE('',(#170),#2482,.T.);
#2605=ADVANCED_FACE('',(#171),#2483,.T.);
#2606=ADVANCED_FACE('',(#172),#2484,.T.);
#2607=ADVANCED_FACE('',(#173),#2485,.T.);
#2608=ADVANCED_FACE('',(#174),#2486,.T.);
#2609=ADVANCED_FACE('',(#175),#2487,.T.);
#2610=ADVANCED_FACE('',(#176),#2488,.T.);
#2611=ADVANCED_FACE('',(#177),#2489,.T.);
#2612=ADVANCED_FACE('',(#178),#2490,.T.);
#2613=ADVANCED_FACE('',(#179),#2491,.T.);
#2614=ADVANCED_FACE('',(#180),#2492,.T.);
#2615=ADVANCED_FACE('',(#181,#99,#100,#101,#102,#103),#2493,.T.);
#2616=ADVANCED_FACE('',(#182),#2494,.T.);
#2617=ADVANCED_FACE('',(#183),#2495,.T.);
#2618=ADVANCED_FACE('',(#184),#2496,.T.);
#2619=ADVANCED_FACE('',(#185),#2497,.T.);
#2620=ADVANCED_FACE('',(#186),#2498,.T.);
#2621=ADVANCED_FACE('',(#187),#2499,.T.);
#2622=ADVANCED_FACE('',(#188),#2500,.T.);
#2623=ADVANCED_FACE('',(#189),#2501,.T.);
#2624=ADVANCED_FACE('',(#190),#2502,.T.);
#2625=ADVANCED_FACE('',(#191),#2503,.T.);
#2626=ADVANCED_FACE('',(#192),#2504,.T.);
#2627=ADVANCED_FACE('',(#193),#2505,.T.);
#2628=ADVANCED_FACE('',(#194),#2506,.T.);
#2629=ADVANCED_FACE('',(#195),#2507,.T.);
#2630=ADVANCED_FACE('',(#196),#2508,.T.);
#2631=ADVANCED_FACE('',(#197),#2509,.T.);
#2632=ADVANCED_FACE('',(#198),#2510,.T.);
#2633=ADVANCED_FACE('',(#199),#2511,.T.);
#2634=ADVANCED_FACE('',(#200),#63,.T.);
#2635=ADVANCED_FACE('',(#201),#64,.T.);
#2636=ADVANCED_FACE('',(#202),#65,.T.);
#2637=ADVANCED_FACE('',(#203),#66,.T.);
#2638=ADVANCED_FACE('',(#204),#55,.T.);
#2639=ADVANCED_FACE('',(#205),#67,.T.);
#2640=ADVANCED_FACE('',(#206),#56,.T.);
#2641=ADVANCED_FACE('',(#207),#68,.T.);
#2642=ADVANCED_FACE('',(#208),#69,.T.);
#2643=ADVANCED_FACE('',(#209),#57,.T.);
#2644=ADVANCED_FACE('',(#210),#70,.T.);
#2645=ADVANCED_FACE('',(#211),#58,.T.);
#2646=ADVANCED_FACE('',(#212),#71,.T.);
#2647=ADVANCED_FACE('',(#213),#72,.T.);
#2648=ADVANCED_FACE('',(#214),#73,.T.);
#2649=ADVANCED_FACE('',(#215),#74,.T.);
#2650=ADVANCED_FACE('',(#216),#75,.T.);
#2651=ADVANCED_FACE('',(#217),#76,.T.);
#2652=ADVANCED_FACE('',(#218),#77,.T.);
#2653=ADVANCED_FACE('',(#219),#78,.T.);
#2654=ADVANCED_FACE('',(#220),#2512,.T.);
#2655=ADVANCED_FACE('',(#221),#2513,.T.);
#2656=ADVANCED_FACE('',(#222),#2514,.T.);
#2657=ADVANCED_FACE('',(#223),#2515,.T.);
#2658=ADVANCED_FACE('',(#224),#2516,.T.);
#2659=ADVANCED_FACE('',(#225),#2517,.T.);
#2660=ADVANCED_FACE('',(#226),#2518,.T.);
#2661=ADVANCED_FACE('',(#227),#2519,.T.);
#2662=ADVANCED_FACE('',(#228),#2520,.T.);
#2663=ADVANCED_FACE('',(#229),#2521,.T.);
#2664=ADVANCED_FACE('',(#230),#2522,.T.);
#2665=ADVANCED_FACE('',(#231),#2523,.T.);
#2666=ADVANCED_FACE('',(#232),#2524,.T.);
#2667=ADVANCED_FACE('',(#233),#2525,.T.);
#2668=ADVANCED_FACE('',(#234),#2526,.T.);
#2669=ADVANCED_FACE('',(#235),#2527,.T.);
#2670=ADVANCED_FACE('',(#236),#2528,.T.);
#2671=ADVANCED_FACE('',(#237),#2529,.T.);
#2672=ADVANCED_FACE('',(#238),#2530,.T.);
#2673=ADVANCED_FACE('',(#239),#2531,.T.);
#2674=ADVANCED_FACE('',(#240),#2532,.T.);
#2675=ADVANCED_FACE('',(#241),#2533,.T.);
#2676=ADVANCED_FACE('',(#242),#2534,.T.);
#2677=ADVANCED_FACE('',(#243),#2535,.T.);
#2678=ADVANCED_FACE('',(#244),#2536,.T.);
#2679=ADVANCED_FACE('',(#245),#2537,.T.);
#2680=ADVANCED_FACE('',(#246),#2538,.T.);
#2681=ADVANCED_FACE('',(#247),#2539,.T.);
#2682=ADVANCED_FACE('',(#248,#104,#105,#106,#107,#108),#2540,.T.);
#2683=ADVANCED_FACE('',(#249),#2541,.T.);
#2684=ADVANCED_FACE('',(#250),#2542,.T.);
#2685=ADVANCED_FACE('',(#251),#2543,.T.);
#2686=ADVANCED_FACE('',(#252),#2544,.T.);
#2687=ADVANCED_FACE('',(#253),#2545,.T.);
#2688=ADVANCED_FACE('',(#254),#2546,.T.);
#2689=ADVANCED_FACE('',(#255),#2547,.T.);
#2690=ADVANCED_FACE('',(#256),#2548,.T.);
#2691=ADVANCED_FACE('',(#257),#2549,.T.);
#2692=ADVANCED_FACE('',(#258),#2550,.T.);
#2693=ADVANCED_FACE('',(#259),#2551,.T.);
#2694=ADVANCED_FACE('',(#260),#2552,.T.);
#2695=ADVANCED_FACE('',(#261),#2553,.T.);
#2696=ADVANCED_FACE('',(#262),#2554,.T.);
#2697=ADVANCED_FACE('',(#263),#2555,.T.);
#2698=ADVANCED_FACE('',(#264),#2556,.T.);
#2699=ADVANCED_FACE('',(#265),#2557,.T.);
#2700=ADVANCED_FACE('',(#266),#2558,.T.);
#2701=ADVANCED_FACE('',(#267),#79,.T.);
#2702=ADVANCED_FACE('',(#268),#80,.T.);
#2703=ADVANCED_FACE('',(#269),#81,.T.);
#2704=ADVANCED_FACE('',(#270),#82,.T.);
#2705=ADVANCED_FACE('',(#271),#2559,.T.);
#2706=ADVANCED_FACE('',(#272),#2560,.T.);
#2707=ADVANCED_FACE('',(#273),#59,.T.);
#2708=ADVANCED_FACE('',(#274),#83,.T.);
#2709=ADVANCED_FACE('',(#275),#60,.T.);
#2710=ADVANCED_FACE('',(#276),#84,.T.);
#2711=ADVANCED_FACE('',(#277),#85,.T.);
#2712=ADVANCED_FACE('',(#278),#61,.T.);
#2713=ADVANCED_FACE('',(#279),#86,.T.);
#2714=ADVANCED_FACE('',(#280),#62,.T.);
#2715=ADVANCED_FACE('',(#281),#87,.T.);
#2716=ADVANCED_FACE('',(#282),#88,.T.);
#2717=ADVANCED_FACE('',(#283),#89,.T.);
#2718=ADVANCED_FACE('',(#284),#90,.T.);
#2719=ADVANCED_FACE('',(#285),#91,.T.);
#2720=ADVANCED_FACE('',(#286),#92,.T.);
#2721=ADVANCED_FACE('',(#287),#93,.T.);
#2722=ADVANCED_FACE('',(#288),#94,.T.);
#2723=ADVANCED_FACE('',(#289),#2561,.T.);
#2724=ADVANCED_FACE('',(#290),#2562,.T.);
#2725=ADVANCED_FACE('',(#291),#2563,.T.);
#2726=ADVANCED_FACE('',(#292),#2564,.T.);
#2727=ADVANCED_FACE('',(#293),#95,.F.);
#2728=ADVANCED_FACE('',(#294),#96,.F.);
#2729=ADVANCED_FACE('',(#295),#97,.F.);
#2730=ADVANCED_FACE('',(#296),#98,.F.);
#2731=ADVANCED_FACE('',(#297),#2565,.T.);
#2732=ADVANCED_FACE('',(#298),#2566,.T.);
#2733=ADVANCED_FACE('',(#299),#2567,.T.);
#2734=ADVANCED_FACE('',(#300,#109,#110,#111,#112,#113),#2568,.T.);
#2735=ADVANCED_FACE('',(#301),#2569,.T.);
#2736=ADVANCED_FACE('',(#302),#2570,.T.);
#2737=ADVANCED_FACE('',(#303),#2571,.T.);
#2738=ADVANCED_FACE('',(#304),#2572,.T.);
#2739=ADVANCED_FACE('',(#305),#2573,.T.);
#2740=ADVANCED_FACE('',(#306),#2574,.T.);
#2741=ADVANCED_FACE('',(#307),#2575,.T.);
#2742=ADVANCED_FACE('',(#308),#2576,.T.);
#2743=ADVANCED_FACE('',(#309),#2577,.T.);
#2744=ADVANCED_FACE('',(#310),#2578,.T.);
#2745=ADVANCED_FACE('',(#311),#2579,.T.);
#2746=ADVANCED_FACE('',(#312),#2580,.T.);
#2747=ADVANCED_FACE('',(#313),#2581,.T.);
#2748=ADVANCED_FACE('',(#314),#2582,.T.);
#2749=ADVANCED_FACE('',(#315),#2583,.T.);
#2750=ADVANCED_FACE('',(#316),#2584,.T.);
#2751=ADVANCED_FACE('',(#317),#2585,.T.);
#2752=ADVANCED_FACE('',(#318),#2586,.T.);
#2753=ADVANCED_FACE('',(#319),#2587,.T.);
#2754=ADVANCED_FACE('',(#320),#2588,.T.);
#2755=ADVANCED_FACE('',(#321),#2589,.T.);
#2756=ADVANCED_FACE('',(#322),#2590,.T.);
#2757=ADVANCED_FACE('',(#323),#2591,.T.);
#2758=ADVANCED_FACE('',(#324,#114,#115,#116,#117,#118),#2592,.F.);
#2759=CLOSED_SHELL('',(#2593,#2594,#2595,#2596,#2597,#2598,#2599,#2600,
#2601,#2602,#2603,#2604,#2605,#2606,#2607,#2608,#2609,#2610,#2611,#2612,
#2613,#2614,#2615,#2616,#2617,#2618,#2619,#2620,#2621,#2622,#2623,#2624,
#2625,#2626,#2627,#2628,#2629,#2630,#2631,#2632,#2633,#2634,#2635,#2636,
#2637,#2638,#2639,#2640,#2641,#2642,#2643,#2644,#2645,#2646,#2647,#2648,
#2649,#2650,#2651,#2652,#2653,#2654,#2655,#2656,#2657,#2658,#2659,#2660,
#2661,#2662,#2663,#2664,#2665,#2666,#2667,#2668,#2669,#2670,#2671,#2672,
#2673,#2674,#2675));
#2760=CLOSED_SHELL('',(#2676,#2677,#2678,#2679,#2680,#2681,#2682,#2683,
#2684,#2685,#2686,#2687,#2688,#2689,#2690,#2691,#2692,#2693,#2694,#2695,
#2696,#2697,#2698,#2699,#2700,#2701,#2702,#2703,#2704,#2705,#2706,#2707,
#2708,#2709,#2710,#2711,#2712,#2713,#2714,#2715,#2716,#2717,#2718,#2719,
#2720,#2721,#2722,#2723,#2724,#2725,#2726,#2727,#2728,#2729,#2730,#2731,
#2732,#2733,#2734,#2735,#2736,#2737,#2738,#2739,#2740,#2741,#2742,#2743,
#2744,#2745,#2746,#2747,#2748,#2749,#2750,#2751,#2752,#2753,#2754,#2755,
#2756,#2757,#2758));
#2761=DERIVED_UNIT_ELEMENT(#2763,1.);
#2762=DERIVED_UNIT_ELEMENT(#4576,-3.);
#2763=(
MASS_UNIT()
NAMED_UNIT(*)
SI_UNIT(.KILO.,.GRAM.)
);
#2764=DERIVED_UNIT((#2761,#2762));
#2765=MEASURE_REPRESENTATION_ITEM('density measure',
POSITIVE_RATIO_MEASURE(7850.),#2764);
#2766=PROPERTY_DEFINITION_REPRESENTATION(#2771,#2768);
#2767=PROPERTY_DEFINITION_REPRESENTATION(#2772,#2769);
#2768=REPRESENTATION('material name',(#2770),#4573);
#2769=REPRESENTATION('density',(#2765),#4573);
#2770=DESCRIPTIVE_REPRESENTATION_ITEM('Steel','Steel');
#2771=PROPERTY_DEFINITION('material property','material name',#4588);
#2772=PROPERTY_DEFINITION('material property','density of part',#4588);
#2773=AXIS2_PLACEMENT_3D('',#3800,#3014,#3015);
#2774=AXIS2_PLACEMENT_3D('',#3801,#3016,#3017);
#2775=AXIS2_PLACEMENT_3D('',#3802,#3018,#3019);
#2776=AXIS2_PLACEMENT_3D('',#3811,#3024,#3025);
#2777=AXIS2_PLACEMENT_3D('',#3817,#3029,#3030);
#2778=AXIS2_PLACEMENT_3D('',#3823,#3034,#3035);
#2779=AXIS2_PLACEMENT_3D('',#3826,#3038,#3039);
#2780=AXIS2_PLACEMENT_3D('',#3836,#3045,#3046);
#2781=AXIS2_PLACEMENT_3D('',#3844,#3051,#3052);
#2782=AXIS2_PLACEMENT_3D('',#3845,#3053,#3054);
#2783=AXIS2_PLACEMENT_3D('',#3853,#3059,#3060);
#2784=AXIS2_PLACEMENT_3D('',#3859,#3064,#3065);
#2785=AXIS2_PLACEMENT_3D('',#3860,#3066,#3067);
#2786=AXIS2_PLACEMENT_3D('',#3861,#3068,#3069);
#2787=AXIS2_PLACEMENT_3D('',#3862,#3070,#3071);
#2788=AXIS2_PLACEMENT_3D('',#3863,#3072,#3073);
#2789=AXIS2_PLACEMENT_3D('',#3864,#3074,#3075);
#2790=AXIS2_PLACEMENT_3D('',#3865,#3076,#3077);
#2791=AXIS2_PLACEMENT_3D('',#3866,#3078,#3079);
#2792=AXIS2_PLACEMENT_3D('',#3867,#3080,#3081);
#2793=AXIS2_PLACEMENT_3D('',#3876,#3086,#3087);
#2794=AXIS2_PLACEMENT_3D('',#3882,#3091,#3092);
#2795=AXIS2_PLACEMENT_3D('',#3886,#3095,#3096);
#2796=AXIS2_PLACEMENT_3D('',#3895,#3101,#3102);
#2797=AXIS2_PLACEMENT_3D('',#3901,#3106,#3107);
#2798=AXIS2_PLACEMENT_3D('',#3907,#3111,#3112);
#2799=AXIS2_PLACEMENT_3D('',#3910,#3115,#3116);
#2800=AXIS2_PLACEMENT_3D('',#3916,#3120,#3121);
#2801=AXIS2_PLACEMENT_3D('',#3920,#3124,#3125);
#2802=AXIS2_PLACEMENT_3D('',#3961,#3146,#3147);
#2803=AXIS2_PLACEMENT_3D('',#3967,#3151,#3152);
#2804=AXIS2_PLACEMENT_3D('',#3971,#3155,#3156);
#2805=AXIS2_PLACEMENT_3D('',#3975,#3159,#3160);
#2806=AXIS2_PLACEMENT_3D('',#3977,#3162,#3163);
#2807=AXIS2_PLACEMENT_3D('',#3983,#3167,#3168);
#2808=AXIS2_PLACEMENT_3D('',#3987,#3171,#3172);
#2809=AXIS2_PLACEMENT_3D('',#3993,#3176,#3177);
#2810=AXIS2_PLACEMENT_3D('',#3997,#3180,#3181);
#2811=AXIS2_PLACEMENT_3D('',#4001,#3184,#3185);
#2812=AXIS2_PLACEMENT_3D('',#4003,#3187,#3188);
#2813=AXIS2_PLACEMENT_3D('',#4009,#3192,#3193);
#2814=AXIS2_PLACEMENT_3D('',#4013,#3196,#3197);
#2815=AXIS2_PLACEMENT_3D('',#4019,#3201,#3202);
#2816=AXIS2_PLACEMENT_3D('',#4023,#3205,#3206);
#2817=AXIS2_PLACEMENT_3D('',#4027,#3209,#3210);
#2818=AXIS2_PLACEMENT_3D('',#4029,#3212,#3213);
#2819=AXIS2_PLACEMENT_3D('',#4035,#3217,#3218);
#2820=AXIS2_PLACEMENT_3D('',#4039,#3221,#3222);
#2821=AXIS2_PLACEMENT_3D('',#4040,#3223,#3224);
#2822=AXIS2_PLACEMENT_3D('',#4041,#3225,#3226);
#2823=AXIS2_PLACEMENT_3D('',#4042,#3227,#3228);
#2824=AXIS2_PLACEMENT_3D('',#4044,#3229,#3230);
#2825=AXIS2_PLACEMENT_3D('',#4046,#3232,#3233);
#2826=AXIS2_PLACEMENT_3D('',#4047,#3234,#3235);
#2827=AXIS2_PLACEMENT_3D('',#4049,#3237,#3238);
#2828=AXIS2_PLACEMENT_3D('',#4050,#3239,#3240);
#2829=AXIS2_PLACEMENT_3D('',#4052,#3241,#3242);
#2830=AXIS2_PLACEMENT_3D('',#4054,#3243,#3244);
#2831=AXIS2_PLACEMENT_3D('',#4055,#3245,#3246);
#2832=AXIS2_PLACEMENT_3D('',#4056,#3247,#3248);
#2833=AXIS2_PLACEMENT_3D('',#4062,#3251,#3252);
#2834=AXIS2_PLACEMENT_3D('',#4064,#3253,#3254);
#2835=AXIS2_PLACEMENT_3D('',#4065,#3255,#3256);
#2836=AXIS2_PLACEMENT_3D('',#4066,#3257,#3258);
#2837=AXIS2_PLACEMENT_3D('',#4068,#3259,#3260);
#2838=AXIS2_PLACEMENT_3D('',#4070,#3261,#3262);
#2839=AXIS2_PLACEMENT_3D('',#4071,#3263,#3264);
#2840=AXIS2_PLACEMENT_3D('',#4072,#3265,#3266);
#2841=AXIS2_PLACEMENT_3D('',#4078,#3269,#3270);
#2842=AXIS2_PLACEMENT_3D('',#4080,#3271,#3272);
#2843=AXIS2_PLACEMENT_3D('',#4081,#3273,#3274);
#2844=AXIS2_PLACEMENT_3D('',#4082,#3275,#3276);
#2845=AXIS2_PLACEMENT_3D('',#4084,#3278,#3279);
#2846=AXIS2_PLACEMENT_3D('',#4086,#3280,#3281);
#2847=AXIS2_PLACEMENT_3D('',#4088,#3282,#3283);
#2848=AXIS2_PLACEMENT_3D('',#4089,#3284,#3285);
#2849=AXIS2_PLACEMENT_3D('',#4090,#3286,#3287);
#2850=AXIS2_PLACEMENT_3D('',#4096,#3290,#3291);
#2851=AXIS2_PLACEMENT_3D('',#4098,#3292,#3293);
#2852=AXIS2_PLACEMENT_3D('',#4099,#3294,#3295);
#2853=AXIS2_PLACEMENT_3D('',#4100,#3296,#3297);
#2854=AXIS2_PLACEMENT_3D('',#4102,#3298,#3299);
#2855=AXIS2_PLACEMENT_3D('',#4104,#3300,#3301);
#2856=AXIS2_PLACEMENT_3D('',#4105,#3302,#3303);
#2857=AXIS2_PLACEMENT_3D('',#4106,#3304,#3305);
#2858=AXIS2_PLACEMENT_3D('',#4112,#3308,#3309);
#2859=AXIS2_PLACEMENT_3D('',#4114,#3310,#3311);
#2860=AXIS2_PLACEMENT_3D('',#4115,#3312,#3313);
#2861=AXIS2_PLACEMENT_3D('',#4116,#3314,#3315);
#2862=AXIS2_PLACEMENT_3D('',#4119,#3318,#3319);
#2863=AXIS2_PLACEMENT_3D('',#4121,#3321,#3322);
#2864=AXIS2_PLACEMENT_3D('',#4123,#3324,#3325);
#2865=AXIS2_PLACEMENT_3D('',#4125,#3327,#3328);
#2866=AXIS2_PLACEMENT_3D('',#4128,#3331,#3332);
#2867=AXIS2_PLACEMENT_3D('',#4131,#3335,#3336);
#2868=AXIS2_PLACEMENT_3D('',#4134,#3339,#3340);
#2869=AXIS2_PLACEMENT_3D('',#4136,#3342,#3343);
#2870=AXIS2_PLACEMENT_3D('',#4137,#3344,#3345);
#2871=AXIS2_PLACEMENT_3D('',#4139,#3347,#3348);
#2872=AXIS2_PLACEMENT_3D('',#4140,#3349,#3350);
#2873=AXIS2_PLACEMENT_3D('',#4142,#3352,#3353);
#2874=AXIS2_PLACEMENT_3D('',#4144,#3355,#3356);
#2875=AXIS2_PLACEMENT_3D('',#4145,#3357,#3358);
#2876=AXIS2_PLACEMENT_3D('',#4149,#3361,#3362);
#2877=AXIS2_PLACEMENT_3D('',#4151,#3364,#3365);
#2878=AXIS2_PLACEMENT_3D('',#4155,#3368,#3369);
#2879=AXIS2_PLACEMENT_3D('',#4157,#3371,#3372);
#2880=AXIS2_PLACEMENT_3D('',#4161,#3375,#3376);
#2881=AXIS2_PLACEMENT_3D('',#4163,#3378,#3379);
#2882=AXIS2_PLACEMENT_3D('',#4167,#3382,#3383);
#2883=AXIS2_PLACEMENT_3D('',#4169,#3385,#3386);
#2884=AXIS2_PLACEMENT_3D('',#4170,#3387,#3388);
#2885=AXIS2_PLACEMENT_3D('',#4171,#3389,#3390);
#2886=AXIS2_PLACEMENT_3D('',#4172,#3391,#3392);
#2887=AXIS2_PLACEMENT_3D('',#4173,#3393,#3394);
#2888=AXIS2_PLACEMENT_3D('',#4174,#3395,#3396);
#2889=AXIS2_PLACEMENT_3D('',#4176,#3398,#3399);
#2890=AXIS2_PLACEMENT_3D('',#4177,#3400,#3401);
#2891=AXIS2_PLACEMENT_3D('',#4186,#3406,#3407);
#2892=AXIS2_PLACEMENT_3D('',#4192,#3411,#3412);
#2893=AXIS2_PLACEMENT_3D('',#4198,#3416,#3417);
#2894=AXIS2_PLACEMENT_3D('',#4201,#3420,#3421);
#2895=AXIS2_PLACEMENT_3D('',#4207,#3425,#3426);
#2896=AXIS2_PLACEMENT_3D('',#4211,#3429,#3430);
#2897=AXIS2_PLACEMENT_3D('',#4252,#3451,#3452);
#2898=AXIS2_PLACEMENT_3D('',#4258,#3456,#3457);
#2899=AXIS2_PLACEMENT_3D('',#4262,#3460,#3461);
#2900=AXIS2_PLACEMENT_3D('',#4266,#3464,#3465);
#2901=AXIS2_PLACEMENT_3D('',#4268,#3467,#3468);
#2902=AXIS2_PLACEMENT_3D('',#4274,#3472,#3473);
#2903=AXIS2_PLACEMENT_3D('',#4278,#3476,#3477);
#2904=AXIS2_PLACEMENT_3D('',#4284,#3481,#3482);
#2905=AXIS2_PLACEMENT_3D('',#4288,#3485,#3486);
#2906=AXIS2_PLACEMENT_3D('',#4292,#3489,#3490);
#2907=AXIS2_PLACEMENT_3D('',#4294,#3492,#3493);
#2908=AXIS2_PLACEMENT_3D('',#4300,#3497,#3498);
#2909=AXIS2_PLACEMENT_3D('',#4304,#3501,#3502);
#2910=AXIS2_PLACEMENT_3D('',#4310,#3506,#3507);
#2911=AXIS2_PLACEMENT_3D('',#4314,#3510,#3511);
#2912=AXIS2_PLACEMENT_3D('',#4318,#3514,#3515);
#2913=AXIS2_PLACEMENT_3D('',#4320,#3517,#3518);
#2914=AXIS2_PLACEMENT_3D('',#4326,#3522,#3523);
#2915=AXIS2_PLACEMENT_3D('',#4330,#3526,#3527);
#2916=AXIS2_PLACEMENT_3D('',#4332,#3528,#3529);
#2917=AXIS2_PLACEMENT_3D('',#4335,#3531,#3532);
#2918=AXIS2_PLACEMENT_3D('',#4336,#3533,#3534);
#2919=AXIS2_PLACEMENT_3D('',#4338,#3535,#3536);
#2920=AXIS2_PLACEMENT_3D('',#4340,#3538,#3539);
#2921=AXIS2_PLACEMENT_3D('',#4342,#3540,#3541);
#2922=AXIS2_PLACEMENT_3D('',#4344,#3543,#3544);
#2923=AXIS2_PLACEMENT_3D('',#4346,#3546,#3547);
#2924=AXIS2_PLACEMENT_3D('',#4352,#3551,#3552);
#2925=AXIS2_PLACEMENT_3D('',#4356,#3555,#3556);
#2926=AXIS2_PLACEMENT_3D('',#4358,#3557,#3558);
#2927=AXIS2_PLACEMENT_3D('',#4360,#3559,#3560);
#2928=AXIS2_PLACEMENT_3D('',#4361,#3561,#3562);
#2929=AXIS2_PLACEMENT_3D('',#4362,#3563,#3564);
#2930=AXIS2_PLACEMENT_3D('',#4368,#3567,#3568);
#2931=AXIS2_PLACEMENT_3D('',#4370,#3569,#3570);
#2932=AXIS2_PLACEMENT_3D('',#4371,#3571,#3572);
#2933=AXIS2_PLACEMENT_3D('',#4372,#3573,#3574);
#2934=AXIS2_PLACEMENT_3D('',#4374,#3575,#3576);
#2935=AXIS2_PLACEMENT_3D('',#4376,#3577,#3578);
#2936=AXIS2_PLACEMENT_3D('',#4377,#3579,#3580);
#2937=AXIS2_PLACEMENT_3D('',#4378,#3581,#3582);
#2938=AXIS2_PLACEMENT_3D('',#4384,#3585,#3586);
#2939=AXIS2_PLACEMENT_3D('',#4386,#3587,#3588);
#2940=AXIS2_PLACEMENT_3D('',#4387,#3589,#3590);
#2941=AXIS2_PLACEMENT_3D('',#4388,#3591,#3592);
#2942=AXIS2_PLACEMENT_3D('',#4390,#3594,#3595);
#2943=AXIS2_PLACEMENT_3D('',#4392,#3596,#3597);
#2944=AXIS2_PLACEMENT_3D('',#4394,#3598,#3599);
#2945=AXIS2_PLACEMENT_3D('',#4395,#3600,#3601);
#2946=AXIS2_PLACEMENT_3D('',#4396,#3602,#3603);
#2947=AXIS2_PLACEMENT_3D('',#4402,#3606,#3607);
#2948=AXIS2_PLACEMENT_3D('',#4404,#3608,#3609);
#2949=AXIS2_PLACEMENT_3D('',#4405,#3610,#3611);
#2950=AXIS2_PLACEMENT_3D('',#4406,#3612,#3613);
#2951=AXIS2_PLACEMENT_3D('',#4408,#3614,#3615);
#2952=AXIS2_PLACEMENT_3D('',#4410,#3616,#3617);
#2953=AXIS2_PLACEMENT_3D('',#4411,#3618,#3619);
#2954=AXIS2_PLACEMENT_3D('',#4412,#3620,#3621);
#2955=AXIS2_PLACEMENT_3D('',#4418,#3624,#3625);
#2956=AXIS2_PLACEMENT_3D('',#4420,#3626,#3627);
#2957=AXIS2_PLACEMENT_3D('',#4421,#3628,#3629);
#2958=AXIS2_PLACEMENT_3D('',#4422,#3630,#3631);
#2959=AXIS2_PLACEMENT_3D('',#4426,#3633,#3634);
#2960=AXIS2_PLACEMENT_3D('',#4428,#3636,#3637);
#2961=AXIS2_PLACEMENT_3D('',#4430,#3639,#3640);
#2962=AXIS2_PLACEMENT_3D('',#4432,#3642,#3643);
#2963=AXIS2_PLACEMENT_3D('',#4434,#3645,#3646);
#2964=AXIS2_PLACEMENT_3D('',#4438,#3648,#3649);
#2965=AXIS2_PLACEMENT_3D('',#4440,#3651,#3652);
#2966=AXIS2_PLACEMENT_3D('',#4443,#3653,#3654);
#2967=AXIS2_PLACEMENT_3D('',#4446,#3657,#3658);
#2968=AXIS2_PLACEMENT_3D('',#4450,#3660,#3661);
#2969=AXIS2_PLACEMENT_3D('',#4452,#3663,#3664);
#2970=AXIS2_PLACEMENT_3D('',#4454,#3666,#3667);
#2971=AXIS2_PLACEMENT_3D('',#4456,#3669,#3670);
#2972=AXIS2_PLACEMENT_3D('',#4458,#3672,#3673);
#2973=AXIS2_PLACEMENT_3D('',#4460,#3675,#3676);
#2974=AXIS2_PLACEMENT_3D('',#4462,#3677,#3678);
#2975=AXIS2_PLACEMENT_3D('',#4465,#3680,#3681);
#2976=AXIS2_PLACEMENT_3D('',#4466,#3682,#3683);
#2977=AXIS2_PLACEMENT_3D('',#4468,#3684,#3685);
#2978=AXIS2_PLACEMENT_3D('',#4471,#3687,#3688);
#2979=AXIS2_PLACEMENT_3D('',#4472,#3689,#3690);
#2980=AXIS2_PLACEMENT_3D('',#4474,#3691,#3692);
#2981=AXIS2_PLACEMENT_3D('',#4477,#3694,#3695);
#2982=AXIS2_PLACEMENT_3D('',#4478,#3696,#3697);
#2983=AXIS2_PLACEMENT_3D('',#4480,#3698,#3699);
#2984=AXIS2_PLACEMENT_3D('',#4483,#3701,#3702);
#2985=AXIS2_PLACEMENT_3D('',#4484,#3703,#3704);
#2986=AXIS2_PLACEMENT_3D('',#4487,#3707,#3708);
#2987=AXIS2_PLACEMENT_3D('',#4490,#3711,#3712);
#2988=AXIS2_PLACEMENT_3D('',#4491,#3713,#3714);
#2989=AXIS2_PLACEMENT_3D('',#4500,#3719,#3720);
#2990=AXIS2_PLACEMENT_3D('',#4506,#3724,#3725);
#2991=AXIS2_PLACEMENT_3D('',#4510,#3728,#3729);
#2992=AXIS2_PLACEMENT_3D('',#4514,#3732,#3733);
#2993=AXIS2_PLACEMENT_3D('',#4516,#3735,#3736);
#2994=AXIS2_PLACEMENT_3D('',#4522,#3740,#3741);
#2995=AXIS2_PLACEMENT_3D('',#4526,#3744,#3745);
#2996=AXIS2_PLACEMENT_3D('',#4530,#3748,#3749);
#2997=AXIS2_PLACEMENT_3D('',#4532,#3751,#3752);
#2998=AXIS2_PLACEMENT_3D('',#4536,#3755,#3756);
#2999=AXIS2_PLACEMENT_3D('',#4538,#3758,#3759);
#3000=AXIS2_PLACEMENT_3D('',#4542,#3762,#3763);
#3001=AXIS2_PLACEMENT_3D('',#4544,#3765,#3766);
#3002=AXIS2_PLACEMENT_3D('',#4548,#3769,#3770);
#3003=AXIS2_PLACEMENT_3D('',#4550,#3772,#3773);
#3004=AXIS2_PLACEMENT_3D('',#4551,#3774,#3775);
#3005=AXIS2_PLACEMENT_3D('',#4552,#3776,#3777);
#3006=AXIS2_PLACEMENT_3D('',#4553,#3778,#3779);
#3007=AXIS2_PLACEMENT_3D('',#4554,#3780,#3781);
#3008=AXIS2_PLACEMENT_3D('',#4555,#3782,#3783);
#3009=AXIS2_PLACEMENT_3D('',#4559,#3786,#3787);
#3010=AXIS2_PLACEMENT_3D('',#4561,#3789,#3790);
#3011=AXIS2_PLACEMENT_3D('',#4565,#3793,#3794);
#3012=AXIS2_PLACEMENT_3D('',#4567,#3796,#3797);
#3013=AXIS2_PLACEMENT_3D('',#4568,#3798,#3799);
#3014=DIRECTION('axis',(0.,0.,1.));
#3015=DIRECTION('refdir',(1.,0.,0.));
#3016=DIRECTION('axis',(0.,0.,1.));
#3017=DIRECTION('refdir',(1.,0.,0.));
#3018=DIRECTION('center_axis',(-0.707106781186548,0.,0.707106781186548));
#3019=DIRECTION('ref_axis',(0.707106781186548,0.,0.707106781186548));
#3020=DIRECTION('',(0.,1.,0.));
#3021=DIRECTION('',(-0.577350269189629,0.577350269189619,-0.577350269189629));
#3022=DIRECTION('',(0.,-1.,0.));
#3023=DIRECTION('',(0.577350269189629,0.577350269189619,0.577350269189629));
#3024=DIRECTION('center_axis',(-8.65956056235486E-17,0.707106781186554,
0.707106781186541));
#3025=DIRECTION('ref_axis',(1.,0.,1.22464679914735E-16));
#3026=DIRECTION('',(1.,0.,1.22464679914735E-16));
#3027=DIRECTION('',(0.577350269189626,0.577350269189616,-0.577350269189636));
#3028=DIRECTION('',(-1.,0.,-1.22464679914735E-16));
#3029=DIRECTION('center_axis',(0.707106781186554,0.,0.707106781186541));
#3030=DIRECTION('ref_axis',(0.707106781186541,0.,-0.707106781186554));
#3031=DIRECTION('',(0.,1.,0.));
#3032=DIRECTION('',(0.,-1.,0.));
#3033=DIRECTION('',(0.577350269189622,-0.577350269189622,-0.577350269189633));
#3034=DIRECTION('center_axis',(-8.65956056235486E-17,-0.707106781186554,
0.707106781186541));
#3035=DIRECTION('ref_axis',(1.,0.,1.22464679914735E-16));
#3036=DIRECTION('',(-1.,0.,-1.22464679914735E-16));
#3037=DIRECTION('',(1.,0.,1.22464679914735E-16));
#3038=DIRECTION('center_axis',(0.,1.,0.));
#3039=DIRECTION('ref_axis',(1.,0.,0.));
#3040=DIRECTION('',(0.,0.,-1.));
#3041=DIRECTION('',(-1.,0.,-1.22464679914735E-16));
#3042=DIRECTION('',(-1.,0.,-1.22464679914735E-16));
#3043=DIRECTION('',(-1.,0.,-1.22464679914735E-16));
#3044=DIRECTION('',(0.,0.,-1.));
#3045=DIRECTION('center_axis',(1.,0.,0.));
#3046=DIRECTION('ref_axis',(0.,-1.,0.));
#3047=DIRECTION('',(0.,0.,-1.));
#3048=DIRECTION('',(0.,1.,0.));
#3049=DIRECTION('',(0.,1.,0.));
#3050=DIRECTION('',(0.,1.,0.));
#3051=DIRECTION('center_axis',(1.22464679914735E-16,0.,-1.));
#3052=DIRECTION('ref_axis',(-1.,0.,-1.22464679914735E-16));
#3053=DIRECTION('center_axis',(0.,-1.,0.));
#3054=DIRECTION('ref_axis',(-1.,0.,0.));
#3055=DIRECTION('',(0.,0.,-1.));
#3056=DIRECTION('',(1.,0.,1.22464679914735E-16));
#3057=DIRECTION('',(1.,0.,1.22464679914735E-16));
#3058=DIRECTION('',(1.,0.,1.22464679914735E-16));
#3059=DIRECTION('center_axis',(-1.,0.,0.));
#3060=DIRECTION('ref_axis',(0.,1.,0.));
#3061=DIRECTION('',(0.,-1.,0.));
#3062=DIRECTION('',(0.,-1.,0.));
#3063=DIRECTION('',(0.,-1.,0.));
#3064=DIRECTION('center_axis',(1.22464679914735E-16,0.,-1.));
#3065=DIRECTION('ref_axis',(-1.,0.,-1.22464679914735E-16));
#3066=DIRECTION('center_axis',(-1.22464679914735E-16,0.,1.));
#3067=DIRECTION('ref_axis',(0.707106781186548,-0.707106781186547,8.65956056235494E-17));
#3068=DIRECTION('center_axis',(1.22464679914735E-16,0.,-1.));
#3069=DIRECTION('ref_axis',(-1.,0.,-1.22464679914735E-16));
#3070=DIRECTION('center_axis',(-1.22464679914735E-16,0.,1.));
#3071=DIRECTION('ref_axis',(-0.707106781186547,-0.707106781186548,-8.65956056235492E-17));
#3072=DIRECTION('center_axis',(1.22464679914735E-16,0.,-1.));
#3073=DIRECTION('ref_axis',(-1.,0.,-1.22464679914735E-16));
#3074=DIRECTION('center_axis',(-1.22464679914735E-16,0.,1.));
#3075=DIRECTION('ref_axis',(-0.707106781186547,0.707106781186547,-8.65956056235493E-17));
#3076=DIRECTION('center_axis',(1.22464679914735E-16,0.,-1.));
#3077=DIRECTION('ref_axis',(-1.,0.,-1.22464679914735E-16));
#3078=DIRECTION('center_axis',(-1.22464679914735E-16,0.,1.));
#3079=DIRECTION('ref_axis',(0.707106781186547,0.707106781186547,8.65956056235493E-17));
#3080=DIRECTION('center_axis',(0.,0.,-1.));
#3081=DIRECTION('ref_axis',(-1.,0.,0.));
#3082=DIRECTION('',(1.,0.,0.));
#3083=DIRECTION('',(1.1686558153949E-16,-1.,0.));
#3084=DIRECTION('',(-1.,0.,0.));
#3085=DIRECTION('',(0.,1.,0.));
#3086=DIRECTION('center_axis',(0.,-1.,0.));
#3087=DIRECTION('ref_axis',(-1.,0.,-1.22464679914735E-16));
#3088=DIRECTION('',(1.22464679914735E-16,0.,-1.));
#3089=DIRECTION('',(-1.,0.,-1.22464679914735E-16));
#3090=DIRECTION('',(1.22464679914735E-16,0.,-1.));
#3091=DIRECTION('center_axis',(1.,1.1686558153949E-16,1.22464679914735E-16));
#3092=DIRECTION('ref_axis',(1.1686558153949E-16,-1.,1.43119060362831E-32));
#3093=DIRECTION('',(1.22464679914735E-16,0.,-1.));
#3094=DIRECTION('',(1.1686558153949E-16,-1.,1.43119060362831E-32));
#3095=DIRECTION('center_axis',(8.65956056235493E-17,0.707106781186548,-0.707106781186548));
#3096=DIRECTION('ref_axis',(-1.,0.,-1.22464679914735E-16));
#3097=DIRECTION('',(-1.,0.,-1.22464679914735E-16));
#3098=DIRECTION('',(0.577350269189626,0.577350269189626,0.577350269189626));
#3099=DIRECTION('',(1.,0.,1.22464679914735E-16));
#3100=DIRECTION('',(-0.577350340882873,0.577350125803105,0.577350340882873));
#3101=DIRECTION('center_axis',(0.707106781186548,0.,-0.707106781186547));
#3102=DIRECTION('ref_axis',(-0.707106781186547,0.,-0.707106781186548));
#3103=DIRECTION('',(0.,1.,0.));
#3104=DIRECTION('',(0.577350206099568,-0.577350395369719,0.577350206099569));
#3105=DIRECTION('',(0.,-1.,0.));
#3106=DIRECTION('center_axis',(8.65956056235493E-17,-0.707106781186548,
-0.707106781186548));
#3107=DIRECTION('ref_axis',(-1.,0.,-1.22464679914735E-16));
#3108=DIRECTION('',(1.,0.,1.22464679914735E-16));
#3109=DIRECTION('',(-0.577350206099569,-0.577350395369719,0.577350206099568));
#3110=DIRECTION('',(-1.,0.,-1.22464679914735E-16));
#3111=DIRECTION('center_axis',(-0.707106781186547,0.,-0.707106781186548));
#3112=DIRECTION('ref_axis',(-0.707106781186548,0.,0.707106781186547));
#3113=DIRECTION('',(0.,1.,0.));
#3114=DIRECTION('',(0.,-1.,0.));
#3115=DIRECTION('center_axis',(-1.,0.,-1.22464679914735E-16));
#3116=DIRECTION('ref_axis',(0.,1.,0.));
#3117=DIRECTION('',(1.22464679914735E-16,0.,-1.));
#3118=DIRECTION('',(0.,-1.,0.));
#3119=DIRECTION('',(1.22464679914735E-16,0.,-1.));
#3120=DIRECTION('center_axis',(0.,1.,0.));
#3121=DIRECTION('ref_axis',(1.,0.,1.22464679914735E-16));
#3122=DIRECTION('',(1.22464679914735E-16,0.,-1.));
#3123=DIRECTION('',(-1.,0.,-1.22464679914735E-16));
#3124=DIRECTION('center_axis',(1.22464679914735E-16,0.,-1.));
#3125=DIRECTION('ref_axis',(-1.,0.,-1.22464679914735E-16));
#3126=DIRECTION('',(-1.,0.,-1.22464679914735E-16));
#3127=DIRECTION('',(0.,1.,0.));
#3128=DIRECTION('',(1.,0.,1.22464679914735E-16));
#3129=DIRECTION('',(0.,-1.,0.));
#3130=DIRECTION('',(0.,1.,0.));
#3131=DIRECTION('',(-1.,0.,-1.22464679914735E-16));
#3132=DIRECTION('',(0.,-1.,0.));
#3133=DIRECTION('',(1.,0.,1.22464679914735E-16));
#3134=DIRECTION('',(0.,1.,0.));
#3135=DIRECTION('',(-1.,0.,-1.22464679914735E-16));
#3136=DIRECTION('',(0.,-1.,0.));
#3137=DIRECTION('',(1.,0.,1.22464679914735E-16));
#3138=DIRECTION('',(1.,0.,1.22464679914735E-16));
#3139=DIRECTION('',(-1.1686558153949E-16,1.,-1.43119060362831E-32));
#3140=DIRECTION('',(-1.,0.,-1.22464679914735E-16));
#3141=DIRECTION('',(0.,-1.,0.));
#3142=DIRECTION('',(-1.,0.,-1.22464679914735E-16));
#3143=DIRECTION('',(0.,-1.,0.));
#3144=DIRECTION('',(1.,0.,1.22464679914735E-16));
#3145=DIRECTION('',(0.,1.,0.));
#3146=DIRECTION('center_axis',(0.707106781186548,0.,-0.707106781186547));
#3147=DIRECTION('ref_axis',(-0.707106781186547,0.,-0.707106781186548));
#3148=DIRECTION('',(0.577350269189626,-0.577350269189626,0.577350269189626));
#3149=DIRECTION('',(0.,-1.,0.));
#3150=DIRECTION('',(0.577350125803105,0.577350340882873,0.577350340882873));
#3151=DIRECTION('center_axis',(8.65956056235493E-17,-0.707106781186548,
-0.707106781186548));
#3152=DIRECTION('ref_axis',(-1.,0.,-1.22464679914735E-16));
#3153=DIRECTION('',(-0.57735039536972,-0.577350206099569,0.577350206099568));
#3154=DIRECTION('',(-1.,0.,-1.22464679914735E-16));
#3155=DIRECTION('center_axis',(-0.707106781186547,0.,-0.707106781186548));
#3156=DIRECTION('ref_axis',(-0.707106781186548,0.,0.707106781186547));
#3157=DIRECTION('',(-0.57735039536972,0.577350206099569,0.577350206099568));
#3158=DIRECTION('',(0.,1.,0.));
#3159=DIRECTION('center_axis',(8.65956056235493E-17,0.707106781186548,-0.707106781186548));
#3160=DIRECTION('ref_axis',(-1.,0.,-1.22464679914735E-16));
#3161=DIRECTION('',(1.,0.,1.22464679914735E-16));
#3162=DIRECTION('center_axis',(0.,1.,0.));
#3163=DIRECTION('ref_axis',(1.,0.,1.22464679914735E-16));
#3164=DIRECTION('',(1.22464679914735E-16,0.,-1.));
#3165=DIRECTION('',(-1.,0.,-1.22464679914735E-16));
#3166=DIRECTION('',(1.22464679914735E-16,0.,-1.));
#3167=DIRECTION('center_axis',(1.,0.,1.22464679914735E-16));
#3168=DIRECTION('ref_axis',(0.,-1.,0.));
#3169=DIRECTION('',(1.22464679914735E-16,0.,-1.));
#3170=DIRECTION('',(0.,1.,0.));
#3171=DIRECTION('center_axis',(8.65956056235493E-17,0.707106781186548,-0.707106781186548));
#3172=DIRECTION('ref_axis',(-1.,0.,-1.22464679914735E-16));
#3173=DIRECTION('',(0.577350206099568,0.577350395369719,0.577350206099569));
#3174=DIRECTION('',(1.,0.,1.22464679914735E-16));
#3175=DIRECTION('',(-0.577350269189626,0.577350269189626,0.577350269189626));
#3176=DIRECTION('center_axis',(0.707106781186548,0.,-0.707106781186547));
#3177=DIRECTION('ref_axis',(-0.707106781186547,0.,-0.707106781186548));
#3178=DIRECTION('',(0.577350269189626,-0.577350269189626,0.577350269189626));
#3179=DIRECTION('',(0.,-1.,0.));
#3180=DIRECTION('center_axis',(8.65956056235493E-17,-0.707106781186548,
-0.707106781186548));
#3181=DIRECTION('ref_axis',(-1.,0.,-1.22464679914735E-16));
#3182=DIRECTION('',(-0.577350340882873,-0.577350125803105,0.577350340882873));
#3183=DIRECTION('',(-1.,0.,-1.22464679914735E-16));
#3184=DIRECTION('center_axis',(-0.707106781186547,0.,-0.707106781186548));
#3185=DIRECTION('ref_axis',(-0.707106781186548,0.,0.707106781186547));
#3186=DIRECTION('',(0.,1.,0.));
#3187=DIRECTION('center_axis',(-1.,0.,-1.22464679914735E-16));
#3188=DIRECTION('ref_axis',(0.,1.,0.));
#3189=DIRECTION('',(1.22464679914735E-16,0.,-1.));
#3190=DIRECTION('',(0.,-1.,0.));
#3191=DIRECTION('',(1.22464679914735E-16,0.,-1.));
#3192=DIRECTION('center_axis',(0.,1.,0.));
#3193=DIRECTION('ref_axis',(1.,0.,1.22464679914735E-16));
#3194=DIRECTION('',(1.22464679914735E-16,0.,-1.));
#3195=DIRECTION('',(-1.,0.,-1.22464679914735E-16));
#3196=DIRECTION('center_axis',(0.707106781186548,0.,-0.707106781186547));
#3197=DIRECTION('ref_axis',(-0.707106781186547,0.,-0.707106781186548));
#3198=DIRECTION('',(0.577350395369719,-0.577350206099569,0.577350206099569));
#3199=DIRECTION('',(0.,-1.,0.));
#3200=DIRECTION('',(0.577350395369719,0.577350206099569,0.577350206099569));
#3201=DIRECTION('center_axis',(8.65956056235493E-17,-0.707106781186548,
-0.707106781186548));
#3202=DIRECTION('ref_axis',(-1.,0.,-1.22464679914735E-16));
#3203=DIRECTION('',(-0.577350269189626,-0.577350269189626,0.577350269189626));
#3204=DIRECTION('',(-1.,0.,-1.22464679914735E-16));
#3205=DIRECTION('center_axis',(-0.707106781186547,0.,-0.707106781186548));
#3206=DIRECTION('ref_axis',(-0.707106781186548,0.,0.707106781186547));
#3207=DIRECTION('',(-0.577350269189626,0.577350269189626,0.577350269189626));
#3208=DIRECTION('',(0.,1.,0.));
#3209=DIRECTION('center_axis',(8.65956056235493E-17,0.707106781186548,-0.707106781186548));
#3210=DIRECTION('ref_axis',(-1.,0.,-1.22464679914735E-16));
#3211=DIRECTION('',(1.,0.,1.22464679914735E-16));
#3212=DIRECTION('center_axis',(0.,1.,0.));
#3213=DIRECTION('ref_axis',(1.,0.,1.22464679914735E-16));
#3214=DIRECTION('',(1.22464679914735E-16,0.,-1.));
#3215=DIRECTION('',(-1.,0.,-1.22464679914735E-16));
#3216=DIRECTION('',(1.22464679914735E-16,0.,-1.));
#3217=DIRECTION('center_axis',(1.,0.,1.22464679914735E-16));
#3218=DIRECTION('ref_axis',(0.,-1.,0.));
#3219=DIRECTION('',(1.22464679914735E-16,0.,-1.));
#3220=DIRECTION('',(0.,1.,0.));
#3221=DIRECTION('center_axis',(-1.,0.,-1.22464679914735E-16));
#3222=DIRECTION('ref_axis',(8.65956056235493E-17,-0.707106781186548,-0.707106781186548));
#3223=DIRECTION('center_axis',(-0.707106781186548,0.707106781186548,-8.65956056235493E-17));
#3224=DIRECTION('ref_axis',(0.707106781186548,0.707106781186548,8.65956056235493E-17));
#3225=DIRECTION('center_axis',(-0.707106781186548,-0.707106781186548,-1.65668806430732E-15));
#3226=DIRECTION('ref_axis',(-0.707106781186548,0.707106781186548,-1.65668806430732E-15));
#3227=DIRECTION('center_axis',(0.,1.,0.));
#3228=DIRECTION('ref_axis',(-0.707106781186547,0.,-0.707106781186548));
#3229=DIRECTION('center_axis',(0.707106781186548,0.707106781186547,1.65668806430732E-15));
#3230=DIRECTION('ref_axis',(0.707106781186547,-0.707106781186548,1.65668806430732E-15));
#3231=DIRECTION('',(0.,1.,0.));
#3232=DIRECTION('center_axis',(1.,0.,1.22464679914735E-16));
#3233=DIRECTION('ref_axis',(8.65956056235493E-17,0.707106781186548,-0.707106781186548));
#3234=DIRECTION('center_axis',(0.707106781186549,-0.707106781186546,1.65668806430732E-15));
#3235=DIRECTION('ref_axis',(-0.707106781186546,-0.707106781186549,1.48349685306023E-15));
#3236=DIRECTION('',(1.,0.,1.22464679914735E-16));
#3237=DIRECTION('center_axis',(1.1686558153949E-16,-1.,1.43119060362831E-32));
#3238=DIRECTION('ref_axis',(0.707106781186548,0.,-0.707106781186547));
#3239=DIRECTION('center_axis',(0.408248290463863,-0.816496580927726,-0.408248290463863));
#3240=DIRECTION('ref_axis',(0.577350269189623,0.577350269189627,-0.577350269189627));
#3241=DIRECTION('center_axis',(1.,0.,-8.75931951708651E-15));
#3242=DIRECTION('ref_axis',(0.,1.,0.));
#3243=DIRECTION('center_axis',(1.22464679914735E-16,0.,-1.));
#3244=DIRECTION('ref_axis',(1.,0.,1.22464679914735E-16));
#3245=DIRECTION('center_axis',(-4.44089209850062E-15,1.,-5.43852429378756E-31));
#3246=DIRECTION('ref_axis',(1.22464679914735E-16,0.,-1.));
#3247=DIRECTION('center_axis',(1.22464679914735E-16,0.,-1.));
#3248=DIRECTION('ref_axis',(0.707106781186548,0.707106781186548,8.65956056235493E-17));
#3249=DIRECTION('',(1.22464679914735E-16,0.,-1.));
#3250=DIRECTION('',(-1.22464679914735E-16,0.,1.));
#3251=DIRECTION('center_axis',(8.65956056235494E-17,0.707106781186547,-0.707106781186548));
#3252=DIRECTION('ref_axis',(-8.65956056235493E-17,0.707106781186548,0.707106781186547));
#3253=DIRECTION('center_axis',(-0.325057583671869,-0.325057583671862,-0.888073833977117));
#3254=DIRECTION('ref_axis',(-0.627963030199563,-0.627963030199549,0.459700843380979));
#3255=DIRECTION('center_axis',(0.707106781186547,0.,-0.707106781186548));
#3256=DIRECTION('ref_axis',(0.707106781186548,0.,0.707106781186547));
#3257=DIRECTION('center_axis',(-0.408248290463863,-0.816496580927726,-0.408248290463863));
#3258=DIRECTION('ref_axis',(-0.577350269189626,0.577350269189626,-0.577350269189626));
#3259=DIRECTION('center_axis',(1.08770485875751E-30,1.,-8.88178419700124E-15));
#3260=DIRECTION('ref_axis',(-1.,0.,-1.22464679914735E-16));
#3261=DIRECTION('center_axis',(1.22464679914735E-16,0.,-1.));
#3262=DIRECTION('ref_axis',(0.,1.,0.));
#3263=DIRECTION('center_axis',(-1.,-4.44089209850062E-15,-1.22464679914735E-16));
#3264=DIRECTION('ref_axis',(1.22464679914735E-16,0.,-1.));
#3265=DIRECTION('center_axis',(1.22464679914735E-16,0.,-1.));
#3266=DIRECTION('ref_axis',(-0.707106781186548,0.707106781186548,-8.65956056235493E-17));
#3267=DIRECTION('',(1.22464679914735E-16,0.,-1.));
#3268=DIRECTION('',(-1.22464679914735E-16,0.,1.));
#3269=DIRECTION('center_axis',(-0.707106781186547,0.,-0.707106781186548));
#3270=DIRECTION('ref_axis',(-0.707106781186548,0.,0.707106781186547));
#3271=DIRECTION('center_axis',(0.325057583671868,-0.325057583671868,-0.888073833977116));
#3272=DIRECTION('ref_axis',(0.627963030199555,-0.627963030199555,0.459700843380982));
#3273=DIRECTION('center_axis',(8.65956056235494E-17,0.707106781186547,-0.707106781186548));
#3274=DIRECTION('ref_axis',(-8.65956056235493E-17,0.707106781186548,0.707106781186547));
#3275=DIRECTION('center_axis',(1.,0.,1.22464679914735E-16));
#3276=DIRECTION('ref_axis',(8.65956056235491E-17,0.707106781186549,-0.707106781186546));
#3277=DIRECTION('',(1.,0.,1.22464679914735E-16));
#3278=DIRECTION('center_axis',(-0.408248290463858,-0.81649658092773,0.408248290463861));
#3279=DIRECTION('ref_axis',(0.577350269189627,-0.577350269189623,-0.577350269189627));
#3280=DIRECTION('center_axis',(1.08770485875751E-30,-1.,-8.88178419700124E-15));
#3281=DIRECTION('ref_axis',(1.,0.,1.22464679914735E-16));
#3282=DIRECTION('center_axis',(1.22464679914735E-16,0.,-1.));
#3283=DIRECTION('ref_axis',(0.,-1.,0.));
#3284=DIRECTION('center_axis',(1.,4.44089209850062E-15,1.22464679914735E-16));
#3285=DIRECTION('ref_axis',(1.22464679914735E-16,0.,-1.));
#3286=DIRECTION('center_axis',(1.22464679914735E-16,0.,-1.));
#3287=DIRECTION('ref_axis',(0.707106781186548,-0.707106781186548,8.65956056235493E-17));
#3288=DIRECTION('',(1.22464679914735E-16,0.,-1.));
#3289=DIRECTION('',(-1.22464679914735E-16,0.,1.));
#3290=DIRECTION('center_axis',(0.707106781186547,0.,-0.707106781186548));
#3291=DIRECTION('ref_axis',(0.707106781186548,0.,0.707106781186547));
#3292=DIRECTION('center_axis',(-0.325057583671862,0.325057583671868,-0.888073833977117));
#3293=DIRECTION('ref_axis',(-0.627963030199551,0.627963030199561,0.459700843380979));
#3294=DIRECTION('center_axis',(8.65956056235494E-17,-0.707106781186547,
-0.707106781186548));
#3295=DIRECTION('ref_axis',(-8.65956056235493E-17,-0.707106781186548,0.707106781186547));
#3296=DIRECTION('center_axis',(0.408248290463862,-0.816496580927727,0.408248290463862));
#3297=DIRECTION('ref_axis',(-0.577350269189626,-0.577350269189626,-0.577350269189626));
#3298=DIRECTION('center_axis',(-1.,0.,-9.00424887691598E-15));
#3299=DIRECTION('ref_axis',(0.,-1.,0.));
#3300=DIRECTION('center_axis',(1.22464679914735E-16,0.,-1.));
#3301=DIRECTION('ref_axis',(-1.,0.,-1.22464679914735E-16));
#3302=DIRECTION('center_axis',(4.44089209850062E-15,-1.,5.43852429378756E-31));
#3303=DIRECTION('ref_axis',(1.22464679914735E-16,0.,-1.));
#3304=DIRECTION('center_axis',(1.22464679914735E-16,0.,-1.));
#3305=DIRECTION('ref_axis',(-0.707106781186548,-0.707106781186548,-8.65956056235493E-17));
#3306=DIRECTION('',(1.22464679914735E-16,0.,-1.));
#3307=DIRECTION('',(-1.22464679914735E-16,0.,1.));
#3308=DIRECTION('center_axis',(8.65956056235494E-17,-0.707106781186547,
-0.707106781186548));
#3309=DIRECTION('ref_axis',(-8.65956056235493E-17,-0.707106781186548,0.707106781186547));
#3310=DIRECTION('center_axis',(0.32505758367187,0.325057583671865,-0.888073833977116));
#3311=DIRECTION('ref_axis',(0.62796303019956,0.627963030199549,0.459700843380982));
#3312=DIRECTION('center_axis',(-0.707106781186547,0.,-0.707106781186548));
#3313=DIRECTION('ref_axis',(-0.707106781186548,0.,0.707106781186547));
#3314=DIRECTION('center_axis',(-0.577350269189626,-0.577350269189626,0.577350269189625));
#3315=DIRECTION('ref_axis',(-0.408248290463861,-0.408248290463863,-0.816496580927727));
#3316=DIRECTION('',(0.577350269189626,0.577350269189626,-0.577350269189625));
#3317=DIRECTION('',(0.577350269189626,0.577350269189626,-0.577350269189625));
#3318=DIRECTION('center_axis',(0.,1.,0.));
#3319=DIRECTION('ref_axis',(-0.707106781186549,0.,-0.707106781186546));
#3320=DIRECTION('',(0.,1.,0.));
#3321=DIRECTION('center_axis',(-1.,0.,-1.22464679914735E-16));
#3322=DIRECTION('ref_axis',(8.65956056235491E-17,-0.707106781186549,-0.707106781186546));
#3323=DIRECTION('',(-1.,0.,-1.22464679914735E-16));
#3324=DIRECTION('center_axis',(0.,-1.,0.));
#3325=DIRECTION('ref_axis',(0.707106781186549,0.,-0.707106781186546));
#3326=DIRECTION('',(0.,-1.,0.));
#3327=DIRECTION('center_axis',(0.577350269189626,-0.577350269189626,0.577350269189626));
#3328=DIRECTION('ref_axis',(0.408248290463864,-0.408248290463861,-0.816496580927727));
#3329=DIRECTION('',(-0.577350269189626,0.577350269189626,-0.577350269189626));
#3330=DIRECTION('',(-0.577350269189626,0.577350269189626,-0.577350269189626));
#3331=DIRECTION('center_axis',(0.577350269189626,-0.577350269189626,-0.577350269189625));
#3332=DIRECTION('ref_axis',(-0.408248290463861,0.408248290463861,-0.816496580927728));
#3333=DIRECTION('',(0.577350269189626,-0.577350269189626,-0.577350269189625));
#3334=DIRECTION('',(0.577350269189626,-0.577350269189626,-0.577350269189625));
#3335=DIRECTION('center_axis',(0.577350269189626,0.577350269189626,0.577350269189626));
#3336=DIRECTION('ref_axis',(0.408248290463863,0.408248290463863,-0.816496580927726));
#3337=DIRECTION('',(-0.577350269189626,-0.577350269189626,-0.577350269189626));
#3338=DIRECTION('',(-0.577350269189626,-0.577350269189626,-0.577350269189626));
#3339=DIRECTION('center_axis',(0.,-1.,0.));
#3340=DIRECTION('ref_axis',(-1.,0.,-1.22464679914735E-16));
#3341=DIRECTION('',(1.,0.,1.22464679914735E-16));
#3342=DIRECTION('center_axis',(8.65956056235494E-17,-0.707106781186547,
-0.707106781186548));
#3343=DIRECTION('ref_axis',(-1.,0.,-1.22464679914735E-16));
#3344=DIRECTION('center_axis',(1.,0.,1.22464679914735E-16));
#3345=DIRECTION('ref_axis',(0.,-1.,0.));
#3346=DIRECTION('',(0.,1.,0.));
#3347=DIRECTION('center_axis',(0.707106781186547,0.,-0.707106781186548));
#3348=DIRECTION('ref_axis',(-0.707106781186548,0.,-0.707106781186547));
#3349=DIRECTION('center_axis',(-0.707106781186547,0.,-0.707106781186548));
#3350=DIRECTION('ref_axis',(-0.707106781186548,0.,0.707106781186547));
#3351=DIRECTION('',(0.,-1.,0.));
#3352=DIRECTION('center_axis',(8.65956056235494E-17,0.707106781186547,-0.707106781186548));
#3353=DIRECTION('ref_axis',(-1.,0.,-1.22464679914735E-16));
#3354=DIRECTION('',(-1.,0.,-1.22464679914735E-16));
#3355=DIRECTION('center_axis',(-1.,0.,-1.22464679914735E-16));
#3356=DIRECTION('ref_axis',(0.,1.,0.));
#3357=DIRECTION('center_axis',(1.,0.,1.22464679914735E-16));
#3358=DIRECTION('ref_axis',(0.,-1.,0.));
#3359=DIRECTION('',(1.22464679914735E-16,0.,-1.));
#3360=DIRECTION('',(0.,1.,0.));
#3361=DIRECTION('center_axis',(0.,-1.,0.));
#3362=DIRECTION('ref_axis',(-1.,0.,-1.22464679914735E-16));
#3363=DIRECTION('',(1.,0.,1.22464679914735E-16));
#3364=DIRECTION('center_axis',(0.,-1.,0.));
#3365=DIRECTION('ref_axis',(-1.,0.,-1.22464679914735E-16));
#3366=DIRECTION('',(1.22464679914735E-16,0.,-1.));
#3367=DIRECTION('',(1.,0.,1.22464679914735E-16));
#3368=DIRECTION('center_axis',(-1.,0.,-1.22464679914735E-16));
#3369=DIRECTION('ref_axis',(0.,1.,0.));
#3370=DIRECTION('',(0.,-1.,0.));
#3371=DIRECTION('center_axis',(1.,0.,1.22464679914735E-16));
#3372=DIRECTION('ref_axis',(0.,-1.,0.));
#3373=DIRECTION('',(1.22464679914735E-16,0.,-1.));
#3374=DIRECTION('',(0.,1.,0.));
#3375=DIRECTION('center_axis',(0.,-1.,0.));
#3376=DIRECTION('ref_axis',(-1.,0.,-1.22464679914735E-16));
#3377=DIRECTION('',(1.,0.,1.22464679914735E-16));
#3378=DIRECTION('center_axis',(-1.,0.,-1.22464679914735E-16));
#3379=DIRECTION('ref_axis',(0.,1.,0.));
#3380=DIRECTION('',(0.,-1.,0.));
#3381=DIRECTION('',(1.22464679914735E-16,0.,-1.));
#3382=DIRECTION('center_axis',(0.,-1.,0.));
#3383=DIRECTION('ref_axis',(-1.,0.,-1.22464679914735E-16));
#3384=DIRECTION('',(1.,0.,1.22464679914735E-16));
#3385=DIRECTION('center_axis',(0.,1.,0.));
#3386=DIRECTION('ref_axis',(1.,0.,1.22464679914735E-16));
#3387=DIRECTION('center_axis',(1.22464679914735E-16,0.,-1.));
#3388=DIRECTION('ref_axis',(-1.,0.,-1.22464679914735E-16));
#3389=DIRECTION('center_axis',(1.22464679914735E-16,0.,-1.));
#3390=DIRECTION('ref_axis',(-1.,0.,-1.22464679914735E-16));
#3391=DIRECTION('center_axis',(1.22464679914735E-16,0.,-1.));
#3392=DIRECTION('ref_axis',(-1.,0.,-1.22464679914735E-16));
#3393=DIRECTION('center_axis',(1.22464679914735E-16,0.,-1.));
#3394=DIRECTION('ref_axis',(-1.,0.,-1.22464679914735E-16));
#3395=DIRECTION('center_axis',(-1.,0.,-1.22464679914735E-16));
#3396=DIRECTION('ref_axis',(0.,1.,0.));
#3397=DIRECTION('',(1.22464679914735E-16,0.,-1.));
#3398=DIRECTION('center_axis',(0.,1.,0.));
#3399=DIRECTION('ref_axis',(1.,0.,1.22464679914735E-16));
#3400=DIRECTION('center_axis',(0.,0.707106781186548,0.707106781186548));
#3401=DIRECTION('ref_axis',(1.,0.,0.));
#3402=DIRECTION('',(1.,0.,0.));
#3403=DIRECTION('',(-0.577350269189626,0.577350269189626,-0.577350269189626));
#3404=DIRECTION('',(-1.,0.,0.));
#3405=DIRECTION('',(0.577350340882873,0.577350125803105,-0.577350340882873));
#3406=DIRECTION('center_axis',(-0.707106781186548,0.,0.707106781186548));
#3407=DIRECTION('ref_axis',(0.707106781186548,0.,0.707106781186548));
#3408=DIRECTION('',(0.,1.,0.));
#3409=DIRECTION('',(-0.577350206099569,-0.577350395369719,-0.577350206099569));
#3410=DIRECTION('',(0.,-1.,0.));
#3411=DIRECTION('center_axis',(0.,-0.707106781186548,0.707106781186548));
#3412=DIRECTION('ref_axis',(1.,0.,0.));
#3413=DIRECTION('',(-1.,0.,0.));
#3414=DIRECTION('',(0.577350206099569,-0.577350395369719,-0.577350206099569));
#3415=DIRECTION('',(1.,0.,0.));
#3416=DIRECTION('center_axis',(0.707106781186548,0.,0.707106781186548));
#3417=DIRECTION('ref_axis',(0.707106781186548,0.,-0.707106781186548));
#3418=DIRECTION('',(0.,1.,0.));
#3419=DIRECTION('',(0.,-1.,0.));
#3420=DIRECTION('center_axis',(1.,0.,0.));
#3421=DIRECTION('ref_axis',(0.,1.,0.));
#3422=DIRECTION('',(0.,0.,1.));
#3423=DIRECTION('',(0.,-1.,0.));
#3424=DIRECTION('',(0.,0.,1.));
#3425=DIRECTION('center_axis',(0.,1.,0.));
#3426=DIRECTION('ref_axis',(-1.,0.,0.));
#3427=DIRECTION('',(0.,0.,1.));
#3428=DIRECTION('',(1.,0.,0.));
#3429=DIRECTION('center_axis',(0.,0.,1.));
#3430=DIRECTION('ref_axis',(1.,0.,0.));
#3431=DIRECTION('',(1.,0.,0.));
#3432=DIRECTION('',(0.,1.,0.));
#3433=DIRECTION('',(-1.,0.,0.));
#3434=DIRECTION('',(0.,-1.,0.));
#3435=DIRECTION('',(0.,1.,0.));
#3436=DIRECTION('',(1.,0.,0.));
#3437=DIRECTION('',(0.,-1.,0.));
#3438=DIRECTION('',(-1.,0.,0.));
#3439=DIRECTION('',(0.,1.,0.));
#3440=DIRECTION('',(1.,0.,0.));
#3441=DIRECTION('',(0.,-1.,0.));
#3442=DIRECTION('',(-1.,0.,0.));
#3443=DIRECTION('',(-1.,0.,0.));
#3444=DIRECTION('',(1.1686558153949E-16,1.,0.));
#3445=DIRECTION('',(1.,0.,0.));
#3446=DIRECTION('',(0.,-1.,0.));
#3447=DIRECTION('',(1.,0.,0.));
#3448=DIRECTION('',(0.,-1.,0.));
#3449=DIRECTION('',(-1.,0.,0.));
#3450=DIRECTION('',(0.,1.,0.));
#3451=DIRECTION('center_axis',(-0.707106781186548,0.,0.707106781186548));
#3452=DIRECTION('ref_axis',(0.707106781186548,0.,0.707106781186548));
#3453=DIRECTION('',(-0.577350269189626,-0.577350269189626,-0.577350269189626));
#3454=DIRECTION('',(0.,-1.,0.));
#3455=DIRECTION('',(-0.577350125803105,0.577350340882873,-0.577350340882873));
#3456=DIRECTION('center_axis',(0.,-0.707106781186548,0.707106781186548));
#3457=DIRECTION('ref_axis',(1.,0.,0.));
#3458=DIRECTION('',(0.577350395369719,-0.577350206099569,-0.577350206099569));
#3459=DIRECTION('',(1.,0.,0.));
#3460=DIRECTION('center_axis',(0.707106781186548,0.,0.707106781186548));
#3461=DIRECTION('ref_axis',(0.707106781186548,0.,-0.707106781186548));
#3462=DIRECTION('',(0.577350395369719,0.577350206099569,-0.577350206099569));
#3463=DIRECTION('',(0.,1.,0.));
#3464=DIRECTION('center_axis',(0.,0.707106781186548,0.707106781186548));
#3465=DIRECTION('ref_axis',(1.,0.,0.));
#3466=DIRECTION('',(-1.,0.,0.));
#3467=DIRECTION('center_axis',(0.,1.,0.));
#3468=DIRECTION('ref_axis',(-1.,0.,0.));
#3469=DIRECTION('',(0.,0.,1.));
#3470=DIRECTION('',(1.,0.,0.));
#3471=DIRECTION('',(0.,0.,1.));
#3472=DIRECTION('center_axis',(-1.,0.,0.));
#3473=DIRECTION('ref_axis',(0.,-1.,0.));
#3474=DIRECTION('',(0.,0.,1.));
#3475=DIRECTION('',(0.,1.,0.));
#3476=DIRECTION('center_axis',(0.,0.707106781186548,0.707106781186548));
#3477=DIRECTION('ref_axis',(1.,0.,0.));
#3478=DIRECTION('',(-0.577350206099569,0.577350395369719,-0.577350206099569));
#3479=DIRECTION('',(-1.,0.,0.));
#3480=DIRECTION('',(0.577350269189626,0.577350269189626,-0.577350269189626));
#3481=DIRECTION('center_axis',(-0.707106781186548,0.,0.707106781186548));
#3482=DIRECTION('ref_axis',(0.707106781186548,0.,0.707106781186548));
#3483=DIRECTION('',(-0.577350269189626,-0.577350269189626,-0.577350269189626));
#3484=DIRECTION('',(0.,-1.,0.));
#3485=DIRECTION('center_axis',(0.,-0.707106781186548,0.707106781186548));
#3486=DIRECTION('ref_axis',(1.,0.,0.));
#3487=DIRECTION('',(0.577350340882873,-0.577350125803105,-0.577350340882873));
#3488=DIRECTION('',(1.,0.,0.));
#3489=DIRECTION('center_axis',(0.707106781186548,0.,0.707106781186548));
#3490=DIRECTION('ref_axis',(0.707106781186548,0.,-0.707106781186548));
#3491=DIRECTION('',(0.,1.,0.));
#3492=DIRECTION('center_axis',(1.,0.,0.));
#3493=DIRECTION('ref_axis',(0.,1.,0.));
#3494=DIRECTION('',(0.,0.,1.));
#3495=DIRECTION('',(0.,-1.,0.));
#3496=DIRECTION('',(0.,0.,1.));
#3497=DIRECTION('center_axis',(0.,1.,0.));
#3498=DIRECTION('ref_axis',(-1.,0.,0.));
#3499=DIRECTION('',(0.,0.,1.));
#3500=DIRECTION('',(1.,0.,0.));
#3501=DIRECTION('center_axis',(-0.707106781186548,0.,0.707106781186548));
#3502=DIRECTION('ref_axis',(0.707106781186548,0.,0.707106781186548));
#3503=DIRECTION('',(-0.577350395369719,-0.577350206099569,-0.577350206099569));
#3504=DIRECTION('',(0.,-1.,0.));
#3505=DIRECTION('',(-0.577350395369719,0.577350206099569,-0.577350206099569));
#3506=DIRECTION('center_axis',(0.,-0.707106781186548,0.707106781186548));
#3507=DIRECTION('ref_axis',(1.,0.,0.));
#3508=DIRECTION('',(0.577350269189626,-0.577350269189626,-0.577350269189626));
#3509=DIRECTION('',(1.,0.,0.));
#3510=DIRECTION('center_axis',(0.707106781186548,0.,0.707106781186548));
#3511=DIRECTION('ref_axis',(0.707106781186548,0.,-0.707106781186548));
#3512=DIRECTION('',(0.577350269189626,0.577350269189626,-0.577350269189626));
#3513=DIRECTION('',(0.,1.,0.));
#3514=DIRECTION('center_axis',(0.,0.707106781186548,0.707106781186548));
#3515=DIRECTION('ref_axis',(1.,0.,0.));
#3516=DIRECTION('',(-1.,0.,0.));
#3517=DIRECTION('center_axis',(0.,1.,0.));
#3518=DIRECTION('ref_axis',(-1.,0.,0.));
#3519=DIRECTION('',(0.,0.,1.));
#3520=DIRECTION('',(1.,0.,0.));
#3521=DIRECTION('',(0.,0.,1.));
#3522=DIRECTION('center_axis',(-1.,0.,0.));
#3523=DIRECTION('ref_axis',(0.,-1.,0.));
#3524=DIRECTION('',(0.,0.,1.));
#3525=DIRECTION('',(0.,1.,0.));
#3526=DIRECTION('center_axis',(1.,0.,0.));
#3527=DIRECTION('ref_axis',(0.,-0.707106781186548,0.707106781186548));
#3528=DIRECTION('center_axis',(0.707106781186548,0.707106781186548,0.));
#3529=DIRECTION('ref_axis',(-0.707106781186548,0.707106781186548,0.));
#3530=DIRECTION('',(1.,0.,0.));
#3531=DIRECTION('center_axis',(0.707106781186548,-0.707106781186548,1.57009245868377E-15));
#3532=DIRECTION('ref_axis',(0.707106781186548,0.707106781186548,1.57009245868377E-15));
#3533=DIRECTION('center_axis',(0.,1.,0.));
#3534=DIRECTION('ref_axis',(0.707106781186548,0.,0.707106781186548));
#3535=DIRECTION('center_axis',(-0.707106781186548,0.707106781186547,-1.57009245868377E-15));
#3536=DIRECTION('ref_axis',(-0.707106781186547,-0.707106781186548,-1.57009245868377E-15));
#3537=DIRECTION('',(0.,1.,0.));
#3538=DIRECTION('center_axis',(-1.,0.,0.));
#3539=DIRECTION('ref_axis',(0.,0.707106781186548,0.707106781186548));
#3540=DIRECTION('center_axis',(-0.707106781186549,-0.707106781186546,-1.57009245868377E-15));
#3541=DIRECTION('ref_axis',(0.707106781186546,-0.707106781186549,-1.57009245868378E-15));
#3542=DIRECTION('',(-1.,0.,0.));
#3543=DIRECTION('center_axis',(-1.1686558153949E-16,-1.,0.));
#3544=DIRECTION('ref_axis',(-0.707106781186548,0.,0.707106781186548));
#3545=DIRECTION('',(-1.1686558153949E-16,-1.,0.));
#3546=DIRECTION('center_axis',(-1.,1.1686558153949E-16,0.));
#3547=DIRECTION('ref_axis',(-1.1686558153949E-16,-1.,0.));
#3548=DIRECTION('',(0.,0.,1.));
#3549=DIRECTION('',(-1.1686558153949E-16,-1.,0.));
#3550=DIRECTION('',(0.,0.,1.));
#3551=DIRECTION('center_axis',(0.,-1.,0.));
#3552=DIRECTION('ref_axis',(1.,0.,0.));
#3553=DIRECTION('',(0.,0.,1.));
#3554=DIRECTION('',(1.,0.,0.));
#3555=DIRECTION('center_axis',(-0.408248290463861,-0.816496580927726,0.408248290463865));
#3556=DIRECTION('ref_axis',(-0.577350269189621,0.577350269189625,0.577350269189632));
#3557=DIRECTION('center_axis',(-1.,0.,8.88178419700124E-15));
#3558=DIRECTION('ref_axis',(0.,1.,0.));
#3559=DIRECTION('center_axis',(0.,0.,1.));
#3560=DIRECTION('ref_axis',(-1.,0.,0.));
#3561=DIRECTION('center_axis',(4.44089209850062E-15,1.,0.));
#3562=DIRECTION('ref_axis',(0.,0.,1.));
#3563=DIRECTION('center_axis',(0.,0.,1.));
#3564=DIRECTION('ref_axis',(-0.707106781186548,0.707106781186548,0.));
#3565=DIRECTION('',(0.,0.,1.));
#3566=DIRECTION('',(0.,0.,-1.));
#3567=DIRECTION('center_axis',(0.,0.707106781186547,0.707106781186548));
#3568=DIRECTION('ref_axis',(0.,0.707106781186548,-0.707106781186547));
#3569=DIRECTION('center_axis',(0.325057583671869,-0.325057583671862,0.888073833977117));
#3570=DIRECTION('ref_axis',(0.627963030199563,-0.627963030199549,-0.459700843380979));
#3571=DIRECTION('center_axis',(-0.707106781186547,0.,0.707106781186548));
#3572=DIRECTION('ref_axis',(-0.707106781186548,0.,-0.707106781186547));
#3573=DIRECTION('center_axis',(0.408248290463858,-0.81649658092773,0.408248290463861));
#3574=DIRECTION('ref_axis',(0.577350269189625,0.577350269189621,0.577350269189632));
#3575=DIRECTION('center_axis',(0.,1.,8.88178419700124E-15));
#3576=DIRECTION('ref_axis',(1.,0.,0.));
#3577=DIRECTION('center_axis',(0.,0.,1.));
#3578=DIRECTION('ref_axis',(0.,1.,0.));
#3579=DIRECTION('center_axis',(1.,-4.44089209850062E-15,0.));
#3580=DIRECTION('ref_axis',(0.,0.,1.));
#3581=DIRECTION('center_axis',(0.,0.,1.));
#3582=DIRECTION('ref_axis',(0.707106781186548,0.707106781186548,0.));
#3583=DIRECTION('',(0.,0.,1.));
#3584=DIRECTION('',(0.,0.,-1.));
#3585=DIRECTION('center_axis',(0.707106781186547,0.,0.707106781186548));
#3586=DIRECTION('ref_axis',(0.707106781186548,0.,-0.707106781186547));
#3587=DIRECTION('center_axis',(-0.325057583671868,-0.325057583671868,0.888073833977116));
#3588=DIRECTION('ref_axis',(-0.627963030199555,-0.627963030199555,-0.459700843380982));
#3589=DIRECTION('center_axis',(0.,0.707106781186547,0.707106781186548));
#3590=DIRECTION('ref_axis',(0.,0.707106781186548,-0.707106781186547));
#3591=DIRECTION('center_axis',(-1.,0.,0.));
#3592=DIRECTION('ref_axis',(0.,0.707106781186549,0.707106781186546));
#3593=DIRECTION('',(-1.,0.,0.));
#3594=DIRECTION('center_axis',(0.408248290463858,-0.81649658092773,-0.408248290463861));
#3595=DIRECTION('ref_axis',(-0.577350269189625,-0.577350269189621,0.577350269189632));
#3596=DIRECTION('center_axis',(0.,-1.,8.88178419700124E-15));
#3597=DIRECTION('ref_axis',(-1.,0.,0.));
#3598=DIRECTION('center_axis',(0.,0.,1.));
#3599=DIRECTION('ref_axis',(0.,-1.,0.));
#3600=DIRECTION('center_axis',(-1.,4.44089209850062E-15,0.));
#3601=DIRECTION('ref_axis',(0.,0.,1.));
#3602=DIRECTION('center_axis',(0.,0.,1.));
#3603=DIRECTION('ref_axis',(-0.707106781186548,-0.707106781186548,0.));
#3604=DIRECTION('',(0.,0.,1.));
#3605=DIRECTION('',(0.,0.,-1.));
#3606=DIRECTION('center_axis',(-0.707106781186547,0.,0.707106781186548));
#3607=DIRECTION('ref_axis',(-0.707106781186548,0.,-0.707106781186547));
#3608=DIRECTION('center_axis',(0.325057583671862,0.325057583671868,0.888073833977117));
#3609=DIRECTION('ref_axis',(0.627963030199551,0.627963030199561,-0.459700843380979));
#3610=DIRECTION('center_axis',(0.,-0.707106781186547,0.707106781186548));
#3611=DIRECTION('ref_axis',(0.,-0.707106781186548,-0.707106781186547));
#3612=DIRECTION('center_axis',(-0.408248290463861,-0.816496580927726,-0.408248290463865));
#3613=DIRECTION('ref_axis',(0.577350269189621,-0.577350269189625,0.577350269189632));
#3614=DIRECTION('center_axis',(1.,0.,8.88178419700124E-15));
#3615=DIRECTION('ref_axis',(0.,-1.,0.));
#3616=DIRECTION('center_axis',(0.,0.,1.));
#3617=DIRECTION('ref_axis',(1.,0.,0.));
#3618=DIRECTION('center_axis',(-4.44089209850062E-15,-1.,0.));
#3619=DIRECTION('ref_axis',(0.,0.,1.));
#3620=DIRECTION('center_axis',(0.,0.,1.));
#3621=DIRECTION('ref_axis',(0.707106781186548,-0.707106781186548,0.));
#3622=DIRECTION('',(0.,0.,1.));
#3623=DIRECTION('',(0.,0.,-1.));
#3624=DIRECTION('center_axis',(0.,-0.707106781186547,0.707106781186548));
#3625=DIRECTION('ref_axis',(0.,-0.707106781186548,-0.707106781186547));
#3626=DIRECTION('center_axis',(-0.32505758367187,0.325057583671865,0.888073833977116));
#3627=DIRECTION('ref_axis',(-0.62796303019956,0.627963030199549,-0.459700843380982));
#3628=DIRECTION('center_axis',(0.707106781186547,0.,0.707106781186548));
#3629=DIRECTION('ref_axis',(0.707106781186548,0.,-0.707106781186547));
#3630=DIRECTION('center_axis',(0.577350269189626,-0.577350269189626,-0.577350269189625));
#3631=DIRECTION('ref_axis',(0.408248290463861,-0.408248290463863,0.816496580927727));
#3632=DIRECTION('',(-0.577350269189626,0.577350269189626,0.577350269189625));
#3633=DIRECTION('center_axis',(0.,0.,-1.));
#3634=DIRECTION('ref_axis',(0.707106781186547,-0.707106781186548,0.));
#3635=DIRECTION('',(-0.577350269189626,0.577350269189626,0.577350269189625));
#3636=DIRECTION('center_axis',(0.,1.,0.));
#3637=DIRECTION('ref_axis',(0.707106781186549,0.,0.707106781186546));
#3638=DIRECTION('',(0.,1.,0.));
#3639=DIRECTION('center_axis',(1.,0.,0.));
#3640=DIRECTION('ref_axis',(0.,-0.707106781186549,0.707106781186546));
#3641=DIRECTION('',(1.,0.,0.));
#3642=DIRECTION('center_axis',(0.,-1.,0.));
#3643=DIRECTION('ref_axis',(-0.707106781186549,0.,0.707106781186546));
#3644=DIRECTION('',(0.,-1.,0.));
#3645=DIRECTION('center_axis',(-0.577350269189626,-0.577350269189626,-0.577350269189625));
#3646=DIRECTION('ref_axis',(-0.408248290463863,-0.408248290463861,0.816496580927727));
#3647=DIRECTION('',(0.577350269189626,0.577350269189626,0.577350269189625));
#3648=DIRECTION('center_axis',(0.,0.,-1.));
#3649=DIRECTION('ref_axis',(-0.707106781186548,-0.707106781186547,0.));
#3650=DIRECTION('',(0.577350269189626,0.577350269189626,0.577350269189625));
#3651=DIRECTION('center_axis',(-0.577350269189626,-0.577350269189626,0.577350269189625));
#3652=DIRECTION('ref_axis',(0.408248290463861,0.408248290463861,0.816496580927728));
#3653=DIRECTION('center_axis',(0.,0.,-1.));
#3654=DIRECTION('ref_axis',(0.707106781186547,0.707106781186547,0.));
#3655=DIRECTION('',(-0.577350269189626,-0.577350269189626,0.577350269189625));
#3656=DIRECTION('',(-0.577350269189626,-0.577350269189626,0.577350269189625));
#3657=DIRECTION('center_axis',(-0.577350269189626,0.577350269189626,-0.577350269189625));
#3658=DIRECTION('ref_axis',(-0.408248290463863,0.408248290463863,0.816496580927726));
#3659=DIRECTION('',(0.577350269189626,-0.577350269189626,0.577350269189625));
#3660=DIRECTION('center_axis',(0.,0.,-1.));
#3661=DIRECTION('ref_axis',(-0.707106781186547,0.707106781186547,0.));
#3662=DIRECTION('',(0.577350269189626,-0.577350269189626,0.577350269189625));
#3663=DIRECTION('center_axis',(0.,-1.,0.));
#3664=DIRECTION('ref_axis',(1.,0.,0.));
#3665=DIRECTION('',(-1.,0.,0.));
#3666=DIRECTION('center_axis',(0.,-0.707106781186547,0.707106781186548));
#3667=DIRECTION('ref_axis',(1.,0.,0.));
#3668=DIRECTION('',(1.,0.,0.));
#3669=DIRECTION('center_axis',(-1.,0.,0.));
#3670=DIRECTION('ref_axis',(0.,-1.,0.));
#3671=DIRECTION('',(0.,1.,0.));
#3672=DIRECTION('center_axis',(-0.707106781186547,0.,0.707106781186548));
#3673=DIRECTION('ref_axis',(0.707106781186548,0.,0.707106781186547));
#3674=DIRECTION('',(0.,-1.,0.));
#3675=DIRECTION('center_axis',(0.,0.,-1.));
#3676=DIRECTION('ref_axis',(-1.,0.,0.));
#3677=DIRECTION('center_axis',(0.,0.,-1.));
#3678=DIRECTION('ref_axis',(-1.,0.,0.));
#3679=DIRECTION('',(0.,0.,-1.));
#3680=DIRECTION('center_axis',(0.,0.,1.));
#3681=DIRECTION('ref_axis',(-1.,0.,0.));
#3682=DIRECTION('center_axis',(0.,0.,-1.));
#3683=DIRECTION('ref_axis',(-1.,0.,0.));
#3684=DIRECTION('center_axis',(0.,0.,-1.));
#3685=DIRECTION('ref_axis',(-1.,0.,0.));
#3686=DIRECTION('',(0.,0.,-1.));
#3687=DIRECTION('center_axis',(0.,0.,1.));
#3688=DIRECTION('ref_axis',(-1.,0.,0.));
#3689=DIRECTION('center_axis',(0.,0.,-1.));
#3690=DIRECTION('ref_axis',(-1.,0.,0.));
#3691=DIRECTION('center_axis',(0.,0.,-1.));
#3692=DIRECTION('ref_axis',(-1.,0.,0.));
#3693=DIRECTION('',(0.,0.,-1.));
#3694=DIRECTION('center_axis',(0.,0.,1.));
#3695=DIRECTION('ref_axis',(-1.,0.,0.));
#3696=DIRECTION('center_axis',(0.,0.,-1.));
#3697=DIRECTION('ref_axis',(-1.,0.,0.));
#3698=DIRECTION('center_axis',(0.,0.,-1.));
#3699=DIRECTION('ref_axis',(-1.,0.,0.));
#3700=DIRECTION('',(0.,0.,-1.));
#3701=DIRECTION('center_axis',(0.,0.,1.));
#3702=DIRECTION('ref_axis',(-1.,0.,0.));
#3703=DIRECTION('center_axis',(0.707106781186547,0.,0.707106781186548));
#3704=DIRECTION('ref_axis',(0.707106781186548,0.,-0.707106781186547));
#3705=DIRECTION('',(0.,1.,0.));
#3706=DIRECTION('',(0.,-1.,0.));
#3707=DIRECTION('center_axis',(0.,0.707106781186547,0.707106781186548));
#3708=DIRECTION('ref_axis',(1.,0.,0.));
#3709=DIRECTION('',(-1.,0.,0.));
#3710=DIRECTION('',(1.,0.,0.));
#3711=DIRECTION('center_axis',(1.,0.,0.));
#3712=DIRECTION('ref_axis',(0.,1.,0.));
#3713=DIRECTION('center_axis',(0.,0.,1.));
#3714=DIRECTION('ref_axis',(1.,0.,0.));
#3715=DIRECTION('',(2.22044604925031E-16,1.,0.));
#3716=DIRECTION('',(-1.,1.66533453693773E-16,0.));
#3717=DIRECTION('',(-1.11022302462516E-16,-1.,0.));
#3718=DIRECTION('',(1.,2.22044604925031E-16,0.));
#3719=DIRECTION('center_axis',(-0.707106781186547,1.57009245868377E-16,
0.707106781186548));
#3720=DIRECTION('ref_axis',(0.707106781186548,0.,0.707106781186547));
#3721=DIRECTION('',(-0.577350269189627,0.577350269189626,-0.577350269189625));
#3722=DIRECTION('',(-2.22044604925031E-16,-1.,0.));
#3723=DIRECTION('',(-0.577350269189626,-0.577350269189625,-0.577350269189626));
#3724=DIRECTION('center_axis',(-1.57009245868377E-16,0.707106781186546,
0.707106781186549));
#3725=DIRECTION('ref_axis',(1.,0.,2.22044604925031E-16));
#3726=DIRECTION('',(0.577350269189626,0.577350269189627,-0.577350269189624));
#3727=DIRECTION('',(-1.,-2.22044604925031E-16,0.));
#3728=DIRECTION('center_axis',(0.707106781186547,-7.85046229341887E-17,
0.707106781186548));
#3729=DIRECTION('ref_axis',(0.707106781186548,0.,-0.707106781186547));
#3730=DIRECTION('',(0.577350269189626,-0.577350269189626,-0.577350269189625));
#3731=DIRECTION('',(1.11022302462516E-16,1.,0.));
#3732=DIRECTION('center_axis',(-1.17756934401283E-16,-0.707106781186547,
0.707106781186548));
#3733=DIRECTION('ref_axis',(1.,0.,1.66533453693773E-16));
#3734=DIRECTION('',(1.,-1.66533453693773E-16,0.));
#3735=DIRECTION('center_axis',(-1.66533453693773E-16,-1.,0.));
#3736=DIRECTION('ref_axis',(1.,-1.66533453693773E-16,0.));
#3737=DIRECTION('',(0.,0.,1.));
#3738=DIRECTION('',(1.,-1.66533453693773E-16,0.));
#3739=DIRECTION('',(0.,0.,1.));
#3740=DIRECTION('center_axis',(-1.,2.22044604925031E-16,0.));
#3741=DIRECTION('ref_axis',(-2.22044604925031E-16,-1.,0.));
#3742=DIRECTION('',(0.,0.,1.));
#3743=DIRECTION('',(-2.22044604925031E-16,-1.,0.));
#3744=DIRECTION('center_axis',(-1.,0.,0.));
#3745=DIRECTION('ref_axis',(0.,-1.,0.));
#3746=DIRECTION('',(0.,0.,1.));
#3747=DIRECTION('',(0.,1.,0.));
#3748=DIRECTION('center_axis',(0.,-1.,0.));
#3749=DIRECTION('ref_axis',(1.,0.,0.));
#3750=DIRECTION('',(-1.,0.,0.));
#3751=DIRECTION('center_axis',(0.,-1.,0.));
#3752=DIRECTION('ref_axis',(1.,0.,0.));
#3753=DIRECTION('',(0.,0.,1.));
#3754=DIRECTION('',(-1.,0.,0.));
#3755=DIRECTION('center_axis',(1.,0.,0.));
#3756=DIRECTION('ref_axis',(0.,1.,0.));
#3757=DIRECTION('',(0.,-1.,0.));
#3758=DIRECTION('center_axis',(-1.,0.,0.));
#3759=DIRECTION('ref_axis',(0.,-1.,0.));
#3760=DIRECTION('',(0.,0.,1.));
#3761=DIRECTION('',(0.,1.,0.));
#3762=DIRECTION('center_axis',(0.,-1.,0.));
#3763=DIRECTION('ref_axis',(1.,0.,0.));
#3764=DIRECTION('',(-1.,0.,0.));
#3765=DIRECTION('center_axis',(1.,0.,0.));
#3766=DIRECTION('ref_axis',(0.,1.,0.));
#3767=DIRECTION('',(0.,-1.,0.));
#3768=DIRECTION('',(0.,0.,1.));
#3769=DIRECTION('center_axis',(0.,-1.,0.));
#3770=DIRECTION('ref_axis',(1.,0.,0.));
#3771=DIRECTION('',(-1.,0.,0.));
#3772=DIRECTION('center_axis',(0.,1.,0.));
#3773=DIRECTION('ref_axis',(-1.,0.,0.));
#3774=DIRECTION('center_axis',(0.,0.,1.));
#3775=DIRECTION('ref_axis',(1.,0.,0.));
#3776=DIRECTION('center_axis',(0.,0.,1.));
#3777=DIRECTION('ref_axis',(1.,0.,0.));
#3778=DIRECTION('center_axis',(0.,0.,1.));
#3779=DIRECTION('ref_axis',(1.,0.,0.));
#3780=DIRECTION('center_axis',(0.,0.,1.));
#3781=DIRECTION('ref_axis',(1.,0.,0.));
#3782=DIRECTION('center_axis',(1.,0.,0.));
#3783=DIRECTION('ref_axis',(0.,1.,0.));
#3784=DIRECTION('',(0.,0.,1.));
#3785=DIRECTION('',(0.,1.,0.));
#3786=DIRECTION('center_axis',(0.,1.,0.));
#3787=DIRECTION('ref_axis',(-1.,0.,0.));
#3788=DIRECTION('',(-1.,0.,0.));
#3789=DIRECTION('center_axis',(-2.22044604925031E-16,1.,0.));
#3790=DIRECTION('ref_axis',(-1.,-2.22044604925031E-16,0.));
#3791=DIRECTION('',(0.,0.,1.));
#3792=DIRECTION('',(-1.,-2.22044604925031E-16,0.));
#3793=DIRECTION('center_axis',(1.,-1.11022302462516E-16,0.));
#3794=DIRECTION('ref_axis',(1.11022302462516E-16,1.,0.));
#3795=DIRECTION('',(1.11022302462516E-16,1.,0.));
#3796=DIRECTION('center_axis',(0.,0.,1.));
#3797=DIRECTION('ref_axis',(1.,0.,0.));
#3798=DIRECTION('',(0.,0.,1.));
#3799=DIRECTION('',(1.,0.,0.));
#3800=CARTESIAN_POINT('',(0.,0.,0.));
#3801=CARTESIAN_POINT('',(0.,0.,0.));
#3802=CARTESIAN_POINT('Origin',(-80.8323511225519,64.5034982560475,100.997828868678));
#3803=CARTESIAN_POINT('',(-80.5823511225519,20.0034982560475,101.247828868678));
#3804=CARTESIAN_POINT('',(-80.5823511225519,79.0034982560475,101.247828868678));
#3805=CARTESIAN_POINT('',(-80.5823511225519,64.5034982560475,101.247828868678));
#3806=CARTESIAN_POINT('',(-81.0823511225519,79.5034982560475,100.747828868678));
#3807=CARTESIAN_POINT('',(-80.5823511225519,79.0034982560475,101.247828868678));
#3808=CARTESIAN_POINT('',(-81.0823511225519,19.5034982560475,100.747828868678));
#3809=CARTESIAN_POINT('',(-81.0823511225519,64.5034982560475,100.747828868678));
#3810=CARTESIAN_POINT('',(-81.0823511225519,19.5034982560475,100.747828868678));
#3811=CARTESIAN_POINT('Origin',(-36.0823511225519,79.2534982560475,100.997828868678));
#3812=CARTESIAN_POINT('',(-21.5823511225519,79.0034982560475,101.247828868678));
#3813=CARTESIAN_POINT('',(-36.0823511225519,79.0034982560475,101.247828868678));
#3814=CARTESIAN_POINT('',(-21.0823511225519,79.5034982560475,100.747828868678));
#3815=CARTESIAN_POINT('',(-21.5823511225519,79.0034982560475,101.247828868678));
#3816=CARTESIAN_POINT('',(-36.0823511225519,79.5034982560475,100.747828868678));
#3817=CARTESIAN_POINT('Origin',(-21.3323511225519,34.5034982560475,100.997828868678));
#3818=CARTESIAN_POINT('',(-21.0823511225519,19.5034982560475,100.747828868678));
#3819=CARTESIAN_POINT('',(-21.0823511225519,34.5034982560475,100.747828868678));
#3820=CARTESIAN_POINT('',(-21.5823511225519,20.0034982560475,101.247828868678));
#3821=CARTESIAN_POINT('',(-21.5823511225519,34.5034982560475,101.247828868678));
#3822=CARTESIAN_POINT('',(-21.5823511225519,20.0034982560475,101.247828868678));
#3823=CARTESIAN_POINT('Origin',(-66.0823511225519,19.7534982560475,100.997828868678));
#3824=CARTESIAN_POINT('',(-66.0823511225519,20.0034982560475,101.247828868678));
#3825=CARTESIAN_POINT('',(-66.0823511225519,19.5034982560475,100.747828868678));
#3826=CARTESIAN_POINT('Origin',(-81.0823511225519,19.5034982560475,101.247828868678));
#3827=CARTESIAN_POINT('',(-81.0823511225519,19.5034982560475,98.2478288686781));
#3828=CARTESIAN_POINT('',(-81.0823511225519,19.5034982560475,101.247828868678));
#3829=CARTESIAN_POINT('',(-80.3752443413654,19.5034982560475,98.2478288686781));
#3830=CARTESIAN_POINT('',(-66.0823511225519,19.5034982560475,98.2478288686781));
#3831=CARTESIAN_POINT('',(-21.7894579037385,19.5034982560475,98.2478288686781));
#3832=CARTESIAN_POINT('',(-37.0823511225519,19.5034982560475,98.2478288686781));
#3833=CARTESIAN_POINT('',(-21.0823511225519,19.5034982560475,98.2478288686781));
#3834=CARTESIAN_POINT('',(-66.0823511225519,19.5034982560475,98.2478288686781));
#3835=CARTESIAN_POINT('',(-21.0823511225519,19.5034982560475,101.247828868678));
#3836=CARTESIAN_POINT('Origin',(-81.0823511225519,79.5034982560475,101.247828868678));
#3837=CARTESIAN_POINT('',(-81.0823511225519,79.5034982560475,98.2478288686781));
#3838=CARTESIAN_POINT('',(-81.0823511225519,79.5034982560475,101.247828868678));
#3839=CARTESIAN_POINT('',(-81.0823511225519,78.7963914748609,98.2478288686781));
#3840=CARTESIAN_POINT('',(-81.0823511225519,64.5034982560475,98.2478288686781));
#3841=CARTESIAN_POINT('',(-81.0823511225519,20.210605037234,98.2478288686781));
#3842=CARTESIAN_POINT('',(-81.0823511225519,35.5034982560475,98.2478288686781));
#3843=CARTESIAN_POINT('',(-81.0823511225519,64.5034982560475,98.2478288686781));
#3844=CARTESIAN_POINT('Origin',(-51.0823511225519,49.5034982560475,101.247828868678));
#3845=CARTESIAN_POINT('Origin',(-21.0823511225519,79.5034982560475,101.247828868678));
#3846=CARTESIAN_POINT('',(-21.0823511225519,79.5034982560475,98.2478288686781));
#3847=CARTESIAN_POINT('',(-21.0823511225519,79.5034982560475,101.247828868678));
#3848=CARTESIAN_POINT('',(-21.7894579037385,79.5034982560475,98.2478288686781));
#3849=CARTESIAN_POINT('',(-36.0823511225519,79.5034982560475,98.2478288686781));
#3850=CARTESIAN_POINT('',(-80.3752443413654,79.5034982560475,98.2478288686781));
#3851=CARTESIAN_POINT('',(-65.0823511225519,79.5034982560475,98.2478288686781));
#3852=CARTESIAN_POINT('',(-36.0823511225519,79.5034982560475,98.2478288686781));
#3853=CARTESIAN_POINT('Origin',(-21.0823511225519,19.5034982560475,101.247828868678));
#3854=CARTESIAN_POINT('',(-21.0823511225519,20.210605037234,98.2478288686781));
#3855=CARTESIAN_POINT('',(-21.0823511225519,34.5034982560475,98.2478288686781));
#3856=CARTESIAN_POINT('',(-21.0823511225519,78.7963914748609,98.2478288686781));
#3857=CARTESIAN_POINT('',(-21.0823511225519,63.5034982560475,98.2478288686781));
#3858=CARTESIAN_POINT('',(-21.0823511225519,34.5034982560475,98.2478288686781));
#3859=CARTESIAN_POINT('Origin',(-51.0823511225519,49.5034982560475,98.2478288686781));
#3860=CARTESIAN_POINT('Origin',(-22.496564684925,20.9177118184206,98.2478288686781));
#3861=CARTESIAN_POINT('Origin',(-51.0823511225519,49.5034982560475,98.2478288686781));
#3862=CARTESIAN_POINT('Origin',(-79.6681375601788,20.9177118184206,98.2478288686781));
#3863=CARTESIAN_POINT('Origin',(-51.0823511225519,49.5034982560475,98.2478288686781));
#3864=CARTESIAN_POINT('Origin',(-79.6681375601788,78.0892846936744,98.2478288686781));
#3865=CARTESIAN_POINT('Origin',(-51.0823511225519,49.5034982560475,98.2478288686781));
#3866=CARTESIAN_POINT('Origin',(-22.496564684925,78.0892846936744,98.2478288686781));
#3867=CARTESIAN_POINT('Origin',(-51.0823511225519,49.5034982560475,98.2478288686781));
#3868=CARTESIAN_POINT('',(-70.0823511225519,30.5034982560475,98.2478288686781));
#3869=CARTESIAN_POINT('',(-32.0823511225519,30.5034982560475,98.2478288686781));
#3870=CARTESIAN_POINT('',(-60.5823511225519,30.5034982560475,98.2478288686781));
#3871=CARTESIAN_POINT('',(-70.0823511225519,68.5034982560475,98.2478288686781));
#3872=CARTESIAN_POINT('',(-70.0823511225519,59.0034982560475,98.2478288686781));
#3873=CARTESIAN_POINT('',(-32.0823511225519,68.5034982560475,98.2478288686781));
#3874=CARTESIAN_POINT('',(-41.5823511225519,68.5034982560475,98.2478288686781));
#3875=CARTESIAN_POINT('',(-32.082351122552,40.0034982560475,98.2478288686781));
#3876=CARTESIAN_POINT('Origin',(-32.082351122552,68.5034982560475,101.247828868678));
#3877=CARTESIAN_POINT('',(-70.0823511225519,68.5034982560475,84.2478288686781));
#3878=CARTESIAN_POINT('',(-70.0823511225519,68.5034982560475,101.247828868678));
#3879=CARTESIAN_POINT('',(-32.082351122552,68.5034982560475,84.2478288686781));
#3880=CARTESIAN_POINT('',(-41.5823511225519,68.5034982560475,84.2478288686781));
#3881=CARTESIAN_POINT('',(-32.082351122552,68.5034982560475,101.247828868678));
#3882=CARTESIAN_POINT('Origin',(-70.0823511225519,68.5034982560475,101.247828868678));
#3883=CARTESIAN_POINT('',(-70.0823511225519,30.5034982560475,84.2478288686781));
#3884=CARTESIAN_POINT('',(-70.0823511225519,30.5034982560475,101.247828868678));
#3885=CARTESIAN_POINT('',(-70.0823511225519,59.0034982560475,84.2478288686781));
#3886=CARTESIAN_POINT('Origin',(-60.582351264113,24.0034982560475,83.7478288686781));
#3887=CARTESIAN_POINT('',(-31.0823508394299,23.5034982560475,83.2478288686781));
#3888=CARTESIAN_POINT('',(-71.082351405674,23.5034982560475,83.2478288686781));
#3889=CARTESIAN_POINT('',(-60.582351264113,23.5034982560475,83.2478288686781));
#3890=CARTESIAN_POINT('',(-70.082351405674,24.5034982560475,84.2478288686781));
#3891=CARTESIAN_POINT('',(-71.082351405674,23.5034982560475,83.2478288686781));
#3892=CARTESIAN_POINT('',(-32.0823508394299,24.5034978835184,84.2478288686781));
#3893=CARTESIAN_POINT('',(-60.582351264113,24.5034982560475,84.2478288686781));
#3894=CARTESIAN_POINT('',(-31.0823508394299,23.5034982560475,83.2478288686781));
#3895=CARTESIAN_POINT('Origin',(-70.582351405674,38.5034980921347,83.7478288686781));
#3896=CARTESIAN_POINT('',(-71.082351405674,28.5034982560475,83.2478288686781));
#3897=CARTESIAN_POINT('',(-71.082351405674,38.5034980921347,83.2478288686781));
#3898=CARTESIAN_POINT('',(-70.082351405674,27.5034979282219,84.2478288686781));
#3899=CARTESIAN_POINT('',(-71.082351405674,28.5034982560475,83.2478288686781));
#3900=CARTESIAN_POINT('',(-70.082351405674,38.5034980921347,84.2478288686781));
#3901=CARTESIAN_POINT('Origin',(-41.5823509809909,28.0034982560475,83.7478288686781));
#3902=CARTESIAN_POINT('',(-31.0823508394299,28.5034982560475,83.2478288686781));
#3903=CARTESIAN_POINT('',(-41.5823509809909,28.5034982560475,83.2478288686781));
#3904=CARTESIAN_POINT('',(-32.0823508394299,27.5034979282219,84.2478288686781));
#3905=CARTESIAN_POINT('',(-31.0823508394299,28.5034982560475,83.2478288686781));
#3906=CARTESIAN_POINT('',(-41.5823509809909,27.5034982560475,84.2478288686781));
#3907=CARTESIAN_POINT('Origin',(-31.5823508394299,37.0034980697829,83.7478288686781));
#3908=CARTESIAN_POINT('',(-32.0823508394299,37.0034980697829,84.2478288686781));
#3909=CARTESIAN_POINT('',(-31.0823508394299,37.0034980697829,83.2478288686781));
#3910=CARTESIAN_POINT('Origin',(-32.0823508394299,24.5034978835184,98.2478288686781));
#3911=CARTESIAN_POINT('',(-32.0823508394299,24.5034978835184,98.2478288686781));
#3912=CARTESIAN_POINT('',(-32.0823508394299,24.5034978835184,98.2478288686781));
#3913=CARTESIAN_POINT('',(-32.0823508394299,27.5034979282219,98.2478288686781));
#3914=CARTESIAN_POINT('',(-32.0823508394299,37.003498069783,98.2478288686781));
#3915=CARTESIAN_POINT('',(-32.0823508394299,27.5034979282219,98.2478288686781));
#3916=CARTESIAN_POINT('Origin',(-70.082351405674,24.5034982560475,98.2478288686781));
#3917=CARTESIAN_POINT('',(-70.082351405674,24.5034982560475,98.2478288686781));
#3918=CARTESIAN_POINT('',(-70.082351405674,24.5034982560475,98.2478288686781));
#3919=CARTESIAN_POINT('',(-60.582351264113,24.5034982560475,98.2478288686781));
#3920=CARTESIAN_POINT('Origin',(-51.0823511225519,49.5034982560475,83.2478288686781));
#3921=CARTESIAN_POINT('',(-24.0823511225519,76.5034982560475,83.2478288686781));
#3922=CARTESIAN_POINT('',(-78.0823511225519,76.5034982560475,83.2478288686781));
#3923=CARTESIAN_POINT('',(-65.0823511225519,76.5034982560475,83.2478288686781));
#3924=CARTESIAN_POINT('',(-24.0823511225519,22.5034982560475,83.2478288686781));
#3925=CARTESIAN_POINT('',(-24.0823511225519,63.5034982560475,83.2478288686781));
#3926=CARTESIAN_POINT('',(-78.0823511225519,22.5034982560475,83.2478288686781));
#3927=CARTESIAN_POINT('',(-37.0823511225519,22.5034982560475,83.2478288686781));
#3928=CARTESIAN_POINT('',(-78.0823511225519,35.5034982560475,83.2478288686781));
#3929=CARTESIAN_POINT('',(-77.0823511225519,29.5034979729254,83.2478288686781));
#3930=CARTESIAN_POINT('',(-77.0823511225519,69.5034985391695,83.2478288686781));
#3931=CARTESIAN_POINT('',(-77.0823511225519,59.0034983976085,83.2478288686781));
#3932=CARTESIAN_POINT('',(-72.0823511225519,29.5034979729254,83.2478288686781));
#3933=CARTESIAN_POINT('',(-63.5823513088164,29.5034979729254,83.2478288686781));
#3934=CARTESIAN_POINT('',(-72.0823511225519,69.5034985391695,83.2478288686781));
#3935=CARTESIAN_POINT('',(-72.0823511225519,40.0034981144864,83.2478288686781));
#3936=CARTESIAN_POINT('',(-62.0823512864647,69.5034985391695,83.2478288686781));
#3937=CARTESIAN_POINT('',(-30.0823511225519,29.5034979729254,83.2478288686781));
#3938=CARTESIAN_POINT('',(-30.0823511225519,69.5034985391695,83.2478288686781));
#3939=CARTESIAN_POINT('',(-30.0823511225519,59.0034983976085,83.2478288686781));
#3940=CARTESIAN_POINT('',(-25.0823511225519,29.5034979729254,83.2478288686781));
#3941=CARTESIAN_POINT('',(-40.0823509586392,29.5034979729254,83.2478288686781));
#3942=CARTESIAN_POINT('',(-25.0823511225519,69.5034985391695,83.2478288686781));
#3943=CARTESIAN_POINT('',(-25.0823511225519,40.0034981144864,83.2478288686781));
#3944=CARTESIAN_POINT('',(-38.5823511225519,69.5034985391695,83.2478288686781));
#3945=CARTESIAN_POINT('',(-71.0823511225519,69.5034982560475,83.2478288686781));
#3946=CARTESIAN_POINT('',(-31.082351122552,69.5034982560475,83.2478288686781));
#3947=CARTESIAN_POINT('',(-41.5823511225519,69.5034982560475,83.2478288686781));
#3948=CARTESIAN_POINT('',(-71.0823511225519,29.5034982560475,83.2478288686781));
#3949=CARTESIAN_POINT('',(-71.0823511225519,59.0034982560475,83.2478288686781));
#3950=CARTESIAN_POINT('',(-31.082351122552,29.5034982560475,83.2478288686781));
#3951=CARTESIAN_POINT('',(-60.5823511225519,29.5034982560475,83.2478288686781));
#3952=CARTESIAN_POINT('',(-31.082351122552,40.0034982560475,83.2478288686781));
#3953=CARTESIAN_POINT('',(-31.0823508394299,70.5034982560475,83.2478288686781));
#3954=CARTESIAN_POINT('',(-71.082351405674,70.5034982560475,83.2478288686781));
#3955=CARTESIAN_POINT('',(-60.582351264113,70.5034982560475,83.2478288686781));
#3956=CARTESIAN_POINT('',(-31.0823508394299,75.5034982560475,83.2478288686781));
#3957=CARTESIAN_POINT('',(-31.0823508394299,60.5034982560475,83.2478288686781));
#3958=CARTESIAN_POINT('',(-71.082351405674,75.5034982560475,83.2478288686781));
#3959=CARTESIAN_POINT('',(-41.5823509809909,75.5034982560475,83.2478288686781));
#3960=CARTESIAN_POINT('',(-71.082351405674,62.0034982560475,83.2478288686781));
#3961=CARTESIAN_POINT('Origin',(-76.5823511225519,59.0034983976085,83.7478288686781));
#3962=CARTESIAN_POINT('',(-76.0823511225519,68.5034985391695,84.2478288686781));
#3963=CARTESIAN_POINT('',(-77.0823511225519,69.5034985391695,83.2478288686781));
#3964=CARTESIAN_POINT('',(-76.082351495081,30.5034979729254,84.2478288686781));
#3965=CARTESIAN_POINT('',(-76.0823511225519,59.0034983976085,84.2478288686781));
#3966=CARTESIAN_POINT('',(-77.0823511225519,29.5034979729254,83.2478288686781));
#3967=CARTESIAN_POINT('Origin',(-62.0823512864647,69.0034985391695,83.7478288686781));
#3968=CARTESIAN_POINT('',(-73.0823514503775,68.5034985391695,84.2478288686781));
#3969=CARTESIAN_POINT('',(-72.0823511225519,69.5034985391695,83.2478288686781));
#3970=CARTESIAN_POINT('',(-62.0823512864647,68.5034985391695,84.2478288686781));
#3971=CARTESIAN_POINT('Origin',(-72.5823511225519,40.0034981144864,83.7478288686781));
#3972=CARTESIAN_POINT('',(-73.0823514503775,30.5034979729254,84.2478288686781));
#3973=CARTESIAN_POINT('',(-72.0823511225519,29.5034979729254,83.2478288686781));
#3974=CARTESIAN_POINT('',(-73.0823511225519,40.0034981144864,84.2478288686781));
#3975=CARTESIAN_POINT('Origin',(-63.5823513088164,30.0034979729254,83.7478288686781));
#3976=CARTESIAN_POINT('',(-63.5823513088164,30.5034979729254,84.2478288686781));
#3977=CARTESIAN_POINT('Origin',(-76.082351495081,30.5034979729254,98.2478288686781));
#3978=CARTESIAN_POINT('',(-76.082351495081,30.5034979729254,98.2478288686781));
#3979=CARTESIAN_POINT('',(-76.082351495081,30.5034979729254,98.2478288686781));
#3980=CARTESIAN_POINT('',(-73.0823514503775,30.5034979729254,98.2478288686781));
#3981=CARTESIAN_POINT('',(-63.5823513088165,30.5034979729254,98.2478288686781));
#3982=CARTESIAN_POINT('',(-73.0823514503775,30.5034979729254,98.2478288686781));
#3983=CARTESIAN_POINT('Origin',(-76.0823511225519,68.5034985391695,98.2478288686781));
#3984=CARTESIAN_POINT('',(-76.0823511225519,68.5034985391695,98.2478288686781));
#3985=CARTESIAN_POINT('',(-76.0823511225519,68.5034985391695,98.2478288686781));
#3986=CARTESIAN_POINT('',(-76.0823511225519,59.0034983976085,98.2478288686781));
#3987=CARTESIAN_POINT('Origin',(-60.582351264113,71.0034982560475,83.7478288686781));
#3988=CARTESIAN_POINT('',(-70.082351405674,71.503498583873,84.2478288686781));
#3989=CARTESIAN_POINT('',(-71.082351405674,70.5034982560475,83.2478288686781));
#3990=CARTESIAN_POINT('',(-32.0823508394299,71.5034982560475,84.2478288686781));
#3991=CARTESIAN_POINT('',(-60.582351264113,71.5034982560475,84.2478288686781));
#3992=CARTESIAN_POINT('',(-31.0823508394299,70.5034982560475,83.2478288686781));
#3993=CARTESIAN_POINT('Origin',(-70.582351405674,62.0034982560475,83.7478288686781));
#3994=CARTESIAN_POINT('',(-70.082351405674,74.5034982560475,84.2478288686781));
#3995=CARTESIAN_POINT('',(-71.082351405674,75.5034982560475,83.2478288686781));
#3996=CARTESIAN_POINT('',(-70.082351405674,62.0034982560475,84.2478288686781));
#3997=CARTESIAN_POINT('Origin',(-41.5823509809909,75.0034982560475,83.7478288686781));
#3998=CARTESIAN_POINT('',(-32.0823508394299,74.5034986285765,84.2478288686781));
#3999=CARTESIAN_POINT('',(-31.0823508394299,75.5034982560475,83.2478288686781));
#4000=CARTESIAN_POINT('',(-41.5823509809909,74.5034982560475,84.2478288686781));
#4001=CARTESIAN_POINT('Origin',(-31.5823508394299,60.5034982560475,83.7478288686781));
#4002=CARTESIAN_POINT('',(-32.0823508394299,60.5034982560475,84.2478288686781));
#4003=CARTESIAN_POINT('Origin',(-32.0823508394299,71.5034982560475,98.2478288686781));
#4004=CARTESIAN_POINT('',(-32.0823508394299,71.5034982560475,98.2478288686781));
#4005=CARTESIAN_POINT('',(-32.0823508394299,71.5034982560475,98.2478288686781));
#4006=CARTESIAN_POINT('',(-32.0823508394299,74.5034986285765,98.2478288686781));
#4007=CARTESIAN_POINT('',(-32.0823508394299,60.5034982560475,98.2478288686781));
#4008=CARTESIAN_POINT('',(-32.0823508394299,74.5034986285765,98.2478288686781));
#4009=CARTESIAN_POINT('Origin',(-70.082351405674,71.5034982560475,98.2478288686781));
#4010=CARTESIAN_POINT('',(-70.082351405674,71.503498583873,98.2478288686781));
#4011=CARTESIAN_POINT('',(-70.082351405674,71.503498583873,98.2478288686781));
#4012=CARTESIAN_POINT('',(-60.582351264113,71.5034982560475,98.2478288686781));
#4013=CARTESIAN_POINT('Origin',(-29.5823511225519,59.0034983976085,83.7478288686781));
#4014=CARTESIAN_POINT('',(-29.0823507947264,68.5034985391695,84.2478288686781));
#4015=CARTESIAN_POINT('',(-30.0823511225519,69.5034985391695,83.2478288686781));
#4016=CARTESIAN_POINT('',(-29.0823507947264,30.5034979729254,84.2478288686781));
#4017=CARTESIAN_POINT('',(-29.0823511225519,59.0034983976085,84.2478288686781));
#4018=CARTESIAN_POINT('',(-30.0823511225519,29.5034979729254,83.2478288686781));
#4019=CARTESIAN_POINT('Origin',(-38.5823511225519,69.0034985391695,83.7478288686781));
#4020=CARTESIAN_POINT('',(-26.0823511225519,68.5034985391695,84.2478288686781));
#4021=CARTESIAN_POINT('',(-25.0823511225519,69.5034985391695,83.2478288686781));
#4022=CARTESIAN_POINT('',(-38.5823511225519,68.5034985391695,84.2478288686781));
#4023=CARTESIAN_POINT('Origin',(-25.5823511225519,40.0034981144864,83.7478288686781));
#4024=CARTESIAN_POINT('',(-26.0823511225519,30.5034979729254,84.2478288686781));
#4025=CARTESIAN_POINT('',(-25.0823511225519,29.5034979729254,83.2478288686781));
#4026=CARTESIAN_POINT('',(-26.0823511225519,40.0034981144864,84.2478288686781));
#4027=CARTESIAN_POINT('Origin',(-40.0823509586392,30.0034979729254,83.7478288686781));
#4028=CARTESIAN_POINT('',(-40.0823509586392,30.5034979729254,84.2478288686781));
#4029=CARTESIAN_POINT('Origin',(-29.0823507947264,30.5034979729254,98.2478288686781));
#4030=CARTESIAN_POINT('',(-29.0823507947264,30.5034979729254,98.2478288686781));
#4031=CARTESIAN_POINT('',(-29.0823507947264,30.5034979729254,98.2478288686781));
#4032=CARTESIAN_POINT('',(-26.0823511225519,30.5034979729254,98.2478288686781));
#4033=CARTESIAN_POINT('',(-40.0823509586392,30.5034979729254,98.2478288686781));
#4034=CARTESIAN_POINT('',(-26.0823511225519,30.5034979729254,98.2478288686781));
#4035=CARTESIAN_POINT('Origin',(-29.0823511225519,68.5034985391695,98.2478288686781));
#4036=CARTESIAN_POINT('',(-29.0823507947264,68.5034985391695,98.2478288686781));
#4037=CARTESIAN_POINT('',(-29.0823507947264,68.5034985391695,98.2478288686781));
#4038=CARTESIAN_POINT('',(-29.0823511225519,59.0034983976085,98.2478288686781));
#4039=CARTESIAN_POINT('Origin',(-41.5823511225519,69.5034982560475,84.2478288686781));
#4040=CARTESIAN_POINT('Origin',(-31.082351122552,69.5034982560475,84.2478288686781));
#4041=CARTESIAN_POINT('Origin',(-71.0823511225519,69.5034982560475,84.2478288686781));
#4042=CARTESIAN_POINT('Origin',(-31.082351122552,40.0034982560475,84.2478288686781));
#4043=CARTESIAN_POINT('',(-32.082351122552,30.5034982560475,84.2478288686781));
#4044=CARTESIAN_POINT('Origin',(-31.082351122552,29.5034982560475,84.2478288686781));
#4045=CARTESIAN_POINT('',(-32.082351122552,40.0034982560475,84.2478288686781));
#4046=CARTESIAN_POINT('Origin',(-60.5823511225519,29.5034982560475,84.2478288686781));
#4047=CARTESIAN_POINT('Origin',(-71.0823511225519,29.5034982560475,84.2478288686781));
#4048=CARTESIAN_POINT('',(-60.5823511225519,30.5034982560475,84.2478288686781));
#4049=CARTESIAN_POINT('Origin',(-71.0823511225519,59.0034982560475,84.2478288686781));
#4050=CARTESIAN_POINT('Origin',(-24.0823511225519,76.5034982560475,84.2478288686781));
#4051=CARTESIAN_POINT('',(-24.0823511225519,77.5034982560475,84.2478288686781));
#4052=CARTESIAN_POINT('Origin',(-24.0823511225519,76.5034982560475,84.2478288686781));
#4053=CARTESIAN_POINT('',(-23.0823511225519,76.5034982560475,84.2478288686781));
#4054=CARTESIAN_POINT('Origin',(-24.0823511225519,76.5034982560475,84.2478288686781));
#4055=CARTESIAN_POINT('Origin',(-24.0823511225519,76.5034982560475,84.2478288686781));
#4056=CARTESIAN_POINT('Origin',(-24.0823511225519,76.5034982560475,98.2478288686781));
#4057=CARTESIAN_POINT('',(-23.0823511225519,76.5034982560475,96.2478288686781));
#4058=CARTESIAN_POINT('',(-23.0823511225519,76.5034982560475,98.2478288686781));
#4059=CARTESIAN_POINT('',(-24.0823511225519,77.5034982560475,96.2478288686781));
#4060=CARTESIAN_POINT('',(-24.0823511225519,77.5034982560475,98.2478288686781));
#4061=CARTESIAN_POINT('',(-23.8235320774494,77.4694240823365,96.2137546949671));
#4062=CARTESIAN_POINT('Origin',(-24.0823511225519,76.5034982560475,95.2478288686781));
#4063=CARTESIAN_POINT('',(-23.1164252962629,76.76231730115,96.2137546949671));
#4064=CARTESIAN_POINT('Origin',(-24.0823511225519,76.5034982560475,96.6620424310511));
#4065=CARTESIAN_POINT('Origin',(-24.0823511225519,76.5034982560475,95.2478288686781));
#4066=CARTESIAN_POINT('Origin',(-78.0823511225519,76.5034982560475,84.2478288686781));
#4067=CARTESIAN_POINT('',(-79.0823511225519,76.5034982560475,84.2478288686781));
#4068=CARTESIAN_POINT('Origin',(-78.0823511225519,76.5034982560475,84.2478288686781));
#4069=CARTESIAN_POINT('',(-78.0823511225519,77.5034982560475,84.2478288686781));
#4070=CARTESIAN_POINT('Origin',(-78.0823511225519,76.5034982560475,84.2478288686781));
#4071=CARTESIAN_POINT('Origin',(-78.0823511225519,76.5034982560475,84.2478288686781));
#4072=CARTESIAN_POINT('Origin',(-78.0823511225519,76.5034982560475,98.2478288686781));
#4073=CARTESIAN_POINT('',(-78.0823511225519,77.5034982560475,96.2478288686781));
#4074=CARTESIAN_POINT('',(-78.0823511225519,77.5034982560475,98.2478288686781));
#4075=CARTESIAN_POINT('',(-79.0823511225519,76.5034982560475,96.2478288686781));
#4076=CARTESIAN_POINT('',(-79.0823511225519,76.5034982560475,98.2478288686781));
#4077=CARTESIAN_POINT('',(-79.048276948841,76.76231730115,96.2137546949671));
#4078=CARTESIAN_POINT('Origin',(-78.0823511225519,76.5034982560475,95.2478288686781));
#4079=CARTESIAN_POINT('',(-78.3411701676545,77.4694240823365,96.2137546949671));
#4080=CARTESIAN_POINT('Origin',(-78.0823511225519,76.5034982560475,96.6620424310511));
#4081=CARTESIAN_POINT('Origin',(-78.0823511225519,76.5034982560475,95.2478288686781));
#4082=CARTESIAN_POINT('Origin',(-65.0823511225519,76.5034982560475,84.2478288686781));
#4083=CARTESIAN_POINT('',(-65.0823511225519,77.5034982560475,84.2478288686781));
#4084=CARTESIAN_POINT('Origin',(-24.0823511225519,22.5034982560475,84.2478288686781));
#4085=CARTESIAN_POINT('',(-23.0823511225519,22.5034982560475,84.2478288686781));
#4086=CARTESIAN_POINT('Origin',(-24.0823511225519,22.5034982560475,84.2478288686781));
#4087=CARTESIAN_POINT('',(-24.0823511225519,21.5034982560475,84.2478288686781));
#4088=CARTESIAN_POINT('Origin',(-24.0823511225519,22.5034982560475,84.2478288686781));
#4089=CARTESIAN_POINT('Origin',(-24.0823511225519,22.5034982560475,84.2478288686781));
#4090=CARTESIAN_POINT('Origin',(-24.0823511225519,22.5034982560475,98.2478288686781));
#4091=CARTESIAN_POINT('',(-24.0823511225519,21.5034982560475,96.2478288686781));
#4092=CARTESIAN_POINT('',(-24.0823511225519,21.5034982560475,98.2478288686781));
#4093=CARTESIAN_POINT('',(-23.0823511225519,22.5034982560475,96.2478288686781));
#4094=CARTESIAN_POINT('',(-23.0823511225519,22.5034982560475,98.2478288686781));
#4095=CARTESIAN_POINT('',(-23.1164252962629,22.2446792109449,96.2137546949671));
#4096=CARTESIAN_POINT('Origin',(-24.0823511225519,22.5034982560475,95.2478288686781));
#4097=CARTESIAN_POINT('',(-23.8235320774494,21.5375724297584,96.2137546949671));
#4098=CARTESIAN_POINT('Origin',(-24.0823511225519,22.5034982560475,96.6620424310511));
#4099=CARTESIAN_POINT('Origin',(-24.0823511225519,22.5034982560475,95.2478288686781));
#4100=CARTESIAN_POINT('Origin',(-78.0823511225519,22.5034982560475,84.2478288686781));
#4101=CARTESIAN_POINT('',(-78.0823511225519,21.5034982560475,84.2478288686781));
#4102=CARTESIAN_POINT('Origin',(-78.0823511225519,22.5034982560475,84.2478288686781));
#4103=CARTESIAN_POINT('',(-79.0823511225519,22.5034982560475,84.2478288686781));
#4104=CARTESIAN_POINT('Origin',(-78.0823511225519,22.5034982560475,84.2478288686781));
#4105=CARTESIAN_POINT('Origin',(-78.0823511225519,22.5034982560475,84.2478288686781));
#4106=CARTESIAN_POINT('Origin',(-78.0823511225519,22.5034982560475,98.2478288686781));
#4107=CARTESIAN_POINT('',(-79.0823511225519,22.5034982560475,96.2478288686781));
#4108=CARTESIAN_POINT('',(-79.0823511225519,22.5034982560475,98.2478288686781));
#4109=CARTESIAN_POINT('',(-78.0823511225519,21.5034982560475,96.2478288686781));
#4110=CARTESIAN_POINT('',(-78.0823511225519,21.5034982560475,98.2478288686781));
#4111=CARTESIAN_POINT('',(-78.3411701676545,21.5375724297584,96.2137546949671));
#4112=CARTESIAN_POINT('Origin',(-78.0823511225519,22.5034982560475,95.2478288686781));
#4113=CARTESIAN_POINT('',(-79.048276948841,22.244679210945,96.2137546949671));
#4114=CARTESIAN_POINT('Origin',(-78.0823511225519,22.5034982560475,96.6620424310511));
#4115=CARTESIAN_POINT('Origin',(-78.0823511225519,22.5034982560475,95.2478288686781));
#4116=CARTESIAN_POINT('Origin',(-69.9442799350942,30.6415694435052,88.5239712435935));
#4117=CARTESIAN_POINT('',(-69.9442799350942,29.9344626623186,87.8168644624069));
#4118=CARTESIAN_POINT('',(-70.6513867162808,30.6415694435052,87.8168644624069));
#4119=CARTESIAN_POINT('Origin',(-78.0823511225519,35.5034982560475,84.2478288686781));
#4120=CARTESIAN_POINT('',(-79.0823511225519,35.5034982560475,84.2478288686781));
#4121=CARTESIAN_POINT('Origin',(-37.0823511225519,22.5034982560475,84.2478288686781));
#4122=CARTESIAN_POINT('',(-37.0823511225519,21.5034982560475,84.2478288686781));
#4123=CARTESIAN_POINT('Origin',(-24.0823511225519,63.5034982560475,84.2478288686781));
#4124=CARTESIAN_POINT('',(-23.0823511225519,63.5034982560475,84.2478288686781));
#4125=CARTESIAN_POINT('Origin',(-32.2204223100096,30.6415694435052,88.5239712435935));
#4126=CARTESIAN_POINT('',(-31.5133155288231,30.6415694435052,87.8168644624069));
#4127=CARTESIAN_POINT('',(-32.2204223100096,29.9344626623186,87.8168644624069));
#4128=CARTESIAN_POINT('Origin',(-69.9442799350942,68.3654270685898,88.5239712435935));
#4129=CARTESIAN_POINT('',(-69.9442799350942,69.0725338497763,87.8168644624069));
#4130=CARTESIAN_POINT('',(-70.6513867162808,68.3654270685898,87.8168644624069));
#4131=CARTESIAN_POINT('Origin',(-32.2204223100096,68.3654270685898,88.5239712435935));
#4132=CARTESIAN_POINT('',(-32.2204223100096,69.0725338497763,87.8168644624069));
#4133=CARTESIAN_POINT('',(-31.5133155288231,68.3654270685898,87.8168644624069));
#4134=CARTESIAN_POINT('Origin',(-23.0823511225519,21.5034982560475,98.2478288686781));
#4135=CARTESIAN_POINT('',(-37.0823511225519,21.5034982560475,96.2478288686781));
#4136=CARTESIAN_POINT('Origin',(-37.0823511225519,20.5034982560475,97.2478288686781));
#4137=CARTESIAN_POINT('Origin',(-23.0823511225519,77.5034982560475,98.2478288686781));
#4138=CARTESIAN_POINT('',(-23.0823511225519,63.5034982560475,96.2478288686781));
#4139=CARTESIAN_POINT('Origin',(-22.0823511225519,63.5034982560475,97.2478288686781));
#4140=CARTESIAN_POINT('Origin',(-80.0823511225519,35.5034982560475,97.2478288686781));
#4141=CARTESIAN_POINT('',(-79.0823511225519,35.5034982560475,96.2478288686781));
#4142=CARTESIAN_POINT('Origin',(-65.0823511225519,78.5034982560475,97.2478288686781));
#4143=CARTESIAN_POINT('',(-65.0823511225519,77.5034982560475,96.2478288686781));
#4144=CARTESIAN_POINT('Origin',(-79.0823511225519,21.5034982560475,98.2478288686781));
#4145=CARTESIAN_POINT('Origin',(-70.082351405674,27.5034979282219,98.2478288686781));
#4146=CARTESIAN_POINT('',(-70.082351405674,27.5034979282219,98.2478288686781));
#4147=CARTESIAN_POINT('',(-70.082351405674,27.5034979282219,98.2478288686781));
#4148=CARTESIAN_POINT('',(-70.082351405674,38.5034980921347,98.2478288686781));
#4149=CARTESIAN_POINT('Origin',(-32.0823508394299,27.5034982560475,98.2478288686781));
#4150=CARTESIAN_POINT('',(-41.5823509809909,27.5034982560475,98.2478288686781));
#4151=CARTESIAN_POINT('Origin',(-73.0823514503775,68.5034985391695,98.2478288686781));
#4152=CARTESIAN_POINT('',(-73.0823514503775,68.5034985391695,98.2478288686781));
#4153=CARTESIAN_POINT('',(-73.0823514503775,68.5034985391695,98.2478288686781));
#4154=CARTESIAN_POINT('',(-62.0823512864647,68.5034985391695,98.2478288686781));
#4155=CARTESIAN_POINT('Origin',(-73.0823511225519,30.5034979729254,98.2478288686781));
#4156=CARTESIAN_POINT('',(-73.0823511225519,40.0034981144864,98.2478288686781));
#4157=CARTESIAN_POINT('Origin',(-70.082351405674,74.5034982560475,98.2478288686781));
#4158=CARTESIAN_POINT('',(-70.082351405674,74.5034982560475,98.2478288686781));
#4159=CARTESIAN_POINT('',(-70.082351405674,74.5034982560475,98.2478288686781));
#4160=CARTESIAN_POINT('',(-70.082351405674,62.0034982560475,98.2478288686781));
#4161=CARTESIAN_POINT('Origin',(-32.0823508394299,74.5034982560475,98.2478288686781));
#4162=CARTESIAN_POINT('',(-41.5823509809909,74.5034982560475,98.2478288686781));
#4163=CARTESIAN_POINT('Origin',(-26.0823511225519,30.5034979729254,98.2478288686781));
#4164=CARTESIAN_POINT('',(-26.0823511225519,68.5034985391695,98.2478288686781));
#4165=CARTESIAN_POINT('',(-26.0823511225519,40.0034981144864,98.2478288686781));
#4166=CARTESIAN_POINT('',(-26.0823511225519,68.5034985391695,98.2478288686781));
#4167=CARTESIAN_POINT('Origin',(-26.0823511225519,68.5034985391695,98.2478288686781));
#4168=CARTESIAN_POINT('',(-38.5823511225519,68.5034985391695,98.2478288686781));
#4169=CARTESIAN_POINT('Origin',(-79.0823511225519,77.5034982560475,98.2478288686781));
#4170=CARTESIAN_POINT('Origin',(-51.0823511225519,49.5034982560475,98.2478288686781));
#4171=CARTESIAN_POINT('Origin',(-51.0823511225519,49.5034982560475,98.2478288686781));
#4172=CARTESIAN_POINT('Origin',(-51.0823511225519,49.5034982560475,98.2478288686781));
#4173=CARTESIAN_POINT('Origin',(-51.0823511225519,49.5034982560475,98.2478288686781));
#4174=CARTESIAN_POINT('Origin',(-32.082351122552,30.5034982560475,101.247828868678));
#4175=CARTESIAN_POINT('',(-32.082351122552,30.5034982560475,101.247828868678));
#4176=CARTESIAN_POINT('Origin',(-70.0823511225519,30.5034982560475,101.247828868678));
#4177=CARTESIAN_POINT('Origin',(9.50000014156103,-25.5,17.5));
#4178=CARTESIAN_POINT('',(-20.0000002831221,-26.,18.));
#4179=CARTESIAN_POINT('',(20.0000002831221,-26.,18.));
#4180=CARTESIAN_POINT('',(9.50000014156103,-26.,18.));
#4181=CARTESIAN_POINT('',(19.0000002831221,-25.,17.));
#4182=CARTESIAN_POINT('',(20.0000002831221,-26.,18.));
#4183=CARTESIAN_POINT('',(-19.0000002831221,-25.000000372529,17.));
#4184=CARTESIAN_POINT('',(9.50000014156103,-25.,17.));
#4185=CARTESIAN_POINT('',(-20.0000002831221,-26.,18.));
#4186=CARTESIAN_POINT('Origin',(19.5000002831221,-11.0000001639128,17.5));
#4187=CARTESIAN_POINT('',(20.0000002831221,-21.,18.));
#4188=CARTESIAN_POINT('',(20.0000002831221,-11.0000001639128,18.));
#4189=CARTESIAN_POINT('',(19.0000002831221,-22.0000003278255,17.));
#4190=CARTESIAN_POINT('',(20.0000002831221,-21.,18.));
#4191=CARTESIAN_POINT('',(19.0000002831221,-11.0000001639128,17.));
#4192=CARTESIAN_POINT('Origin',(-9.50000014156103,-21.5,17.5));
#4193=CARTESIAN_POINT('',(-20.0000002831221,-21.,18.));
#4194=CARTESIAN_POINT('',(-9.50000014156103,-21.,18.));
#4195=CARTESIAN_POINT('',(-19.0000002831221,-22.0000003278255,17.));
#4196=CARTESIAN_POINT('',(-20.0000002831221,-21.,18.));
#4197=CARTESIAN_POINT('',(-9.50000014156103,-22.,17.));
#4198=CARTESIAN_POINT('Origin',(-19.5000002831221,-12.5000001862645,17.5));
#4199=CARTESIAN_POINT('',(-19.0000002831221,-12.5000001862645,17.));
#4200=CARTESIAN_POINT('',(-20.0000002831221,-12.5000001862645,18.));
#4201=CARTESIAN_POINT('Origin',(-19.0000002831221,-25.000000372529,3.));
#4202=CARTESIAN_POINT('',(-19.0000002831221,-25.000000372529,3.));
#4203=CARTESIAN_POINT('',(-19.0000002831221,-25.000000372529,3.));
#4204=CARTESIAN_POINT('',(-19.0000002831221,-22.0000003278255,3.));
#4205=CARTESIAN_POINT('',(-19.0000002831221,-12.5000001862645,3.));
#4206=CARTESIAN_POINT('',(-19.0000002831221,-22.0000003278255,3.));
#4207=CARTESIAN_POINT('Origin',(19.0000002831221,-25.,3.));
#4208=CARTESIAN_POINT('',(19.0000002831221,-25.,3.));
#4209=CARTESIAN_POINT('',(19.0000002831221,-25.,3.));
#4210=CARTESIAN_POINT('',(9.50000014156103,-25.,3.));
#4211=CARTESIAN_POINT('Origin',(0.,0.,18.));
#4212=CARTESIAN_POINT('',(-27.,27.,18.));
#4213=CARTESIAN_POINT('',(27.,27.,18.));
#4214=CARTESIAN_POINT('',(14.,27.,18.));
#4215=CARTESIAN_POINT('',(-27.,-27.,18.));
#4216=CARTESIAN_POINT('',(-27.,14.,18.));
#4217=CARTESIAN_POINT('',(27.,-27.,18.));
#4218=CARTESIAN_POINT('',(-14.,-27.,18.));
#4219=CARTESIAN_POINT('',(27.,-14.,18.));
#4220=CARTESIAN_POINT('',(26.,-20.0000002831221,18.));
#4221=CARTESIAN_POINT('',(26.,20.0000002831221,18.));
#4222=CARTESIAN_POINT('',(26.,9.50000014156103,18.));
#4223=CARTESIAN_POINT('',(21.,-20.0000002831221,18.));
#4224=CARTESIAN_POINT('',(12.5000001862645,-20.0000002831221,18.));
#4225=CARTESIAN_POINT('',(21.,20.0000002831221,18.));
#4226=CARTESIAN_POINT('',(21.,-9.50000014156103,18.));
#4227=CARTESIAN_POINT('',(11.0000001639128,20.0000002831221,18.));
#4228=CARTESIAN_POINT('',(-21.,-20.0000002831221,18.));
#4229=CARTESIAN_POINT('',(-21.,20.0000002831221,18.));
#4230=CARTESIAN_POINT('',(-21.,9.50000014156103,18.));
#4231=CARTESIAN_POINT('',(-26.,-20.0000002831221,18.));
#4232=CARTESIAN_POINT('',(-11.0000001639128,-20.0000002831221,18.));
#4233=CARTESIAN_POINT('',(-26.,20.0000002831221,18.));
#4234=CARTESIAN_POINT('',(-26.,-9.50000014156103,18.));
#4235=CARTESIAN_POINT('',(-12.5,20.0000002831221,18.));
#4236=CARTESIAN_POINT('',(20.,20.,18.));
#4237=CARTESIAN_POINT('',(-20.,20.,18.));
#4238=CARTESIAN_POINT('',(-9.49999999999999,20.,18.));
#4239=CARTESIAN_POINT('',(20.,-20.,18.));
#4240=CARTESIAN_POINT('',(20.,9.5,18.));
#4241=CARTESIAN_POINT('',(-20.,-20.,18.));
#4242=CARTESIAN_POINT('',(9.5,-20.,18.));
#4243=CARTESIAN_POINT('',(-20.,-9.49999999999999,18.));
#4244=CARTESIAN_POINT('',(-20.0000002831221,21.,18.));
#4245=CARTESIAN_POINT('',(20.0000002831221,21.,18.));
#4246=CARTESIAN_POINT('',(9.50000014156103,21.,18.));
#4247=CARTESIAN_POINT('',(-20.0000002831221,26.,18.));
#4248=CARTESIAN_POINT('',(-20.0000002831221,11.,18.));
#4249=CARTESIAN_POINT('',(20.0000002831221,26.,18.));
#4250=CARTESIAN_POINT('',(-9.50000014156103,26.,18.));
#4251=CARTESIAN_POINT('',(20.0000002831221,12.5,18.));
#4252=CARTESIAN_POINT('Origin',(25.5,9.50000014156103,17.5));
#4253=CARTESIAN_POINT('',(25.,19.0000002831221,17.));
#4254=CARTESIAN_POINT('',(26.,20.0000002831221,18.));
#4255=CARTESIAN_POINT('',(25.000000372529,-19.0000002831221,17.));
#4256=CARTESIAN_POINT('',(25.,9.50000014156103,17.));
#4257=CARTESIAN_POINT('',(26.,-20.0000002831221,18.));
#4258=CARTESIAN_POINT('Origin',(11.0000001639128,19.5000002831221,17.5));
#4259=CARTESIAN_POINT('',(22.0000003278255,19.0000002831221,17.));
#4260=CARTESIAN_POINT('',(21.,20.0000002831221,18.));
#4261=CARTESIAN_POINT('',(11.0000001639128,19.0000002831221,17.));
#4262=CARTESIAN_POINT('Origin',(21.5,-9.50000014156103,17.5));
#4263=CARTESIAN_POINT('',(22.0000003278255,-19.0000002831221,17.));
#4264=CARTESIAN_POINT('',(21.,-20.0000002831221,18.));
#4265=CARTESIAN_POINT('',(22.,-9.50000014156103,17.));
#4266=CARTESIAN_POINT('Origin',(12.5000001862645,-19.5000002831221,17.5));
#4267=CARTESIAN_POINT('',(12.5000001862645,-19.0000002831221,17.));
#4268=CARTESIAN_POINT('Origin',(25.000000372529,-19.0000002831221,3.));
#4269=CARTESIAN_POINT('',(25.000000372529,-19.0000002831221,3.));
#4270=CARTESIAN_POINT('',(25.000000372529,-19.0000002831221,3.));
#4271=CARTESIAN_POINT('',(22.0000003278255,-19.0000002831221,3.));
#4272=CARTESIAN_POINT('',(12.5000001862645,-19.0000002831221,3.));
#4273=CARTESIAN_POINT('',(22.0000003278255,-19.0000002831221,3.));
#4274=CARTESIAN_POINT('Origin',(25.,19.0000002831221,3.));
#4275=CARTESIAN_POINT('',(25.,19.0000002831221,3.));
#4276=CARTESIAN_POINT('',(25.,19.0000002831221,3.));
#4277=CARTESIAN_POINT('',(25.,9.50000014156103,3.));
#4278=CARTESIAN_POINT('Origin',(9.50000014156103,21.5,17.5));
#4279=CARTESIAN_POINT('',(19.0000002831221,22.0000003278255,17.));
#4280=CARTESIAN_POINT('',(20.0000002831221,21.,18.));
#4281=CARTESIAN_POINT('',(-19.0000002831221,22.,17.));
#4282=CARTESIAN_POINT('',(9.50000014156103,22.,17.));
#4283=CARTESIAN_POINT('',(-20.0000002831221,21.,18.));
#4284=CARTESIAN_POINT('Origin',(19.5000002831221,12.5,17.5));
#4285=CARTESIAN_POINT('',(19.0000002831221,25.,17.));
#4286=CARTESIAN_POINT('',(20.0000002831221,26.,18.));
#4287=CARTESIAN_POINT('',(19.0000002831221,12.5,17.));
#4288=CARTESIAN_POINT('Origin',(-9.50000014156103,25.5,17.5));
#4289=CARTESIAN_POINT('',(-19.0000002831221,25.000000372529,17.));
#4290=CARTESIAN_POINT('',(-20.0000002831221,26.,18.));
#4291=CARTESIAN_POINT('',(-9.50000014156103,25.,17.));
#4292=CARTESIAN_POINT('Origin',(-19.5000002831221,11.,17.5));
#4293=CARTESIAN_POINT('',(-19.0000002831221,11.,17.));
#4294=CARTESIAN_POINT('Origin',(-19.0000002831221,22.,3.));
#4295=CARTESIAN_POINT('',(-19.0000002831221,22.,3.));
#4296=CARTESIAN_POINT('',(-19.0000002831221,22.,3.));
#4297=CARTESIAN_POINT('',(-19.0000002831221,25.000000372529,3.));
#4298=CARTESIAN_POINT('',(-19.0000002831221,11.,3.));
#4299=CARTESIAN_POINT('',(-19.0000002831221,25.000000372529,3.));
#4300=CARTESIAN_POINT('Origin',(19.0000002831221,22.,3.));
#4301=CARTESIAN_POINT('',(19.0000002831221,22.0000003278255,3.));
#4302=CARTESIAN_POINT('',(19.0000002831221,22.0000003278255,3.));
#4303=CARTESIAN_POINT('',(9.50000014156103,22.,3.));
#4304=CARTESIAN_POINT('Origin',(-21.5,9.50000014156103,17.5));
#4305=CARTESIAN_POINT('',(-22.0000003278255,19.0000002831221,17.));
#4306=CARTESIAN_POINT('',(-21.,20.0000002831221,18.));
#4307=CARTESIAN_POINT('',(-22.0000003278255,-19.0000002831221,17.));
#4308=CARTESIAN_POINT('',(-22.,9.50000014156103,17.));
#4309=CARTESIAN_POINT('',(-21.,-20.0000002831221,18.));
#4310=CARTESIAN_POINT('Origin',(-12.5,19.5000002831221,17.5));
#4311=CARTESIAN_POINT('',(-25.,19.0000002831221,17.));
#4312=CARTESIAN_POINT('',(-26.,20.0000002831221,18.));
#4313=CARTESIAN_POINT('',(-12.5,19.0000002831221,17.));
#4314=CARTESIAN_POINT('Origin',(-25.5,-9.50000014156103,17.5));
#4315=CARTESIAN_POINT('',(-25.,-19.0000002831221,17.));
#4316=CARTESIAN_POINT('',(-26.,-20.0000002831221,18.));
#4317=CARTESIAN_POINT('',(-25.,-9.50000014156103,17.));
#4318=CARTESIAN_POINT('Origin',(-11.0000001639128,-19.5000002831221,17.5));
#4319=CARTESIAN_POINT('',(-11.0000001639128,-19.0000002831221,17.));
#4320=CARTESIAN_POINT('Origin',(-22.0000003278255,-19.0000002831221,3.));
#4321=CARTESIAN_POINT('',(-22.0000003278255,-19.0000002831221,3.));
#4322=CARTESIAN_POINT('',(-22.0000003278255,-19.0000002831221,3.));
#4323=CARTESIAN_POINT('',(-25.,-19.0000002831221,3.));
#4324=CARTESIAN_POINT('',(-11.0000001639128,-19.0000002831221,3.));
#4325=CARTESIAN_POINT('',(-25.,-19.0000002831221,3.));
#4326=CARTESIAN_POINT('Origin',(-22.,19.0000002831221,3.));
#4327=CARTESIAN_POINT('',(-22.0000003278255,19.0000002831221,3.));
#4328=CARTESIAN_POINT('',(-22.0000003278255,19.0000002831221,3.));
#4329=CARTESIAN_POINT('',(-22.,9.50000014156103,3.));
#4330=CARTESIAN_POINT('Origin',(-9.49999999999999,20.,17.));
#4331=CARTESIAN_POINT('',(-19.,19.,17.));
#4332=CARTESIAN_POINT('Origin',(-20.,20.,17.));
#4333=CARTESIAN_POINT('',(19.,19.,17.));
#4334=CARTESIAN_POINT('',(-9.49999999999999,19.,17.));
#4335=CARTESIAN_POINT('Origin',(20.,20.,17.));
#4336=CARTESIAN_POINT('Origin',(-20.,-9.49999999999999,17.));
#4337=CARTESIAN_POINT('',(-19.,-19.,17.));
#4338=CARTESIAN_POINT('Origin',(-20.,-20.,17.));
#4339=CARTESIAN_POINT('',(-19.,-9.49999999999999,17.));
#4340=CARTESIAN_POINT('Origin',(9.5,-20.,17.));
#4341=CARTESIAN_POINT('',(19.,-19.,17.));
#4342=CARTESIAN_POINT('Origin',(20.,-20.,17.));
#4343=CARTESIAN_POINT('',(9.5,-19.,17.));
#4344=CARTESIAN_POINT('Origin',(20.,9.5,17.));
#4345=CARTESIAN_POINT('',(19.,9.5,17.));
#4346=CARTESIAN_POINT('Origin',(19.,19.,0.));
#4347=CARTESIAN_POINT('',(19.,19.,0.));
#4348=CARTESIAN_POINT('',(19.,19.,0.));
#4349=CARTESIAN_POINT('',(19.,-19.,0.));
#4350=CARTESIAN_POINT('',(19.,19.,0.));
#4351=CARTESIAN_POINT('',(19.,-19.,0.));
#4352=CARTESIAN_POINT('Origin',(-19.,19.,0.));
#4353=CARTESIAN_POINT('',(-19.,19.,0.));
#4354=CARTESIAN_POINT('',(-19.,19.,0.));
#4355=CARTESIAN_POINT('',(-19.,19.,0.));
#4356=CARTESIAN_POINT('Origin',(-27.,27.,17.));
#4357=CARTESIAN_POINT('',(-27.,28.,17.));
#4358=CARTESIAN_POINT('Origin',(-27.,27.,17.));
#4359=CARTESIAN_POINT('',(-28.,27.,17.));
#4360=CARTESIAN_POINT('Origin',(-27.,27.,17.));
#4361=CARTESIAN_POINT('Origin',(-27.,27.,17.));
#4362=CARTESIAN_POINT('Origin',(-27.,27.,3.));
#4363=CARTESIAN_POINT('',(-28.,27.,5.));
#4364=CARTESIAN_POINT('',(-28.,27.,3.));
#4365=CARTESIAN_POINT('',(-27.,28.,5.));
#4366=CARTESIAN_POINT('',(-27.,28.,3.));
#4367=CARTESIAN_POINT('',(-27.2588190451025,27.9659258262891,5.03407417371092));
#4368=CARTESIAN_POINT('Origin',(-27.,27.,6.));
#4369=CARTESIAN_POINT('',(-27.9659258262891,27.2588190451025,5.03407417371093));
#4370=CARTESIAN_POINT('Origin',(-27.,27.,4.5857864376269));
#4371=CARTESIAN_POINT('Origin',(-27.,27.,6.));
#4372=CARTESIAN_POINT('Origin',(27.,27.,17.));
#4373=CARTESIAN_POINT('',(28.,27.,17.));
#4374=CARTESIAN_POINT('Origin',(27.,27.,17.));
#4375=CARTESIAN_POINT('',(27.,28.,17.));
#4376=CARTESIAN_POINT('Origin',(27.,27.,17.));
#4377=CARTESIAN_POINT('Origin',(27.,27.,17.));
#4378=CARTESIAN_POINT('Origin',(27.,27.,3.));
#4379=CARTESIAN_POINT('',(27.,28.,5.));
#4380=CARTESIAN_POINT('',(27.,28.,3.));
#4381=CARTESIAN_POINT('',(28.,27.,5.));
#4382=CARTESIAN_POINT('',(28.,27.,3.));
#4383=CARTESIAN_POINT('',(27.9659258262891,27.2588190451025,5.03407417371093));
#4384=CARTESIAN_POINT('Origin',(27.,27.,6.));
#4385=CARTESIAN_POINT('',(27.2588190451025,27.9659258262891,5.03407417371093));
#4386=CARTESIAN_POINT('Origin',(27.,27.,4.58578643762691));
#4387=CARTESIAN_POINT('Origin',(27.,27.,6.));
#4388=CARTESIAN_POINT('Origin',(14.,27.,17.));
#4389=CARTESIAN_POINT('',(14.,28.,17.));
#4390=CARTESIAN_POINT('Origin',(-27.,-27.,17.));
#4391=CARTESIAN_POINT('',(-28.,-27.,17.));
#4392=CARTESIAN_POINT('Origin',(-27.,-27.,17.));
#4393=CARTESIAN_POINT('',(-27.,-28.,17.));
#4394=CARTESIAN_POINT('Origin',(-27.,-27.,17.));
#4395=CARTESIAN_POINT('Origin',(-27.,-27.,17.));
#4396=CARTESIAN_POINT('Origin',(-27.,-27.,3.));
#4397=CARTESIAN_POINT('',(-27.,-28.,5.));
#4398=CARTESIAN_POINT('',(-27.,-28.,3.));
#4399=CARTESIAN_POINT('',(-28.,-27.,5.));
#4400=CARTESIAN_POINT('',(-28.,-27.,3.));
#4401=CARTESIAN_POINT('',(-27.9659258262891,-27.2588190451025,5.03407417371093));
#4402=CARTESIAN_POINT('Origin',(-27.,-27.,6.));
#4403=CARTESIAN_POINT('',(-27.2588190451025,-27.9659258262891,5.03407417371093));
#4404=CARTESIAN_POINT('Origin',(-27.,-27.,4.58578643762691));
#4405=CARTESIAN_POINT('Origin',(-27.,-27.,6.));
#4406=CARTESIAN_POINT('Origin',(27.,-27.,17.));
#4407=CARTESIAN_POINT('',(27.,-28.,17.));
#4408=CARTESIAN_POINT('Origin',(27.,-27.,17.));
#4409=CARTESIAN_POINT('',(28.,-27.,17.));
#4410=CARTESIAN_POINT('Origin',(27.,-27.,17.));
#4411=CARTESIAN_POINT('Origin',(27.,-27.,17.));
#4412=CARTESIAN_POINT('Origin',(27.,-27.,3.));
#4413=CARTESIAN_POINT('',(28.,-27.,5.));
#4414=CARTESIAN_POINT('',(28.,-27.,3.));
#4415=CARTESIAN_POINT('',(27.,-28.,5.));
#4416=CARTESIAN_POINT('',(27.,-28.,3.));
#4417=CARTESIAN_POINT('',(27.2588190451025,-27.9659258262891,5.03407417371093));
#4418=CARTESIAN_POINT('Origin',(27.,-27.,6.));
#4419=CARTESIAN_POINT('',(27.9659258262891,-27.2588190451025,5.03407417371093));
#4420=CARTESIAN_POINT('Origin',(27.,-27.,4.5857864376269));
#4421=CARTESIAN_POINT('Origin',(27.,-27.,6.));
#4422=CARTESIAN_POINT('Origin',(18.8619288125423,-18.8619288125423,12.7238576250846));
#4423=CARTESIAN_POINT('',(29.2928932188135,-30.,3.));
#4424=CARTESIAN_POINT('',(18.8619288125423,-19.5690355937288,13.4309644062711));
#4425=CARTESIAN_POINT('',(30.,-29.2928932188134,3.));
#4426=CARTESIAN_POINT('Origin',(28.5857864376269,-28.5857864376269,3.));
#4427=CARTESIAN_POINT('',(19.5690355937288,-18.8619288125423,13.4309644062711));
#4428=CARTESIAN_POINT('Origin',(27.,-14.,17.));
#4429=CARTESIAN_POINT('',(28.,-14.,17.));
#4430=CARTESIAN_POINT('Origin',(-14.,-27.,17.));
#4431=CARTESIAN_POINT('',(-14.,-28.,17.));
#4432=CARTESIAN_POINT('Origin',(-27.,14.,17.));
#4433=CARTESIAN_POINT('',(-28.,14.,17.));
#4434=CARTESIAN_POINT('Origin',(-18.8619288125423,-18.8619288125423,12.7238576250846));
#4435=CARTESIAN_POINT('',(-30.,-29.2928932188135,3.));
#4436=CARTESIAN_POINT('',(-19.5690355937288,-18.8619288125423,13.4309644062711));
#4437=CARTESIAN_POINT('',(-29.2928932188134,-30.,3.));
#4438=CARTESIAN_POINT('Origin',(-28.5857864376269,-28.5857864376269,3.));
#4439=CARTESIAN_POINT('',(-18.8619288125423,-19.5690355937288,13.4309644062711));
#4440=CARTESIAN_POINT('Origin',(18.8619288125423,18.8619288125423,12.7238576250846));
#4441=CARTESIAN_POINT('',(30.,29.2928932188135,3.));
#4442=CARTESIAN_POINT('',(29.2928932188134,30.,3.));
#4443=CARTESIAN_POINT('Origin',(28.5857864376269,28.5857864376269,3.));
#4444=CARTESIAN_POINT('',(18.8619288125423,19.5690355937288,13.4309644062711));
#4445=CARTESIAN_POINT('',(19.5690355937288,18.8619288125423,13.4309644062711));
#4446=CARTESIAN_POINT('Origin',(-18.8619288125423,18.8619288125423,12.7238576250846));
#4447=CARTESIAN_POINT('',(-29.2928932188135,30.,3.));
#4448=CARTESIAN_POINT('',(-18.8619288125423,19.5690355937288,13.4309644062711));
#4449=CARTESIAN_POINT('',(-30.,29.2928932188134,3.));
#4450=CARTESIAN_POINT('Origin',(-28.5857864376269,28.5857864376269,3.));
#4451=CARTESIAN_POINT('',(-19.5690355937288,18.8619288125423,13.4309644062711));
#4452=CARTESIAN_POINT('Origin',(-28.,-28.,3.));
#4453=CARTESIAN_POINT('',(-14.,-28.,5.));
#4454=CARTESIAN_POINT('Origin',(-14.,-29.,4.));
#4455=CARTESIAN_POINT('',(-14.,-30.,3.));
#4456=CARTESIAN_POINT('Origin',(-28.,28.,3.));
#4457=CARTESIAN_POINT('',(-28.,14.,5.));
#4458=CARTESIAN_POINT('Origin',(-29.,14.,4.));
#4459=CARTESIAN_POINT('',(-30.,14.,3.));
#4460=CARTESIAN_POINT('Origin',(6.66133814775094E-15,34.,3.));
#4461=CARTESIAN_POINT('',(1.50000000000001,34.,3.));
#4462=CARTESIAN_POINT('Origin',(6.66133814775094E-15,34.,3.));
#4463=CARTESIAN_POINT('',(1.50000000000001,34.,0.));
#4464=CARTESIAN_POINT('',(1.50000000000001,34.,3.));
#4465=CARTESIAN_POINT('Origin',(6.66133814775094E-15,34.,0.));
#4466=CARTESIAN_POINT('Origin',(34.,2.22044604925031E-15,3.));
#4467=CARTESIAN_POINT('',(35.5,2.40414306912242E-15,3.));
#4468=CARTESIAN_POINT('Origin',(34.,2.22044604925031E-15,3.));
#4469=CARTESIAN_POINT('',(35.5,2.40414306912242E-15,0.));
#4470=CARTESIAN_POINT('',(35.5,2.03674902937821E-15,3.));
#4471=CARTESIAN_POINT('Origin',(34.,2.22044604925031E-15,0.));
#4472=CARTESIAN_POINT('Origin',(-34.,0.,3.));
#4473=CARTESIAN_POINT('',(-32.5,1.83697019872103E-16,3.));
#4474=CARTESIAN_POINT('Origin',(-34.,0.,3.));
#4475=CARTESIAN_POINT('',(-32.5,1.83697019872103E-16,0.));
#4476=CARTESIAN_POINT('',(-32.5,-1.83697019872103E-16,3.));
#4477=CARTESIAN_POINT('Origin',(-34.,0.,0.));
#4478=CARTESIAN_POINT('Origin',(2.22044604925031E-15,-34.,3.));
#4479=CARTESIAN_POINT('',(1.5,-34.,3.));
#4480=CARTESIAN_POINT('Origin',(2.22044604925031E-15,-34.,3.));
#4481=CARTESIAN_POINT('',(1.5,-34.,0.));
#4482=CARTESIAN_POINT('',(1.5,-34.,3.));
#4483=CARTESIAN_POINT('Origin',(2.22044604925031E-15,-34.,0.));
#4484=CARTESIAN_POINT('Origin',(29.,-14.,4.));
#4485=CARTESIAN_POINT('',(30.,-14.,3.));
#4486=CARTESIAN_POINT('',(28.,-14.,5.));
#4487=CARTESIAN_POINT('Origin',(14.,29.,4.));
#4488=CARTESIAN_POINT('',(14.,30.,3.));
#4489=CARTESIAN_POINT('',(14.,28.,5.));
#4490=CARTESIAN_POINT('Origin',(28.,-28.,3.));
#4491=CARTESIAN_POINT('Origin',(2.22044604925031E-15,8.88178419700125E-15,
3.));
#4492=CARTESIAN_POINT('',(-38.,-38.,3.));
#4493=CARTESIAN_POINT('',(-38.,38.,3.));
#4494=CARTESIAN_POINT('',(-38.,20.,3.));
#4495=CARTESIAN_POINT('',(38.,-38.,3.));
#4496=CARTESIAN_POINT('',(-20.,-38.,3.));
#4497=CARTESIAN_POINT('',(38.,38.,3.));
#4498=CARTESIAN_POINT('',(38.,-20.,3.));
#4499=CARTESIAN_POINT('',(20.,38.,3.));
#4500=CARTESIAN_POINT('Origin',(-39.,20.,2.));
#4501=CARTESIAN_POINT('',(-40.,40.,1.));
#4502=CARTESIAN_POINT('',(-38.,38.,3.));
#4503=CARTESIAN_POINT('',(-40.,-40.,1.));
#4504=CARTESIAN_POINT('',(-40.,20.,1.));
#4505=CARTESIAN_POINT('',(-38.,-38.,3.));
#4506=CARTESIAN_POINT('Origin',(20.,39.,2.));
#4507=CARTESIAN_POINT('',(40.,40.,1.));
#4508=CARTESIAN_POINT('',(38.,38.,3.));
#4509=CARTESIAN_POINT('',(20.,40.,1.));
#4510=CARTESIAN_POINT('Origin',(39.,-20.,2.));
#4511=CARTESIAN_POINT('',(40.,-40.,1.));
#4512=CARTESIAN_POINT('',(38.,-38.,3.));
#4513=CARTESIAN_POINT('',(40.,-20.,1.));
#4514=CARTESIAN_POINT('Origin',(-20.,-39.,2.));
#4515=CARTESIAN_POINT('',(-20.,-40.,1.));
#4516=CARTESIAN_POINT('Origin',(-40.,-40.,0.));
#4517=CARTESIAN_POINT('',(-40.,-40.,0.));
#4518=CARTESIAN_POINT('',(-40.,-40.,0.));
#4519=CARTESIAN_POINT('',(40.,-40.,0.));
#4520=CARTESIAN_POINT('',(-40.,-40.,0.));
#4521=CARTESIAN_POINT('',(40.,-40.,0.));
#4522=CARTESIAN_POINT('Origin',(-40.,40.,0.));
#4523=CARTESIAN_POINT('',(-40.,40.,0.));
#4524=CARTESIAN_POINT('',(-40.,40.,0.));
#4525=CARTESIAN_POINT('',(-40.,40.,0.));
#4526=CARTESIAN_POINT('Origin',(19.0000002831221,-22.0000003278255,3.));
#4527=CARTESIAN_POINT('',(19.0000002831221,-22.0000003278255,3.));
#4528=CARTESIAN_POINT('',(19.0000002831221,-22.0000003278255,3.));
#4529=CARTESIAN_POINT('',(19.0000002831221,-11.0000001639128,3.));
#4530=CARTESIAN_POINT('Origin',(-19.0000002831221,-22.,3.));
#4531=CARTESIAN_POINT('',(-9.50000014156103,-22.,3.));
#4532=CARTESIAN_POINT('Origin',(22.0000003278255,19.0000002831221,3.));
#4533=CARTESIAN_POINT('',(22.0000003278255,19.0000002831221,3.));
#4534=CARTESIAN_POINT('',(22.0000003278255,19.0000002831221,3.));
#4535=CARTESIAN_POINT('',(11.0000001639128,19.0000002831221,3.));
#4536=CARTESIAN_POINT('Origin',(22.,-19.0000002831221,3.));
#4537=CARTESIAN_POINT('',(22.,-9.50000014156103,3.));
#4538=CARTESIAN_POINT('Origin',(19.0000002831221,25.,3.));
#4539=CARTESIAN_POINT('',(19.0000002831221,25.,3.));
#4540=CARTESIAN_POINT('',(19.0000002831221,25.,3.));
#4541=CARTESIAN_POINT('',(19.0000002831221,12.5,3.));
#4542=CARTESIAN_POINT('Origin',(-19.0000002831221,25.,3.));
#4543=CARTESIAN_POINT('',(-9.50000014156103,25.,3.));
#4544=CARTESIAN_POINT('Origin',(-25.,-19.0000002831221,3.));
#4545=CARTESIAN_POINT('',(-25.,19.0000002831221,3.));
#4546=CARTESIAN_POINT('',(-25.,-9.50000014156103,3.));
#4547=CARTESIAN_POINT('',(-25.,19.0000002831221,3.));
#4548=CARTESIAN_POINT('Origin',(-25.,19.0000002831221,3.));
#4549=CARTESIAN_POINT('',(-12.5,19.0000002831221,3.));
#4550=CARTESIAN_POINT('Origin',(28.,28.,3.));
#4551=CARTESIAN_POINT('Origin',(2.22044604925031E-15,8.88178419700125E-15,
3.));
#4552=CARTESIAN_POINT('Origin',(2.22044604925031E-15,8.88178419700125E-15,
3.));
#4553=CARTESIAN_POINT('Origin',(2.22044604925031E-15,8.88178419700125E-15,
3.));
#4554=CARTESIAN_POINT('Origin',(2.22044604925031E-15,8.88178419700125E-15,
3.));
#4555=CARTESIAN_POINT('Origin',(-19.,-19.,0.));
#4556=CARTESIAN_POINT('',(-19.,-19.,0.));
#4557=CARTESIAN_POINT('',(-19.,-19.,0.));
#4558=CARTESIAN_POINT('',(-19.,-19.,0.));
#4559=CARTESIAN_POINT('Origin',(19.,-19.,0.));
#4560=CARTESIAN_POINT('',(19.,-19.,0.));
#4561=CARTESIAN_POINT('Origin',(40.,40.,0.));
#4562=CARTESIAN_POINT('',(40.,40.,0.));
#4563=CARTESIAN_POINT('',(40.,40.,0.));
#4564=CARTESIAN_POINT('',(40.,40.,0.));
#4565=CARTESIAN_POINT('Origin',(40.,-40.,0.));
#4566=CARTESIAN_POINT('',(40.,-40.,0.));
#4567=CARTESIAN_POINT('Origin',(2.22044604925031E-15,8.88178419700125E-15,
0.));
#4568=CARTESIAN_POINT('',(0.,0.,0.));
#4569=UNCERTAINTY_MEASURE_WITH_UNIT(LENGTH_MEASURE(0.01),#4575,
'DISTANCE_ACCURACY_VALUE',
'Maximum model space distance between geometric entities at asserted c
onnectivities');
#4570=UNCERTAINTY_MEASURE_WITH_UNIT(LENGTH_MEASURE(0.01),#4575,
'DISTANCE_ACCURACY_VALUE',
'Maximum model space distance between geometric entities at asserted c
onnectivities');
#4571=UNCERTAINTY_MEASURE_WITH_UNIT(LENGTH_MEASURE(0.01),#4575,
'DISTANCE_ACCURACY_VALUE',
'Maximum model space distance between geometric entities at asserted c
onnectivities');
#4572=(
GEOMETRIC_REPRESENTATION_CONTEXT(3)
GLOBAL_UNCERTAINTY_ASSIGNED_CONTEXT((#4569))
GLOBAL_UNIT_ASSIGNED_CONTEXT((#4575,#4577,#4578))
REPRESENTATION_CONTEXT('','3D')
);
#4573=(
GEOMETRIC_REPRESENTATION_CONTEXT(3)
GLOBAL_UNCERTAINTY_ASSIGNED_CONTEXT((#4570))
GLOBAL_UNIT_ASSIGNED_CONTEXT((#4575,#4577,#4578))
REPRESENTATION_CONTEXT('','3D')
);
#4574=(
GEOMETRIC_REPRESENTATION_CONTEXT(3)
GLOBAL_UNCERTAINTY_ASSIGNED_CONTEXT((#4571))
GLOBAL_UNIT_ASSIGNED_CONTEXT((#4575,#4577,#4578))
REPRESENTATION_CONTEXT('','3D')
);
#4575=(
LENGTH_UNIT()
NAMED_UNIT(*)
SI_UNIT(.MILLI.,.METRE.)
);
#4576=(
LENGTH_UNIT()
NAMED_UNIT(*)
SI_UNIT($,.METRE.)
);
#4577=(
NAMED_UNIT(*)
PLANE_ANGLE_UNIT()
SI_UNIT($,.RADIAN.)
);
#4578=(
NAMED_UNIT(*)
SI_UNIT($,.STERADIAN.)
SOLID_ANGLE_UNIT()
);
#4579=SHAPE_DEFINITION_REPRESENTATION(#4581,#4584);
#4580=SHAPE_DEFINITION_REPRESENTATION(#4582,#4585);
#4581=PRODUCT_DEFINITION_SHAPE('',$,#4587);
#4582=PRODUCT_DEFINITION_SHAPE('',$,#4588);
#4583=PRODUCT_DEFINITION_SHAPE($,$,#14);
#4584=SHAPE_REPRESENTATION('',(#2773,#3013),#4572);
#4585=SHAPE_REPRESENTATION('',(#2774),#4573);
#4586=PRODUCT_DEFINITION_CONTEXT('part definition',#4594,'design');
#4587=PRODUCT_DEFINITION('2026-08-22-18-59-53-907','mast_base',#4589,#4586);
#4588=PRODUCT_DEFINITION('2026-08-22-18-59-53-912','top_mast',#4590,#4586);
#4589=PRODUCT_DEFINITION_FORMATION('',$,#4596);
#4590=PRODUCT_DEFINITION_FORMATION('',$,#4597);
#4591=PRODUCT_RELATED_PRODUCT_CATEGORY('mast_base','mast_base',(#4596));
#4592=PRODUCT_RELATED_PRODUCT_CATEGORY('top_mast','top_mast',(#4597));
#4593=APPLICATION_PROTOCOL_DEFINITION('international standard',
'automotive_design',2009,#4594);
#4594=APPLICATION_CONTEXT(
'Core Data for Automotive Mechanical Design Process');
#4595=PRODUCT_CONTEXT('part definition',#4594,'mechanical');
#4596=PRODUCT('2026-08-22-18-59-53-907','mast_base',$,(#4595));
#4597=PRODUCT('2026-08-22-18-59-53-912','top_mast',$,(#4595));
#4598=PRESENTATION_STYLE_ASSIGNMENT((#4599));
#4599=SURFACE_STYLE_USAGE(.BOTH.,#4600);
#4600=SURFACE_SIDE_STYLE('',(#4601));
#4601=SURFACE_STYLE_FILL_AREA(#4602);
#4602=FILL_AREA_STYLE('Steel - Satin',(#4603));
#4603=FILL_AREA_STYLE_COLOUR('Steel - Satin',#4604);
#4604=COLOUR_RGB('Steel - Satin',0.627450980392157,0.627450980392157,0.627450980392157);
ENDSEC;
END-ISO-10303-21;
