ISO-10303-21;
HEADER;
/* Generated by software containing ST-Developer
 * from STEP Tools, Inc. (www.steptools.com) 
 */

FILE_DESCRIPTION(
/* description */ (''),
/* implementation_level */ '2;1');

FILE_NAME(
/* name */ 'Omni_Wheel_Support_v001.step',
/* time_stamp */ '2026-10-05T12:58:40+04:00',
/* author */ (''),
/* organization */ (''),
/* preprocessor_version */ 'ST-DEVELOPER v20.2',
/* originating_system */ 'Autodesk Translation Framework v15.15.0.0',
/* authorisation */ '');

FILE_SCHEMA (('AUTOMOTIVE_DESIGN { 1 0 10303 214 3 1 1 }'));
ENDSEC;

DATA;
#10=MECHANICAL_DESIGN_GEOMETRIC_PRESENTATION_REPRESENTATION('',(#13),#2533);
#11=SHAPE_REPRESENTATION_RELATIONSHIP('SRR','None',#2540,#12);
#12=ADVANCED_BREP_SHAPE_REPRESENTATION('',(#14),#2532);
#13=STYLED_ITEM('',(#2550),#14);
#14=MANIFOLD_SOLID_BREP('Body1',#1497);
#15=FACE_BOUND('',#186,.T.);
#16=FACE_BOUND('',#187,.T.);
#17=FACE_BOUND('',#188,.T.);
#18=FACE_BOUND('',#189,.T.);
#19=FACE_BOUND('',#192,.T.);
#20=FACE_BOUND('',#193,.T.);
#21=FACE_BOUND('',#194,.T.);
#22=FACE_BOUND('',#195,.T.);
#23=FACE_BOUND('',#208,.T.);
#24=FACE_BOUND('',#209,.T.);
#25=FACE_BOUND('',#210,.T.);
#26=FACE_BOUND('',#211,.T.);
#27=FACE_BOUND('',#214,.T.);
#28=FACE_BOUND('',#215,.T.);
#29=FACE_BOUND('',#216,.T.);
#30=FACE_BOUND('',#217,.T.);
#31=FACE_BOUND('',#236,.T.);
#32=FACE_BOUND('',#241,.T.);
#33=FACE_BOUND('',#266,.T.);
#34=FACE_BOUND('',#268,.T.);
#35=PLANE('',#1516);
#36=PLANE('',#1522);
#37=PLANE('',#1546);
#38=PLANE('',#1552);
#39=PLANE('',#1571);
#40=PLANE('',#1572);
#41=PLANE('',#1573);
#42=PLANE('',#1574);
#43=PLANE('',#1575);
#44=PLANE('',#1576);
#45=PLANE('',#1583);
#46=PLANE('',#1593);
#47=PLANE('',#1597);
#48=PLANE('',#1598);
#49=PLANE('',#1599);
#50=PLANE('',#1600);
#51=PLANE('',#1601);
#52=PLANE('',#1605);
#53=PLANE('',#1609);
#54=PLANE('',#1610);
#55=PLANE('',#1611);
#56=PLANE('',#1612);
#57=PLANE('',#1616);
#58=PLANE('',#1620);
#59=PLANE('',#1621);
#60=PLANE('',#1622);
#61=PLANE('',#1625);
#62=PLANE('',#1628);
#63=PLANE('',#1631);
#64=PLANE('',#1632);
#65=PLANE('',#1633);
#66=PLANE('',#1636);
#67=PLANE('',#1639);
#68=PLANE('',#1643);
#69=PLANE('',#1647);
#70=PLANE('',#1649);
#71=PLANE('',#1651);
#72=PLANE('',#1654);
#73=PLANE('',#1657);
#74=PLANE('',#1659);
#75=PLANE('',#1663);
#76=PLANE('',#1664);
#77=CYLINDRICAL_SURFACE('',#1514,1.54999999999999);
#78=CYLINDRICAL_SURFACE('',#1528,1.55);
#79=CYLINDRICAL_SURFACE('',#1533,1.55);
#80=CYLINDRICAL_SURFACE('',#1538,1.54999999999999);
#81=CYLINDRICAL_SURFACE('',#1544,1.54999999999999);
#82=CYLINDRICAL_SURFACE('',#1558,1.55);
#83=CYLINDRICAL_SURFACE('',#1563,1.55);
#84=CYLINDRICAL_SURFACE('',#1568,1.54999999999999);
#85=CYLINDRICAL_SURFACE('',#1586,3.75);
#86=CYLINDRICAL_SURFACE('',#1596,3.75);
#87=CYLINDRICAL_SURFACE('',#1623,8.);
#88=CYLINDRICAL_SURFACE('',#1626,8.);
#89=CYLINDRICAL_SURFACE('',#1658,8.);
#90=CYLINDRICAL_SURFACE('',#1660,8.);
#91=CYLINDRICAL_SURFACE('',#1661,1.);
#92=CYLINDRICAL_SURFACE('',#1662,1.);
#93=FACE_OUTER_BOUND('',#183,.T.);
#94=FACE_OUTER_BOUND('',#184,.T.);
#95=FACE_OUTER_BOUND('',#185,.T.);
#96=FACE_OUTER_BOUND('',#190,.T.);
#97=FACE_OUTER_BOUND('',#191,.T.);
#98=FACE_OUTER_BOUND('',#196,.T.);
#99=FACE_OUTER_BOUND('',#197,.T.);
#100=FACE_OUTER_BOUND('',#198,.T.);
#101=FACE_OUTER_BOUND('',#199,.T.);
#102=FACE_OUTER_BOUND('',#200,.T.);
#103=FACE_OUTER_BOUND('',#201,.T.);
#104=FACE_OUTER_BOUND('',#202,.T.);
#105=FACE_OUTER_BOUND('',#203,.T.);
#106=FACE_OUTER_BOUND('',#204,.T.);
#107=FACE_OUTER_BOUND('',#205,.T.);
#108=FACE_OUTER_BOUND('',#206,.T.);
#109=FACE_OUTER_BOUND('',#207,.T.);
#110=FACE_OUTER_BOUND('',#212,.T.);
#111=FACE_OUTER_BOUND('',#213,.T.);
#112=FACE_OUTER_BOUND('',#218,.T.);
#113=FACE_OUTER_BOUND('',#219,.T.);
#114=FACE_OUTER_BOUND('',#220,.T.);
#115=FACE_OUTER_BOUND('',#221,.T.);
#116=FACE_OUTER_BOUND('',#222,.T.);
#117=FACE_OUTER_BOUND('',#223,.T.);
#118=FACE_OUTER_BOUND('',#224,.T.);
#119=FACE_OUTER_BOUND('',#225,.T.);
#120=FACE_OUTER_BOUND('',#226,.T.);
#121=FACE_OUTER_BOUND('',#227,.T.);
#122=FACE_OUTER_BOUND('',#228,.T.);
#123=FACE_OUTER_BOUND('',#229,.T.);
#124=FACE_OUTER_BOUND('',#230,.T.);
#125=FACE_OUTER_BOUND('',#231,.T.);
#126=FACE_OUTER_BOUND('',#232,.T.);
#127=FACE_OUTER_BOUND('',#233,.T.);
#128=FACE_OUTER_BOUND('',#234,.T.);
#129=FACE_OUTER_BOUND('',#235,.T.);
#130=FACE_OUTER_BOUND('',#237,.T.);
#131=FACE_OUTER_BOUND('',#238,.T.);
#132=FACE_OUTER_BOUND('',#239,.T.);
#133=FACE_OUTER_BOUND('',#240,.T.);
#134=FACE_OUTER_BOUND('',#242,.T.);
#135=FACE_OUTER_BOUND('',#243,.T.);
#136=FACE_OUTER_BOUND('',#244,.T.);
#137=FACE_OUTER_BOUND('',#245,.T.);
#138=FACE_OUTER_BOUND('',#246,.T.);
#139=FACE_OUTER_BOUND('',#247,.T.);
#140=FACE_OUTER_BOUND('',#248,.T.);
#141=FACE_OUTER_BOUND('',#249,.T.);
#142=FACE_OUTER_BOUND('',#250,.T.);
#143=FACE_OUTER_BOUND('',#251,.T.);
#144=FACE_OUTER_BOUND('',#252,.T.);
#145=FACE_OUTER_BOUND('',#253,.T.);
#146=FACE_OUTER_BOUND('',#254,.T.);
#147=FACE_OUTER_BOUND('',#255,.T.);
#148=FACE_OUTER_BOUND('',#256,.T.);
#149=FACE_OUTER_BOUND('',#257,.T.);
#150=FACE_OUTER_BOUND('',#258,.T.);
#151=FACE_OUTER_BOUND('',#259,.T.);
#152=FACE_OUTER_BOUND('',#260,.T.);
#153=FACE_OUTER_BOUND('',#261,.T.);
#154=FACE_OUTER_BOUND('',#262,.T.);
#155=FACE_OUTER_BOUND('',#263,.T.);
#156=FACE_OUTER_BOUND('',#264,.T.);
#157=FACE_OUTER_BOUND('',#265,.T.);
#158=FACE_OUTER_BOUND('',#267,.T.);
#159=FACE_OUTER_BOUND('',#269,.T.);
#160=FACE_OUTER_BOUND('',#270,.T.);
#161=FACE_OUTER_BOUND('',#271,.T.);
#162=FACE_OUTER_BOUND('',#272,.T.);
#163=FACE_OUTER_BOUND('',#273,.T.);
#164=FACE_OUTER_BOUND('',#274,.T.);
#165=FACE_OUTER_BOUND('',#275,.T.);
#166=FACE_OUTER_BOUND('',#276,.T.);
#167=FACE_OUTER_BOUND('',#277,.T.);
#168=FACE_OUTER_BOUND('',#278,.T.);
#169=FACE_OUTER_BOUND('',#279,.T.);
#170=FACE_OUTER_BOUND('',#280,.T.);
#171=FACE_OUTER_BOUND('',#281,.T.);
#172=FACE_OUTER_BOUND('',#282,.T.);
#173=FACE_OUTER_BOUND('',#283,.T.);
#174=FACE_OUTER_BOUND('',#284,.T.);
#175=FACE_OUTER_BOUND('',#285,.T.);
#176=FACE_OUTER_BOUND('',#286,.T.);
#177=FACE_OUTER_BOUND('',#287,.T.);
#178=FACE_OUTER_BOUND('',#288,.T.);
#179=FACE_OUTER_BOUND('',#289,.T.);
#180=FACE_OUTER_BOUND('',#290,.T.);
#181=FACE_OUTER_BOUND('',#291,.T.);
#182=FACE_OUTER_BOUND('',#292,.T.);
#183=EDGE_LOOP('',(#963,#964,#965,#966));
#184=EDGE_LOOP('',(#967,#968,#969,#970));
#185=EDGE_LOOP('',(#971,#972,#973,#974));
#186=EDGE_LOOP('',(#975));
#187=EDGE_LOOP('',(#976));
#188=EDGE_LOOP('',(#977));
#189=EDGE_LOOP('',(#978));
#190=EDGE_LOOP('',(#979,#980,#981,#982));
#191=EDGE_LOOP('',(#983,#984,#985,#986));
#192=EDGE_LOOP('',(#987));
#193=EDGE_LOOP('',(#988));
#194=EDGE_LOOP('',(#989));
#195=EDGE_LOOP('',(#990));
#196=EDGE_LOOP('',(#991,#992,#993,#994));
#197=EDGE_LOOP('',(#995,#996,#997,#998));
#198=EDGE_LOOP('',(#999,#1000,#1001,#1002));
#199=EDGE_LOOP('',(#1003,#1004,#1005,#1006));
#200=EDGE_LOOP('',(#1007,#1008,#1009,#1010));
#201=EDGE_LOOP('',(#1011,#1012,#1013,#1014));
#202=EDGE_LOOP('',(#1015,#1016,#1017,#1018));
#203=EDGE_LOOP('',(#1019,#1020,#1021,#1022));
#204=EDGE_LOOP('',(#1023,#1024,#1025,#1026));
#205=EDGE_LOOP('',(#1027,#1028,#1029,#1030));
#206=EDGE_LOOP('',(#1031,#1032,#1033,#1034));
#207=EDGE_LOOP('',(#1035,#1036,#1037,#1038));
#208=EDGE_LOOP('',(#1039));
#209=EDGE_LOOP('',(#1040));
#210=EDGE_LOOP('',(#1041));
#211=EDGE_LOOP('',(#1042));
#212=EDGE_LOOP('',(#1043,#1044,#1045,#1046));
#213=EDGE_LOOP('',(#1047,#1048,#1049,#1050));
#214=EDGE_LOOP('',(#1051));
#215=EDGE_LOOP('',(#1052));
#216=EDGE_LOOP('',(#1053));
#217=EDGE_LOOP('',(#1054));
#218=EDGE_LOOP('',(#1055,#1056,#1057,#1058));
#219=EDGE_LOOP('',(#1059,#1060,#1061,#1062));
#220=EDGE_LOOP('',(#1063,#1064,#1065,#1066));
#221=EDGE_LOOP('',(#1067,#1068,#1069,#1070));
#222=EDGE_LOOP('',(#1071,#1072,#1073,#1074));
#223=EDGE_LOOP('',(#1075,#1076,#1077,#1078));
#224=EDGE_LOOP('',(#1079,#1080,#1081,#1082));
#225=EDGE_LOOP('',(#1083,#1084,#1085,#1086));
#226=EDGE_LOOP('',(#1087,#1088,#1089,#1090));
#227=EDGE_LOOP('',(#1091,#1092,#1093,#1094));
#228=EDGE_LOOP('',(#1095,#1096,#1097,#1098));
#229=EDGE_LOOP('',(#1099,#1100,#1101,#1102));
#230=EDGE_LOOP('',(#1103,#1104,#1105,#1106));
#231=EDGE_LOOP('',(#1107,#1108,#1109,#1110));
#232=EDGE_LOOP('',(#1111,#1112,#1113,#1114));
#233=EDGE_LOOP('',(#1115,#1116,#1117,#1118));
#234=EDGE_LOOP('',(#1119,#1120,#1121,#1122));
#235=EDGE_LOOP('',(#1123,#1124,#1125,#1126,#1127,#1128,#1129,#1130));
#236=EDGE_LOOP('',(#1131));
#237=EDGE_LOOP('',(#1132,#1133,#1134,#1135));
#238=EDGE_LOOP('',(#1136,#1137,#1138,#1139));
#239=EDGE_LOOP('',(#1140,#1141,#1142,#1143));
#240=EDGE_LOOP('',(#1144,#1145,#1146,#1147,#1148,#1149,#1150,#1151));
#241=EDGE_LOOP('',(#1152));
#242=EDGE_LOOP('',(#1153,#1154,#1155,#1156));
#243=EDGE_LOOP('',(#1157,#1158,#1159));
#244=EDGE_LOOP('',(#1160,#1161,#1162));
#245=EDGE_LOOP('',(#1163,#1164,#1165));
#246=EDGE_LOOP('',(#1166,#1167,#1168,#1169));
#247=EDGE_LOOP('',(#1170,#1171,#1172,#1173));
#248=EDGE_LOOP('',(#1174,#1175,#1176,#1177));
#249=EDGE_LOOP('',(#1178,#1179,#1180,#1181));
#250=EDGE_LOOP('',(#1182,#1183,#1184,#1185));
#251=EDGE_LOOP('',(#1186,#1187,#1188,#1189));
#252=EDGE_LOOP('',(#1190,#1191,#1192));
#253=EDGE_LOOP('',(#1193,#1194,#1195,#1196));
#254=EDGE_LOOP('',(#1197,#1198,#1199,#1200));
#255=EDGE_LOOP('',(#1201,#1202,#1203,#1204));
#256=EDGE_LOOP('',(#1205,#1206,#1207,#1208));
#257=EDGE_LOOP('',(#1209,#1210,#1211,#1212));
#258=EDGE_LOOP('',(#1213,#1214,#1215,#1216));
#259=EDGE_LOOP('',(#1217,#1218,#1219,#1220));
#260=EDGE_LOOP('',(#1221,#1222,#1223,#1224));
#261=EDGE_LOOP('',(#1225,#1226,#1227,#1228));
#262=EDGE_LOOP('',(#1229,#1230,#1231,#1232));
#263=EDGE_LOOP('',(#1233,#1234,#1235,#1236));
#264=EDGE_LOOP('',(#1237,#1238,#1239,#1240,#1241,#1242,#1243,#1244,#1245,
#1246));
#265=EDGE_LOOP('',(#1247,#1248,#1249,#1250,#1251,#1252));
#266=EDGE_LOOP('',(#1253));
#267=EDGE_LOOP('',(#1254,#1255,#1256,#1257,#1258,#1259));
#268=EDGE_LOOP('',(#1260));
#269=EDGE_LOOP('',(#1261,#1262,#1263,#1264,#1265,#1266));
#270=EDGE_LOOP('',(#1267,#1268,#1269,#1270));
#271=EDGE_LOOP('',(#1271,#1272,#1273,#1274));
#272=EDGE_LOOP('',(#1275,#1276,#1277,#1278));
#273=EDGE_LOOP('',(#1279,#1280,#1281,#1282,#1283,#1284));
#274=EDGE_LOOP('',(#1285,#1286,#1287,#1288));
#275=EDGE_LOOP('',(#1289,#1290,#1291,#1292));
#276=EDGE_LOOP('',(#1293,#1294,#1295,#1296));
#277=EDGE_LOOP('',(#1297,#1298,#1299,#1300,#1301,#1302));
#278=EDGE_LOOP('',(#1303,#1304,#1305,#1306));
#279=EDGE_LOOP('',(#1307,#1308,#1309,#1310));
#280=EDGE_LOOP('',(#1311,#1312,#1313,#1314));
#281=EDGE_LOOP('',(#1315,#1316,#1317,#1318,#1319,#1320));
#282=EDGE_LOOP('',(#1321,#1322,#1323,#1324));
#283=EDGE_LOOP('',(#1325,#1326,#1327,#1328));
#284=EDGE_LOOP('',(#1329,#1330,#1331,#1332));
#285=EDGE_LOOP('',(#1333,#1334,#1335,#1336,#1337,#1338,#1339,#1340,#1341,
#1342));
#286=EDGE_LOOP('',(#1343,#1344,#1345,#1346));
#287=EDGE_LOOP('',(#1347,#1348,#1349,#1350));
#288=EDGE_LOOP('',(#1351,#1352,#1353,#1354));
#289=EDGE_LOOP('',(#1355,#1356,#1357,#1358));
#290=EDGE_LOOP('',(#1359,#1360,#1361,#1362));
#291=EDGE_LOOP('',(#1363,#1364,#1365,#1366,#1367,#1368));
#292=EDGE_LOOP('',(#1369,#1370,#1371,#1372,#1373,#1374));
#293=LINE('',#2122,#435);
#294=LINE('',#2127,#436);
#295=LINE('',#2131,#437);
#296=LINE('',#2133,#438);
#297=LINE('',#2135,#439);
#298=LINE('',#2136,#440);
#299=LINE('',#2146,#441);
#300=LINE('',#2150,#442);
#301=LINE('',#2152,#443);
#302=LINE('',#2154,#444);
#303=LINE('',#2155,#445);
#304=LINE('',#2164,#446);
#305=LINE('',#2169,#447);
#306=LINE('',#2171,#448);
#307=LINE('',#2174,#449);
#308=LINE('',#2179,#450);
#309=LINE('',#2181,#451);
#310=LINE('',#2184,#452);
#311=LINE('',#2189,#453);
#312=LINE('',#2191,#454);
#313=LINE('',#2196,#455);
#314=LINE('',#2201,#456);
#315=LINE('',#2205,#457);
#316=LINE('',#2207,#458);
#317=LINE('',#2209,#459);
#318=LINE('',#2210,#460);
#319=LINE('',#2220,#461);
#320=LINE('',#2224,#462);
#321=LINE('',#2226,#463);
#322=LINE('',#2228,#464);
#323=LINE('',#2229,#465);
#324=LINE('',#2238,#466);
#325=LINE('',#2243,#467);
#326=LINE('',#2245,#468);
#327=LINE('',#2248,#469);
#328=LINE('',#2253,#470);
#329=LINE('',#2255,#471);
#330=LINE('',#2258,#472);
#331=LINE('',#2263,#473);
#332=LINE('',#2265,#474);
#333=LINE('',#2268,#475);
#334=LINE('',#2270,#476);
#335=LINE('',#2271,#477);
#336=LINE('',#2274,#478);
#337=LINE('',#2276,#479);
#338=LINE('',#2277,#480);
#339=LINE('',#2279,#481);
#340=LINE('',#2280,#482);
#341=LINE('',#2283,#483);
#342=LINE('',#2285,#484);
#343=LINE('',#2286,#485);
#344=LINE('',#2289,#486);
#345=LINE('',#2291,#487);
#346=LINE('',#2292,#488);
#347=LINE('',#2294,#489);
#348=LINE('',#2295,#490);
#349=LINE('',#2300,#491);
#350=LINE('',#2306,#492);
#351=LINE('',#2310,#493);
#352=LINE('',#2314,#494);
#353=LINE('',#2317,#495);
#354=LINE('',#2320,#496);
#355=LINE('',#2325,#497);
#356=LINE('',#2330,#498);
#357=LINE('',#2334,#499);
#358=LINE('',#2336,#500);
#359=LINE('',#2340,#501);
#360=LINE('',#2343,#502);
#361=LINE('',#2346,#503);
#362=LINE('',#2348,#504);
#363=LINE('',#2349,#505);
#364=LINE('',#2352,#506);
#365=LINE('',#2354,#507);
#366=LINE('',#2355,#508);
#367=LINE('',#2358,#509);
#368=LINE('',#2360,#510);
#369=LINE('',#2361,#511);
#370=LINE('',#2363,#512);
#371=LINE('',#2367,#513);
#372=LINE('',#2368,#514);
#373=LINE('',#2369,#515);
#374=LINE('',#2374,#516);
#375=LINE('',#2378,#517);
#376=LINE('',#2380,#518);
#377=LINE('',#2381,#519);
#378=LINE('',#2386,#520);
#379=LINE('',#2389,#521);
#380=LINE('',#2390,#522);
#381=LINE('',#2393,#523);
#382=LINE('',#2395,#524);
#383=LINE('',#2396,#525);
#384=LINE('',#2398,#526);
#385=LINE('',#2402,#527);
#386=LINE('',#2403,#528);
#387=LINE('',#2404,#529);
#388=LINE('',#2408,#530);
#389=LINE('',#2414,#531);
#390=LINE('',#2415,#532);
#391=LINE('',#2416,#533);
#392=LINE('',#2420,#534);
#393=LINE('',#2424,#535);
#394=LINE('',#2425,#536);
#395=LINE('',#2427,#537);
#396=LINE('',#2429,#538);
#397=LINE('',#2432,#539);
#398=LINE('',#2435,#540);
#399=LINE('',#2438,#541);
#400=LINE('',#2439,#542);
#401=LINE('',#2442,#543);
#402=LINE('',#2446,#544);
#403=LINE('',#2448,#545);
#404=LINE('',#2452,#546);
#405=LINE('',#2455,#547);
#406=LINE('',#2459,#548);
#407=LINE('',#2461,#549);
#408=LINE('',#2462,#550);
#409=LINE('',#2466,#551);
#410=LINE('',#2469,#552);
#411=LINE('',#2470,#553);
#412=LINE('',#2474,#554);
#413=LINE('',#2477,#555);
#414=LINE('',#2479,#556);
#415=LINE('',#2480,#557);
#416=LINE('',#2483,#558);
#417=LINE('',#2488,#559);
#418=LINE('',#2489,#560);
#419=LINE('',#2493,#561);
#420=LINE('',#2497,#562);
#421=LINE('',#2498,#563);
#422=LINE('',#2499,#564);
#423=LINE('',#2501,#565);
#424=LINE('',#2503,#566);
#425=LINE('',#2505,#567);
#426=LINE('',#2508,#568);
#427=LINE('',#2509,#569);
#428=LINE('',#2511,#570);
#429=LINE('',#2514,#571);
#430=LINE('',#2518,#572);
#431=LINE('',#2520,#573);
#432=LINE('',#2522,#574);
#433=LINE('',#2525,#575);
#434=LINE('',#2527,#576);
#435=VECTOR('',#1671,1.8);
#436=VECTOR('',#1678,1.54999999999999);
#437=VECTOR('',#1681,10.);
#438=VECTOR('',#1682,10.);
#439=VECTOR('',#1683,10.);
#440=VECTOR('',#1684,10.);
#441=VECTOR('',#1695,1.8);
#442=VECTOR('',#1698,10.);
#443=VECTOR('',#1699,10.);
#444=VECTOR('',#1700,10.);
#445=VECTOR('',#1701,10.);
#446=VECTOR('',#1710,1.8);
#447=VECTOR('',#1717,1.55);
#448=VECTOR('',#1720,1.8);
#449=VECTOR('',#1723,1.8);
#450=VECTOR('',#1730,1.55);
#451=VECTOR('',#1733,1.8);
#452=VECTOR('',#1736,1.8);
#453=VECTOR('',#1743,1.54999999999999);
#454=VECTOR('',#1746,1.8);
#455=VECTOR('',#1751,1.8);
#456=VECTOR('',#1758,1.54999999999999);
#457=VECTOR('',#1761,10.);
#458=VECTOR('',#1762,10.);
#459=VECTOR('',#1763,10.);
#460=VECTOR('',#1764,10.);
#461=VECTOR('',#1775,1.8);
#462=VECTOR('',#1778,10.);
#463=VECTOR('',#1779,10.);
#464=VECTOR('',#1780,10.);
#465=VECTOR('',#1781,10.);
#466=VECTOR('',#1790,1.8);
#467=VECTOR('',#1797,1.55);
#468=VECTOR('',#1800,1.8);
#469=VECTOR('',#1803,1.8);
#470=VECTOR('',#1810,1.55);
#471=VECTOR('',#1813,1.8);
#472=VECTOR('',#1816,1.8);
#473=VECTOR('',#1823,1.54999999999999);
#474=VECTOR('',#1826,1.8);
#475=VECTOR('',#1829,10.);
#476=VECTOR('',#1830,10.);
#477=VECTOR('',#1831,10.);
#478=VECTOR('',#1834,10.);
#479=VECTOR('',#1835,10.);
#480=VECTOR('',#1836,10.);
#481=VECTOR('',#1839,10.);
#482=VECTOR('',#1840,10.);
#483=VECTOR('',#1843,10.);
#484=VECTOR('',#1844,10.);
#485=VECTOR('',#1845,10.);
#486=VECTOR('',#1848,10.);
#487=VECTOR('',#1849,10.);
#488=VECTOR('',#1850,10.);
#489=VECTOR('',#1853,10.);
#490=VECTOR('',#1854,10.);
#491=VECTOR('',#1859,3.99999999999998);
#492=VECTOR('',#1866,3.99999999999997);
#493=VECTOR('',#1871,10.);
#494=VECTOR('',#1874,10.);
#495=VECTOR('',#1877,10.);
#496=VECTOR('',#1880,3.75);
#497=VECTOR('',#1887,4.);
#498=VECTOR('',#1892,4.);
#499=VECTOR('',#1897,10.);
#500=VECTOR('',#1898,10.);
#501=VECTOR('',#1901,10.);
#502=VECTOR('',#1906,3.75);
#503=VECTOR('',#1909,10.);
#504=VECTOR('',#1910,10.);
#505=VECTOR('',#1911,10.);
#506=VECTOR('',#1914,10.);
#507=VECTOR('',#1915,10.);
#508=VECTOR('',#1916,10.);
#509=VECTOR('',#1919,10.);
#510=VECTOR('',#1920,10.);
#511=VECTOR('',#1921,10.);
#512=VECTOR('',#1924,10.);
#513=VECTOR('',#1927,10.);
#514=VECTOR('',#1928,10.);
#515=VECTOR('',#1929,10.);
#516=VECTOR('',#1934,10.);
#517=VECTOR('',#1939,10.);
#518=VECTOR('',#1940,10.);
#519=VECTOR('',#1941,10.);
#520=VECTOR('',#1946,10.);
#521=VECTOR('',#1951,10.);
#522=VECTOR('',#1952,10.);
#523=VECTOR('',#1955,10.);
#524=VECTOR('',#1956,10.);
#525=VECTOR('',#1957,10.);
#526=VECTOR('',#1960,10.);
#527=VECTOR('',#1963,10.);
#528=VECTOR('',#1964,10.);
#529=VECTOR('',#1965,10.);
#530=VECTOR('',#1968,10.);
#531=VECTOR('',#1975,10.);
#532=VECTOR('',#1976,10.);
#533=VECTOR('',#1977,10.);
#534=VECTOR('',#1980,10.);
#535=VECTOR('',#1987,10.);
#536=VECTOR('',#1988,10.);
#537=VECTOR('',#1991,10.);
#538=VECTOR('',#1994,10.);
#539=VECTOR('',#1997,10.);
#540=VECTOR('',#2000,10.);
#541=VECTOR('',#2003,10.);
#542=VECTOR('',#2004,10.);
#543=VECTOR('',#2007,10.);
#544=VECTOR('',#2012,10.);
#545=VECTOR('',#2013,10.);
#546=VECTOR('',#2016,10.);
#547=VECTOR('',#2019,10.);
#548=VECTOR('',#2026,10.);
#549=VECTOR('',#2027,10.);
#550=VECTOR('',#2028,10.);
#551=VECTOR('',#2033,10.);
#552=VECTOR('',#2036,10.);
#553=VECTOR('',#2037,10.);
#554=VECTOR('',#2042,10.);
#555=VECTOR('',#2045,10.);
#556=VECTOR('',#2046,10.);
#557=VECTOR('',#2047,10.);
#558=VECTOR('',#2050,10.);
#559=VECTOR('',#2057,10.);
#560=VECTOR('',#2058,10.);
#561=VECTOR('',#2061,10.);
#562=VECTOR('',#2068,10.);
#563=VECTOR('',#2069,10.);
#564=VECTOR('',#2070,10.);
#565=VECTOR('',#2073,10.);
#566=VECTOR('',#2076,10.);
#567=VECTOR('',#2079,10.);
#568=VECTOR('',#2082,10.);
#569=VECTOR('',#2083,10.);
#570=VECTOR('',#2086,10.);
#571=VECTOR('',#2091,10.);
#572=VECTOR('',#2098,10.);
#573=VECTOR('',#2101,10.);
#574=VECTOR('',#2104,10.);
#575=VECTOR('',#2109,10.);
#576=VECTOR('',#2112,10.);
#577=CIRCLE('',#1512,2.05);
#578=CIRCLE('',#1513,1.54999999999999);
#579=CIRCLE('',#1515,1.54999999999999);
#580=CIRCLE('',#1517,2.05);
#581=CIRCLE('',#1518,2.05);
#582=CIRCLE('',#1519,2.05);
#583=CIRCLE('',#1521,2.05);
#584=CIRCLE('',#1523,2.05);
#585=CIRCLE('',#1524,2.05);
#586=CIRCLE('',#1525,2.05);
#587=CIRCLE('',#1527,1.55);
#588=CIRCLE('',#1529,1.55);
#589=CIRCLE('',#1532,1.55);
#590=CIRCLE('',#1534,1.55);
#591=CIRCLE('',#1537,1.54999999999999);
#592=CIRCLE('',#1539,1.54999999999999);
#593=CIRCLE('',#1542,2.05);
#594=CIRCLE('',#1543,1.54999999999999);
#595=CIRCLE('',#1545,1.54999999999999);
#596=CIRCLE('',#1547,2.05);
#597=CIRCLE('',#1548,2.05);
#598=CIRCLE('',#1549,2.05);
#599=CIRCLE('',#1551,2.05);
#600=CIRCLE('',#1553,2.05);
#601=CIRCLE('',#1554,2.05);
#602=CIRCLE('',#1555,2.05);
#603=CIRCLE('',#1557,1.55);
#604=CIRCLE('',#1559,1.55);
#605=CIRCLE('',#1562,1.55);
#606=CIRCLE('',#1564,1.55);
#607=CIRCLE('',#1567,1.54999999999999);
#608=CIRCLE('',#1569,1.54999999999999);
#609=CIRCLE('',#1578,4.25000000000001);
#610=CIRCLE('',#1579,3.75);
#611=CIRCLE('',#1581,4.24999999999999);
#612=CIRCLE('',#1582,3.75);
#613=CIRCLE('',#1584,7.);
#614=CIRCLE('',#1585,7.);
#615=CIRCLE('',#1587,3.75);
#616=CIRCLE('',#1589,4.25000000000001);
#617=CIRCLE('',#1591,4.25000000000001);
#618=CIRCLE('',#1592,3.75);
#619=CIRCLE('',#1594,7.);
#620=CIRCLE('',#1595,7.);
#621=CIRCLE('',#1603,8.);
#622=CIRCLE('',#1604,7.);
#623=CIRCLE('',#1607,8.);
#624=CIRCLE('',#1608,7.);
#625=CIRCLE('',#1614,8.);
#626=CIRCLE('',#1615,7.);
#627=CIRCLE('',#1618,8.);
#628=CIRCLE('',#1619,7.);
#629=CIRCLE('',#1624,8.);
#630=CIRCLE('',#1627,8.);
#631=CIRCLE('',#1629,2.00000000000001);
#632=CIRCLE('',#1630,2.);
#633=CIRCLE('',#1635,8.);
#634=CIRCLE('',#1638,8.);
#635=CIRCLE('',#1641,1.);
#636=CIRCLE('',#1642,2.);
#637=CIRCLE('',#1645,1.);
#638=CIRCLE('',#1646,2.);
#639=CIRCLE('',#1653,1.);
#640=CIRCLE('',#1656,1.);
#641=VERTEX_POINT('',#2119);
#642=VERTEX_POINT('',#2121);
#643=VERTEX_POINT('',#2125);
#644=VERTEX_POINT('',#2129);
#645=VERTEX_POINT('',#2130);
#646=VERTEX_POINT('',#2132);
#647=VERTEX_POINT('',#2134);
#648=VERTEX_POINT('',#2137);
#649=VERTEX_POINT('',#2139);
#650=VERTEX_POINT('',#2141);
#651=VERTEX_POINT('',#2144);
#652=VERTEX_POINT('',#2148);
#653=VERTEX_POINT('',#2149);
#654=VERTEX_POINT('',#2151);
#655=VERTEX_POINT('',#2153);
#656=VERTEX_POINT('',#2156);
#657=VERTEX_POINT('',#2158);
#658=VERTEX_POINT('',#2160);
#659=VERTEX_POINT('',#2163);
#660=VERTEX_POINT('',#2167);
#661=VERTEX_POINT('',#2173);
#662=VERTEX_POINT('',#2177);
#663=VERTEX_POINT('',#2183);
#664=VERTEX_POINT('',#2187);
#665=VERTEX_POINT('',#2193);
#666=VERTEX_POINT('',#2195);
#667=VERTEX_POINT('',#2199);
#668=VERTEX_POINT('',#2203);
#669=VERTEX_POINT('',#2204);
#670=VERTEX_POINT('',#2206);
#671=VERTEX_POINT('',#2208);
#672=VERTEX_POINT('',#2211);
#673=VERTEX_POINT('',#2213);
#674=VERTEX_POINT('',#2215);
#675=VERTEX_POINT('',#2218);
#676=VERTEX_POINT('',#2222);
#677=VERTEX_POINT('',#2223);
#678=VERTEX_POINT('',#2225);
#679=VERTEX_POINT('',#2227);
#680=VERTEX_POINT('',#2230);
#681=VERTEX_POINT('',#2232);
#682=VERTEX_POINT('',#2234);
#683=VERTEX_POINT('',#2237);
#684=VERTEX_POINT('',#2241);
#685=VERTEX_POINT('',#2247);
#686=VERTEX_POINT('',#2251);
#687=VERTEX_POINT('',#2257);
#688=VERTEX_POINT('',#2261);
#689=VERTEX_POINT('',#2267);
#690=VERTEX_POINT('',#2269);
#691=VERTEX_POINT('',#2273);
#692=VERTEX_POINT('',#2275);
#693=VERTEX_POINT('',#2282);
#694=VERTEX_POINT('',#2284);
#695=VERTEX_POINT('',#2288);
#696=VERTEX_POINT('',#2290);
#697=VERTEX_POINT('',#2297);
#698=VERTEX_POINT('',#2299);
#699=VERTEX_POINT('',#2303);
#700=VERTEX_POINT('',#2305);
#701=VERTEX_POINT('',#2309);
#702=VERTEX_POINT('',#2311);
#703=VERTEX_POINT('',#2313);
#704=VERTEX_POINT('',#2315);
#705=VERTEX_POINT('',#2319);
#706=VERTEX_POINT('',#2323);
#707=VERTEX_POINT('',#2327);
#708=VERTEX_POINT('',#2329);
#709=VERTEX_POINT('',#2333);
#710=VERTEX_POINT('',#2335);
#711=VERTEX_POINT('',#2337);
#712=VERTEX_POINT('',#2339);
#713=VERTEX_POINT('',#2345);
#714=VERTEX_POINT('',#2347);
#715=VERTEX_POINT('',#2351);
#716=VERTEX_POINT('',#2353);
#717=VERTEX_POINT('',#2357);
#718=VERTEX_POINT('',#2359);
#719=VERTEX_POINT('',#2365);
#720=VERTEX_POINT('',#2366);
#721=VERTEX_POINT('',#2371);
#722=VERTEX_POINT('',#2373);
#723=VERTEX_POINT('',#2377);
#724=VERTEX_POINT('',#2379);
#725=VERTEX_POINT('',#2383);
#726=VERTEX_POINT('',#2385);
#727=VERTEX_POINT('',#2392);
#728=VERTEX_POINT('',#2394);
#729=VERTEX_POINT('',#2400);
#730=VERTEX_POINT('',#2401);
#731=VERTEX_POINT('',#2406);
#732=VERTEX_POINT('',#2407);
#733=VERTEX_POINT('',#2412);
#734=VERTEX_POINT('',#2413);
#735=VERTEX_POINT('',#2418);
#736=VERTEX_POINT('',#2419);
#737=VERTEX_POINT('',#2431);
#738=VERTEX_POINT('',#2433);
#739=VERTEX_POINT('',#2437);
#740=VERTEX_POINT('',#2441);
#741=VERTEX_POINT('',#2445);
#742=VERTEX_POINT('',#2447);
#743=VERTEX_POINT('',#2449);
#744=VERTEX_POINT('',#2451);
#745=VERTEX_POINT('',#2453);
#746=VERTEX_POINT('',#2460);
#747=VERTEX_POINT('',#2464);
#748=VERTEX_POINT('',#2468);
#749=VERTEX_POINT('',#2472);
#750=VERTEX_POINT('',#2476);
#751=VERTEX_POINT('',#2478);
#752=VERTEX_POINT('',#2482);
#753=VERTEX_POINT('',#2487);
#754=VERTEX_POINT('',#2491);
#755=VERTEX_POINT('',#2492);
#756=VERTEX_POINT('',#2507);
#757=EDGE_CURVE('',#641,#641,#577,.T.);
#758=EDGE_CURVE('',#641,#642,#293,.T.);
#759=EDGE_CURVE('',#642,#642,#578,.T.);
#760=EDGE_CURVE('',#643,#643,#579,.T.);
#761=EDGE_CURVE('',#643,#642,#294,.T.);
#762=EDGE_CURVE('',#644,#645,#295,.T.);
#763=EDGE_CURVE('',#646,#644,#296,.T.);
#764=EDGE_CURVE('',#647,#646,#297,.T.);
#765=EDGE_CURVE('',#645,#647,#298,.T.);
#766=EDGE_CURVE('',#648,#648,#580,.T.);
#767=EDGE_CURVE('',#649,#649,#581,.T.);
#768=EDGE_CURVE('',#650,#650,#582,.T.);
#769=EDGE_CURVE('',#651,#651,#583,.T.);
#770=EDGE_CURVE('',#651,#643,#299,.T.);
#771=EDGE_CURVE('',#652,#653,#300,.T.);
#772=EDGE_CURVE('',#654,#652,#301,.T.);
#773=EDGE_CURVE('',#655,#654,#302,.T.);
#774=EDGE_CURVE('',#653,#655,#303,.T.);
#775=EDGE_CURVE('',#656,#656,#584,.T.);
#776=EDGE_CURVE('',#657,#657,#585,.T.);
#777=EDGE_CURVE('',#658,#658,#586,.T.);
#778=EDGE_CURVE('',#648,#659,#304,.T.);
#779=EDGE_CURVE('',#659,#659,#587,.T.);
#780=EDGE_CURVE('',#660,#660,#588,.T.);
#781=EDGE_CURVE('',#660,#659,#305,.T.);
#782=EDGE_CURVE('',#656,#660,#306,.T.);
#783=EDGE_CURVE('',#650,#661,#307,.T.);
#784=EDGE_CURVE('',#661,#661,#589,.T.);
#785=EDGE_CURVE('',#662,#662,#590,.T.);
#786=EDGE_CURVE('',#662,#661,#308,.T.);
#787=EDGE_CURVE('',#658,#662,#309,.T.);
#788=EDGE_CURVE('',#649,#663,#310,.T.);
#789=EDGE_CURVE('',#663,#663,#591,.T.);
#790=EDGE_CURVE('',#664,#664,#592,.T.);
#791=EDGE_CURVE('',#664,#663,#311,.T.);
#792=EDGE_CURVE('',#657,#664,#312,.T.);
#793=EDGE_CURVE('',#665,#665,#593,.T.);
#794=EDGE_CURVE('',#665,#666,#313,.T.);
#795=EDGE_CURVE('',#666,#666,#594,.T.);
#796=EDGE_CURVE('',#667,#667,#595,.T.);
#797=EDGE_CURVE('',#667,#666,#314,.T.);
#798=EDGE_CURVE('',#668,#669,#315,.T.);
#799=EDGE_CURVE('',#670,#668,#316,.T.);
#800=EDGE_CURVE('',#671,#670,#317,.T.);
#801=EDGE_CURVE('',#669,#671,#318,.T.);
#802=EDGE_CURVE('',#672,#672,#596,.T.);
#803=EDGE_CURVE('',#673,#673,#597,.T.);
#804=EDGE_CURVE('',#674,#674,#598,.T.);
#805=EDGE_CURVE('',#675,#675,#599,.T.);
#806=EDGE_CURVE('',#675,#667,#319,.T.);
#807=EDGE_CURVE('',#676,#677,#320,.T.);
#808=EDGE_CURVE('',#678,#676,#321,.T.);
#809=EDGE_CURVE('',#679,#678,#322,.T.);
#810=EDGE_CURVE('',#677,#679,#323,.T.);
#811=EDGE_CURVE('',#680,#680,#600,.T.);
#812=EDGE_CURVE('',#681,#681,#601,.T.);
#813=EDGE_CURVE('',#682,#682,#602,.T.);
#814=EDGE_CURVE('',#672,#683,#324,.T.);
#815=EDGE_CURVE('',#683,#683,#603,.T.);
#816=EDGE_CURVE('',#684,#684,#604,.T.);
#817=EDGE_CURVE('',#684,#683,#325,.T.);
#818=EDGE_CURVE('',#680,#684,#326,.T.);
#819=EDGE_CURVE('',#674,#685,#327,.T.);
#820=EDGE_CURVE('',#685,#685,#605,.T.);
#821=EDGE_CURVE('',#686,#686,#606,.T.);
#822=EDGE_CURVE('',#686,#685,#328,.T.);
#823=EDGE_CURVE('',#682,#686,#329,.T.);
#824=EDGE_CURVE('',#673,#687,#330,.T.);
#825=EDGE_CURVE('',#687,#687,#607,.T.);
#826=EDGE_CURVE('',#688,#688,#608,.T.);
#827=EDGE_CURVE('',#688,#687,#331,.T.);
#828=EDGE_CURVE('',#681,#688,#332,.T.);
#829=EDGE_CURVE('',#669,#689,#333,.F.);
#830=EDGE_CURVE('',#689,#690,#334,.T.);
#831=EDGE_CURVE('',#668,#690,#335,.T.);
#832=EDGE_CURVE('',#691,#676,#336,.F.);
#833=EDGE_CURVE('',#692,#677,#337,.T.);
#834=EDGE_CURVE('',#692,#691,#338,.T.);
#835=EDGE_CURVE('',#691,#689,#339,.T.);
#836=EDGE_CURVE('',#690,#692,#340,.T.);
#837=EDGE_CURVE('',#693,#679,#341,.F.);
#838=EDGE_CURVE('',#694,#678,#342,.T.);
#839=EDGE_CURVE('',#694,#693,#343,.T.);
#840=EDGE_CURVE('',#695,#694,#344,.T.);
#841=EDGE_CURVE('',#696,#695,#345,.T.);
#842=EDGE_CURVE('',#693,#696,#346,.T.);
#843=EDGE_CURVE('',#670,#696,#347,.F.);
#844=EDGE_CURVE('',#671,#695,#348,.T.);
#845=EDGE_CURVE('',#697,#697,#609,.T.);
#846=EDGE_CURVE('',#697,#698,#349,.T.);
#847=EDGE_CURVE('',#698,#698,#610,.T.);
#848=EDGE_CURVE('',#699,#699,#611,.T.);
#849=EDGE_CURVE('',#699,#700,#350,.T.);
#850=EDGE_CURVE('',#700,#700,#612,.T.);
#851=EDGE_CURVE('',#701,#693,#351,.T.);
#852=EDGE_CURVE('',#702,#701,#613,.T.);
#853=EDGE_CURVE('',#703,#702,#352,.T.);
#854=EDGE_CURVE('',#704,#703,#614,.T.);
#855=EDGE_CURVE('',#692,#704,#353,.T.);
#856=EDGE_CURVE('',#700,#705,#354,.T.);
#857=EDGE_CURVE('',#705,#705,#615,.T.);
#858=EDGE_CURVE('',#706,#706,#616,.T.);
#859=EDGE_CURVE('',#706,#705,#355,.T.);
#860=EDGE_CURVE('',#707,#707,#617,.T.);
#861=EDGE_CURVE('',#707,#708,#356,.T.);
#862=EDGE_CURVE('',#708,#708,#618,.T.);
#863=EDGE_CURVE('',#694,#709,#357,.T.);
#864=EDGE_CURVE('',#710,#691,#358,.T.);
#865=EDGE_CURVE('',#711,#710,#619,.T.);
#866=EDGE_CURVE('',#712,#711,#359,.T.);
#867=EDGE_CURVE('',#709,#712,#620,.T.);
#868=EDGE_CURVE('',#698,#708,#360,.T.);
#869=EDGE_CURVE('',#645,#713,#361,.T.);
#870=EDGE_CURVE('',#714,#645,#362,.T.);
#871=EDGE_CURVE('',#713,#714,#363,.T.);
#872=EDGE_CURVE('',#647,#715,#364,.T.);
#873=EDGE_CURVE('',#716,#647,#365,.T.);
#874=EDGE_CURVE('',#715,#716,#366,.T.);
#875=EDGE_CURVE('',#644,#717,#367,.T.);
#876=EDGE_CURVE('',#718,#644,#368,.T.);
#877=EDGE_CURVE('',#717,#718,#369,.T.);
#878=EDGE_CURVE('',#713,#718,#370,.T.);
#879=EDGE_CURVE('',#719,#720,#371,.T.);
#880=EDGE_CURVE('',#720,#713,#372,.T.);
#881=EDGE_CURVE('',#714,#719,#373,.T.);
#882=EDGE_CURVE('',#719,#721,#621,.T.);
#883=EDGE_CURVE('',#721,#722,#374,.T.);
#884=EDGE_CURVE('',#722,#720,#622,.T.);
#885=EDGE_CURVE('',#721,#723,#375,.T.);
#886=EDGE_CURVE('',#723,#724,#376,.T.);
#887=EDGE_CURVE('',#724,#722,#377,.T.);
#888=EDGE_CURVE('',#723,#725,#623,.T.);
#889=EDGE_CURVE('',#725,#726,#378,.T.);
#890=EDGE_CURVE('',#726,#724,#624,.T.);
#891=EDGE_CURVE('',#725,#717,#379,.T.);
#892=EDGE_CURVE('',#718,#726,#380,.T.);
#893=EDGE_CURVE('',#646,#727,#381,.T.);
#894=EDGE_CURVE('',#728,#646,#382,.T.);
#895=EDGE_CURVE('',#727,#728,#383,.T.);
#896=EDGE_CURVE('',#717,#728,#384,.T.);
#897=EDGE_CURVE('',#729,#730,#385,.T.);
#898=EDGE_CURVE('',#730,#715,#386,.T.);
#899=EDGE_CURVE('',#716,#729,#387,.T.);
#900=EDGE_CURVE('',#731,#732,#388,.T.);
#901=EDGE_CURVE('',#732,#730,#625,.T.);
#902=EDGE_CURVE('',#729,#731,#626,.T.);
#903=EDGE_CURVE('',#733,#734,#389,.T.);
#904=EDGE_CURVE('',#734,#732,#390,.T.);
#905=EDGE_CURVE('',#731,#733,#391,.T.);
#906=EDGE_CURVE('',#735,#736,#392,.T.);
#907=EDGE_CURVE('',#736,#734,#627,.T.);
#908=EDGE_CURVE('',#733,#735,#628,.T.);
#909=EDGE_CURVE('',#735,#727,#393,.T.);
#910=EDGE_CURVE('',#728,#736,#394,.T.);
#911=EDGE_CURVE('',#727,#716,#395,.T.);
#912=EDGE_CURVE('',#715,#714,#396,.T.);
#913=EDGE_CURVE('',#723,#737,#397,.T.);
#914=EDGE_CURVE('',#738,#737,#629,.T.);
#915=EDGE_CURVE('',#738,#725,#398,.T.);
#916=EDGE_CURVE('',#739,#721,#399,.T.);
#917=EDGE_CURVE('',#737,#739,#400,.T.);
#918=EDGE_CURVE('',#719,#740,#401,.T.);
#919=EDGE_CURVE('',#739,#740,#630,.T.);
#920=EDGE_CURVE('',#741,#730,#402,.T.);
#921=EDGE_CURVE('',#742,#741,#403,.T.);
#922=EDGE_CURVE('',#743,#742,#631,.T.);
#923=EDGE_CURVE('',#744,#743,#404,.T.);
#924=EDGE_CURVE('',#745,#744,#632,.T.);
#925=EDGE_CURVE('',#740,#745,#405,.T.);
#926=EDGE_CURVE('',#741,#710,#406,.T.);
#927=EDGE_CURVE('',#689,#746,#407,.T.);
#928=EDGE_CURVE('',#746,#742,#408,.T.);
#929=EDGE_CURVE('',#741,#747,#633,.T.);
#930=EDGE_CURVE('',#747,#711,#409,.T.);
#931=EDGE_CURVE('',#747,#748,#410,.T.);
#932=EDGE_CURVE('',#748,#712,#411,.T.);
#933=EDGE_CURVE('',#748,#749,#634,.T.);
#934=EDGE_CURVE('',#749,#709,#412,.T.);
#935=EDGE_CURVE('',#749,#750,#413,.T.);
#936=EDGE_CURVE('',#750,#751,#414,.T.);
#937=EDGE_CURVE('',#751,#695,#415,.T.);
#938=EDGE_CURVE('',#752,#653,#416,.T.);
#939=EDGE_CURVE('',#653,#751,#635,.T.);
#940=EDGE_CURVE('',#750,#752,#636,.T.);
#941=EDGE_CURVE('',#753,#652,#417,.T.);
#942=EDGE_CURVE('',#752,#753,#418,.T.);
#943=EDGE_CURVE('',#754,#755,#419,.T.);
#944=EDGE_CURVE('',#755,#652,#637,.T.);
#945=EDGE_CURVE('',#753,#754,#638,.T.);
#946=EDGE_CURVE('',#738,#701,#420,.T.);
#947=EDGE_CURVE('',#696,#755,#421,.T.);
#948=EDGE_CURVE('',#754,#738,#422,.T.);
#949=EDGE_CURVE('',#737,#702,#423,.T.);
#950=EDGE_CURVE('',#739,#703,#424,.T.);
#951=EDGE_CURVE('',#740,#704,#425,.T.);
#952=EDGE_CURVE('',#745,#756,#426,.T.);
#953=EDGE_CURVE('',#756,#690,#427,.T.);
#954=EDGE_CURVE('',#744,#654,#428,.T.);
#955=EDGE_CURVE('',#654,#756,#639,.T.);
#956=EDGE_CURVE('',#743,#655,#429,.T.);
#957=EDGE_CURVE('',#746,#655,#640,.T.);
#958=EDGE_CURVE('',#736,#749,#430,.T.);
#959=EDGE_CURVE('',#748,#734,#431,.T.);
#960=EDGE_CURVE('',#732,#747,#432,.T.);
#961=EDGE_CURVE('',#746,#751,#433,.T.);
#962=EDGE_CURVE('',#755,#756,#434,.T.);
#963=ORIENTED_EDGE('',*,*,#757,.T.);
#964=ORIENTED_EDGE('',*,*,#758,.T.);
#965=ORIENTED_EDGE('',*,*,#759,.T.);
#966=ORIENTED_EDGE('',*,*,#758,.F.);
#967=ORIENTED_EDGE('',*,*,#760,.F.);
#968=ORIENTED_EDGE('',*,*,#761,.T.);
#969=ORIENTED_EDGE('',*,*,#759,.F.);
#970=ORIENTED_EDGE('',*,*,#761,.F.);
#971=ORIENTED_EDGE('',*,*,#762,.F.);
#972=ORIENTED_EDGE('',*,*,#763,.F.);
#973=ORIENTED_EDGE('',*,*,#764,.F.);
#974=ORIENTED_EDGE('',*,*,#765,.F.);
#975=ORIENTED_EDGE('',*,*,#766,.F.);
#976=ORIENTED_EDGE('',*,*,#767,.F.);
#977=ORIENTED_EDGE('',*,*,#768,.F.);
#978=ORIENTED_EDGE('',*,*,#757,.F.);
#979=ORIENTED_EDGE('',*,*,#769,.T.);
#980=ORIENTED_EDGE('',*,*,#770,.T.);
#981=ORIENTED_EDGE('',*,*,#760,.T.);
#982=ORIENTED_EDGE('',*,*,#770,.F.);
#983=ORIENTED_EDGE('',*,*,#771,.F.);
#984=ORIENTED_EDGE('',*,*,#772,.F.);
#985=ORIENTED_EDGE('',*,*,#773,.F.);
#986=ORIENTED_EDGE('',*,*,#774,.F.);
#987=ORIENTED_EDGE('',*,*,#775,.F.);
#988=ORIENTED_EDGE('',*,*,#776,.F.);
#989=ORIENTED_EDGE('',*,*,#777,.F.);
#990=ORIENTED_EDGE('',*,*,#769,.F.);
#991=ORIENTED_EDGE('',*,*,#766,.T.);
#992=ORIENTED_EDGE('',*,*,#778,.T.);
#993=ORIENTED_EDGE('',*,*,#779,.T.);
#994=ORIENTED_EDGE('',*,*,#778,.F.);
#995=ORIENTED_EDGE('',*,*,#780,.F.);
#996=ORIENTED_EDGE('',*,*,#781,.T.);
#997=ORIENTED_EDGE('',*,*,#779,.F.);
#998=ORIENTED_EDGE('',*,*,#781,.F.);
#999=ORIENTED_EDGE('',*,*,#775,.T.);
#1000=ORIENTED_EDGE('',*,*,#782,.T.);
#1001=ORIENTED_EDGE('',*,*,#780,.T.);
#1002=ORIENTED_EDGE('',*,*,#782,.F.);
#1003=ORIENTED_EDGE('',*,*,#768,.T.);
#1004=ORIENTED_EDGE('',*,*,#783,.T.);
#1005=ORIENTED_EDGE('',*,*,#784,.T.);
#1006=ORIENTED_EDGE('',*,*,#783,.F.);
#1007=ORIENTED_EDGE('',*,*,#785,.F.);
#1008=ORIENTED_EDGE('',*,*,#786,.T.);
#1009=ORIENTED_EDGE('',*,*,#784,.F.);
#1010=ORIENTED_EDGE('',*,*,#786,.F.);
#1011=ORIENTED_EDGE('',*,*,#777,.T.);
#1012=ORIENTED_EDGE('',*,*,#787,.T.);
#1013=ORIENTED_EDGE('',*,*,#785,.T.);
#1014=ORIENTED_EDGE('',*,*,#787,.F.);
#1015=ORIENTED_EDGE('',*,*,#767,.T.);
#1016=ORIENTED_EDGE('',*,*,#788,.T.);
#1017=ORIENTED_EDGE('',*,*,#789,.T.);
#1018=ORIENTED_EDGE('',*,*,#788,.F.);
#1019=ORIENTED_EDGE('',*,*,#790,.F.);
#1020=ORIENTED_EDGE('',*,*,#791,.T.);
#1021=ORIENTED_EDGE('',*,*,#789,.F.);
#1022=ORIENTED_EDGE('',*,*,#791,.F.);
#1023=ORIENTED_EDGE('',*,*,#776,.T.);
#1024=ORIENTED_EDGE('',*,*,#792,.T.);
#1025=ORIENTED_EDGE('',*,*,#790,.T.);
#1026=ORIENTED_EDGE('',*,*,#792,.F.);
#1027=ORIENTED_EDGE('',*,*,#793,.T.);
#1028=ORIENTED_EDGE('',*,*,#794,.T.);
#1029=ORIENTED_EDGE('',*,*,#795,.T.);
#1030=ORIENTED_EDGE('',*,*,#794,.F.);
#1031=ORIENTED_EDGE('',*,*,#796,.F.);
#1032=ORIENTED_EDGE('',*,*,#797,.T.);
#1033=ORIENTED_EDGE('',*,*,#795,.F.);
#1034=ORIENTED_EDGE('',*,*,#797,.F.);
#1035=ORIENTED_EDGE('',*,*,#798,.F.);
#1036=ORIENTED_EDGE('',*,*,#799,.F.);
#1037=ORIENTED_EDGE('',*,*,#800,.F.);
#1038=ORIENTED_EDGE('',*,*,#801,.F.);
#1039=ORIENTED_EDGE('',*,*,#802,.F.);
#1040=ORIENTED_EDGE('',*,*,#803,.F.);
#1041=ORIENTED_EDGE('',*,*,#804,.F.);
#1042=ORIENTED_EDGE('',*,*,#793,.F.);
#1043=ORIENTED_EDGE('',*,*,#805,.T.);
#1044=ORIENTED_EDGE('',*,*,#806,.T.);
#1045=ORIENTED_EDGE('',*,*,#796,.T.);
#1046=ORIENTED_EDGE('',*,*,#806,.F.);
#1047=ORIENTED_EDGE('',*,*,#807,.F.);
#1048=ORIENTED_EDGE('',*,*,#808,.F.);
#1049=ORIENTED_EDGE('',*,*,#809,.F.);
#1050=ORIENTED_EDGE('',*,*,#810,.F.);
#1051=ORIENTED_EDGE('',*,*,#811,.F.);
#1052=ORIENTED_EDGE('',*,*,#812,.F.);
#1053=ORIENTED_EDGE('',*,*,#813,.F.);
#1054=ORIENTED_EDGE('',*,*,#805,.F.);
#1055=ORIENTED_EDGE('',*,*,#802,.T.);
#1056=ORIENTED_EDGE('',*,*,#814,.T.);
#1057=ORIENTED_EDGE('',*,*,#815,.T.);
#1058=ORIENTED_EDGE('',*,*,#814,.F.);
#1059=ORIENTED_EDGE('',*,*,#816,.F.);
#1060=ORIENTED_EDGE('',*,*,#817,.T.);
#1061=ORIENTED_EDGE('',*,*,#815,.F.);
#1062=ORIENTED_EDGE('',*,*,#817,.F.);
#1063=ORIENTED_EDGE('',*,*,#811,.T.);
#1064=ORIENTED_EDGE('',*,*,#818,.T.);
#1065=ORIENTED_EDGE('',*,*,#816,.T.);
#1066=ORIENTED_EDGE('',*,*,#818,.F.);
#1067=ORIENTED_EDGE('',*,*,#804,.T.);
#1068=ORIENTED_EDGE('',*,*,#819,.T.);
#1069=ORIENTED_EDGE('',*,*,#820,.T.);
#1070=ORIENTED_EDGE('',*,*,#819,.F.);
#1071=ORIENTED_EDGE('',*,*,#821,.F.);
#1072=ORIENTED_EDGE('',*,*,#822,.T.);
#1073=ORIENTED_EDGE('',*,*,#820,.F.);
#1074=ORIENTED_EDGE('',*,*,#822,.F.);
#1075=ORIENTED_EDGE('',*,*,#813,.T.);
#1076=ORIENTED_EDGE('',*,*,#823,.T.);
#1077=ORIENTED_EDGE('',*,*,#821,.T.);
#1078=ORIENTED_EDGE('',*,*,#823,.F.);
#1079=ORIENTED_EDGE('',*,*,#803,.T.);
#1080=ORIENTED_EDGE('',*,*,#824,.T.);
#1081=ORIENTED_EDGE('',*,*,#825,.T.);
#1082=ORIENTED_EDGE('',*,*,#824,.F.);
#1083=ORIENTED_EDGE('',*,*,#826,.F.);
#1084=ORIENTED_EDGE('',*,*,#827,.T.);
#1085=ORIENTED_EDGE('',*,*,#825,.F.);
#1086=ORIENTED_EDGE('',*,*,#827,.F.);
#1087=ORIENTED_EDGE('',*,*,#812,.T.);
#1088=ORIENTED_EDGE('',*,*,#828,.T.);
#1089=ORIENTED_EDGE('',*,*,#826,.T.);
#1090=ORIENTED_EDGE('',*,*,#828,.F.);
#1091=ORIENTED_EDGE('',*,*,#829,.T.);
#1092=ORIENTED_EDGE('',*,*,#830,.T.);
#1093=ORIENTED_EDGE('',*,*,#831,.F.);
#1094=ORIENTED_EDGE('',*,*,#798,.T.);
#1095=ORIENTED_EDGE('',*,*,#832,.T.);
#1096=ORIENTED_EDGE('',*,*,#807,.T.);
#1097=ORIENTED_EDGE('',*,*,#833,.F.);
#1098=ORIENTED_EDGE('',*,*,#834,.T.);
#1099=ORIENTED_EDGE('',*,*,#830,.F.);
#1100=ORIENTED_EDGE('',*,*,#835,.F.);
#1101=ORIENTED_EDGE('',*,*,#834,.F.);
#1102=ORIENTED_EDGE('',*,*,#836,.F.);
#1103=ORIENTED_EDGE('',*,*,#837,.T.);
#1104=ORIENTED_EDGE('',*,*,#809,.T.);
#1105=ORIENTED_EDGE('',*,*,#838,.F.);
#1106=ORIENTED_EDGE('',*,*,#839,.T.);
#1107=ORIENTED_EDGE('',*,*,#839,.F.);
#1108=ORIENTED_EDGE('',*,*,#840,.F.);
#1109=ORIENTED_EDGE('',*,*,#841,.F.);
#1110=ORIENTED_EDGE('',*,*,#842,.F.);
#1111=ORIENTED_EDGE('',*,*,#843,.T.);
#1112=ORIENTED_EDGE('',*,*,#841,.T.);
#1113=ORIENTED_EDGE('',*,*,#844,.F.);
#1114=ORIENTED_EDGE('',*,*,#800,.T.);
#1115=ORIENTED_EDGE('',*,*,#845,.F.);
#1116=ORIENTED_EDGE('',*,*,#846,.T.);
#1117=ORIENTED_EDGE('',*,*,#847,.F.);
#1118=ORIENTED_EDGE('',*,*,#846,.F.);
#1119=ORIENTED_EDGE('',*,*,#848,.T.);
#1120=ORIENTED_EDGE('',*,*,#849,.T.);
#1121=ORIENTED_EDGE('',*,*,#850,.T.);
#1122=ORIENTED_EDGE('',*,*,#849,.F.);
#1123=ORIENTED_EDGE('',*,*,#851,.F.);
#1124=ORIENTED_EDGE('',*,*,#852,.F.);
#1125=ORIENTED_EDGE('',*,*,#853,.F.);
#1126=ORIENTED_EDGE('',*,*,#854,.F.);
#1127=ORIENTED_EDGE('',*,*,#855,.F.);
#1128=ORIENTED_EDGE('',*,*,#833,.T.);
#1129=ORIENTED_EDGE('',*,*,#810,.T.);
#1130=ORIENTED_EDGE('',*,*,#837,.F.);
#1131=ORIENTED_EDGE('',*,*,#848,.F.);
#1132=ORIENTED_EDGE('',*,*,#850,.F.);
#1133=ORIENTED_EDGE('',*,*,#856,.T.);
#1134=ORIENTED_EDGE('',*,*,#857,.T.);
#1135=ORIENTED_EDGE('',*,*,#856,.F.);
#1136=ORIENTED_EDGE('',*,*,#858,.F.);
#1137=ORIENTED_EDGE('',*,*,#859,.T.);
#1138=ORIENTED_EDGE('',*,*,#857,.F.);
#1139=ORIENTED_EDGE('',*,*,#859,.F.);
#1140=ORIENTED_EDGE('',*,*,#860,.T.);
#1141=ORIENTED_EDGE('',*,*,#861,.T.);
#1142=ORIENTED_EDGE('',*,*,#862,.T.);
#1143=ORIENTED_EDGE('',*,*,#861,.F.);
#1144=ORIENTED_EDGE('',*,*,#863,.F.);
#1145=ORIENTED_EDGE('',*,*,#838,.T.);
#1146=ORIENTED_EDGE('',*,*,#808,.T.);
#1147=ORIENTED_EDGE('',*,*,#832,.F.);
#1148=ORIENTED_EDGE('',*,*,#864,.F.);
#1149=ORIENTED_EDGE('',*,*,#865,.F.);
#1150=ORIENTED_EDGE('',*,*,#866,.F.);
#1151=ORIENTED_EDGE('',*,*,#867,.F.);
#1152=ORIENTED_EDGE('',*,*,#860,.F.);
#1153=ORIENTED_EDGE('',*,*,#847,.T.);
#1154=ORIENTED_EDGE('',*,*,#868,.T.);
#1155=ORIENTED_EDGE('',*,*,#862,.F.);
#1156=ORIENTED_EDGE('',*,*,#868,.F.);
#1157=ORIENTED_EDGE('',*,*,#869,.F.);
#1158=ORIENTED_EDGE('',*,*,#870,.F.);
#1159=ORIENTED_EDGE('',*,*,#871,.F.);
#1160=ORIENTED_EDGE('',*,*,#872,.F.);
#1161=ORIENTED_EDGE('',*,*,#873,.F.);
#1162=ORIENTED_EDGE('',*,*,#874,.F.);
#1163=ORIENTED_EDGE('',*,*,#875,.F.);
#1164=ORIENTED_EDGE('',*,*,#876,.F.);
#1165=ORIENTED_EDGE('',*,*,#877,.F.);
#1166=ORIENTED_EDGE('',*,*,#869,.T.);
#1167=ORIENTED_EDGE('',*,*,#878,.T.);
#1168=ORIENTED_EDGE('',*,*,#876,.T.);
#1169=ORIENTED_EDGE('',*,*,#762,.T.);
#1170=ORIENTED_EDGE('',*,*,#879,.T.);
#1171=ORIENTED_EDGE('',*,*,#880,.T.);
#1172=ORIENTED_EDGE('',*,*,#871,.T.);
#1173=ORIENTED_EDGE('',*,*,#881,.T.);
#1174=ORIENTED_EDGE('',*,*,#879,.F.);
#1175=ORIENTED_EDGE('',*,*,#882,.T.);
#1176=ORIENTED_EDGE('',*,*,#883,.T.);
#1177=ORIENTED_EDGE('',*,*,#884,.T.);
#1178=ORIENTED_EDGE('',*,*,#883,.F.);
#1179=ORIENTED_EDGE('',*,*,#885,.T.);
#1180=ORIENTED_EDGE('',*,*,#886,.T.);
#1181=ORIENTED_EDGE('',*,*,#887,.T.);
#1182=ORIENTED_EDGE('',*,*,#886,.F.);
#1183=ORIENTED_EDGE('',*,*,#888,.T.);
#1184=ORIENTED_EDGE('',*,*,#889,.T.);
#1185=ORIENTED_EDGE('',*,*,#890,.T.);
#1186=ORIENTED_EDGE('',*,*,#889,.F.);
#1187=ORIENTED_EDGE('',*,*,#891,.T.);
#1188=ORIENTED_EDGE('',*,*,#877,.T.);
#1189=ORIENTED_EDGE('',*,*,#892,.T.);
#1190=ORIENTED_EDGE('',*,*,#893,.F.);
#1191=ORIENTED_EDGE('',*,*,#894,.F.);
#1192=ORIENTED_EDGE('',*,*,#895,.F.);
#1193=ORIENTED_EDGE('',*,*,#875,.T.);
#1194=ORIENTED_EDGE('',*,*,#896,.T.);
#1195=ORIENTED_EDGE('',*,*,#894,.T.);
#1196=ORIENTED_EDGE('',*,*,#763,.T.);
#1197=ORIENTED_EDGE('',*,*,#897,.T.);
#1198=ORIENTED_EDGE('',*,*,#898,.T.);
#1199=ORIENTED_EDGE('',*,*,#874,.T.);
#1200=ORIENTED_EDGE('',*,*,#899,.T.);
#1201=ORIENTED_EDGE('',*,*,#900,.T.);
#1202=ORIENTED_EDGE('',*,*,#901,.T.);
#1203=ORIENTED_EDGE('',*,*,#897,.F.);
#1204=ORIENTED_EDGE('',*,*,#902,.T.);
#1205=ORIENTED_EDGE('',*,*,#903,.T.);
#1206=ORIENTED_EDGE('',*,*,#904,.T.);
#1207=ORIENTED_EDGE('',*,*,#900,.F.);
#1208=ORIENTED_EDGE('',*,*,#905,.T.);
#1209=ORIENTED_EDGE('',*,*,#906,.T.);
#1210=ORIENTED_EDGE('',*,*,#907,.T.);
#1211=ORIENTED_EDGE('',*,*,#903,.F.);
#1212=ORIENTED_EDGE('',*,*,#908,.T.);
#1213=ORIENTED_EDGE('',*,*,#906,.F.);
#1214=ORIENTED_EDGE('',*,*,#909,.T.);
#1215=ORIENTED_EDGE('',*,*,#895,.T.);
#1216=ORIENTED_EDGE('',*,*,#910,.T.);
#1217=ORIENTED_EDGE('',*,*,#873,.T.);
#1218=ORIENTED_EDGE('',*,*,#764,.T.);
#1219=ORIENTED_EDGE('',*,*,#893,.T.);
#1220=ORIENTED_EDGE('',*,*,#911,.T.);
#1221=ORIENTED_EDGE('',*,*,#870,.T.);
#1222=ORIENTED_EDGE('',*,*,#765,.T.);
#1223=ORIENTED_EDGE('',*,*,#872,.T.);
#1224=ORIENTED_EDGE('',*,*,#912,.T.);
#1225=ORIENTED_EDGE('',*,*,#888,.F.);
#1226=ORIENTED_EDGE('',*,*,#913,.T.);
#1227=ORIENTED_EDGE('',*,*,#914,.F.);
#1228=ORIENTED_EDGE('',*,*,#915,.T.);
#1229=ORIENTED_EDGE('',*,*,#885,.F.);
#1230=ORIENTED_EDGE('',*,*,#916,.F.);
#1231=ORIENTED_EDGE('',*,*,#917,.F.);
#1232=ORIENTED_EDGE('',*,*,#913,.F.);
#1233=ORIENTED_EDGE('',*,*,#882,.F.);
#1234=ORIENTED_EDGE('',*,*,#918,.T.);
#1235=ORIENTED_EDGE('',*,*,#919,.F.);
#1236=ORIENTED_EDGE('',*,*,#916,.T.);
#1237=ORIENTED_EDGE('',*,*,#881,.F.);
#1238=ORIENTED_EDGE('',*,*,#912,.F.);
#1239=ORIENTED_EDGE('',*,*,#898,.F.);
#1240=ORIENTED_EDGE('',*,*,#920,.F.);
#1241=ORIENTED_EDGE('',*,*,#921,.F.);
#1242=ORIENTED_EDGE('',*,*,#922,.F.);
#1243=ORIENTED_EDGE('',*,*,#923,.F.);
#1244=ORIENTED_EDGE('',*,*,#924,.F.);
#1245=ORIENTED_EDGE('',*,*,#925,.F.);
#1246=ORIENTED_EDGE('',*,*,#918,.F.);
#1247=ORIENTED_EDGE('',*,*,#878,.F.);
#1248=ORIENTED_EDGE('',*,*,#880,.F.);
#1249=ORIENTED_EDGE('',*,*,#884,.F.);
#1250=ORIENTED_EDGE('',*,*,#887,.F.);
#1251=ORIENTED_EDGE('',*,*,#890,.F.);
#1252=ORIENTED_EDGE('',*,*,#892,.F.);
#1253=ORIENTED_EDGE('',*,*,#858,.T.);
#1254=ORIENTED_EDGE('',*,*,#899,.F.);
#1255=ORIENTED_EDGE('',*,*,#911,.F.);
#1256=ORIENTED_EDGE('',*,*,#909,.F.);
#1257=ORIENTED_EDGE('',*,*,#908,.F.);
#1258=ORIENTED_EDGE('',*,*,#905,.F.);
#1259=ORIENTED_EDGE('',*,*,#902,.F.);
#1260=ORIENTED_EDGE('',*,*,#845,.T.);
#1261=ORIENTED_EDGE('',*,*,#926,.T.);
#1262=ORIENTED_EDGE('',*,*,#864,.T.);
#1263=ORIENTED_EDGE('',*,*,#835,.T.);
#1264=ORIENTED_EDGE('',*,*,#927,.T.);
#1265=ORIENTED_EDGE('',*,*,#928,.T.);
#1266=ORIENTED_EDGE('',*,*,#921,.T.);
#1267=ORIENTED_EDGE('',*,*,#926,.F.);
#1268=ORIENTED_EDGE('',*,*,#929,.T.);
#1269=ORIENTED_EDGE('',*,*,#930,.T.);
#1270=ORIENTED_EDGE('',*,*,#865,.T.);
#1271=ORIENTED_EDGE('',*,*,#930,.F.);
#1272=ORIENTED_EDGE('',*,*,#931,.T.);
#1273=ORIENTED_EDGE('',*,*,#932,.T.);
#1274=ORIENTED_EDGE('',*,*,#866,.T.);
#1275=ORIENTED_EDGE('',*,*,#932,.F.);
#1276=ORIENTED_EDGE('',*,*,#933,.T.);
#1277=ORIENTED_EDGE('',*,*,#934,.T.);
#1278=ORIENTED_EDGE('',*,*,#867,.T.);
#1279=ORIENTED_EDGE('',*,*,#934,.F.);
#1280=ORIENTED_EDGE('',*,*,#935,.T.);
#1281=ORIENTED_EDGE('',*,*,#936,.T.);
#1282=ORIENTED_EDGE('',*,*,#937,.T.);
#1283=ORIENTED_EDGE('',*,*,#840,.T.);
#1284=ORIENTED_EDGE('',*,*,#863,.T.);
#1285=ORIENTED_EDGE('',*,*,#938,.T.);
#1286=ORIENTED_EDGE('',*,*,#939,.T.);
#1287=ORIENTED_EDGE('',*,*,#936,.F.);
#1288=ORIENTED_EDGE('',*,*,#940,.T.);
#1289=ORIENTED_EDGE('',*,*,#941,.T.);
#1290=ORIENTED_EDGE('',*,*,#771,.T.);
#1291=ORIENTED_EDGE('',*,*,#938,.F.);
#1292=ORIENTED_EDGE('',*,*,#942,.T.);
#1293=ORIENTED_EDGE('',*,*,#943,.T.);
#1294=ORIENTED_EDGE('',*,*,#944,.T.);
#1295=ORIENTED_EDGE('',*,*,#941,.F.);
#1296=ORIENTED_EDGE('',*,*,#945,.T.);
#1297=ORIENTED_EDGE('',*,*,#946,.T.);
#1298=ORIENTED_EDGE('',*,*,#851,.T.);
#1299=ORIENTED_EDGE('',*,*,#842,.T.);
#1300=ORIENTED_EDGE('',*,*,#947,.T.);
#1301=ORIENTED_EDGE('',*,*,#943,.F.);
#1302=ORIENTED_EDGE('',*,*,#948,.T.);
#1303=ORIENTED_EDGE('',*,*,#946,.F.);
#1304=ORIENTED_EDGE('',*,*,#914,.T.);
#1305=ORIENTED_EDGE('',*,*,#949,.T.);
#1306=ORIENTED_EDGE('',*,*,#852,.T.);
#1307=ORIENTED_EDGE('',*,*,#949,.F.);
#1308=ORIENTED_EDGE('',*,*,#917,.T.);
#1309=ORIENTED_EDGE('',*,*,#950,.T.);
#1310=ORIENTED_EDGE('',*,*,#853,.T.);
#1311=ORIENTED_EDGE('',*,*,#950,.F.);
#1312=ORIENTED_EDGE('',*,*,#919,.T.);
#1313=ORIENTED_EDGE('',*,*,#951,.T.);
#1314=ORIENTED_EDGE('',*,*,#854,.T.);
#1315=ORIENTED_EDGE('',*,*,#951,.F.);
#1316=ORIENTED_EDGE('',*,*,#925,.T.);
#1317=ORIENTED_EDGE('',*,*,#952,.T.);
#1318=ORIENTED_EDGE('',*,*,#953,.T.);
#1319=ORIENTED_EDGE('',*,*,#836,.T.);
#1320=ORIENTED_EDGE('',*,*,#855,.T.);
#1321=ORIENTED_EDGE('',*,*,#954,.T.);
#1322=ORIENTED_EDGE('',*,*,#955,.T.);
#1323=ORIENTED_EDGE('',*,*,#952,.F.);
#1324=ORIENTED_EDGE('',*,*,#924,.T.);
#1325=ORIENTED_EDGE('',*,*,#956,.T.);
#1326=ORIENTED_EDGE('',*,*,#773,.T.);
#1327=ORIENTED_EDGE('',*,*,#954,.F.);
#1328=ORIENTED_EDGE('',*,*,#923,.T.);
#1329=ORIENTED_EDGE('',*,*,#928,.F.);
#1330=ORIENTED_EDGE('',*,*,#957,.T.);
#1331=ORIENTED_EDGE('',*,*,#956,.F.);
#1332=ORIENTED_EDGE('',*,*,#922,.T.);
#1333=ORIENTED_EDGE('',*,*,#891,.F.);
#1334=ORIENTED_EDGE('',*,*,#915,.F.);
#1335=ORIENTED_EDGE('',*,*,#948,.F.);
#1336=ORIENTED_EDGE('',*,*,#945,.F.);
#1337=ORIENTED_EDGE('',*,*,#942,.F.);
#1338=ORIENTED_EDGE('',*,*,#940,.F.);
#1339=ORIENTED_EDGE('',*,*,#935,.F.);
#1340=ORIENTED_EDGE('',*,*,#958,.F.);
#1341=ORIENTED_EDGE('',*,*,#910,.F.);
#1342=ORIENTED_EDGE('',*,*,#896,.F.);
#1343=ORIENTED_EDGE('',*,*,#907,.F.);
#1344=ORIENTED_EDGE('',*,*,#958,.T.);
#1345=ORIENTED_EDGE('',*,*,#933,.F.);
#1346=ORIENTED_EDGE('',*,*,#959,.T.);
#1347=ORIENTED_EDGE('',*,*,#904,.F.);
#1348=ORIENTED_EDGE('',*,*,#959,.F.);
#1349=ORIENTED_EDGE('',*,*,#931,.F.);
#1350=ORIENTED_EDGE('',*,*,#960,.F.);
#1351=ORIENTED_EDGE('',*,*,#901,.F.);
#1352=ORIENTED_EDGE('',*,*,#960,.T.);
#1353=ORIENTED_EDGE('',*,*,#929,.F.);
#1354=ORIENTED_EDGE('',*,*,#920,.T.);
#1355=ORIENTED_EDGE('',*,*,#939,.F.);
#1356=ORIENTED_EDGE('',*,*,#774,.T.);
#1357=ORIENTED_EDGE('',*,*,#957,.F.);
#1358=ORIENTED_EDGE('',*,*,#961,.T.);
#1359=ORIENTED_EDGE('',*,*,#944,.F.);
#1360=ORIENTED_EDGE('',*,*,#962,.T.);
#1361=ORIENTED_EDGE('',*,*,#955,.F.);
#1362=ORIENTED_EDGE('',*,*,#772,.T.);
#1363=ORIENTED_EDGE('',*,*,#947,.F.);
#1364=ORIENTED_EDGE('',*,*,#843,.F.);
#1365=ORIENTED_EDGE('',*,*,#799,.T.);
#1366=ORIENTED_EDGE('',*,*,#831,.T.);
#1367=ORIENTED_EDGE('',*,*,#953,.F.);
#1368=ORIENTED_EDGE('',*,*,#962,.F.);
#1369=ORIENTED_EDGE('',*,*,#937,.F.);
#1370=ORIENTED_EDGE('',*,*,#961,.F.);
#1371=ORIENTED_EDGE('',*,*,#927,.F.);
#1372=ORIENTED_EDGE('',*,*,#829,.F.);
#1373=ORIENTED_EDGE('',*,*,#801,.T.);
#1374=ORIENTED_EDGE('',*,*,#844,.T.);
#1375=CONICAL_SURFACE('',#1511,1.8,0.785398163397455);
#1376=CONICAL_SURFACE('',#1520,1.8,0.785398163397455);
#1377=CONICAL_SURFACE('',#1526,1.8,0.785398163397447);
#1378=CONICAL_SURFACE('',#1530,1.8,0.785398163397447);
#1379=CONICAL_SURFACE('',#1531,1.8,0.785398163397447);
#1380=CONICAL_SURFACE('',#1535,1.8,0.785398163397447);
#1381=CONICAL_SURFACE('',#1536,1.8,0.785398163397455);
#1382=CONICAL_SURFACE('',#1540,1.8,0.785398163397455);
#1383=CONICAL_SURFACE('',#1541,1.8,0.785398163397455);
#1384=CONICAL_SURFACE('',#1550,1.8,0.785398163397455);
#1385=CONICAL_SURFACE('',#1556,1.8,0.785398163397446);
#1386=CONICAL_SURFACE('',#1560,1.8,0.785398163397446);
#1387=CONICAL_SURFACE('',#1561,1.8,0.785398163397446);
#1388=CONICAL_SURFACE('',#1565,1.8,0.785398163397446);
#1389=CONICAL_SURFACE('',#1566,1.8,0.785398163397455);
#1390=CONICAL_SURFACE('',#1570,1.8,0.785398163397455);
#1391=CONICAL_SURFACE('',#1577,4.,0.785398163397444);
#1392=CONICAL_SURFACE('',#1580,3.99999999999999,0.785398163397425);
#1393=CONICAL_SURFACE('',#1588,4.,0.785398163397466);
#1394=CONICAL_SURFACE('',#1590,4.,0.785398163397446);
#1395=CONICAL_SURFACE('',#1602,7.5,0.785398163397372);
#1396=CONICAL_SURFACE('',#1606,7.5,0.78539816339745);
#1397=CONICAL_SURFACE('',#1613,7.5,0.785398163397407);
#1398=CONICAL_SURFACE('',#1617,7.5,0.785398163397473);
#1399=CONICAL_SURFACE('',#1634,7.5,0.785398163397385);
#1400=CONICAL_SURFACE('',#1637,7.5,0.785398163397461);
#1401=CONICAL_SURFACE('',#1640,1.5,0.785398163397449);
#1402=CONICAL_SURFACE('',#1644,1.5,0.785398163397449);
#1403=CONICAL_SURFACE('',#1648,7.5,0.78539816339745);
#1404=CONICAL_SURFACE('',#1650,7.5,0.785398163397404);
#1405=CONICAL_SURFACE('',#1652,1.5,0.785398163397471);
#1406=CONICAL_SURFACE('',#1655,1.50000000000001,0.785398163397586);
#1407=ADVANCED_FACE('',(#93),#1375,.F.);
#1408=ADVANCED_FACE('',(#94),#77,.F.);
#1409=ADVANCED_FACE('',(#95,#15,#16,#17,#18),#35,.T.);
#1410=ADVANCED_FACE('',(#96),#1376,.F.);
#1411=ADVANCED_FACE('',(#97,#19,#20,#21,#22),#36,.F.);
#1412=ADVANCED_FACE('',(#98),#1377,.F.);
#1413=ADVANCED_FACE('',(#99),#78,.F.);
#1414=ADVANCED_FACE('',(#100),#1378,.F.);
#1415=ADVANCED_FACE('',(#101),#1379,.F.);
#1416=ADVANCED_FACE('',(#102),#79,.F.);
#1417=ADVANCED_FACE('',(#103),#1380,.F.);
#1418=ADVANCED_FACE('',(#104),#1381,.F.);
#1419=ADVANCED_FACE('',(#105),#80,.F.);
#1420=ADVANCED_FACE('',(#106),#1382,.F.);
#1421=ADVANCED_FACE('',(#107),#1383,.F.);
#1422=ADVANCED_FACE('',(#108),#81,.F.);
#1423=ADVANCED_FACE('',(#109,#23,#24,#25,#26),#37,.T.);
#1424=ADVANCED_FACE('',(#110),#1384,.F.);
#1425=ADVANCED_FACE('',(#111,#27,#28,#29,#30),#38,.F.);
#1426=ADVANCED_FACE('',(#112),#1385,.F.);
#1427=ADVANCED_FACE('',(#113),#82,.F.);
#1428=ADVANCED_FACE('',(#114),#1386,.F.);
#1429=ADVANCED_FACE('',(#115),#1387,.F.);
#1430=ADVANCED_FACE('',(#116),#83,.F.);
#1431=ADVANCED_FACE('',(#117),#1388,.F.);
#1432=ADVANCED_FACE('',(#118),#1389,.F.);
#1433=ADVANCED_FACE('',(#119),#84,.F.);
#1434=ADVANCED_FACE('',(#120),#1390,.F.);
#1435=ADVANCED_FACE('',(#121),#39,.T.);
#1436=ADVANCED_FACE('',(#122),#40,.T.);
#1437=ADVANCED_FACE('',(#123),#41,.T.);
#1438=ADVANCED_FACE('',(#124),#42,.T.);
#1439=ADVANCED_FACE('',(#125),#43,.T.);
#1440=ADVANCED_FACE('',(#126),#44,.T.);
#1441=ADVANCED_FACE('',(#127),#1391,.F.);
#1442=ADVANCED_FACE('',(#128),#1392,.F.);
#1443=ADVANCED_FACE('',(#129,#31),#45,.T.);
#1444=ADVANCED_FACE('',(#130),#85,.F.);
#1445=ADVANCED_FACE('',(#131),#1393,.F.);
#1446=ADVANCED_FACE('',(#132),#1394,.F.);
#1447=ADVANCED_FACE('',(#133,#32),#46,.T.);
#1448=ADVANCED_FACE('',(#134),#86,.F.);
#1449=ADVANCED_FACE('',(#135),#47,.T.);
#1450=ADVANCED_FACE('',(#136),#48,.T.);
#1451=ADVANCED_FACE('',(#137),#49,.T.);
#1452=ADVANCED_FACE('',(#138),#50,.T.);
#1453=ADVANCED_FACE('',(#139),#51,.T.);
#1454=ADVANCED_FACE('',(#140),#1395,.T.);
#1455=ADVANCED_FACE('',(#141),#52,.T.);
#1456=ADVANCED_FACE('',(#142),#1396,.T.);
#1457=ADVANCED_FACE('',(#143),#53,.T.);
#1458=ADVANCED_FACE('',(#144),#54,.T.);
#1459=ADVANCED_FACE('',(#145),#55,.T.);
#1460=ADVANCED_FACE('',(#146),#56,.T.);
#1461=ADVANCED_FACE('',(#147),#1397,.T.);
#1462=ADVANCED_FACE('',(#148),#57,.T.);
#1463=ADVANCED_FACE('',(#149),#1398,.T.);
#1464=ADVANCED_FACE('',(#150),#58,.T.);
#1465=ADVANCED_FACE('',(#151),#59,.T.);
#1466=ADVANCED_FACE('',(#152),#60,.T.);
#1467=ADVANCED_FACE('',(#153),#87,.T.);
#1468=ADVANCED_FACE('',(#154),#61,.T.);
#1469=ADVANCED_FACE('',(#155),#88,.T.);
#1470=ADVANCED_FACE('',(#156),#62,.T.);
#1471=ADVANCED_FACE('',(#157,#33),#63,.T.);
#1472=ADVANCED_FACE('',(#158,#34),#64,.T.);
#1473=ADVANCED_FACE('',(#159),#65,.T.);
#1474=ADVANCED_FACE('',(#160),#1399,.T.);
#1475=ADVANCED_FACE('',(#161),#66,.T.);
#1476=ADVANCED_FACE('',(#162),#1400,.T.);
#1477=ADVANCED_FACE('',(#163),#67,.T.);
#1478=ADVANCED_FACE('',(#164),#1401,.F.);
#1479=ADVANCED_FACE('',(#165),#68,.T.);
#1480=ADVANCED_FACE('',(#166),#1402,.F.);
#1481=ADVANCED_FACE('',(#167),#69,.T.);
#1482=ADVANCED_FACE('',(#168),#1403,.T.);
#1483=ADVANCED_FACE('',(#169),#70,.T.);
#1484=ADVANCED_FACE('',(#170),#1404,.T.);
#1485=ADVANCED_FACE('',(#171),#71,.T.);
#1486=ADVANCED_FACE('',(#172),#1405,.F.);
#1487=ADVANCED_FACE('',(#173),#72,.T.);
#1488=ADVANCED_FACE('',(#174),#1406,.F.);
#1489=ADVANCED_FACE('',(#175),#73,.T.);
#1490=ADVANCED_FACE('',(#176),#89,.T.);
#1491=ADVANCED_FACE('',(#177),#74,.T.);
#1492=ADVANCED_FACE('',(#178),#90,.T.);
#1493=ADVANCED_FACE('',(#179),#91,.F.);
#1494=ADVANCED_FACE('',(#180),#92,.F.);
#1495=ADVANCED_FACE('',(#181),#75,.T.);
#1496=ADVANCED_FACE('',(#182),#76,.T.);
#1497=CLOSED_SHELL('',(#1407,#1408,#1409,#1410,#1411,#1412,#1413,#1414,
#1415,#1416,#1417,#1418,#1419,#1420,#1421,#1422,#1423,#1424,#1425,#1426,
#1427,#1428,#1429,#1430,#1431,#1432,#1433,#1434,#1435,#1436,#1437,#1438,
#1439,#1440,#1441,#1442,#1443,#1444,#1445,#1446,#1447,#1448,#1449,#1450,
#1451,#1452,#1453,#1454,#1455,#1456,#1457,#1458,#1459,#1460,#1461,#1462,
#1463,#1464,#1465,#1466,#1467,#1468,#1469,#1470,#1471,#1472,#1473,#1474,
#1475,#1476,#1477,#1478,#1479,#1480,#1481,#1482,#1483,#1484,#1485,#1486,
#1487,#1488,#1489,#1490,#1491,#1492,#1493,#1494,#1495,#1496));
#1498=DERIVED_UNIT_ELEMENT(#1500,1.);
#1499=DERIVED_UNIT_ELEMENT(#2535,-3.);
#1500=(
MASS_UNIT()
NAMED_UNIT(*)
SI_UNIT(.KILO.,.GRAM.)
);
#1501=DERIVED_UNIT((#1498,#1499));
#1502=MEASURE_REPRESENTATION_ITEM('density measure',
POSITIVE_RATIO_MEASURE(7850.),#1501);
#1503=PROPERTY_DEFINITION_REPRESENTATION(#1508,#1505);
#1504=PROPERTY_DEFINITION_REPRESENTATION(#1509,#1506);
#1505=REPRESENTATION('material name',(#1507),#2532);
#1506=REPRESENTATION('density',(#1502),#2532);
#1507=DESCRIPTIVE_REPRESENTATION_ITEM('Steel','Steel');
#1508=PROPERTY_DEFINITION('material property','material name',#2542);
#1509=PROPERTY_DEFINITION('material property','density of part',#2542);
#1510=AXIS2_PLACEMENT_3D('',#2117,#1665,#1666);
#1511=AXIS2_PLACEMENT_3D('',#2118,#1667,#1668);
#1512=AXIS2_PLACEMENT_3D('',#2120,#1669,#1670);
#1513=AXIS2_PLACEMENT_3D('',#2123,#1672,#1673);
#1514=AXIS2_PLACEMENT_3D('',#2124,#1674,#1675);
#1515=AXIS2_PLACEMENT_3D('',#2126,#1676,#1677);
#1516=AXIS2_PLACEMENT_3D('',#2128,#1679,#1680);
#1517=AXIS2_PLACEMENT_3D('',#2138,#1685,#1686);
#1518=AXIS2_PLACEMENT_3D('',#2140,#1687,#1688);
#1519=AXIS2_PLACEMENT_3D('',#2142,#1689,#1690);
#1520=AXIS2_PLACEMENT_3D('',#2143,#1691,#1692);
#1521=AXIS2_PLACEMENT_3D('',#2145,#1693,#1694);
#1522=AXIS2_PLACEMENT_3D('',#2147,#1696,#1697);
#1523=AXIS2_PLACEMENT_3D('',#2157,#1702,#1703);
#1524=AXIS2_PLACEMENT_3D('',#2159,#1704,#1705);
#1525=AXIS2_PLACEMENT_3D('',#2161,#1706,#1707);
#1526=AXIS2_PLACEMENT_3D('',#2162,#1708,#1709);
#1527=AXIS2_PLACEMENT_3D('',#2165,#1711,#1712);
#1528=AXIS2_PLACEMENT_3D('',#2166,#1713,#1714);
#1529=AXIS2_PLACEMENT_3D('',#2168,#1715,#1716);
#1530=AXIS2_PLACEMENT_3D('',#2170,#1718,#1719);
#1531=AXIS2_PLACEMENT_3D('',#2172,#1721,#1722);
#1532=AXIS2_PLACEMENT_3D('',#2175,#1724,#1725);
#1533=AXIS2_PLACEMENT_3D('',#2176,#1726,#1727);
#1534=AXIS2_PLACEMENT_3D('',#2178,#1728,#1729);
#1535=AXIS2_PLACEMENT_3D('',#2180,#1731,#1732);
#1536=AXIS2_PLACEMENT_3D('',#2182,#1734,#1735);
#1537=AXIS2_PLACEMENT_3D('',#2185,#1737,#1738);
#1538=AXIS2_PLACEMENT_3D('',#2186,#1739,#1740);
#1539=AXIS2_PLACEMENT_3D('',#2188,#1741,#1742);
#1540=AXIS2_PLACEMENT_3D('',#2190,#1744,#1745);
#1541=AXIS2_PLACEMENT_3D('',#2192,#1747,#1748);
#1542=AXIS2_PLACEMENT_3D('',#2194,#1749,#1750);
#1543=AXIS2_PLACEMENT_3D('',#2197,#1752,#1753);
#1544=AXIS2_PLACEMENT_3D('',#2198,#1754,#1755);
#1545=AXIS2_PLACEMENT_3D('',#2200,#1756,#1757);
#1546=AXIS2_PLACEMENT_3D('',#2202,#1759,#1760);
#1547=AXIS2_PLACEMENT_3D('',#2212,#1765,#1766);
#1548=AXIS2_PLACEMENT_3D('',#2214,#1767,#1768);
#1549=AXIS2_PLACEMENT_3D('',#2216,#1769,#1770);
#1550=AXIS2_PLACEMENT_3D('',#2217,#1771,#1772);
#1551=AXIS2_PLACEMENT_3D('',#2219,#1773,#1774);
#1552=AXIS2_PLACEMENT_3D('',#2221,#1776,#1777);
#1553=AXIS2_PLACEMENT_3D('',#2231,#1782,#1783);
#1554=AXIS2_PLACEMENT_3D('',#2233,#1784,#1785);
#1555=AXIS2_PLACEMENT_3D('',#2235,#1786,#1787);
#1556=AXIS2_PLACEMENT_3D('',#2236,#1788,#1789);
#1557=AXIS2_PLACEMENT_3D('',#2239,#1791,#1792);
#1558=AXIS2_PLACEMENT_3D('',#2240,#1793,#1794);
#1559=AXIS2_PLACEMENT_3D('',#2242,#1795,#1796);
#1560=AXIS2_PLACEMENT_3D('',#2244,#1798,#1799);
#1561=AXIS2_PLACEMENT_3D('',#2246,#1801,#1802);
#1562=AXIS2_PLACEMENT_3D('',#2249,#1804,#1805);
#1563=AXIS2_PLACEMENT_3D('',#2250,#1806,#1807);
#1564=AXIS2_PLACEMENT_3D('',#2252,#1808,#1809);
#1565=AXIS2_PLACEMENT_3D('',#2254,#1811,#1812);
#1566=AXIS2_PLACEMENT_3D('',#2256,#1814,#1815);
#1567=AXIS2_PLACEMENT_3D('',#2259,#1817,#1818);
#1568=AXIS2_PLACEMENT_3D('',#2260,#1819,#1820);
#1569=AXIS2_PLACEMENT_3D('',#2262,#1821,#1822);
#1570=AXIS2_PLACEMENT_3D('',#2264,#1824,#1825);
#1571=AXIS2_PLACEMENT_3D('',#2266,#1827,#1828);
#1572=AXIS2_PLACEMENT_3D('',#2272,#1832,#1833);
#1573=AXIS2_PLACEMENT_3D('',#2278,#1837,#1838);
#1574=AXIS2_PLACEMENT_3D('',#2281,#1841,#1842);
#1575=AXIS2_PLACEMENT_3D('',#2287,#1846,#1847);
#1576=AXIS2_PLACEMENT_3D('',#2293,#1851,#1852);
#1577=AXIS2_PLACEMENT_3D('',#2296,#1855,#1856);
#1578=AXIS2_PLACEMENT_3D('',#2298,#1857,#1858);
#1579=AXIS2_PLACEMENT_3D('',#2301,#1860,#1861);
#1580=AXIS2_PLACEMENT_3D('',#2302,#1862,#1863);
#1581=AXIS2_PLACEMENT_3D('',#2304,#1864,#1865);
#1582=AXIS2_PLACEMENT_3D('',#2307,#1867,#1868);
#1583=AXIS2_PLACEMENT_3D('',#2308,#1869,#1870);
#1584=AXIS2_PLACEMENT_3D('',#2312,#1872,#1873);
#1585=AXIS2_PLACEMENT_3D('',#2316,#1875,#1876);
#1586=AXIS2_PLACEMENT_3D('',#2318,#1878,#1879);
#1587=AXIS2_PLACEMENT_3D('',#2321,#1881,#1882);
#1588=AXIS2_PLACEMENT_3D('',#2322,#1883,#1884);
#1589=AXIS2_PLACEMENT_3D('',#2324,#1885,#1886);
#1590=AXIS2_PLACEMENT_3D('',#2326,#1888,#1889);
#1591=AXIS2_PLACEMENT_3D('',#2328,#1890,#1891);
#1592=AXIS2_PLACEMENT_3D('',#2331,#1893,#1894);
#1593=AXIS2_PLACEMENT_3D('',#2332,#1895,#1896);
#1594=AXIS2_PLACEMENT_3D('',#2338,#1899,#1900);
#1595=AXIS2_PLACEMENT_3D('',#2341,#1902,#1903);
#1596=AXIS2_PLACEMENT_3D('',#2342,#1904,#1905);
#1597=AXIS2_PLACEMENT_3D('',#2344,#1907,#1908);
#1598=AXIS2_PLACEMENT_3D('',#2350,#1912,#1913);
#1599=AXIS2_PLACEMENT_3D('',#2356,#1917,#1918);
#1600=AXIS2_PLACEMENT_3D('',#2362,#1922,#1923);
#1601=AXIS2_PLACEMENT_3D('',#2364,#1925,#1926);
#1602=AXIS2_PLACEMENT_3D('',#2370,#1930,#1931);
#1603=AXIS2_PLACEMENT_3D('',#2372,#1932,#1933);
#1604=AXIS2_PLACEMENT_3D('',#2375,#1935,#1936);
#1605=AXIS2_PLACEMENT_3D('',#2376,#1937,#1938);
#1606=AXIS2_PLACEMENT_3D('',#2382,#1942,#1943);
#1607=AXIS2_PLACEMENT_3D('',#2384,#1944,#1945);
#1608=AXIS2_PLACEMENT_3D('',#2387,#1947,#1948);
#1609=AXIS2_PLACEMENT_3D('',#2388,#1949,#1950);
#1610=AXIS2_PLACEMENT_3D('',#2391,#1953,#1954);
#1611=AXIS2_PLACEMENT_3D('',#2397,#1958,#1959);
#1612=AXIS2_PLACEMENT_3D('',#2399,#1961,#1962);
#1613=AXIS2_PLACEMENT_3D('',#2405,#1966,#1967);
#1614=AXIS2_PLACEMENT_3D('',#2409,#1969,#1970);
#1615=AXIS2_PLACEMENT_3D('',#2410,#1971,#1972);
#1616=AXIS2_PLACEMENT_3D('',#2411,#1973,#1974);
#1617=AXIS2_PLACEMENT_3D('',#2417,#1978,#1979);
#1618=AXIS2_PLACEMENT_3D('',#2421,#1981,#1982);
#1619=AXIS2_PLACEMENT_3D('',#2422,#1983,#1984);
#1620=AXIS2_PLACEMENT_3D('',#2423,#1985,#1986);
#1621=AXIS2_PLACEMENT_3D('',#2426,#1989,#1990);
#1622=AXIS2_PLACEMENT_3D('',#2428,#1992,#1993);
#1623=AXIS2_PLACEMENT_3D('',#2430,#1995,#1996);
#1624=AXIS2_PLACEMENT_3D('',#2434,#1998,#1999);
#1625=AXIS2_PLACEMENT_3D('',#2436,#2001,#2002);
#1626=AXIS2_PLACEMENT_3D('',#2440,#2005,#2006);
#1627=AXIS2_PLACEMENT_3D('',#2443,#2008,#2009);
#1628=AXIS2_PLACEMENT_3D('',#2444,#2010,#2011);
#1629=AXIS2_PLACEMENT_3D('',#2450,#2014,#2015);
#1630=AXIS2_PLACEMENT_3D('',#2454,#2017,#2018);
#1631=AXIS2_PLACEMENT_3D('',#2456,#2020,#2021);
#1632=AXIS2_PLACEMENT_3D('',#2457,#2022,#2023);
#1633=AXIS2_PLACEMENT_3D('',#2458,#2024,#2025);
#1634=AXIS2_PLACEMENT_3D('',#2463,#2029,#2030);
#1635=AXIS2_PLACEMENT_3D('',#2465,#2031,#2032);
#1636=AXIS2_PLACEMENT_3D('',#2467,#2034,#2035);
#1637=AXIS2_PLACEMENT_3D('',#2471,#2038,#2039);
#1638=AXIS2_PLACEMENT_3D('',#2473,#2040,#2041);
#1639=AXIS2_PLACEMENT_3D('',#2475,#2043,#2044);
#1640=AXIS2_PLACEMENT_3D('',#2481,#2048,#2049);
#1641=AXIS2_PLACEMENT_3D('',#2484,#2051,#2052);
#1642=AXIS2_PLACEMENT_3D('',#2485,#2053,#2054);
#1643=AXIS2_PLACEMENT_3D('',#2486,#2055,#2056);
#1644=AXIS2_PLACEMENT_3D('',#2490,#2059,#2060);
#1645=AXIS2_PLACEMENT_3D('',#2494,#2062,#2063);
#1646=AXIS2_PLACEMENT_3D('',#2495,#2064,#2065);
#1647=AXIS2_PLACEMENT_3D('',#2496,#2066,#2067);
#1648=AXIS2_PLACEMENT_3D('',#2500,#2071,#2072);
#1649=AXIS2_PLACEMENT_3D('',#2502,#2074,#2075);
#1650=AXIS2_PLACEMENT_3D('',#2504,#2077,#2078);
#1651=AXIS2_PLACEMENT_3D('',#2506,#2080,#2081);
#1652=AXIS2_PLACEMENT_3D('',#2510,#2084,#2085);
#1653=AXIS2_PLACEMENT_3D('',#2512,#2087,#2088);
#1654=AXIS2_PLACEMENT_3D('',#2513,#2089,#2090);
#1655=AXIS2_PLACEMENT_3D('',#2515,#2092,#2093);
#1656=AXIS2_PLACEMENT_3D('',#2516,#2094,#2095);
#1657=AXIS2_PLACEMENT_3D('',#2517,#2096,#2097);
#1658=AXIS2_PLACEMENT_3D('',#2519,#2099,#2100);
#1659=AXIS2_PLACEMENT_3D('',#2521,#2102,#2103);
#1660=AXIS2_PLACEMENT_3D('',#2523,#2105,#2106);
#1661=AXIS2_PLACEMENT_3D('',#2524,#2107,#2108);
#1662=AXIS2_PLACEMENT_3D('',#2526,#2110,#2111);
#1663=AXIS2_PLACEMENT_3D('',#2528,#2113,#2114);
#1664=AXIS2_PLACEMENT_3D('',#2529,#2115,#2116);
#1665=DIRECTION('axis',(0.,0.,1.));
#1666=DIRECTION('refdir',(1.,0.,0.));
#1667=DIRECTION('center_axis',(0.,0.,1.));
#1668=DIRECTION('ref_axis',(1.,0.,0.));
#1669=DIRECTION('center_axis',(0.,0.,1.));
#1670=DIRECTION('ref_axis',(1.,0.,0.));
#1671=DIRECTION('',(0.707106781186553,8.659560562355E-17,-0.707106781186543));
#1672=DIRECTION('center_axis',(0.,0.,-1.));
#1673=DIRECTION('ref_axis',(1.,0.,0.));
#1674=DIRECTION('center_axis',(0.,0.,-1.));
#1675=DIRECTION('ref_axis',(1.,0.,0.));
#1676=DIRECTION('center_axis',(0.,0.,1.));
#1677=DIRECTION('ref_axis',(1.,0.,0.));
#1678=DIRECTION('',(0.,0.,1.));
#1679=DIRECTION('center_axis',(0.,0.,1.));
#1680=DIRECTION('ref_axis',(1.,0.,0.));
#1681=DIRECTION('',(0.,1.,0.));
#1682=DIRECTION('',(-1.,0.,0.));
#1683=DIRECTION('',(-1.61486985400023E-15,-1.,0.));
#1684=DIRECTION('',(1.,-5.92118946466749E-15,0.));
#1685=DIRECTION('center_axis',(0.,0.,1.));
#1686=DIRECTION('ref_axis',(1.,0.,0.));
#1687=DIRECTION('center_axis',(0.,0.,1.));
#1688=DIRECTION('ref_axis',(1.,0.,0.));
#1689=DIRECTION('center_axis',(0.,0.,1.));
#1690=DIRECTION('ref_axis',(1.,0.,0.));
#1691=DIRECTION('center_axis',(0.,0.,-1.));
#1692=DIRECTION('ref_axis',(1.,0.,0.));
#1693=DIRECTION('center_axis',(0.,0.,-1.));
#1694=DIRECTION('ref_axis',(1.,0.,0.));
#1695=DIRECTION('',(0.707106781186553,-8.659560562355E-17,0.707106781186542));
#1696=DIRECTION('center_axis',(0.,0.,1.));
#1697=DIRECTION('ref_axis',(1.,0.,0.));
#1698=DIRECTION('',(1.,0.,0.));
#1699=DIRECTION('',(0.,-1.,0.));
#1700=DIRECTION('',(-1.,5.92118946466749E-15,0.));
#1701=DIRECTION('',(1.61486985400023E-15,1.,0.));
#1702=DIRECTION('center_axis',(0.,0.,-1.));
#1703=DIRECTION('ref_axis',(1.,0.,0.));
#1704=DIRECTION('center_axis',(0.,0.,-1.));
#1705=DIRECTION('ref_axis',(1.,0.,0.));
#1706=DIRECTION('center_axis',(0.,0.,-1.));
#1707=DIRECTION('ref_axis',(1.,0.,0.));
#1708=DIRECTION('center_axis',(0.,0.,1.));
#1709=DIRECTION('ref_axis',(1.,0.,0.));
#1710=DIRECTION('',(0.707106781186546,8.65956056235492E-17,-0.707106781186549));
#1711=DIRECTION('center_axis',(0.,0.,-1.));
#1712=DIRECTION('ref_axis',(1.,0.,0.));
#1713=DIRECTION('center_axis',(0.,0.,-1.));
#1714=DIRECTION('ref_axis',(1.,0.,0.));
#1715=DIRECTION('center_axis',(0.,0.,1.));
#1716=DIRECTION('ref_axis',(1.,0.,0.));
#1717=DIRECTION('',(0.,0.,1.));
#1718=DIRECTION('center_axis',(0.,0.,-1.));
#1719=DIRECTION('ref_axis',(1.,0.,0.));
#1720=DIRECTION('',(0.707106781186546,-8.65956056235492E-17,0.707106781186549));
#1721=DIRECTION('center_axis',(0.,0.,1.));
#1722=DIRECTION('ref_axis',(1.,0.,0.));
#1723=DIRECTION('',(0.707106781186546,8.65956056235492E-17,-0.707106781186549));
#1724=DIRECTION('center_axis',(0.,0.,-1.));
#1725=DIRECTION('ref_axis',(1.,0.,0.));
#1726=DIRECTION('center_axis',(0.,0.,-1.));
#1727=DIRECTION('ref_axis',(1.,0.,0.));
#1728=DIRECTION('center_axis',(0.,0.,1.));
#1729=DIRECTION('ref_axis',(1.,0.,0.));
#1730=DIRECTION('',(0.,0.,1.));
#1731=DIRECTION('center_axis',(0.,0.,-1.));
#1732=DIRECTION('ref_axis',(1.,0.,0.));
#1733=DIRECTION('',(0.707106781186546,-8.65956056235492E-17,0.707106781186549));
#1734=DIRECTION('center_axis',(0.,0.,1.));
#1735=DIRECTION('ref_axis',(1.,0.,0.));
#1736=DIRECTION('',(0.707106781186553,8.659560562355E-17,-0.707106781186543));
#1737=DIRECTION('center_axis',(0.,0.,-1.));
#1738=DIRECTION('ref_axis',(1.,0.,0.));
#1739=DIRECTION('center_axis',(0.,0.,-1.));
#1740=DIRECTION('ref_axis',(1.,0.,0.));
#1741=DIRECTION('center_axis',(0.,0.,1.));
#1742=DIRECTION('ref_axis',(1.,0.,0.));
#1743=DIRECTION('',(0.,0.,1.));
#1744=DIRECTION('center_axis',(0.,0.,-1.));
#1745=DIRECTION('ref_axis',(1.,0.,0.));
#1746=DIRECTION('',(0.707106781186553,-8.659560562355E-17,0.707106781186542));
#1747=DIRECTION('center_axis',(0.,0.,1.));
#1748=DIRECTION('ref_axis',(1.,0.,0.));
#1749=DIRECTION('center_axis',(0.,0.,1.));
#1750=DIRECTION('ref_axis',(1.,0.,0.));
#1751=DIRECTION('',(0.707106781186552,8.65956056235499E-17,-0.707106781186543));
#1752=DIRECTION('center_axis',(0.,0.,-1.));
#1753=DIRECTION('ref_axis',(1.,0.,0.));
#1754=DIRECTION('center_axis',(0.,0.,-1.));
#1755=DIRECTION('ref_axis',(1.,0.,0.));
#1756=DIRECTION('center_axis',(0.,0.,1.));
#1757=DIRECTION('ref_axis',(1.,0.,0.));
#1758=DIRECTION('',(0.,0.,1.));
#1759=DIRECTION('center_axis',(0.,0.,1.));
#1760=DIRECTION('ref_axis',(1.,0.,0.));
#1761=DIRECTION('',(1.,0.,0.));
#1762=DIRECTION('',(0.,1.,0.));
#1763=DIRECTION('',(-1.,0.,0.));
#1764=DIRECTION('',(-1.61486985400023E-15,-1.,0.));
#1765=DIRECTION('center_axis',(0.,0.,1.));
#1766=DIRECTION('ref_axis',(1.,0.,0.));
#1767=DIRECTION('center_axis',(0.,0.,1.));
#1768=DIRECTION('ref_axis',(1.,0.,0.));
#1769=DIRECTION('center_axis',(0.,0.,1.));
#1770=DIRECTION('ref_axis',(1.,0.,0.));
#1771=DIRECTION('center_axis',(0.,0.,-1.));
#1772=DIRECTION('ref_axis',(1.,0.,0.));
#1773=DIRECTION('center_axis',(0.,0.,-1.));
#1774=DIRECTION('ref_axis',(1.,0.,0.));
#1775=DIRECTION('',(0.707106781186552,-8.65956056235499E-17,0.707106781186543));
#1776=DIRECTION('center_axis',(0.,0.,1.));
#1777=DIRECTION('ref_axis',(1.,0.,0.));
#1778=DIRECTION('',(-1.,0.,0.));
#1779=DIRECTION('',(1.61486985400023E-15,1.,0.));
#1780=DIRECTION('',(1.,0.,0.));
#1781=DIRECTION('',(0.,-1.,0.));
#1782=DIRECTION('center_axis',(0.,0.,-1.));
#1783=DIRECTION('ref_axis',(1.,0.,0.));
#1784=DIRECTION('center_axis',(0.,0.,-1.));
#1785=DIRECTION('ref_axis',(1.,0.,0.));
#1786=DIRECTION('center_axis',(0.,0.,-1.));
#1787=DIRECTION('ref_axis',(1.,0.,0.));
#1788=DIRECTION('center_axis',(0.,0.,1.));
#1789=DIRECTION('ref_axis',(1.,0.,0.));
#1790=DIRECTION('',(0.707106781186546,8.65956056235491E-17,-0.707106781186549));
#1791=DIRECTION('center_axis',(0.,0.,-1.));
#1792=DIRECTION('ref_axis',(1.,0.,0.));
#1793=DIRECTION('center_axis',(0.,0.,-1.));
#1794=DIRECTION('ref_axis',(1.,0.,0.));
#1795=DIRECTION('center_axis',(0.,0.,1.));
#1796=DIRECTION('ref_axis',(1.,0.,0.));
#1797=DIRECTION('',(0.,0.,1.));
#1798=DIRECTION('center_axis',(0.,0.,-1.));
#1799=DIRECTION('ref_axis',(1.,0.,0.));
#1800=DIRECTION('',(0.707106781186546,-8.65956056235491E-17,0.707106781186549));
#1801=DIRECTION('center_axis',(0.,0.,1.));
#1802=DIRECTION('ref_axis',(1.,0.,0.));
#1803=DIRECTION('',(0.707106781186546,8.65956056235491E-17,-0.707106781186549));
#1804=DIRECTION('center_axis',(0.,0.,-1.));
#1805=DIRECTION('ref_axis',(1.,0.,0.));
#1806=DIRECTION('center_axis',(0.,0.,-1.));
#1807=DIRECTION('ref_axis',(1.,0.,0.));
#1808=DIRECTION('center_axis',(0.,0.,1.));
#1809=DIRECTION('ref_axis',(1.,0.,0.));
#1810=DIRECTION('',(0.,0.,1.));
#1811=DIRECTION('center_axis',(0.,0.,-1.));
#1812=DIRECTION('ref_axis',(1.,0.,0.));
#1813=DIRECTION('',(0.707106781186546,-8.65956056235491E-17,0.707106781186549));
#1814=DIRECTION('center_axis',(0.,0.,1.));
#1815=DIRECTION('ref_axis',(1.,0.,0.));
#1816=DIRECTION('',(0.707106781186552,8.65956056235499E-17,-0.707106781186543));
#1817=DIRECTION('center_axis',(0.,0.,-1.));
#1818=DIRECTION('ref_axis',(1.,0.,0.));
#1819=DIRECTION('center_axis',(0.,0.,-1.));
#1820=DIRECTION('ref_axis',(1.,0.,0.));
#1821=DIRECTION('center_axis',(0.,0.,1.));
#1822=DIRECTION('ref_axis',(1.,0.,0.));
#1823=DIRECTION('',(0.,0.,1.));
#1824=DIRECTION('center_axis',(0.,0.,-1.));
#1825=DIRECTION('ref_axis',(1.,0.,0.));
#1826=DIRECTION('',(0.707106781186552,-8.65956056235499E-17,0.707106781186543));
#1827=DIRECTION('center_axis',(0.,0.707106781186543,0.707106781186552));
#1828=DIRECTION('ref_axis',(1.,0.,0.));
#1829=DIRECTION('',(-1.1418854244973E-15,-0.707106781186552,0.707106781186543));
#1830=DIRECTION('',(-1.,0.,0.));
#1831=DIRECTION('',(0.,0.707106781186552,-0.707106781186543));
#1832=DIRECTION('center_axis',(0.,0.707106781186543,-0.707106781186552));
#1833=DIRECTION('ref_axis',(-1.,0.,0.));
#1834=DIRECTION('',(1.1418854244973E-15,0.707106781186552,0.707106781186543));
#1835=DIRECTION('',(0.,-0.707106781186552,-0.707106781186543));
#1836=DIRECTION('',(1.,0.,0.));
#1837=DIRECTION('center_axis',(0.,1.,0.));
#1838=DIRECTION('ref_axis',(1.,0.,0.));
#1839=DIRECTION('',(0.,0.,1.));
#1840=DIRECTION('',(0.,0.,-1.));
#1841=DIRECTION('center_axis',(0.,-0.707106781186543,-0.707106781186552));
#1842=DIRECTION('ref_axis',(-1.,0.,0.));
#1843=DIRECTION('',(0.,-0.707106781186552,0.707106781186543));
#1844=DIRECTION('',(1.1418854244973E-15,0.707106781186552,-0.707106781186543));
#1845=DIRECTION('',(-1.,0.,0.));
#1846=DIRECTION('center_axis',(0.,-1.,0.));
#1847=DIRECTION('ref_axis',(-1.,0.,0.));
#1848=DIRECTION('',(0.,0.,-1.));
#1849=DIRECTION('',(1.,0.,0.));
#1850=DIRECTION('',(0.,0.,1.));
#1851=DIRECTION('center_axis',(0.,-0.707106781186543,0.707106781186552));
#1852=DIRECTION('ref_axis',(1.,0.,0.));
#1853=DIRECTION('',(0.,0.707106781186552,0.707106781186543));
#1854=DIRECTION('',(-1.1418854244973E-15,-0.707106781186552,-0.707106781186543));
#1855=DIRECTION('center_axis',(1.,0.,0.));
#1856=DIRECTION('ref_axis',(7.56970244062606E-16,1.,0.));
#1857=DIRECTION('center_axis',(-1.,1.61486985400023E-15,0.));
#1858=DIRECTION('ref_axis',(0.,1.,0.));
#1859=DIRECTION('',(-0.707106781186546,0.707106781186549,8.65956056235495E-17));
#1860=DIRECTION('center_axis',(1.,-1.61486985400023E-15,0.));
#1861=DIRECTION('ref_axis',(1.40831673313973E-15,1.,0.));
#1862=DIRECTION('center_axis',(1.,0.,0.));
#1863=DIRECTION('ref_axis',(6.60148468659251E-16,1.,0.));
#1864=DIRECTION('center_axis',(1.,0.,0.));
#1865=DIRECTION('ref_axis',(0.,1.,0.));
#1866=DIRECTION('',(-0.70710678118656,0.707106781186535,8.65956056235478E-17));
#1867=DIRECTION('center_axis',(-1.,0.,0.));
#1868=DIRECTION('ref_axis',(1.40831673313973E-15,1.,0.));
#1869=DIRECTION('center_axis',(1.,0.,0.));
#1870=DIRECTION('ref_axis',(0.,-1.,0.));
#1871=DIRECTION('',(0.,0.,1.));
#1872=DIRECTION('center_axis',(-1.,0.,0.));
#1873=DIRECTION('ref_axis',(0.,-0.707106781186548,-0.707106781186548));
#1874=DIRECTION('',(0.,-1.,0.));
#1875=DIRECTION('center_axis',(-1.,0.,0.));
#1876=DIRECTION('ref_axis',(0.,0.707106781186548,-0.707106781186548));
#1877=DIRECTION('',(0.,0.,-1.));
#1878=DIRECTION('center_axis',(-1.,1.40831673313973E-15,0.));
#1879=DIRECTION('ref_axis',(1.40831673313973E-15,1.,0.));
#1880=DIRECTION('',(-1.,1.40831673313973E-15,0.));
#1881=DIRECTION('center_axis',(-1.,0.,0.));
#1882=DIRECTION('ref_axis',(1.40831673313973E-15,1.,0.));
#1883=DIRECTION('center_axis',(-1.,0.,0.));
#1884=DIRECTION('ref_axis',(0.,1.,0.));
#1885=DIRECTION('center_axis',(1.,0.,0.));
#1886=DIRECTION('ref_axis',(0.,1.,0.));
#1887=DIRECTION('',(0.707106781186535,0.70710678118656,-8.65956056235509E-17));
#1888=DIRECTION('center_axis',(-1.,0.,0.));
#1889=DIRECTION('ref_axis',(1.51804807859687E-15,1.,0.));
#1890=DIRECTION('center_axis',(-1.,1.61486985400023E-15,0.));
#1891=DIRECTION('ref_axis',(1.61486985400023E-15,1.,0.));
#1892=DIRECTION('',(0.707106781186549,0.707106781186546,-8.65956056235492E-17));
#1893=DIRECTION('center_axis',(1.,-1.61486985400023E-15,0.));
#1894=DIRECTION('ref_axis',(1.40831673313973E-15,1.,0.));
#1895=DIRECTION('center_axis',(-1.,1.61486985400023E-15,0.));
#1896=DIRECTION('ref_axis',(1.61486985400023E-15,1.,0.));
#1897=DIRECTION('',(0.,0.,-1.));
#1898=DIRECTION('',(0.,0.,1.));
#1899=DIRECTION('center_axis',(1.,-1.61486985400023E-15,0.));
#1900=DIRECTION('ref_axis',(1.14188542449729E-15,0.707106781186548,-0.707106781186548));
#1901=DIRECTION('',(1.61486985400023E-15,1.,0.));
#1902=DIRECTION('center_axis',(1.,-1.61486985400023E-15,0.));
#1903=DIRECTION('ref_axis',(-1.14188542449729E-15,-0.707106781186548,-0.707106781186548));
#1904=DIRECTION('center_axis',(-1.,1.40831673313973E-15,0.));
#1905=DIRECTION('ref_axis',(1.40831673313973E-15,1.,0.));
#1906=DIRECTION('',(-1.,1.40831673313973E-15,0.));
#1907=DIRECTION('center_axis',(-0.577350269189698,0.577350269189596,0.577350269189583));
#1908=DIRECTION('ref_axis',(0.707106781186477,0.,0.707106781186618));
#1909=DIRECTION('',(-0.707106781186546,-1.38168136364172E-13,-0.707106781186549));
#1910=DIRECTION('',(0.,-0.70710678118654,0.707106781186555));
#1911=DIRECTION('',(0.707106781186485,0.70710678118661,0.));
#1912=DIRECTION('center_axis',(0.577350269189633,0.577350269189623,0.577350269189621));
#1913=DIRECTION('ref_axis',(0.70710678118654,0.,-0.707106781186555));
#1914=DIRECTION('',(1.25607396694703E-14,0.70710678118654,-0.707106781186555));
#1915=DIRECTION('',(-0.707106781186552,2.51214793389402E-14,0.707106781186542));
#1916=DIRECTION('',(0.707106781186541,-0.707106781186554,0.));
#1917=DIRECTION('center_axis',(-0.57735026918963,-0.57735026918962,0.577350269189628));
#1918=DIRECTION('ref_axis',(0.707106781186546,0.,0.707106781186549));
#1919=DIRECTION('',(0.,-0.707106781186552,-0.707106781186542));
#1920=DIRECTION('',(0.707106781186546,0.,0.707106781186549));
#1921=DIRECTION('',(-0.707106781186541,0.707106781186554,0.));
#1922=DIRECTION('center_axis',(-0.707106781186549,0.,0.707106781186546));
#1923=DIRECTION('ref_axis',(0.707106781186546,0.,0.707106781186549));
#1924=DIRECTION('',(0.,-1.,0.));
#1925=DIRECTION('center_axis',(-0.70710678118661,0.707106781186485,0.));
#1926=DIRECTION('ref_axis',(0.,0.,1.));
#1927=DIRECTION('',(-0.707106781186485,-0.70710678118661,0.));
#1928=DIRECTION('',(0.,0.,1.));
#1929=DIRECTION('',(0.,0.,-1.));
#1930=DIRECTION('center_axis',(1.,0.,0.));
#1931=DIRECTION('ref_axis',(2.51214793389404E-15,0.707106781186547,-0.707106781186547));
#1932=DIRECTION('center_axis',(-1.,0.,0.));
#1933=DIRECTION('ref_axis',(4.71027737605132E-15,0.707106781186548,-0.707106781186548));
#1934=DIRECTION('',(-0.707106781186614,0.,0.707106781186482));
#1935=DIRECTION('center_axis',(1.,0.,0.));
#1936=DIRECTION('ref_axis',(0.,0.707106781186548,-0.707106781186548));
#1937=DIRECTION('center_axis',(-0.707106781186548,0.,-0.707106781186548));
#1938=DIRECTION('ref_axis',(-0.707106781186548,0.,0.707106781186548));
#1939=DIRECTION('',(0.,-1.,0.));
#1940=DIRECTION('',(-0.707106781186548,0.,0.707106781186548));
#1941=DIRECTION('',(0.,1.,0.));
#1942=DIRECTION('center_axis',(1.,0.,0.));
#1943=DIRECTION('ref_axis',(0.,-0.707106781186547,-0.707106781186547));
#1944=DIRECTION('center_axis',(-1.,0.,0.));
#1945=DIRECTION('ref_axis',(0.,-0.707106781186548,-0.707106781186548));
#1946=DIRECTION('',(-0.707106781186541,0.707106781186554,3.14018491736753E-15));
#1947=DIRECTION('center_axis',(1.,0.,0.));
#1948=DIRECTION('ref_axis',(0.,-0.707106781186548,-0.707106781186548));
#1949=DIRECTION('center_axis',(-0.707106781186554,-0.707106781186541,0.));
#1950=DIRECTION('ref_axis',(0.,0.,1.));
#1951=DIRECTION('',(0.,0.,1.));
#1952=DIRECTION('',(0.,0.,-1.));
#1953=DIRECTION('center_axis',(0.577350269189627,-0.577350269189616,0.577350269189635));
#1954=DIRECTION('ref_axis',(0.707106781186552,0.,-0.707106781186543));
#1955=DIRECTION('',(0.707106781186552,-1.25607396694701E-14,-0.707106781186542));
#1956=DIRECTION('',(-1.25607396694701E-14,0.707106781186552,0.707106781186542));
#1957=DIRECTION('',(-0.707106781186541,-0.707106781186554,0.));
#1958=DIRECTION('center_axis',(0.,-0.707106781186543,0.707106781186553));
#1959=DIRECTION('ref_axis',(1.,0.,0.));
#1960=DIRECTION('',(1.,0.,0.));
#1961=DIRECTION('center_axis',(0.707106781186554,0.707106781186541,0.));
#1962=DIRECTION('ref_axis',(0.,0.,-1.));
#1963=DIRECTION('',(-0.707106781186541,0.707106781186554,0.));
#1964=DIRECTION('',(0.,0.,1.));
#1965=DIRECTION('',(0.,0.,-1.));
#1966=DIRECTION('center_axis',(-1.,0.,0.));
#1967=DIRECTION('ref_axis',(3.04502779865944E-15,0.707106781186547,-0.707106781186547));
#1968=DIRECTION('',(-0.70710678118657,0.,-0.707106781186526));
#1969=DIRECTION('center_axis',(1.,-1.61486985400023E-15,0.));
#1970=DIRECTION('ref_axis',(4.71027737605132E-15,0.707106781186548,-0.707106781186548));
#1971=DIRECTION('center_axis',(-1.,1.61486985400023E-15,0.));
#1972=DIRECTION('ref_axis',(1.14188542449729E-15,0.707106781186548,-0.707106781186548));
#1973=DIRECTION('center_axis',(0.707106781186541,-1.14188542449728E-15,
-0.707106781186554));
#1974=DIRECTION('ref_axis',(-0.707106781186554,0.,-0.707106781186541));
#1975=DIRECTION('',(-0.707106781186554,0.,-0.707106781186541));
#1976=DIRECTION('',(1.61486985400023E-15,1.,0.));
#1977=DIRECTION('',(-1.61486985400023E-15,-1.,0.));
#1978=DIRECTION('center_axis',(-1.,0.,0.));
#1979=DIRECTION('ref_axis',(-5.32879864765402E-16,-0.707106781186547,-0.707106781186547));
#1980=DIRECTION('',(-0.707106781186529,-0.707106781186566,-3.14018491736759E-15));
#1981=DIRECTION('center_axis',(1.,-1.61486985400023E-15,0.));
#1982=DIRECTION('ref_axis',(0.,-0.707106781186548,-0.707106781186548));
#1983=DIRECTION('center_axis',(-1.,1.61486985400023E-15,0.));
#1984=DIRECTION('ref_axis',(-1.14188542449729E-15,-0.707106781186548,-0.707106781186548));
#1985=DIRECTION('center_axis',(0.707106781186554,-0.707106781186541,0.));
#1986=DIRECTION('ref_axis',(0.,0.,-1.));
#1987=DIRECTION('',(0.,0.,1.));
#1988=DIRECTION('',(0.,0.,-1.));
#1989=DIRECTION('center_axis',(0.707106781186543,-1.14188542449728E-15,
0.707106781186553));
#1990=DIRECTION('ref_axis',(0.707106781186553,0.,-0.707106781186543));
#1991=DIRECTION('',(1.61486985400023E-15,1.,0.));
#1992=DIRECTION('center_axis',(4.18691322315677E-15,0.707106781186555,0.70710678118654));
#1993=DIRECTION('ref_axis',(1.,0.,-5.92118946466761E-15));
#1994=DIRECTION('',(-1.,5.92118946466749E-15,0.));
#1995=DIRECTION('center_axis',(-1.,0.,0.));
#1996=DIRECTION('ref_axis',(0.,-0.707106781186548,-0.707106781186548));
#1997=DIRECTION('',(1.,0.,0.));
#1998=DIRECTION('center_axis',(1.,0.,0.));
#1999=DIRECTION('ref_axis',(0.,-0.707106781186548,-0.707106781186548));
#2000=DIRECTION('',(-1.,0.,0.));
#2001=DIRECTION('center_axis',(0.,0.,-1.));
#2002=DIRECTION('ref_axis',(-1.,0.,0.));
#2003=DIRECTION('',(-1.,5.92118946466749E-15,0.));
#2004=DIRECTION('',(0.,1.,0.));
#2005=DIRECTION('center_axis',(1.,-5.92118946466749E-15,0.));
#2006=DIRECTION('ref_axis',(4.71027737605132E-15,0.707106781186548,-0.707106781186548));
#2007=DIRECTION('',(1.,-5.92118946466749E-15,0.));
#2008=DIRECTION('center_axis',(1.,0.,0.));
#2009=DIRECTION('ref_axis',(4.71027737605132E-15,0.707106781186548,-0.707106781186548));
#2010=DIRECTION('center_axis',(5.92118946466749E-15,1.,0.));
#2011=DIRECTION('ref_axis',(1.,-5.92118946466749E-15,0.));
#2012=DIRECTION('',(1.,-5.92118946466749E-15,0.));
#2013=DIRECTION('',(0.,0.,-1.));
#2014=DIRECTION('center_axis',(5.92118946466749E-15,1.,0.));
#2015=DIRECTION('ref_axis',(0.707106781186553,-4.18691322315675E-15,0.707106781186543));
#2016=DIRECTION('',(1.,-5.92118946466749E-15,0.));
#2017=DIRECTION('center_axis',(5.92118946466749E-15,1.,0.));
#2018=DIRECTION('ref_axis',(-0.707106781186546,4.18691322315672E-15,0.707106781186549));
#2019=DIRECTION('',(0.,0.,1.));
#2020=DIRECTION('center_axis',(-1.,0.,0.));
#2021=DIRECTION('ref_axis',(0.,1.,0.));
#2022=DIRECTION('center_axis',(1.,-1.61486985400023E-15,0.));
#2023=DIRECTION('ref_axis',(-1.61486985400023E-15,-1.,0.));
#2024=DIRECTION('center_axis',(-0.707106781186548,0.707106781186548,0.));
#2025=DIRECTION('ref_axis',(0.,0.,1.));
#2026=DIRECTION('',(-0.707106781186548,-0.707106781186548,0.));
#2027=DIRECTION('',(0.,0.,1.));
#2028=DIRECTION('',(0.707106781186548,0.707106781186548,0.));
#2029=DIRECTION('center_axis',(1.,0.,0.));
#2030=DIRECTION('ref_axis',(3.04502779865944E-15,0.707106781186547,-0.707106781186547));
#2031=DIRECTION('center_axis',(-1.,1.61486985400023E-15,0.));
#2032=DIRECTION('ref_axis',(4.71027737605132E-15,0.707106781186548,-0.707106781186548));
#2033=DIRECTION('',(-0.707106781186601,0.,0.707106781186494));
#2034=DIRECTION('center_axis',(-0.707106781186554,1.1418854244973E-15,-0.707106781186541));
#2035=DIRECTION('ref_axis',(-0.707106781186541,0.,0.707106781186554));
#2036=DIRECTION('',(-1.61486985400023E-15,-1.,0.));
#2037=DIRECTION('',(-0.707106781186541,0.,0.707106781186554));
#2038=DIRECTION('center_axis',(1.,0.,0.));
#2039=DIRECTION('ref_axis',(-5.32879864765402E-16,-0.707106781186547,-0.707106781186547));
#2040=DIRECTION('center_axis',(-1.,1.61486985400023E-15,0.));
#2041=DIRECTION('ref_axis',(0.,-0.707106781186548,-0.707106781186548));
#2042=DIRECTION('',(-0.707106781186529,0.707106781186566,-3.14018491736759E-15));
#2043=DIRECTION('center_axis',(-0.70710678118656,-0.707106781186535,0.));
#2044=DIRECTION('ref_axis',(0.,0.,1.));
#2045=DIRECTION('',(0.,0.,1.));
#2046=DIRECTION('',(-0.707106781186529,0.707106781186566,0.));
#2047=DIRECTION('',(0.,0.,-1.));
#2048=DIRECTION('center_axis',(0.,-1.,0.));
#2049=DIRECTION('ref_axis',(0.707106781186553,0.,0.707106781186542));
#2050=DIRECTION('',(0.,0.707106781186547,-0.707106781186548));
#2051=DIRECTION('center_axis',(0.,1.,0.));
#2052=DIRECTION('ref_axis',(0.707106781186553,0.,0.707106781186542));
#2053=DIRECTION('center_axis',(0.,-1.,0.));
#2054=DIRECTION('ref_axis',(0.707106781186553,0.,0.707106781186542));
#2055=DIRECTION('center_axis',(0.,-0.707106781186549,-0.707106781186546));
#2056=DIRECTION('ref_axis',(-1.,0.,0.));
#2057=DIRECTION('',(0.,0.707106781186546,-0.707106781186549));
#2058=DIRECTION('',(-1.,0.,0.));
#2059=DIRECTION('center_axis',(0.,-1.,0.));
#2060=DIRECTION('ref_axis',(-0.707106781186546,0.,0.707106781186549));
#2061=DIRECTION('',(0.707106781186551,0.707106781186544,-3.92523114670943E-16));
#2062=DIRECTION('center_axis',(0.,1.,0.));
#2063=DIRECTION('ref_axis',(-0.707106781186546,0.,0.707106781186549));
#2064=DIRECTION('center_axis',(0.,-1.,0.));
#2065=DIRECTION('ref_axis',(-0.707106781186546,0.,0.707106781186549));
#2066=DIRECTION('center_axis',(0.707106781186548,-0.707106781186548,0.));
#2067=DIRECTION('ref_axis',(0.,0.,-1.));
#2068=DIRECTION('',(0.707106781186548,0.707106781186548,0.));
#2069=DIRECTION('',(0.,0.,1.));
#2070=DIRECTION('',(0.,0.,-1.));
#2071=DIRECTION('center_axis',(-1.,0.,0.));
#2072=DIRECTION('ref_axis',(0.,-0.707106781186547,-0.707106781186547));
#2073=DIRECTION('',(0.707106781186544,0.,0.707106781186551));
#2074=DIRECTION('center_axis',(0.707106781186548,0.,-0.707106781186548));
#2075=DIRECTION('ref_axis',(-0.707106781186548,0.,-0.707106781186548));
#2076=DIRECTION('',(0.707106781186548,0.,0.707106781186548));
#2077=DIRECTION('center_axis',(-1.,0.,0.));
#2078=DIRECTION('ref_axis',(2.51214793389404E-15,0.707106781186547,-0.707106781186547));
#2079=DIRECTION('',(0.70710678118656,-0.707106781186535,-3.14018491736745E-15));
#2080=DIRECTION('center_axis',(0.707106781186598,0.707106781186497,0.));
#2081=DIRECTION('ref_axis',(0.,0.,-1.));
#2082=DIRECTION('',(0.707106781186497,-0.707106781186598,0.));
#2083=DIRECTION('',(0.,0.,-1.));
#2084=DIRECTION('center_axis',(8.8817841970016E-15,1.,0.));
#2085=DIRECTION('ref_axis',(-0.707106781186546,2.79127548210448E-15,0.707106781186549));
#2086=DIRECTION('',(-6.28036983473521E-15,-0.707106781186532,-0.707106781186563));
#2087=DIRECTION('center_axis',(-5.92118946466749E-15,-1.,0.));
#2088=DIRECTION('ref_axis',(-0.707106781186546,0.,0.707106781186549));
#2089=DIRECTION('center_axis',(4.18691322315677E-15,0.707106781186555,-0.70710678118654));
#2090=DIRECTION('ref_axis',(-1.,0.,-5.92118946466761E-15));
#2091=DIRECTION('',(-1.25607396694703E-14,-0.70710678118654,-0.707106781186555));
#2092=DIRECTION('center_axis',(0.,1.,0.));
#2093=DIRECTION('ref_axis',(0.707106781186553,-2.79127548210451E-15,0.707106781186542));
#2094=DIRECTION('center_axis',(-5.92118946466749E-15,-1.,0.));
#2095=DIRECTION('ref_axis',(0.707106781186553,0.,0.707106781186542));
#2096=DIRECTION('center_axis',(0.,-1.,0.));
#2097=DIRECTION('ref_axis',(-1.,0.,0.));
#2098=DIRECTION('',(-1.,0.,0.));
#2099=DIRECTION('center_axis',(-1.,0.,0.));
#2100=DIRECTION('ref_axis',(0.,-0.707106781186548,-0.707106781186548));
#2101=DIRECTION('',(1.,0.,0.));
#2102=DIRECTION('center_axis',(0.,0.,-1.));
#2103=DIRECTION('ref_axis',(-1.,0.,0.));
#2104=DIRECTION('',(-1.,5.92118946466749E-15,0.));
#2105=DIRECTION('center_axis',(1.,-5.92118946466749E-15,0.));
#2106=DIRECTION('ref_axis',(4.71027737605132E-15,0.707106781186548,-0.707106781186548));
#2107=DIRECTION('center_axis',(-1.61486985400023E-15,-1.,0.));
#2108=DIRECTION('ref_axis',(0.707106781186553,0.,0.707106781186542));
#2109=DIRECTION('',(-1.61486985400023E-15,-1.,0.));
#2110=DIRECTION('center_axis',(0.,1.,0.));
#2111=DIRECTION('ref_axis',(-0.707106781186546,0.,0.707106781186549));
#2112=DIRECTION('',(0.,1.,0.));
#2113=DIRECTION('center_axis',(1.,0.,0.));
#2114=DIRECTION('ref_axis',(0.,-1.,0.));
#2115=DIRECTION('center_axis',(-1.,1.61486985400023E-15,0.));
#2116=DIRECTION('ref_axis',(1.61486985400023E-15,1.,0.));
#2117=CARTESIAN_POINT('',(0.,0.,0.));
#2118=CARTESIAN_POINT('Origin',(95.,-102.,-0.25));
#2119=CARTESIAN_POINT('',(92.95,-102.,0.));
#2120=CARTESIAN_POINT('Origin',(95.,-102.,0.));
#2121=CARTESIAN_POINT('',(93.45,-102.,-0.5));
#2122=CARTESIAN_POINT('',(93.2,-102.,-0.25));
#2123=CARTESIAN_POINT('Origin',(95.,-102.,-0.5));
#2124=CARTESIAN_POINT('Origin',(95.,-102.,0.));
#2125=CARTESIAN_POINT('',(93.45,-102.,-2.5));
#2126=CARTESIAN_POINT('Origin',(95.,-102.,-2.5));
#2127=CARTESIAN_POINT('',(93.45,-102.,0.));
#2128=CARTESIAN_POINT('Origin',(85.8,-96.,0.));
#2129=CARTESIAN_POINT('',(69.6,-106.,0.));
#2130=CARTESIAN_POINT('',(69.6,-85.9999999999998,0.));
#2131=CARTESIAN_POINT('',(69.6,-101.5,0.));
#2132=CARTESIAN_POINT('',(102.,-106.,0.));
#2133=CARTESIAN_POINT('',(94.3999999999999,-106.,0.));
#2134=CARTESIAN_POINT('',(102.,-86.,0.));
#2135=CARTESIAN_POINT('',(102.,-90.5,0.));
#2136=CARTESIAN_POINT('',(77.2,-85.9999999999998,0.));
#2137=CARTESIAN_POINT('',(74.55,-102.,0.));
#2138=CARTESIAN_POINT('Origin',(76.6,-102.,0.));
#2139=CARTESIAN_POINT('',(92.95,-90.,0.));
#2140=CARTESIAN_POINT('Origin',(95.,-90.,0.));
#2141=CARTESIAN_POINT('',(74.55,-90.,0.));
#2142=CARTESIAN_POINT('Origin',(76.6,-90.,0.));
#2143=CARTESIAN_POINT('Origin',(95.,-102.,-2.75));
#2144=CARTESIAN_POINT('',(92.95,-102.,-3.));
#2145=CARTESIAN_POINT('Origin',(95.,-102.,-3.));
#2146=CARTESIAN_POINT('',(93.2,-102.,-2.75));
#2147=CARTESIAN_POINT('Origin',(85.8,-96.,-3.));
#2148=CARTESIAN_POINT('',(72.5999999999999,-106.,-3.));
#2149=CARTESIAN_POINT('',(98.9999999999999,-106.,-3.));
#2150=CARTESIAN_POINT('',(94.3999999999999,-106.,-3.));
#2151=CARTESIAN_POINT('',(72.5999999999999,-85.9999999999998,-3.));
#2152=CARTESIAN_POINT('',(72.5999999999999,-90.5,-3.));
#2153=CARTESIAN_POINT('',(99.,-85.9999999999999,-3.));
#2154=CARTESIAN_POINT('',(77.2,-85.9999999999998,-3.));
#2155=CARTESIAN_POINT('',(98.9999999999999,-101.5,-3.));
#2156=CARTESIAN_POINT('',(74.55,-102.,-3.));
#2157=CARTESIAN_POINT('Origin',(76.6,-102.,-3.));
#2158=CARTESIAN_POINT('',(92.95,-90.,-3.));
#2159=CARTESIAN_POINT('Origin',(95.,-90.,-3.));
#2160=CARTESIAN_POINT('',(74.55,-90.,-3.));
#2161=CARTESIAN_POINT('Origin',(76.6,-90.,-3.));
#2162=CARTESIAN_POINT('Origin',(76.6,-102.,-0.25));
#2163=CARTESIAN_POINT('',(75.05,-102.,-0.5));
#2164=CARTESIAN_POINT('',(74.8,-102.,-0.25));
#2165=CARTESIAN_POINT('Origin',(76.6,-102.,-0.5));
#2166=CARTESIAN_POINT('Origin',(76.6,-102.,0.));
#2167=CARTESIAN_POINT('',(75.05,-102.,-2.5));
#2168=CARTESIAN_POINT('Origin',(76.6,-102.,-2.5));
#2169=CARTESIAN_POINT('',(75.05,-102.,0.));
#2170=CARTESIAN_POINT('Origin',(76.6,-102.,-2.75));
#2171=CARTESIAN_POINT('',(74.8,-102.,-2.75));
#2172=CARTESIAN_POINT('Origin',(76.6,-90.,-0.25));
#2173=CARTESIAN_POINT('',(75.05,-90.,-0.5));
#2174=CARTESIAN_POINT('',(74.8,-90.,-0.25));
#2175=CARTESIAN_POINT('Origin',(76.6,-90.,-0.5));
#2176=CARTESIAN_POINT('Origin',(76.6,-90.,0.));
#2177=CARTESIAN_POINT('',(75.05,-90.,-2.5));
#2178=CARTESIAN_POINT('Origin',(76.6,-90.,-2.5));
#2179=CARTESIAN_POINT('',(75.05,-90.,0.));
#2180=CARTESIAN_POINT('Origin',(76.6,-90.,-2.75));
#2181=CARTESIAN_POINT('',(74.8,-90.,-2.75));
#2182=CARTESIAN_POINT('Origin',(95.,-90.,-0.25));
#2183=CARTESIAN_POINT('',(93.45,-90.,-0.5));
#2184=CARTESIAN_POINT('',(93.2,-90.,-0.25));
#2185=CARTESIAN_POINT('Origin',(95.,-90.,-0.5));
#2186=CARTESIAN_POINT('Origin',(95.,-90.,0.));
#2187=CARTESIAN_POINT('',(93.45,-90.,-2.5));
#2188=CARTESIAN_POINT('Origin',(95.,-90.,-2.5));
#2189=CARTESIAN_POINT('',(93.45,-90.,0.));
#2190=CARTESIAN_POINT('Origin',(95.,-90.,-2.75));
#2191=CARTESIAN_POINT('',(93.2,-90.,-2.75));
#2192=CARTESIAN_POINT('Origin',(95.,-102.,-10.25));
#2193=CARTESIAN_POINT('',(92.95,-102.,-10.));
#2194=CARTESIAN_POINT('Origin',(95.,-102.,-10.));
#2195=CARTESIAN_POINT('',(93.45,-102.,-10.5));
#2196=CARTESIAN_POINT('',(93.2,-102.,-10.25));
#2197=CARTESIAN_POINT('Origin',(95.,-102.,-10.5));
#2198=CARTESIAN_POINT('Origin',(95.,-102.,-10.));
#2199=CARTESIAN_POINT('',(93.45,-102.,-12.5));
#2200=CARTESIAN_POINT('Origin',(95.,-102.,-12.5));
#2201=CARTESIAN_POINT('',(93.45,-102.,-10.));
#2202=CARTESIAN_POINT('Origin',(85.8,-96.,-10.));
#2203=CARTESIAN_POINT('',(71.6,-86.5,-10.));
#2204=CARTESIAN_POINT('',(100.,-86.5,-10.));
#2205=CARTESIAN_POINT('',(78.7,-86.5,-10.));
#2206=CARTESIAN_POINT('',(71.6,-105.5,-10.));
#2207=CARTESIAN_POINT('',(71.6,-90.5,-10.));
#2208=CARTESIAN_POINT('',(100.,-105.5,-10.));
#2209=CARTESIAN_POINT('',(92.9,-105.5,-10.));
#2210=CARTESIAN_POINT('',(100.,-101.5,-10.));
#2211=CARTESIAN_POINT('',(74.55,-102.,-10.));
#2212=CARTESIAN_POINT('Origin',(76.6,-102.,-10.));
#2213=CARTESIAN_POINT('',(92.95,-90.,-10.));
#2214=CARTESIAN_POINT('Origin',(95.,-90.,-10.));
#2215=CARTESIAN_POINT('',(74.55,-90.,-10.));
#2216=CARTESIAN_POINT('Origin',(76.6,-90.,-10.));
#2217=CARTESIAN_POINT('Origin',(95.,-102.,-12.75));
#2218=CARTESIAN_POINT('',(92.95,-102.,-13.));
#2219=CARTESIAN_POINT('Origin',(95.,-102.,-13.));
#2220=CARTESIAN_POINT('',(93.2,-102.,-12.75));
#2221=CARTESIAN_POINT('Origin',(85.8,-96.,-13.));
#2222=CARTESIAN_POINT('',(100.,-86.5,-13.));
#2223=CARTESIAN_POINT('',(71.6,-86.5,-13.));
#2224=CARTESIAN_POINT('',(78.7,-86.5,-13.));
#2225=CARTESIAN_POINT('',(100.,-105.5,-13.));
#2226=CARTESIAN_POINT('',(100.,-101.5,-13.));
#2227=CARTESIAN_POINT('',(71.6,-105.5,-13.));
#2228=CARTESIAN_POINT('',(92.9,-105.5,-13.));
#2229=CARTESIAN_POINT('',(71.6,-90.5,-13.));
#2230=CARTESIAN_POINT('',(74.55,-102.,-13.));
#2231=CARTESIAN_POINT('Origin',(76.6,-102.,-13.));
#2232=CARTESIAN_POINT('',(92.95,-90.,-13.));
#2233=CARTESIAN_POINT('Origin',(95.,-90.,-13.));
#2234=CARTESIAN_POINT('',(74.55,-90.,-13.));
#2235=CARTESIAN_POINT('Origin',(76.6,-90.,-13.));
#2236=CARTESIAN_POINT('Origin',(76.6,-102.,-10.25));
#2237=CARTESIAN_POINT('',(75.05,-102.,-10.5));
#2238=CARTESIAN_POINT('',(74.8,-102.,-10.25));
#2239=CARTESIAN_POINT('Origin',(76.6,-102.,-10.5));
#2240=CARTESIAN_POINT('Origin',(76.6,-102.,-10.));
#2241=CARTESIAN_POINT('',(75.05,-102.,-12.5));
#2242=CARTESIAN_POINT('Origin',(76.6,-102.,-12.5));
#2243=CARTESIAN_POINT('',(75.05,-102.,-10.));
#2244=CARTESIAN_POINT('Origin',(76.6,-102.,-12.75));
#2245=CARTESIAN_POINT('',(74.8,-102.,-12.75));
#2246=CARTESIAN_POINT('Origin',(76.6,-90.,-10.25));
#2247=CARTESIAN_POINT('',(75.05,-90.,-10.5));
#2248=CARTESIAN_POINT('',(74.8,-90.,-10.25));
#2249=CARTESIAN_POINT('Origin',(76.6,-90.,-10.5));
#2250=CARTESIAN_POINT('Origin',(76.6,-90.,-10.));
#2251=CARTESIAN_POINT('',(75.05,-90.,-12.5));
#2252=CARTESIAN_POINT('Origin',(76.6,-90.,-12.5));
#2253=CARTESIAN_POINT('',(75.05,-90.,-10.));
#2254=CARTESIAN_POINT('Origin',(76.6,-90.,-12.75));
#2255=CARTESIAN_POINT('',(74.8,-90.,-12.75));
#2256=CARTESIAN_POINT('Origin',(95.,-90.,-10.25));
#2257=CARTESIAN_POINT('',(93.45,-90.,-10.5));
#2258=CARTESIAN_POINT('',(93.2,-90.,-10.25));
#2259=CARTESIAN_POINT('Origin',(95.,-90.,-10.5));
#2260=CARTESIAN_POINT('Origin',(95.,-90.,-10.));
#2261=CARTESIAN_POINT('',(93.45,-90.,-12.5));
#2262=CARTESIAN_POINT('Origin',(95.,-90.,-12.5));
#2263=CARTESIAN_POINT('',(93.45,-90.,-10.));
#2264=CARTESIAN_POINT('Origin',(95.,-90.,-12.75));
#2265=CARTESIAN_POINT('',(93.2,-90.,-12.75));
#2266=CARTESIAN_POINT('Origin',(78.7,-86.25,-10.25));
#2267=CARTESIAN_POINT('',(100.,-86.,-10.5));
#2268=CARTESIAN_POINT('',(100.,-93.25,-3.25000000000001));
#2269=CARTESIAN_POINT('',(71.6,-86.,-10.5));
#2270=CARTESIAN_POINT('',(78.7,-86.,-10.5));
#2271=CARTESIAN_POINT('',(71.6,-87.75,-8.75000000000003));
#2272=CARTESIAN_POINT('Origin',(78.7,-86.25,-12.75));
#2273=CARTESIAN_POINT('',(100.,-86.,-12.5));
#2274=CARTESIAN_POINT('',(100.,-89.,-15.5));
#2275=CARTESIAN_POINT('',(71.6,-86.,-12.5));
#2276=CARTESIAN_POINT('',(71.6,-83.5,-10.));
#2277=CARTESIAN_POINT('',(78.7,-86.,-12.5));
#2278=CARTESIAN_POINT('Origin',(71.6,-86.,-10.));
#2279=CARTESIAN_POINT('',(100.,-86.,-6.5));
#2280=CARTESIAN_POINT('',(71.6,-86.,-6.5));
#2281=CARTESIAN_POINT('Origin',(92.9,-105.75,-12.75));
#2282=CARTESIAN_POINT('',(71.6,-106.,-12.5));
#2283=CARTESIAN_POINT('',(71.6,-103.,-15.5));
#2284=CARTESIAN_POINT('',(99.9999999999999,-106.,-12.5));
#2285=CARTESIAN_POINT('',(99.9999999999999,-108.5,-10.));
#2286=CARTESIAN_POINT('',(92.9,-106.,-12.5));
#2287=CARTESIAN_POINT('Origin',(100.,-106.,-10.));
#2288=CARTESIAN_POINT('',(99.9999999999999,-106.,-10.5));
#2289=CARTESIAN_POINT('',(99.9999999999999,-106.,-6.5));
#2290=CARTESIAN_POINT('',(71.6,-106.,-10.5));
#2291=CARTESIAN_POINT('',(92.9,-106.,-10.5));
#2292=CARTESIAN_POINT('',(71.6,-106.,-6.5));
#2293=CARTESIAN_POINT('Origin',(92.9,-105.75,-10.25));
#2294=CARTESIAN_POINT('',(71.6,-98.7499999999999,-3.25000000000002));
#2295=CARTESIAN_POINT('',(99.9999999999999,-104.25,-8.75000000000003));
#2296=CARTESIAN_POINT('Origin',(102.75,-95.9999999999999,-36.5));
#2297=CARTESIAN_POINT('',(103.,-100.25,-36.5));
#2298=CARTESIAN_POINT('Origin',(103.,-95.9999999999999,-36.5));
#2299=CARTESIAN_POINT('',(102.5,-99.7499999999999,-36.5));
#2300=CARTESIAN_POINT('',(102.75,-99.9999999999999,-36.5));
#2301=CARTESIAN_POINT('Origin',(102.5,-95.9999999999999,-36.5));
#2302=CARTESIAN_POINT('Origin',(71.3499999999999,-95.9999999999999,-36.5));
#2303=CARTESIAN_POINT('',(71.6,-100.25,-36.5));
#2304=CARTESIAN_POINT('Origin',(71.6,-95.9999999999999,-36.5));
#2305=CARTESIAN_POINT('',(71.0999999999999,-99.7499999999999,-36.5));
#2306=CARTESIAN_POINT('',(71.3499999999999,-99.9999999999999,-36.5));
#2307=CARTESIAN_POINT('Origin',(71.0999999999999,-95.9999999999999,-36.5));
#2308=CARTESIAN_POINT('Origin',(71.6,-85.,-3.));
#2309=CARTESIAN_POINT('',(71.6,-106.,-36.5));
#2310=CARTESIAN_POINT('',(71.6,-106.,-6.5));
#2311=CARTESIAN_POINT('',(71.6,-99.,-43.5));
#2312=CARTESIAN_POINT('Origin',(71.6,-99.,-36.5));
#2313=CARTESIAN_POINT('',(71.6,-92.9999999999998,-43.5));
#2314=CARTESIAN_POINT('',(71.6,-90.5,-43.5));
#2315=CARTESIAN_POINT('',(71.6,-85.9999999999998,-36.5));
#2316=CARTESIAN_POINT('Origin',(71.6,-92.9999999999998,-36.5));
#2317=CARTESIAN_POINT('',(71.6,-86.,-6.5));
#2318=CARTESIAN_POINT('Origin',(103.,-95.9999999999999,-36.5));
#2319=CARTESIAN_POINT('',(69.1,-99.7499999999999,-36.5));
#2320=CARTESIAN_POINT('',(103.,-99.7499999999999,-36.5));
#2321=CARTESIAN_POINT('Origin',(69.1,-95.9999999999999,-36.5));
#2322=CARTESIAN_POINT('Origin',(68.85,-95.9999999999999,-36.5));
#2323=CARTESIAN_POINT('',(68.6,-100.25,-36.5));
#2324=CARTESIAN_POINT('Origin',(68.6,-95.9999999999999,-36.5));
#2325=CARTESIAN_POINT('',(68.85,-99.9999999999999,-36.5));
#2326=CARTESIAN_POINT('Origin',(100.25,-95.9999999999999,-36.5));
#2327=CARTESIAN_POINT('',(100.,-100.25,-36.5));
#2328=CARTESIAN_POINT('Origin',(100.,-95.9999999999999,-36.5));
#2329=CARTESIAN_POINT('',(100.5,-99.7499999999999,-36.5));
#2330=CARTESIAN_POINT('',(100.25,-99.9999999999999,-36.5));
#2331=CARTESIAN_POINT('Origin',(100.5,-95.9999999999999,-36.5));
#2332=CARTESIAN_POINT('Origin',(99.9999999999999,-107.,-3.));
#2333=CARTESIAN_POINT('',(100.,-106.,-36.5));
#2334=CARTESIAN_POINT('',(99.9999999999999,-106.,-6.5));
#2335=CARTESIAN_POINT('',(100.,-86.,-36.5));
#2336=CARTESIAN_POINT('',(100.,-86.,-6.5));
#2337=CARTESIAN_POINT('',(100.,-93.,-43.5));
#2338=CARTESIAN_POINT('Origin',(100.,-93.,-36.5));
#2339=CARTESIAN_POINT('',(100.,-99.,-43.5));
#2340=CARTESIAN_POINT('',(100.,-101.5,-43.5));
#2341=CARTESIAN_POINT('Origin',(100.,-99.,-36.5));
#2342=CARTESIAN_POINT('Origin',(103.,-95.9999999999999,-36.5));
#2343=CARTESIAN_POINT('',(103.,-99.7499999999999,-36.5));
#2344=CARTESIAN_POINT('Origin',(69.6,-84.9999999999998,-1.));
#2345=CARTESIAN_POINT('',(68.6,-86.,-1.));
#2346=CARTESIAN_POINT('',(69.6,-85.9999999999998,0.));
#2347=CARTESIAN_POINT('',(69.6,-84.9999999999998,-1.));
#2348=CARTESIAN_POINT('',(69.6,-84.9999999999998,-1.));
#2349=CARTESIAN_POINT('',(68.6,-86.,-1.));
#2350=CARTESIAN_POINT('Origin',(103.,-86.,-1.));
#2351=CARTESIAN_POINT('',(102.,-85.,-1.));
#2352=CARTESIAN_POINT('',(102.,-86.,0.));
#2353=CARTESIAN_POINT('',(103.,-86.,-1.));
#2354=CARTESIAN_POINT('',(103.,-86.,-1.));
#2355=CARTESIAN_POINT('',(102.,-85.,-1.));
#2356=CARTESIAN_POINT('Origin',(68.6,-106.,-1.));
#2357=CARTESIAN_POINT('',(69.6,-107.,-1.));
#2358=CARTESIAN_POINT('',(69.6,-106.,0.));
#2359=CARTESIAN_POINT('',(68.6,-106.,-1.));
#2360=CARTESIAN_POINT('',(68.6,-106.,-1.));
#2361=CARTESIAN_POINT('',(69.6,-107.,-1.));
#2362=CARTESIAN_POINT('Origin',(69.1,-101.5,-0.5));
#2363=CARTESIAN_POINT('',(68.6,-101.5,-1.));
#2364=CARTESIAN_POINT('Origin',(69.1,-85.4999999999999,0.));
#2365=CARTESIAN_POINT('',(69.6,-84.9999999999998,-36.5));
#2366=CARTESIAN_POINT('',(68.6,-86.,-36.5));
#2367=CARTESIAN_POINT('',(69.6,-84.9999999999998,-36.5));
#2368=CARTESIAN_POINT('',(68.6,-86.,0.));
#2369=CARTESIAN_POINT('',(69.6,-84.9999999999998,0.));
#2370=CARTESIAN_POINT('Origin',(69.1000000000001,-92.9999999999998,-36.5));
#2371=CARTESIAN_POINT('',(69.6000000000002,-92.9999999999998,-44.5));
#2372=CARTESIAN_POINT('Origin',(69.6000000000002,-92.9999999999998,-36.5));
#2373=CARTESIAN_POINT('',(68.6,-92.9999999999998,-43.5));
#2374=CARTESIAN_POINT('',(69.6000000000002,-92.9999999999998,-44.5));
#2375=CARTESIAN_POINT('Origin',(68.6,-92.9999999999998,-36.5));
#2376=CARTESIAN_POINT('Origin',(69.1,-101.5,-44.));
#2377=CARTESIAN_POINT('',(69.6,-99.,-44.5));
#2378=CARTESIAN_POINT('',(69.6,-101.5,-44.5));
#2379=CARTESIAN_POINT('',(68.6,-99.,-43.5));
#2380=CARTESIAN_POINT('',(69.6,-99.,-44.5));
#2381=CARTESIAN_POINT('',(68.6,-101.5,-43.5));
#2382=CARTESIAN_POINT('Origin',(69.1,-99.,-36.5));
#2383=CARTESIAN_POINT('',(69.6,-107.,-36.5));
#2384=CARTESIAN_POINT('Origin',(69.6,-99.,-36.5));
#2385=CARTESIAN_POINT('',(68.6,-106.,-36.5));
#2386=CARTESIAN_POINT('',(69.6,-107.,-36.5));
#2387=CARTESIAN_POINT('Origin',(68.6,-99.,-36.5));
#2388=CARTESIAN_POINT('Origin',(69.1,-106.5,0.));
#2389=CARTESIAN_POINT('',(69.6,-107.,0.));
#2390=CARTESIAN_POINT('',(68.6,-106.,0.));
#2391=CARTESIAN_POINT('Origin',(102.,-107.,-1.));
#2392=CARTESIAN_POINT('',(103.,-106.,-1.));
#2393=CARTESIAN_POINT('',(102.,-106.,0.));
#2394=CARTESIAN_POINT('',(102.,-107.,-1.));
#2395=CARTESIAN_POINT('',(102.,-107.,-1.));
#2396=CARTESIAN_POINT('',(103.,-106.,-1.));
#2397=CARTESIAN_POINT('Origin',(94.3999999999999,-106.5,-0.5));
#2398=CARTESIAN_POINT('',(94.3999999999999,-107.,-1.));
#2399=CARTESIAN_POINT('Origin',(102.5,-85.5,0.));
#2400=CARTESIAN_POINT('',(103.,-86.,-36.5));
#2401=CARTESIAN_POINT('',(102.,-85.,-36.5));
#2402=CARTESIAN_POINT('',(103.,-86.,-36.5));
#2403=CARTESIAN_POINT('',(102.,-85.,0.));
#2404=CARTESIAN_POINT('',(103.,-86.,0.));
#2405=CARTESIAN_POINT('Origin',(102.5,-93.,-36.5));
#2406=CARTESIAN_POINT('',(103.,-93.,-43.5));
#2407=CARTESIAN_POINT('',(102.,-93.,-44.5));
#2408=CARTESIAN_POINT('',(103.,-93.,-43.5));
#2409=CARTESIAN_POINT('Origin',(102.,-93.,-36.5));
#2410=CARTESIAN_POINT('Origin',(103.,-93.,-36.5));
#2411=CARTESIAN_POINT('Origin',(102.5,-90.5,-44.));
#2412=CARTESIAN_POINT('',(103.,-99.,-43.5));
#2413=CARTESIAN_POINT('',(102.,-99.,-44.5));
#2414=CARTESIAN_POINT('',(103.,-99.,-43.5));
#2415=CARTESIAN_POINT('',(102.,-90.5,-44.5));
#2416=CARTESIAN_POINT('',(103.,-90.5,-43.5));
#2417=CARTESIAN_POINT('Origin',(102.5,-99.,-36.5));
#2418=CARTESIAN_POINT('',(103.,-106.,-36.5));
#2419=CARTESIAN_POINT('',(102.,-107.,-36.5));
#2420=CARTESIAN_POINT('',(103.,-106.,-36.5));
#2421=CARTESIAN_POINT('Origin',(102.,-99.,-36.5));
#2422=CARTESIAN_POINT('Origin',(103.,-99.,-36.5));
#2423=CARTESIAN_POINT('Origin',(102.5,-106.5,0.));
#2424=CARTESIAN_POINT('',(103.,-106.,0.));
#2425=CARTESIAN_POINT('',(102.,-107.,0.));
#2426=CARTESIAN_POINT('Origin',(102.5,-90.5,-0.5));
#2427=CARTESIAN_POINT('',(103.,-90.5,-1.));
#2428=CARTESIAN_POINT('Origin',(77.2,-85.4999999999998,-0.5));
#2429=CARTESIAN_POINT('',(77.2,-84.9999999999998,-1.));
#2430=CARTESIAN_POINT('Origin',(94.3999999999999,-99.,-36.5));
#2431=CARTESIAN_POINT('',(70.6,-99.,-44.5));
#2432=CARTESIAN_POINT('',(94.3999999999999,-99.,-44.5));
#2433=CARTESIAN_POINT('',(70.6,-107.,-36.5));
#2434=CARTESIAN_POINT('Origin',(70.6,-99.,-36.5));
#2435=CARTESIAN_POINT('',(94.3999999999999,-107.,-36.5));
#2436=CARTESIAN_POINT('Origin',(85.8,-96.,-44.5));
#2437=CARTESIAN_POINT('',(70.6,-92.9999999999998,-44.5));
#2438=CARTESIAN_POINT('',(77.1999999999999,-92.9999999999998,-44.5));
#2439=CARTESIAN_POINT('',(70.6,-90.5,-44.5));
#2440=CARTESIAN_POINT('Origin',(77.1999999999999,-92.9999999999998,-36.5));
#2441=CARTESIAN_POINT('',(70.5999999999999,-84.9999999999998,-36.5));
#2442=CARTESIAN_POINT('',(77.2,-84.9999999999998,-36.5));
#2443=CARTESIAN_POINT('Origin',(70.5999999999999,-92.9999999999998,-36.5));
#2444=CARTESIAN_POINT('Origin',(68.6,-84.9999999999998,0.));
#2445=CARTESIAN_POINT('',(101.,-85.,-36.5));
#2446=CARTESIAN_POINT('',(77.2,-84.9999999999998,-36.5));
#2447=CARTESIAN_POINT('',(101.,-85.,-4.));
#2448=CARTESIAN_POINT('',(101.,-85.,-1.5));
#2449=CARTESIAN_POINT('',(99.,-85.,-2.));
#2450=CARTESIAN_POINT('Origin',(99.,-85.,-4.));
#2451=CARTESIAN_POINT('',(72.6,-84.9999999999998,-2.));
#2452=CARTESIAN_POINT('',(77.2,-84.9999999999998,-2.));
#2453=CARTESIAN_POINT('',(70.6,-84.9999999999998,-4.));
#2454=CARTESIAN_POINT('Origin',(72.6,-84.9999999999998,-4.));
#2455=CARTESIAN_POINT('',(70.6,-84.9999999999998,-1.5));
#2456=CARTESIAN_POINT('Origin',(68.6,-107.,0.));
#2457=CARTESIAN_POINT('Origin',(103.,-85.,0.));
#2458=CARTESIAN_POINT('Origin',(100.5,-85.5,-1.5));
#2459=CARTESIAN_POINT('',(101.,-85.,-36.5));
#2460=CARTESIAN_POINT('',(100.,-86.,-4.));
#2461=CARTESIAN_POINT('',(100.,-86.,-6.5));
#2462=CARTESIAN_POINT('',(100.,-86.,-4.));
#2463=CARTESIAN_POINT('Origin',(100.5,-93.,-36.5));
#2464=CARTESIAN_POINT('',(101.,-93.,-44.5));
#2465=CARTESIAN_POINT('Origin',(101.,-93.,-36.5));
#2466=CARTESIAN_POINT('',(101.,-93.,-44.5));
#2467=CARTESIAN_POINT('Origin',(100.5,-101.5,-44.));
#2468=CARTESIAN_POINT('',(101.,-99.,-44.5));
#2469=CARTESIAN_POINT('',(101.,-101.5,-44.5));
#2470=CARTESIAN_POINT('',(101.,-99.,-44.5));
#2471=CARTESIAN_POINT('Origin',(100.5,-99.,-36.5));
#2472=CARTESIAN_POINT('',(101.,-107.,-36.5));
#2473=CARTESIAN_POINT('Origin',(101.,-99.,-36.5));
#2474=CARTESIAN_POINT('',(101.,-107.,-36.5));
#2475=CARTESIAN_POINT('Origin',(100.5,-106.5,-1.5));
#2476=CARTESIAN_POINT('',(101.,-107.,-4.));
#2477=CARTESIAN_POINT('',(101.,-107.,-1.5));
#2478=CARTESIAN_POINT('',(100.,-106.,-4.));
#2479=CARTESIAN_POINT('',(101.,-107.,-4.));
#2480=CARTESIAN_POINT('',(99.9999999999999,-106.,-6.5));
#2481=CARTESIAN_POINT('Origin',(98.9999999999999,-106.5,-4.));
#2482=CARTESIAN_POINT('',(98.9999999999999,-107.,-2.));
#2483=CARTESIAN_POINT('',(98.9999999999999,-107.,-2.));
#2484=CARTESIAN_POINT('Origin',(98.9999999999999,-106.,-4.));
#2485=CARTESIAN_POINT('Origin',(98.9999999999999,-107.,-4.));
#2486=CARTESIAN_POINT('Origin',(94.3999999999999,-106.5,-2.5));
#2487=CARTESIAN_POINT('',(72.5999999999999,-107.,-2.));
#2488=CARTESIAN_POINT('',(72.5999999999999,-107.,-2.));
#2489=CARTESIAN_POINT('',(94.3999999999999,-107.,-2.));
#2490=CARTESIAN_POINT('Origin',(72.5999999999999,-106.5,-4.));
#2491=CARTESIAN_POINT('',(70.5999999999999,-107.,-4.));
#2492=CARTESIAN_POINT('',(71.6,-106.,-4.));
#2493=CARTESIAN_POINT('',(70.5999999999999,-107.,-4.));
#2494=CARTESIAN_POINT('Origin',(72.5999999999999,-106.,-4.));
#2495=CARTESIAN_POINT('Origin',(72.5999999999999,-107.,-4.));
#2496=CARTESIAN_POINT('Origin',(71.1,-106.5,-1.5));
#2497=CARTESIAN_POINT('',(70.6,-107.,-36.5));
#2498=CARTESIAN_POINT('',(71.6,-106.,-6.5));
#2499=CARTESIAN_POINT('',(70.6,-107.,-1.5));
#2500=CARTESIAN_POINT('Origin',(71.1,-99.,-36.5));
#2501=CARTESIAN_POINT('',(70.6,-99.,-44.5));
#2502=CARTESIAN_POINT('Origin',(71.1,-90.5,-44.));
#2503=CARTESIAN_POINT('',(70.6,-92.9999999999998,-44.5));
#2504=CARTESIAN_POINT('Origin',(71.0999999999999,-92.9999999999998,-36.5));
#2505=CARTESIAN_POINT('',(70.5999999999999,-84.9999999999998,-36.5));
#2506=CARTESIAN_POINT('Origin',(71.1,-85.4999999999999,-1.5));
#2507=CARTESIAN_POINT('',(71.6,-85.9999999999999,-4.));
#2508=CARTESIAN_POINT('',(70.6,-84.9999999999998,-4.));
#2509=CARTESIAN_POINT('',(71.6,-86.,-6.5));
#2510=CARTESIAN_POINT('Origin',(72.5999999999999,-85.4999999999998,-4.));
#2511=CARTESIAN_POINT('',(72.6,-84.9999999999998,-2.));
#2512=CARTESIAN_POINT('Origin',(72.5999999999999,-85.9999999999998,-4.));
#2513=CARTESIAN_POINT('Origin',(77.2,-85.4999999999998,-2.5));
#2514=CARTESIAN_POINT('',(99.,-85.,-2.));
#2515=CARTESIAN_POINT('Origin',(99.,-85.4999999999998,-4.));
#2516=CARTESIAN_POINT('Origin',(99.,-85.9999999999997,-4.));
#2517=CARTESIAN_POINT('Origin',(103.,-107.,0.));
#2518=CARTESIAN_POINT('',(94.3999999999999,-107.,-36.5));
#2519=CARTESIAN_POINT('Origin',(94.3999999999999,-99.,-36.5));
#2520=CARTESIAN_POINT('',(94.3999999999999,-99.,-44.5));
#2521=CARTESIAN_POINT('Origin',(85.8,-96.,-44.5));
#2522=CARTESIAN_POINT('',(77.1999999999999,-92.9999999999998,-44.5));
#2523=CARTESIAN_POINT('Origin',(77.1999999999999,-92.9999999999998,-36.5));
#2524=CARTESIAN_POINT('Origin',(98.9999999999999,-101.5,-4.));
#2525=CARTESIAN_POINT('',(100.,-101.5,-4.));
#2526=CARTESIAN_POINT('Origin',(72.5999999999999,-90.5,-4.));
#2527=CARTESIAN_POINT('',(71.6,-90.5,-4.));
#2528=CARTESIAN_POINT('Origin',(71.6,-85.,-3.));
#2529=CARTESIAN_POINT('Origin',(99.9999999999999,-107.,-3.));
#2530=UNCERTAINTY_MEASURE_WITH_UNIT(LENGTH_MEASURE(0.01),#2534,
'DISTANCE_ACCURACY_VALUE',
'Maximum model space distance between geometric entities at asserted c
onnectivities');
#2531=UNCERTAINTY_MEASURE_WITH_UNIT(LENGTH_MEASURE(0.01),#2534,
'DISTANCE_ACCURACY_VALUE',
'Maximum model space distance between geometric entities at asserted c
onnectivities');
#2532=(
GEOMETRIC_REPRESENTATION_CONTEXT(3)
GLOBAL_UNCERTAINTY_ASSIGNED_CONTEXT((#2530))
GLOBAL_UNIT_ASSIGNED_CONTEXT((#2534,#2536,#2537))
REPRESENTATION_CONTEXT('','3D')
);
#2533=(
GEOMETRIC_REPRESENTATION_CONTEXT(3)
GLOBAL_UNCERTAINTY_ASSIGNED_CONTEXT((#2531))
GLOBAL_UNIT_ASSIGNED_CONTEXT((#2534,#2536,#2537))
REPRESENTATION_CONTEXT('','3D')
);
#2534=(
LENGTH_UNIT()
NAMED_UNIT(*)
SI_UNIT(.MILLI.,.METRE.)
);
#2535=(
LENGTH_UNIT()
NAMED_UNIT(*)
SI_UNIT($,.METRE.)
);
#2536=(
NAMED_UNIT(*)
PLANE_ANGLE_UNIT()
SI_UNIT($,.RADIAN.)
);
#2537=(
NAMED_UNIT(*)
SI_UNIT($,.STERADIAN.)
SOLID_ANGLE_UNIT()
);
#2538=SHAPE_DEFINITION_REPRESENTATION(#2539,#2540);
#2539=PRODUCT_DEFINITION_SHAPE('',$,#2542);
#2540=SHAPE_REPRESENTATION('',(#1510),#2532);
#2541=PRODUCT_DEFINITION_CONTEXT('part definition',#2546,'design');
#2542=PRODUCT_DEFINITION('2026-10-05-12-56-43-438',
'Omni_Wheel_Support_v001',#2543,#2541);
#2543=PRODUCT_DEFINITION_FORMATION('',$,#2548);
#2544=PRODUCT_RELATED_PRODUCT_CATEGORY('Omni_Wheel_Support_v001',
'Omni_Wheel_Support_v001',(#2548));
#2545=APPLICATION_PROTOCOL_DEFINITION('international standard',
'automotive_design',2009,#2546);
#2546=APPLICATION_CONTEXT(
'Core Data for Automotive Mechanical Design Process');
#2547=PRODUCT_CONTEXT('part definition',#2546,'mechanical');
#2548=PRODUCT('2026-10-05-12-56-43-438','Omni_Wheel_Support_v001',$,(#2547));
#2549=PRESENTATION_STYLE_ASSIGNMENT((#2551));
#2550=PRESENTATION_STYLE_ASSIGNMENT((#2552));
#2551=SURFACE_STYLE_USAGE(.BOTH.,#2553);
#2552=SURFACE_STYLE_USAGE(.BOTH.,#2554);
#2553=SURFACE_SIDE_STYLE('',(#2555));
#2554=SURFACE_SIDE_STYLE('',(#2556));
#2555=SURFACE_STYLE_FILL_AREA(#2557);
#2556=SURFACE_STYLE_FILL_AREA(#2558);
#2557=FILL_AREA_STYLE('Steel - Satin',(#2559));
#2558=FILL_AREA_STYLE('Plastic - Matte (Black)',(#2560));
#2559=FILL_AREA_STYLE_COLOUR('Steel - Satin',#2561);
#2560=FILL_AREA_STYLE_COLOUR('Plastic - Matte (Black)',#2562);
#2561=COLOUR_RGB('Steel - Satin',0.627450980392157,0.627450980392157,0.627450980392157);
#2562=COLOUR_RGB('Plastic - Matte (Black)',0.0980392156862745,0.0980392156862745,
0.0980392156862745);
ENDSEC;
END-ISO-10303-21;
