ISO-10303-21;
HEADER;
/* Generated by software containing ST-Developer
 * from STEP Tools, Inc. (www.steptools.com) 
 */

FILE_DESCRIPTION(
/* description */ (''),
/* implementation_level */ '2;1');

FILE_NAME(
/* name */ 'Mast_Top_v001.step',
/* time_stamp */ '2026-10-05T22:17:21+04:00',
/* author */ (''),
/* organization */ (''),
/* preprocessor_version */ 'ST-DEVELOPER v20.2',
/* originating_system */ 'Autodesk Translation Framework v15.15.0.0',
/* authorisation */ '');

FILE_SCHEMA (('AUTOMOTIVE_DESIGN { 1 0 10303 214 3 1 1 }'));
ENDSEC;

DATA;
#10=MECHANICAL_DESIGN_GEOMETRIC_PRESENTATION_REPRESENTATION('',(#13),#2245);
#11=SHAPE_REPRESENTATION_RELATIONSHIP('SRR','None',#2252,#12);
#12=ADVANCED_BREP_SHAPE_REPRESENTATION('',(#14),#2244);
#13=STYLED_ITEM('',(#2262),#14);
#14=MANIFOLD_SOLID_BREP('top_mast',#1353);
#15=CIRCLE('',#1421,1.);
#16=CIRCLE('',#1422,0.999999999999996);
#17=CIRCLE('',#1423,1.);
#18=CIRCLE('',#1429,1.);
#19=CIRCLE('',#1430,0.999999999999996);
#20=CIRCLE('',#1431,1.);
#21=CIRCLE('',#1438,1.);
#22=CIRCLE('',#1439,0.999999999999996);
#23=CIRCLE('',#1440,1.);
#24=CIRCLE('',#1446,1.);
#25=CIRCLE('',#1447,0.999999999999996);
#26=CIRCLE('',#1448,1.);
#27=SPHERICAL_SURFACE('',#1420,0.999999999999996);
#28=SPHERICAL_SURFACE('',#1428,0.999999999999996);
#29=SPHERICAL_SURFACE('',#1437,0.999999999999996);
#30=SPHERICAL_SURFACE('',#1445,0.999999999999996);
#31=CYLINDRICAL_SURFACE('',#1412,1.);
#32=CYLINDRICAL_SURFACE('',#1415,1.);
#33=CYLINDRICAL_SURFACE('',#1417,1.);
#34=CYLINDRICAL_SURFACE('',#1419,1.);
#35=CYLINDRICAL_SURFACE('',#1424,1.);
#36=CYLINDRICAL_SURFACE('',#1432,1.);
#37=CYLINDRICAL_SURFACE('',#1436,1.);
#38=CYLINDRICAL_SURFACE('',#1441,1.);
#39=CYLINDRICAL_SURFACE('',#1449,1.);
#40=CYLINDRICAL_SURFACE('',#1453,1.);
#41=CYLINDRICAL_SURFACE('',#1454,1.);
#42=CYLINDRICAL_SURFACE('',#1455,1.);
#43=CYLINDRICAL_SURFACE('',#1456,1.);
#44=CYLINDRICAL_SURFACE('',#1457,1.);
#45=CYLINDRICAL_SURFACE('',#1458,1.);
#46=CYLINDRICAL_SURFACE('',#1459,1.);
#47=FACE_BOUND('',#178,.T.);
#48=FACE_BOUND('',#179,.T.);
#49=FACE_BOUND('',#180,.T.);
#50=FACE_BOUND('',#181,.T.);
#51=FACE_BOUND('',#182,.T.);
#52=ELLIPSE('',#1377,1.73205080756888,1.);
#53=ELLIPSE('',#1379,1.73205080756888,1.);
#54=ELLIPSE('',#1381,1.73205080756888,1.);
#55=ELLIPSE('',#1383,1.73205080756888,1.);
#56=ELLIPSE('',#1413,1.4142135623731,1.);
#57=ELLIPSE('',#1414,1.4142135623731,1.);
#58=ELLIPSE('',#1416,1.4142135623731,1.);
#59=ELLIPSE('',#1418,1.41421356237309,1.);
#60=ELLIPSE('',#1425,1.41421356237309,1.);
#61=ELLIPSE('',#1426,1.12603250061049,1.);
#62=ELLIPSE('',#1427,1.41421356237309,1.);
#63=ELLIPSE('',#1433,1.41421356237309,1.);
#64=ELLIPSE('',#1434,1.12603250061049,1.);
#65=ELLIPSE('',#1435,1.41421356237309,1.);
#66=ELLIPSE('',#1442,1.41421356237309,1.);
#67=ELLIPSE('',#1443,1.12603250061049,1.);
#68=ELLIPSE('',#1444,1.41421356237309,1.);
#69=ELLIPSE('',#1450,1.41421356237309,1.);
#70=ELLIPSE('',#1451,1.12603250061049,1.);
#71=ELLIPSE('',#1452,1.41421356237309,1.);
#72=FACE_OUTER_BOUND('',#155,.T.);
#73=FACE_OUTER_BOUND('',#156,.T.);
#74=FACE_OUTER_BOUND('',#157,.T.);
#75=FACE_OUTER_BOUND('',#158,.T.);
#76=FACE_OUTER_BOUND('',#159,.T.);
#77=FACE_OUTER_BOUND('',#160,.T.);
#78=FACE_OUTER_BOUND('',#161,.T.);
#79=FACE_OUTER_BOUND('',#162,.T.);
#80=FACE_OUTER_BOUND('',#163,.T.);
#81=FACE_OUTER_BOUND('',#164,.T.);
#82=FACE_OUTER_BOUND('',#165,.T.);
#83=FACE_OUTER_BOUND('',#166,.T.);
#84=FACE_OUTER_BOUND('',#167,.T.);
#85=FACE_OUTER_BOUND('',#168,.T.);
#86=FACE_OUTER_BOUND('',#169,.T.);
#87=FACE_OUTER_BOUND('',#170,.T.);
#88=FACE_OUTER_BOUND('',#171,.T.);
#89=FACE_OUTER_BOUND('',#172,.T.);
#90=FACE_OUTER_BOUND('',#173,.T.);
#91=FACE_OUTER_BOUND('',#174,.T.);
#92=FACE_OUTER_BOUND('',#175,.T.);
#93=FACE_OUTER_BOUND('',#176,.T.);
#94=FACE_OUTER_BOUND('',#177,.T.);
#95=FACE_OUTER_BOUND('',#183,.T.);
#96=FACE_OUTER_BOUND('',#184,.T.);
#97=FACE_OUTER_BOUND('',#185,.T.);
#98=FACE_OUTER_BOUND('',#186,.T.);
#99=FACE_OUTER_BOUND('',#187,.T.);
#100=FACE_OUTER_BOUND('',#188,.T.);
#101=FACE_OUTER_BOUND('',#189,.T.);
#102=FACE_OUTER_BOUND('',#190,.T.);
#103=FACE_OUTER_BOUND('',#191,.T.);
#104=FACE_OUTER_BOUND('',#192,.T.);
#105=FACE_OUTER_BOUND('',#193,.T.);
#106=FACE_OUTER_BOUND('',#194,.T.);
#107=FACE_OUTER_BOUND('',#195,.T.);
#108=FACE_OUTER_BOUND('',#196,.T.);
#109=FACE_OUTER_BOUND('',#197,.T.);
#110=FACE_OUTER_BOUND('',#198,.T.);
#111=FACE_OUTER_BOUND('',#199,.T.);
#112=FACE_OUTER_BOUND('',#200,.T.);
#113=FACE_OUTER_BOUND('',#201,.T.);
#114=FACE_OUTER_BOUND('',#202,.T.);
#115=FACE_OUTER_BOUND('',#203,.T.);
#116=FACE_OUTER_BOUND('',#204,.T.);
#117=FACE_OUTER_BOUND('',#205,.T.);
#118=FACE_OUTER_BOUND('',#206,.T.);
#119=FACE_OUTER_BOUND('',#207,.T.);
#120=FACE_OUTER_BOUND('',#208,.T.);
#121=FACE_OUTER_BOUND('',#209,.T.);
#122=FACE_OUTER_BOUND('',#210,.T.);
#123=FACE_OUTER_BOUND('',#211,.T.);
#124=FACE_OUTER_BOUND('',#212,.T.);
#125=FACE_OUTER_BOUND('',#213,.T.);
#126=FACE_OUTER_BOUND('',#214,.T.);
#127=FACE_OUTER_BOUND('',#215,.T.);
#128=FACE_OUTER_BOUND('',#216,.T.);
#129=FACE_OUTER_BOUND('',#217,.T.);
#130=FACE_OUTER_BOUND('',#218,.T.);
#131=FACE_OUTER_BOUND('',#219,.T.);
#132=FACE_OUTER_BOUND('',#220,.T.);
#133=FACE_OUTER_BOUND('',#221,.T.);
#134=FACE_OUTER_BOUND('',#222,.T.);
#135=FACE_OUTER_BOUND('',#223,.T.);
#136=FACE_OUTER_BOUND('',#224,.T.);
#137=FACE_OUTER_BOUND('',#225,.T.);
#138=FACE_OUTER_BOUND('',#226,.T.);
#139=FACE_OUTER_BOUND('',#227,.T.);
#140=FACE_OUTER_BOUND('',#228,.T.);
#141=FACE_OUTER_BOUND('',#229,.T.);
#142=FACE_OUTER_BOUND('',#230,.T.);
#143=FACE_OUTER_BOUND('',#231,.T.);
#144=FACE_OUTER_BOUND('',#232,.T.);
#145=FACE_OUTER_BOUND('',#233,.T.);
#146=FACE_OUTER_BOUND('',#234,.T.);
#147=FACE_OUTER_BOUND('',#235,.T.);
#148=FACE_OUTER_BOUND('',#236,.T.);
#149=FACE_OUTER_BOUND('',#237,.T.);
#150=FACE_OUTER_BOUND('',#238,.T.);
#151=FACE_OUTER_BOUND('',#239,.T.);
#152=FACE_OUTER_BOUND('',#240,.T.);
#153=FACE_OUTER_BOUND('',#241,.T.);
#154=FACE_OUTER_BOUND('',#242,.T.);
#155=EDGE_LOOP('',(#839,#840,#841,#842));
#156=EDGE_LOOP('',(#843,#844,#845,#846));
#157=EDGE_LOOP('',(#847,#848,#849,#850));
#158=EDGE_LOOP('',(#851,#852,#853,#854));
#159=EDGE_LOOP('',(#855,#856,#857,#858,#859,#860));
#160=EDGE_LOOP('',(#861,#862,#863,#864,#865,#866));
#161=EDGE_LOOP('',(#867,#868,#869,#870));
#162=EDGE_LOOP('',(#871,#872,#873,#874,#875,#876));
#163=EDGE_LOOP('',(#877,#878,#879,#880,#881,#882));
#164=EDGE_LOOP('',(#883,#884,#885));
#165=EDGE_LOOP('',(#886,#887,#888));
#166=EDGE_LOOP('',(#889,#890,#891));
#167=EDGE_LOOP('',(#892,#893,#894));
#168=EDGE_LOOP('',(#895,#896,#897,#898));
#169=EDGE_LOOP('',(#899,#900,#901,#902));
#170=EDGE_LOOP('',(#903,#904,#905,#906));
#171=EDGE_LOOP('',(#907,#908,#909,#910));
#172=EDGE_LOOP('',(#911,#912,#913,#914));
#173=EDGE_LOOP('',(#915,#916,#917,#918));
#174=EDGE_LOOP('',(#919,#920,#921,#922));
#175=EDGE_LOOP('',(#923,#924,#925,#926));
#176=EDGE_LOOP('',(#927,#928,#929,#930));
#177=EDGE_LOOP('',(#931,#932,#933,#934));
#178=EDGE_LOOP('',(#935,#936,#937,#938));
#179=EDGE_LOOP('',(#939,#940,#941,#942));
#180=EDGE_LOOP('',(#943,#944,#945,#946));
#181=EDGE_LOOP('',(#947,#948,#949,#950));
#182=EDGE_LOOP('',(#951,#952,#953,#954));
#183=EDGE_LOOP('',(#955,#956,#957,#958));
#184=EDGE_LOOP('',(#959,#960,#961,#962));
#185=EDGE_LOOP('',(#963,#964,#965,#966));
#186=EDGE_LOOP('',(#967,#968,#969,#970));
#187=EDGE_LOOP('',(#971,#972,#973,#974));
#188=EDGE_LOOP('',(#975,#976,#977,#978));
#189=EDGE_LOOP('',(#979,#980,#981,#982));
#190=EDGE_LOOP('',(#983,#984,#985,#986));
#191=EDGE_LOOP('',(#987,#988,#989,#990));
#192=EDGE_LOOP('',(#991,#992,#993,#994));
#193=EDGE_LOOP('',(#995,#996,#997,#998));
#194=EDGE_LOOP('',(#999,#1000,#1001,#1002));
#195=EDGE_LOOP('',(#1003,#1004,#1005,#1006));
#196=EDGE_LOOP('',(#1007,#1008,#1009,#1010));
#197=EDGE_LOOP('',(#1011,#1012,#1013,#1014));
#198=EDGE_LOOP('',(#1015,#1016,#1017,#1018));
#199=EDGE_LOOP('',(#1019,#1020,#1021,#1022));
#200=EDGE_LOOP('',(#1023,#1024,#1025,#1026));
#201=EDGE_LOOP('',(#1027,#1028,#1029,#1030));
#202=EDGE_LOOP('',(#1031,#1032,#1033,#1034));
#203=EDGE_LOOP('',(#1035,#1036,#1037,#1038));
#204=EDGE_LOOP('',(#1039,#1040,#1041,#1042));
#205=EDGE_LOOP('',(#1043,#1044,#1045));
#206=EDGE_LOOP('',(#1046,#1047,#1048,#1049,#1050,#1051));
#207=EDGE_LOOP('',(#1052,#1053,#1054));
#208=EDGE_LOOP('',(#1055,#1056,#1057,#1058,#1059,#1060));
#209=EDGE_LOOP('',(#1061,#1062,#1063,#1064));
#210=EDGE_LOOP('',(#1065,#1066,#1067));
#211=EDGE_LOOP('',(#1068,#1069,#1070,#1071,#1072,#1073));
#212=EDGE_LOOP('',(#1074,#1075,#1076));
#213=EDGE_LOOP('',(#1077,#1078,#1079,#1080,#1081,#1082));
#214=EDGE_LOOP('',(#1083,#1084,#1085,#1086));
#215=EDGE_LOOP('',(#1087,#1088,#1089,#1090));
#216=EDGE_LOOP('',(#1091,#1092,#1093,#1094));
#217=EDGE_LOOP('',(#1095,#1096,#1097,#1098));
#218=EDGE_LOOP('',(#1099,#1100,#1101,#1102));
#219=EDGE_LOOP('',(#1103,#1104,#1105,#1106));
#220=EDGE_LOOP('',(#1107,#1108,#1109,#1110));
#221=EDGE_LOOP('',(#1111,#1112,#1113,#1114));
#222=EDGE_LOOP('',(#1115,#1116,#1117,#1118,#1119,#1120));
#223=EDGE_LOOP('',(#1121,#1122,#1123,#1124));
#224=EDGE_LOOP('',(#1125,#1126,#1127,#1128,#1129,#1130));
#225=EDGE_LOOP('',(#1131,#1132,#1133,#1134,#1135,#1136));
#226=EDGE_LOOP('',(#1137,#1138,#1139,#1140,#1141,#1142));
#227=EDGE_LOOP('',(#1143,#1144,#1145,#1146));
#228=EDGE_LOOP('',(#1147,#1148,#1149,#1150));
#229=EDGE_LOOP('',(#1151,#1152,#1153,#1154));
#230=EDGE_LOOP('',(#1155,#1156,#1157,#1158));
#231=EDGE_LOOP('',(#1159,#1160,#1161,#1162));
#232=EDGE_LOOP('',(#1163,#1164,#1165,#1166));
#233=EDGE_LOOP('',(#1167,#1168,#1169,#1170));
#234=EDGE_LOOP('',(#1171,#1172,#1173,#1174));
#235=EDGE_LOOP('',(#1175,#1176,#1177,#1178));
#236=EDGE_LOOP('',(#1179,#1180,#1181,#1182));
#237=EDGE_LOOP('',(#1183,#1184,#1185,#1186));
#238=EDGE_LOOP('',(#1187,#1188,#1189,#1190));
#239=EDGE_LOOP('',(#1191,#1192,#1193,#1194));
#240=EDGE_LOOP('',(#1195,#1196,#1197,#1198));
#241=EDGE_LOOP('',(#1199,#1200,#1201,#1202));
#242=EDGE_LOOP('',(#1203,#1204,#1205,#1206));
#243=LINE('',#1870,#395);
#244=LINE('',#1872,#396);
#245=LINE('',#1874,#397);
#246=LINE('',#1875,#398);
#247=LINE('',#1878,#399);
#248=LINE('',#1880,#400);
#249=LINE('',#1881,#401);
#250=LINE('',#1884,#402);
#251=LINE('',#1886,#403);
#252=LINE('',#1887,#404);
#253=LINE('',#1889,#405);
#254=LINE('',#1890,#406);
#255=LINE('',#1893,#407);
#256=LINE('',#1895,#408);
#257=LINE('',#1897,#409);
#258=LINE('',#1899,#410);
#259=LINE('',#1900,#411);
#260=LINE('',#1903,#412);
#261=LINE('',#1905,#413);
#262=LINE('',#1907,#414);
#263=LINE('',#1908,#415);
#264=LINE('',#1912,#416);
#265=LINE('',#1914,#417);
#266=LINE('',#1916,#418);
#267=LINE('',#1917,#419);
#268=LINE('',#1920,#420);
#269=LINE('',#1922,#421);
#270=LINE('',#1923,#422);
#271=LINE('',#1935,#423);
#272=LINE('',#1937,#424);
#273=LINE('',#1939,#425);
#274=LINE('',#1940,#426);
#275=LINE('',#1943,#427);
#276=LINE('',#1945,#428);
#277=LINE('',#1946,#429);
#278=LINE('',#1949,#430);
#279=LINE('',#1950,#431);
#280=LINE('',#1954,#432);
#281=LINE('',#1956,#433);
#282=LINE('',#1958,#434);
#283=LINE('',#1959,#435);
#284=LINE('',#1962,#436);
#285=LINE('',#1964,#437);
#286=LINE('',#1965,#438);
#287=LINE('',#1968,#439);
#288=LINE('',#1970,#440);
#289=LINE('',#1971,#441);
#290=LINE('',#1973,#442);
#291=LINE('',#1974,#443);
#292=LINE('',#1977,#444);
#293=LINE('',#1979,#445);
#294=LINE('',#1980,#446);
#295=LINE('',#1983,#447);
#296=LINE('',#1984,#448);
#297=LINE('',#1988,#449);
#298=LINE('',#1990,#450);
#299=LINE('',#1992,#451);
#300=LINE('',#1993,#452);
#301=LINE('',#1996,#453);
#302=LINE('',#1998,#454);
#303=LINE('',#2000,#455);
#304=LINE('',#2001,#456);
#305=LINE('',#2004,#457);
#306=LINE('',#2006,#458);
#307=LINE('',#2008,#459);
#308=LINE('',#2009,#460);
#309=LINE('',#2012,#461);
#310=LINE('',#2014,#462);
#311=LINE('',#2016,#463);
#312=LINE('',#2017,#464);
#313=LINE('',#2020,#465);
#314=LINE('',#2022,#466);
#315=LINE('',#2024,#467);
#316=LINE('',#2025,#468);
#317=LINE('',#2028,#469);
#318=LINE('',#2030,#470);
#319=LINE('',#2031,#471);
#320=LINE('',#2034,#472);
#321=LINE('',#2035,#473);
#322=LINE('',#2038,#474);
#323=LINE('',#2039,#475);
#324=LINE('',#2041,#476);
#325=LINE('',#2044,#477);
#326=LINE('',#2046,#478);
#327=LINE('',#2047,#479);
#328=LINE('',#2050,#480);
#329=LINE('',#2051,#481);
#330=LINE('',#2054,#482);
#331=LINE('',#2056,#483);
#332=LINE('',#2057,#484);
#333=LINE('',#2060,#485);
#334=LINE('',#2061,#486);
#335=LINE('',#2064,#487);
#336=LINE('',#2065,#488);
#337=LINE('',#2067,#489);
#338=LINE('',#2070,#490);
#339=LINE('',#2072,#491);
#340=LINE('',#2073,#492);
#341=LINE('',#2076,#493);
#342=LINE('',#2077,#494);
#343=LINE('',#2080,#495);
#344=LINE('',#2082,#496);
#345=LINE('',#2083,#497);
#346=LINE('',#2086,#498);
#347=LINE('',#2087,#499);
#348=LINE('',#2090,#500);
#349=LINE('',#2091,#501);
#350=LINE('',#2093,#502);
#351=LINE('',#2096,#503);
#352=LINE('',#2098,#504);
#353=LINE('',#2099,#505);
#354=LINE('',#2102,#506);
#355=LINE('',#2103,#507);
#356=LINE('',#2110,#508);
#357=LINE('',#2113,#509);
#358=LINE('',#2123,#510);
#359=LINE('',#2125,#511);
#360=LINE('',#2139,#512);
#361=LINE('',#2141,#513);
#362=LINE('',#2148,#514);
#363=LINE('',#2157,#515);
#364=LINE('',#2159,#516);
#365=LINE('',#2173,#517);
#366=LINE('',#2175,#518);
#367=LINE('',#2182,#519);
#368=LINE('',#2183,#520);
#369=LINE('',#2185,#521);
#370=LINE('',#2187,#522);
#371=LINE('',#2189,#523);
#372=LINE('',#2191,#524);
#373=LINE('',#2192,#525);
#374=LINE('',#2194,#526);
#375=LINE('',#2195,#527);
#376=LINE('',#2197,#528);
#377=LINE('',#2198,#529);
#378=LINE('',#2200,#530);
#379=LINE('',#2203,#531);
#380=LINE('',#2206,#532);
#381=LINE('',#2208,#533);
#382=LINE('',#2212,#534);
#383=LINE('',#2213,#535);
#384=LINE('',#2215,#536);
#385=LINE('',#2218,#537);
#386=LINE('',#2219,#538);
#387=LINE('',#2221,#539);
#388=LINE('',#2224,#540);
#389=LINE('',#2225,#541);
#390=LINE('',#2227,#542);
#391=LINE('',#2230,#543);
#392=LINE('',#2231,#544);
#393=LINE('',#2233,#545);
#394=LINE('',#2240,#546);
#395=VECTOR('',#1486,10.);
#396=VECTOR('',#1487,10.);
#397=VECTOR('',#1488,10.);
#398=VECTOR('',#1489,10.);
#399=VECTOR('',#1492,10.);
#400=VECTOR('',#1493,10.);
#401=VECTOR('',#1494,10.);
#402=VECTOR('',#1497,10.);
#403=VECTOR('',#1498,10.);
#404=VECTOR('',#1499,10.);
#405=VECTOR('',#1502,10.);
#406=VECTOR('',#1503,10.);
#407=VECTOR('',#1506,10.);
#408=VECTOR('',#1507,10.);
#409=VECTOR('',#1508,10.);
#410=VECTOR('',#1509,10.);
#411=VECTOR('',#1510,10.);
#412=VECTOR('',#1513,10.);
#413=VECTOR('',#1514,10.);
#414=VECTOR('',#1515,10.);
#415=VECTOR('',#1516,10.);
#416=VECTOR('',#1521,10.);
#417=VECTOR('',#1522,10.);
#418=VECTOR('',#1523,10.);
#419=VECTOR('',#1524,10.);
#420=VECTOR('',#1527,10.);
#421=VECTOR('',#1528,10.);
#422=VECTOR('',#1529,10.);
#423=VECTOR('',#1548,10.);
#424=VECTOR('',#1549,10.);
#425=VECTOR('',#1550,10.);
#426=VECTOR('',#1551,10.);
#427=VECTOR('',#1554,10.);
#428=VECTOR('',#1555,10.);
#429=VECTOR('',#1556,10.);
#430=VECTOR('',#1559,10.);
#431=VECTOR('',#1560,10.);
#432=VECTOR('',#1563,10.);
#433=VECTOR('',#1564,10.);
#434=VECTOR('',#1565,10.);
#435=VECTOR('',#1566,10.);
#436=VECTOR('',#1569,10.);
#437=VECTOR('',#1570,10.);
#438=VECTOR('',#1571,10.);
#439=VECTOR('',#1574,10.);
#440=VECTOR('',#1575,10.);
#441=VECTOR('',#1576,10.);
#442=VECTOR('',#1579,10.);
#443=VECTOR('',#1580,10.);
#444=VECTOR('',#1583,10.);
#445=VECTOR('',#1584,10.);
#446=VECTOR('',#1585,10.);
#447=VECTOR('',#1588,10.);
#448=VECTOR('',#1589,10.);
#449=VECTOR('',#1592,10.);
#450=VECTOR('',#1593,10.);
#451=VECTOR('',#1594,10.);
#452=VECTOR('',#1595,10.);
#453=VECTOR('',#1596,10.);
#454=VECTOR('',#1597,10.);
#455=VECTOR('',#1598,10.);
#456=VECTOR('',#1599,10.);
#457=VECTOR('',#1600,10.);
#458=VECTOR('',#1601,10.);
#459=VECTOR('',#1602,10.);
#460=VECTOR('',#1603,10.);
#461=VECTOR('',#1604,10.);
#462=VECTOR('',#1605,10.);
#463=VECTOR('',#1606,10.);
#464=VECTOR('',#1607,10.);
#465=VECTOR('',#1608,10.);
#466=VECTOR('',#1609,10.);
#467=VECTOR('',#1610,10.);
#468=VECTOR('',#1611,10.);
#469=VECTOR('',#1614,10.);
#470=VECTOR('',#1615,10.);
#471=VECTOR('',#1616,10.);
#472=VECTOR('',#1619,10.);
#473=VECTOR('',#1620,10.);
#474=VECTOR('',#1623,10.);
#475=VECTOR('',#1624,10.);
#476=VECTOR('',#1627,10.);
#477=VECTOR('',#1630,10.);
#478=VECTOR('',#1631,10.);
#479=VECTOR('',#1632,10.);
#480=VECTOR('',#1635,10.);
#481=VECTOR('',#1636,10.);
#482=VECTOR('',#1639,10.);
#483=VECTOR('',#1640,10.);
#484=VECTOR('',#1641,10.);
#485=VECTOR('',#1644,10.);
#486=VECTOR('',#1645,10.);
#487=VECTOR('',#1648,10.);
#488=VECTOR('',#1649,10.);
#489=VECTOR('',#1652,10.);
#490=VECTOR('',#1655,10.);
#491=VECTOR('',#1656,10.);
#492=VECTOR('',#1657,10.);
#493=VECTOR('',#1660,10.);
#494=VECTOR('',#1661,10.);
#495=VECTOR('',#1664,10.);
#496=VECTOR('',#1665,10.);
#497=VECTOR('',#1666,10.);
#498=VECTOR('',#1669,10.);
#499=VECTOR('',#1670,10.);
#500=VECTOR('',#1673,10.);
#501=VECTOR('',#1674,10.);
#502=VECTOR('',#1677,10.);
#503=VECTOR('',#1680,10.);
#504=VECTOR('',#1681,10.);
#505=VECTOR('',#1682,10.);
#506=VECTOR('',#1685,10.);
#507=VECTOR('',#1686,10.);
#508=VECTOR('',#1697,10.);
#509=VECTOR('',#1702,10.);
#510=VECTOR('',#1715,10.);
#511=VECTOR('',#1716,10.);
#512=VECTOR('',#1733,10.);
#513=VECTOR('',#1734,10.);
#514=VECTOR('',#1743,10.);
#515=VECTOR('',#1754,10.);
#516=VECTOR('',#1755,10.);
#517=VECTOR('',#1772,10.);
#518=VECTOR('',#1773,10.);
#519=VECTOR('',#1782,10.);
#520=VECTOR('',#1783,10.);
#521=VECTOR('',#1786,10.);
#522=VECTOR('',#1789,10.);
#523=VECTOR('',#1792,10.);
#524=VECTOR('',#1795,10.);
#525=VECTOR('',#1796,10.);
#526=VECTOR('',#1799,10.);
#527=VECTOR('',#1800,10.);
#528=VECTOR('',#1803,10.);
#529=VECTOR('',#1804,10.);
#530=VECTOR('',#1807,10.);
#531=VECTOR('',#1812,10.);
#532=VECTOR('',#1817,10.);
#533=VECTOR('',#1820,10.);
#534=VECTOR('',#1825,10.);
#535=VECTOR('',#1826,10.);
#536=VECTOR('',#1829,10.);
#537=VECTOR('',#1832,10.);
#538=VECTOR('',#1833,10.);
#539=VECTOR('',#1836,10.);
#540=VECTOR('',#1839,10.);
#541=VECTOR('',#1840,10.);
#542=VECTOR('',#1843,10.);
#543=VECTOR('',#1846,10.);
#544=VECTOR('',#1847,10.);
#545=VECTOR('',#1850,10.);
#546=VECTOR('',#1863,10.);
#547=VERTEX_POINT('',#1868);
#548=VERTEX_POINT('',#1869);
#549=VERTEX_POINT('',#1871);
#550=VERTEX_POINT('',#1873);
#551=VERTEX_POINT('',#1877);
#552=VERTEX_POINT('',#1879);
#553=VERTEX_POINT('',#1883);
#554=VERTEX_POINT('',#1885);
#555=VERTEX_POINT('',#1892);
#556=VERTEX_POINT('',#1894);
#557=VERTEX_POINT('',#1896);
#558=VERTEX_POINT('',#1898);
#559=VERTEX_POINT('',#1902);
#560=VERTEX_POINT('',#1904);
#561=VERTEX_POINT('',#1906);
#562=VERTEX_POINT('',#1911);
#563=VERTEX_POINT('',#1913);
#564=VERTEX_POINT('',#1915);
#565=VERTEX_POINT('',#1919);
#566=VERTEX_POINT('',#1921);
#567=VERTEX_POINT('',#1933);
#568=VERTEX_POINT('',#1934);
#569=VERTEX_POINT('',#1936);
#570=VERTEX_POINT('',#1938);
#571=VERTEX_POINT('',#1942);
#572=VERTEX_POINT('',#1944);
#573=VERTEX_POINT('',#1948);
#574=VERTEX_POINT('',#1952);
#575=VERTEX_POINT('',#1953);
#576=VERTEX_POINT('',#1955);
#577=VERTEX_POINT('',#1957);
#578=VERTEX_POINT('',#1961);
#579=VERTEX_POINT('',#1963);
#580=VERTEX_POINT('',#1967);
#581=VERTEX_POINT('',#1969);
#582=VERTEX_POINT('',#1976);
#583=VERTEX_POINT('',#1978);
#584=VERTEX_POINT('',#1982);
#585=VERTEX_POINT('',#1986);
#586=VERTEX_POINT('',#1987);
#587=VERTEX_POINT('',#1989);
#588=VERTEX_POINT('',#1991);
#589=VERTEX_POINT('',#1994);
#590=VERTEX_POINT('',#1995);
#591=VERTEX_POINT('',#1997);
#592=VERTEX_POINT('',#1999);
#593=VERTEX_POINT('',#2002);
#594=VERTEX_POINT('',#2003);
#595=VERTEX_POINT('',#2005);
#596=VERTEX_POINT('',#2007);
#597=VERTEX_POINT('',#2010);
#598=VERTEX_POINT('',#2011);
#599=VERTEX_POINT('',#2013);
#600=VERTEX_POINT('',#2015);
#601=VERTEX_POINT('',#2018);
#602=VERTEX_POINT('',#2019);
#603=VERTEX_POINT('',#2021);
#604=VERTEX_POINT('',#2023);
#605=VERTEX_POINT('',#2027);
#606=VERTEX_POINT('',#2029);
#607=VERTEX_POINT('',#2033);
#608=VERTEX_POINT('',#2037);
#609=VERTEX_POINT('',#2043);
#610=VERTEX_POINT('',#2045);
#611=VERTEX_POINT('',#2049);
#612=VERTEX_POINT('',#2053);
#613=VERTEX_POINT('',#2055);
#614=VERTEX_POINT('',#2059);
#615=VERTEX_POINT('',#2063);
#616=VERTEX_POINT('',#2069);
#617=VERTEX_POINT('',#2071);
#618=VERTEX_POINT('',#2075);
#619=VERTEX_POINT('',#2079);
#620=VERTEX_POINT('',#2081);
#621=VERTEX_POINT('',#2085);
#622=VERTEX_POINT('',#2089);
#623=VERTEX_POINT('',#2095);
#624=VERTEX_POINT('',#2097);
#625=VERTEX_POINT('',#2101);
#626=VERTEX_POINT('',#2108);
#627=VERTEX_POINT('',#2116);
#628=VERTEX_POINT('',#2118);
#629=VERTEX_POINT('',#2122);
#630=VERTEX_POINT('',#2124);
#631=VERTEX_POINT('',#2126);
#632=VERTEX_POINT('',#2128);
#633=VERTEX_POINT('',#2132);
#634=VERTEX_POINT('',#2134);
#635=VERTEX_POINT('',#2138);
#636=VERTEX_POINT('',#2140);
#637=VERTEX_POINT('',#2142);
#638=VERTEX_POINT('',#2144);
#639=VERTEX_POINT('',#2150);
#640=VERTEX_POINT('',#2152);
#641=VERTEX_POINT('',#2156);
#642=VERTEX_POINT('',#2158);
#643=VERTEX_POINT('',#2160);
#644=VERTEX_POINT('',#2162);
#645=VERTEX_POINT('',#2166);
#646=VERTEX_POINT('',#2168);
#647=VERTEX_POINT('',#2172);
#648=VERTEX_POINT('',#2174);
#649=VERTEX_POINT('',#2176);
#650=VERTEX_POINT('',#2178);
#651=VERTEX_POINT('',#2211);
#652=VERTEX_POINT('',#2217);
#653=VERTEX_POINT('',#2223);
#654=VERTEX_POINT('',#2229);
#655=EDGE_CURVE('',#547,#548,#243,.T.);
#656=EDGE_CURVE('',#548,#549,#244,.T.);
#657=EDGE_CURVE('',#549,#550,#245,.T.);
#658=EDGE_CURVE('',#550,#547,#246,.T.);
#659=EDGE_CURVE('',#548,#551,#247,.T.);
#660=EDGE_CURVE('',#551,#552,#248,.T.);
#661=EDGE_CURVE('',#552,#549,#249,.T.);
#662=EDGE_CURVE('',#553,#552,#250,.T.);
#663=EDGE_CURVE('',#551,#554,#251,.T.);
#664=EDGE_CURVE('',#554,#553,#252,.T.);
#665=EDGE_CURVE('',#554,#547,#253,.T.);
#666=EDGE_CURVE('',#550,#553,#254,.T.);
#667=EDGE_CURVE('',#550,#555,#255,.T.);
#668=EDGE_CURVE('',#556,#555,#256,.T.);
#669=EDGE_CURVE('',#557,#556,#257,.T.);
#670=EDGE_CURVE('',#558,#557,#258,.T.);
#671=EDGE_CURVE('',#553,#558,#259,.T.);
#672=EDGE_CURVE('',#549,#559,#260,.T.);
#673=EDGE_CURVE('',#560,#559,#261,.T.);
#674=EDGE_CURVE('',#561,#560,#262,.T.);
#675=EDGE_CURVE('',#555,#561,#263,.T.);
#676=EDGE_CURVE('',#552,#562,#264,.T.);
#677=EDGE_CURVE('',#563,#562,#265,.T.);
#678=EDGE_CURVE('',#564,#563,#266,.T.);
#679=EDGE_CURVE('',#559,#564,#267,.T.);
#680=EDGE_CURVE('',#565,#558,#268,.T.);
#681=EDGE_CURVE('',#566,#565,#269,.T.);
#682=EDGE_CURVE('',#562,#566,#270,.T.);
#683=EDGE_CURVE('',#565,#557,#52,.F.);
#684=EDGE_CURVE('',#556,#561,#53,.F.);
#685=EDGE_CURVE('',#560,#564,#54,.F.);
#686=EDGE_CURVE('',#563,#566,#55,.F.);
#687=EDGE_CURVE('',#567,#568,#271,.T.);
#688=EDGE_CURVE('',#569,#567,#272,.T.);
#689=EDGE_CURVE('',#570,#569,#273,.T.);
#690=EDGE_CURVE('',#568,#570,#274,.T.);
#691=EDGE_CURVE('',#569,#571,#275,.T.);
#692=EDGE_CURVE('',#572,#571,#276,.T.);
#693=EDGE_CURVE('',#570,#572,#277,.T.);
#694=EDGE_CURVE('',#567,#573,#278,.T.);
#695=EDGE_CURVE('',#571,#573,#279,.T.);
#696=EDGE_CURVE('',#574,#575,#280,.T.);
#697=EDGE_CURVE('',#575,#576,#281,.T.);
#698=EDGE_CURVE('',#576,#577,#282,.T.);
#699=EDGE_CURVE('',#574,#577,#283,.T.);
#700=EDGE_CURVE('',#575,#578,#284,.T.);
#701=EDGE_CURVE('',#578,#579,#285,.T.);
#702=EDGE_CURVE('',#579,#576,#286,.T.);
#703=EDGE_CURVE('',#578,#580,#287,.T.);
#704=EDGE_CURVE('',#580,#581,#288,.T.);
#705=EDGE_CURVE('',#581,#579,#289,.T.);
#706=EDGE_CURVE('',#577,#581,#290,.T.);
#707=EDGE_CURVE('',#580,#574,#291,.T.);
#708=EDGE_CURVE('',#582,#577,#292,.T.);
#709=EDGE_CURVE('',#583,#582,#293,.T.);
#710=EDGE_CURVE('',#583,#581,#294,.T.);
#711=EDGE_CURVE('',#584,#576,#295,.T.);
#712=EDGE_CURVE('',#582,#584,#296,.T.);
#713=EDGE_CURVE('',#585,#586,#297,.T.);
#714=EDGE_CURVE('',#587,#585,#298,.T.);
#715=EDGE_CURVE('',#588,#587,#299,.T.);
#716=EDGE_CURVE('',#586,#588,#300,.T.);
#717=EDGE_CURVE('',#589,#590,#301,.T.);
#718=EDGE_CURVE('',#591,#589,#302,.T.);
#719=EDGE_CURVE('',#592,#591,#303,.T.);
#720=EDGE_CURVE('',#590,#592,#304,.T.);
#721=EDGE_CURVE('',#593,#594,#305,.T.);
#722=EDGE_CURVE('',#595,#593,#306,.T.);
#723=EDGE_CURVE('',#596,#595,#307,.T.);
#724=EDGE_CURVE('',#594,#596,#308,.T.);
#725=EDGE_CURVE('',#597,#598,#309,.T.);
#726=EDGE_CURVE('',#599,#597,#310,.T.);
#727=EDGE_CURVE('',#600,#599,#311,.T.);
#728=EDGE_CURVE('',#598,#600,#312,.T.);
#729=EDGE_CURVE('',#601,#602,#313,.T.);
#730=EDGE_CURVE('',#603,#601,#314,.T.);
#731=EDGE_CURVE('',#604,#603,#315,.T.);
#732=EDGE_CURVE('',#602,#604,#316,.T.);
#733=EDGE_CURVE('',#590,#605,#317,.T.);
#734=EDGE_CURVE('',#605,#606,#318,.T.);
#735=EDGE_CURVE('',#589,#606,#319,.T.);
#736=EDGE_CURVE('',#592,#607,#320,.T.);
#737=EDGE_CURVE('',#607,#605,#321,.T.);
#738=EDGE_CURVE('',#591,#608,#322,.T.);
#739=EDGE_CURVE('',#608,#607,#323,.T.);
#740=EDGE_CURVE('',#606,#608,#324,.T.);
#741=EDGE_CURVE('',#609,#606,#325,.T.);
#742=EDGE_CURVE('',#610,#609,#326,.T.);
#743=EDGE_CURVE('',#610,#608,#327,.T.);
#744=EDGE_CURVE('',#611,#605,#328,.T.);
#745=EDGE_CURVE('',#609,#611,#329,.T.);
#746=EDGE_CURVE('',#602,#612,#330,.T.);
#747=EDGE_CURVE('',#612,#613,#331,.T.);
#748=EDGE_CURVE('',#601,#613,#332,.T.);
#749=EDGE_CURVE('',#604,#614,#333,.T.);
#750=EDGE_CURVE('',#614,#612,#334,.T.);
#751=EDGE_CURVE('',#603,#615,#335,.T.);
#752=EDGE_CURVE('',#615,#614,#336,.T.);
#753=EDGE_CURVE('',#613,#615,#337,.T.);
#754=EDGE_CURVE('',#616,#613,#338,.T.);
#755=EDGE_CURVE('',#617,#616,#339,.T.);
#756=EDGE_CURVE('',#617,#615,#340,.T.);
#757=EDGE_CURVE('',#618,#612,#341,.T.);
#758=EDGE_CURVE('',#616,#618,#342,.T.);
#759=EDGE_CURVE('',#594,#619,#343,.T.);
#760=EDGE_CURVE('',#619,#620,#344,.T.);
#761=EDGE_CURVE('',#593,#620,#345,.T.);
#762=EDGE_CURVE('',#596,#621,#346,.T.);
#763=EDGE_CURVE('',#621,#619,#347,.T.);
#764=EDGE_CURVE('',#595,#622,#348,.T.);
#765=EDGE_CURVE('',#622,#621,#349,.T.);
#766=EDGE_CURVE('',#620,#622,#350,.T.);
#767=EDGE_CURVE('',#623,#620,#351,.T.);
#768=EDGE_CURVE('',#624,#623,#352,.T.);
#769=EDGE_CURVE('',#624,#622,#353,.T.);
#770=EDGE_CURVE('',#625,#619,#354,.T.);
#771=EDGE_CURVE('',#623,#625,#355,.T.);
#772=EDGE_CURVE('',#598,#572,#56,.T.);
#773=EDGE_CURVE('',#597,#571,#57,.T.);
#774=EDGE_CURVE('',#600,#626,#58,.T.);
#775=EDGE_CURVE('',#626,#572,#356,.T.);
#776=EDGE_CURVE('',#599,#573,#59,.T.);
#777=EDGE_CURVE('',#573,#626,#357,.T.);
#778=EDGE_CURVE('',#627,#585,#15,.F.);
#779=EDGE_CURVE('',#628,#627,#16,.F.);
#780=EDGE_CURVE('',#585,#628,#17,.F.);
#781=EDGE_CURVE('',#629,#628,#358,.T.);
#782=EDGE_CURVE('',#627,#630,#359,.T.);
#783=EDGE_CURVE('',#630,#631,#60,.T.);
#784=EDGE_CURVE('',#631,#632,#61,.T.);
#785=EDGE_CURVE('',#632,#629,#62,.T.);
#786=EDGE_CURVE('',#633,#586,#18,.F.);
#787=EDGE_CURVE('',#634,#633,#19,.F.);
#788=EDGE_CURVE('',#586,#634,#20,.F.);
#789=EDGE_CURVE('',#635,#634,#360,.T.);
#790=EDGE_CURVE('',#633,#636,#361,.T.);
#791=EDGE_CURVE('',#636,#637,#63,.T.);
#792=EDGE_CURVE('',#637,#638,#64,.T.);
#793=EDGE_CURVE('',#638,#635,#65,.T.);
#794=EDGE_CURVE('',#634,#627,#362,.T.);
#795=EDGE_CURVE('',#639,#587,#21,.F.);
#796=EDGE_CURVE('',#640,#639,#22,.F.);
#797=EDGE_CURVE('',#587,#640,#23,.F.);
#798=EDGE_CURVE('',#641,#640,#363,.T.);
#799=EDGE_CURVE('',#639,#642,#364,.T.);
#800=EDGE_CURVE('',#642,#643,#66,.T.);
#801=EDGE_CURVE('',#643,#644,#67,.T.);
#802=EDGE_CURVE('',#644,#641,#68,.T.);
#803=EDGE_CURVE('',#645,#588,#24,.F.);
#804=EDGE_CURVE('',#646,#645,#25,.F.);
#805=EDGE_CURVE('',#588,#646,#26,.F.);
#806=EDGE_CURVE('',#647,#646,#365,.T.);
#807=EDGE_CURVE('',#645,#648,#366,.T.);
#808=EDGE_CURVE('',#648,#649,#69,.T.);
#809=EDGE_CURVE('',#649,#650,#70,.T.);
#810=EDGE_CURVE('',#650,#647,#71,.T.);
#811=EDGE_CURVE('',#556,#649,#367,.T.);
#812=EDGE_CURVE('',#561,#650,#368,.T.);
#813=EDGE_CURVE('',#646,#633,#369,.T.);
#814=EDGE_CURVE('',#640,#645,#370,.T.);
#815=EDGE_CURVE('',#628,#639,#371,.T.);
#816=EDGE_CURVE('',#565,#643,#372,.T.);
#817=EDGE_CURVE('',#557,#644,#373,.T.);
#818=EDGE_CURVE('',#564,#638,#374,.T.);
#819=EDGE_CURVE('',#560,#637,#375,.T.);
#820=EDGE_CURVE('',#563,#631,#376,.T.);
#821=EDGE_CURVE('',#566,#632,#377,.T.);
#822=EDGE_CURVE('',#648,#641,#378,.T.);
#823=EDGE_CURVE('',#642,#629,#379,.T.);
#824=EDGE_CURVE('',#636,#647,#380,.T.);
#825=EDGE_CURVE('',#630,#635,#381,.T.);
#826=EDGE_CURVE('',#651,#607,#382,.T.);
#827=EDGE_CURVE('',#611,#651,#383,.T.);
#828=EDGE_CURVE('',#651,#610,#384,.T.);
#829=EDGE_CURVE('',#652,#579,#385,.T.);
#830=EDGE_CURVE('',#584,#652,#386,.T.);
#831=EDGE_CURVE('',#652,#583,#387,.T.);
#832=EDGE_CURVE('',#653,#624,#388,.T.);
#833=EDGE_CURVE('',#653,#621,#389,.T.);
#834=EDGE_CURVE('',#625,#653,#390,.T.);
#835=EDGE_CURVE('',#654,#614,#391,.T.);
#836=EDGE_CURVE('',#618,#654,#392,.T.);
#837=EDGE_CURVE('',#654,#617,#393,.T.);
#838=EDGE_CURVE('',#568,#626,#394,.T.);
#839=ORIENTED_EDGE('',*,*,#655,.T.);
#840=ORIENTED_EDGE('',*,*,#656,.T.);
#841=ORIENTED_EDGE('',*,*,#657,.T.);
#842=ORIENTED_EDGE('',*,*,#658,.T.);
#843=ORIENTED_EDGE('',*,*,#659,.T.);
#844=ORIENTED_EDGE('',*,*,#660,.T.);
#845=ORIENTED_EDGE('',*,*,#661,.T.);
#846=ORIENTED_EDGE('',*,*,#656,.F.);
#847=ORIENTED_EDGE('',*,*,#662,.T.);
#848=ORIENTED_EDGE('',*,*,#660,.F.);
#849=ORIENTED_EDGE('',*,*,#663,.T.);
#850=ORIENTED_EDGE('',*,*,#664,.T.);
#851=ORIENTED_EDGE('',*,*,#665,.T.);
#852=ORIENTED_EDGE('',*,*,#658,.F.);
#853=ORIENTED_EDGE('',*,*,#666,.T.);
#854=ORIENTED_EDGE('',*,*,#664,.F.);
#855=ORIENTED_EDGE('',*,*,#666,.F.);
#856=ORIENTED_EDGE('',*,*,#667,.T.);
#857=ORIENTED_EDGE('',*,*,#668,.F.);
#858=ORIENTED_EDGE('',*,*,#669,.F.);
#859=ORIENTED_EDGE('',*,*,#670,.F.);
#860=ORIENTED_EDGE('',*,*,#671,.F.);
#861=ORIENTED_EDGE('',*,*,#657,.F.);
#862=ORIENTED_EDGE('',*,*,#672,.T.);
#863=ORIENTED_EDGE('',*,*,#673,.F.);
#864=ORIENTED_EDGE('',*,*,#674,.F.);
#865=ORIENTED_EDGE('',*,*,#675,.F.);
#866=ORIENTED_EDGE('',*,*,#667,.F.);
#867=ORIENTED_EDGE('',*,*,#655,.F.);
#868=ORIENTED_EDGE('',*,*,#665,.F.);
#869=ORIENTED_EDGE('',*,*,#663,.F.);
#870=ORIENTED_EDGE('',*,*,#659,.F.);
#871=ORIENTED_EDGE('',*,*,#661,.F.);
#872=ORIENTED_EDGE('',*,*,#676,.T.);
#873=ORIENTED_EDGE('',*,*,#677,.F.);
#874=ORIENTED_EDGE('',*,*,#678,.F.);
#875=ORIENTED_EDGE('',*,*,#679,.F.);
#876=ORIENTED_EDGE('',*,*,#672,.F.);
#877=ORIENTED_EDGE('',*,*,#662,.F.);
#878=ORIENTED_EDGE('',*,*,#671,.T.);
#879=ORIENTED_EDGE('',*,*,#680,.F.);
#880=ORIENTED_EDGE('',*,*,#681,.F.);
#881=ORIENTED_EDGE('',*,*,#682,.F.);
#882=ORIENTED_EDGE('',*,*,#676,.F.);
#883=ORIENTED_EDGE('',*,*,#680,.T.);
#884=ORIENTED_EDGE('',*,*,#670,.T.);
#885=ORIENTED_EDGE('',*,*,#683,.F.);
#886=ORIENTED_EDGE('',*,*,#675,.T.);
#887=ORIENTED_EDGE('',*,*,#684,.F.);
#888=ORIENTED_EDGE('',*,*,#668,.T.);
#889=ORIENTED_EDGE('',*,*,#679,.T.);
#890=ORIENTED_EDGE('',*,*,#685,.F.);
#891=ORIENTED_EDGE('',*,*,#673,.T.);
#892=ORIENTED_EDGE('',*,*,#677,.T.);
#893=ORIENTED_EDGE('',*,*,#682,.T.);
#894=ORIENTED_EDGE('',*,*,#686,.F.);
#895=ORIENTED_EDGE('',*,*,#687,.F.);
#896=ORIENTED_EDGE('',*,*,#688,.F.);
#897=ORIENTED_EDGE('',*,*,#689,.F.);
#898=ORIENTED_EDGE('',*,*,#690,.F.);
#899=ORIENTED_EDGE('',*,*,#689,.T.);
#900=ORIENTED_EDGE('',*,*,#691,.T.);
#901=ORIENTED_EDGE('',*,*,#692,.F.);
#902=ORIENTED_EDGE('',*,*,#693,.F.);
#903=ORIENTED_EDGE('',*,*,#688,.T.);
#904=ORIENTED_EDGE('',*,*,#694,.T.);
#905=ORIENTED_EDGE('',*,*,#695,.F.);
#906=ORIENTED_EDGE('',*,*,#691,.F.);
#907=ORIENTED_EDGE('',*,*,#696,.T.);
#908=ORIENTED_EDGE('',*,*,#697,.T.);
#909=ORIENTED_EDGE('',*,*,#698,.T.);
#910=ORIENTED_EDGE('',*,*,#699,.F.);
#911=ORIENTED_EDGE('',*,*,#700,.T.);
#912=ORIENTED_EDGE('',*,*,#701,.T.);
#913=ORIENTED_EDGE('',*,*,#702,.T.);
#914=ORIENTED_EDGE('',*,*,#697,.F.);
#915=ORIENTED_EDGE('',*,*,#703,.T.);
#916=ORIENTED_EDGE('',*,*,#704,.T.);
#917=ORIENTED_EDGE('',*,*,#705,.T.);
#918=ORIENTED_EDGE('',*,*,#701,.F.);
#919=ORIENTED_EDGE('',*,*,#706,.T.);
#920=ORIENTED_EDGE('',*,*,#704,.F.);
#921=ORIENTED_EDGE('',*,*,#707,.T.);
#922=ORIENTED_EDGE('',*,*,#699,.T.);
#923=ORIENTED_EDGE('',*,*,#706,.F.);
#924=ORIENTED_EDGE('',*,*,#708,.F.);
#925=ORIENTED_EDGE('',*,*,#709,.F.);
#926=ORIENTED_EDGE('',*,*,#710,.T.);
#927=ORIENTED_EDGE('',*,*,#698,.F.);
#928=ORIENTED_EDGE('',*,*,#711,.F.);
#929=ORIENTED_EDGE('',*,*,#712,.F.);
#930=ORIENTED_EDGE('',*,*,#708,.T.);
#931=ORIENTED_EDGE('',*,*,#713,.F.);
#932=ORIENTED_EDGE('',*,*,#714,.F.);
#933=ORIENTED_EDGE('',*,*,#715,.F.);
#934=ORIENTED_EDGE('',*,*,#716,.F.);
#935=ORIENTED_EDGE('',*,*,#717,.F.);
#936=ORIENTED_EDGE('',*,*,#718,.F.);
#937=ORIENTED_EDGE('',*,*,#719,.F.);
#938=ORIENTED_EDGE('',*,*,#720,.F.);
#939=ORIENTED_EDGE('',*,*,#721,.F.);
#940=ORIENTED_EDGE('',*,*,#722,.F.);
#941=ORIENTED_EDGE('',*,*,#723,.F.);
#942=ORIENTED_EDGE('',*,*,#724,.F.);
#943=ORIENTED_EDGE('',*,*,#725,.F.);
#944=ORIENTED_EDGE('',*,*,#726,.F.);
#945=ORIENTED_EDGE('',*,*,#727,.F.);
#946=ORIENTED_EDGE('',*,*,#728,.F.);
#947=ORIENTED_EDGE('',*,*,#729,.F.);
#948=ORIENTED_EDGE('',*,*,#730,.F.);
#949=ORIENTED_EDGE('',*,*,#731,.F.);
#950=ORIENTED_EDGE('',*,*,#732,.F.);
#951=ORIENTED_EDGE('',*,*,#696,.F.);
#952=ORIENTED_EDGE('',*,*,#707,.F.);
#953=ORIENTED_EDGE('',*,*,#703,.F.);
#954=ORIENTED_EDGE('',*,*,#700,.F.);
#955=ORIENTED_EDGE('',*,*,#717,.T.);
#956=ORIENTED_EDGE('',*,*,#733,.T.);
#957=ORIENTED_EDGE('',*,*,#734,.T.);
#958=ORIENTED_EDGE('',*,*,#735,.F.);
#959=ORIENTED_EDGE('',*,*,#720,.T.);
#960=ORIENTED_EDGE('',*,*,#736,.T.);
#961=ORIENTED_EDGE('',*,*,#737,.T.);
#962=ORIENTED_EDGE('',*,*,#733,.F.);
#963=ORIENTED_EDGE('',*,*,#719,.T.);
#964=ORIENTED_EDGE('',*,*,#738,.T.);
#965=ORIENTED_EDGE('',*,*,#739,.T.);
#966=ORIENTED_EDGE('',*,*,#736,.F.);
#967=ORIENTED_EDGE('',*,*,#740,.T.);
#968=ORIENTED_EDGE('',*,*,#738,.F.);
#969=ORIENTED_EDGE('',*,*,#718,.T.);
#970=ORIENTED_EDGE('',*,*,#735,.T.);
#971=ORIENTED_EDGE('',*,*,#740,.F.);
#972=ORIENTED_EDGE('',*,*,#741,.F.);
#973=ORIENTED_EDGE('',*,*,#742,.F.);
#974=ORIENTED_EDGE('',*,*,#743,.T.);
#975=ORIENTED_EDGE('',*,*,#734,.F.);
#976=ORIENTED_EDGE('',*,*,#744,.F.);
#977=ORIENTED_EDGE('',*,*,#745,.F.);
#978=ORIENTED_EDGE('',*,*,#741,.T.);
#979=ORIENTED_EDGE('',*,*,#729,.T.);
#980=ORIENTED_EDGE('',*,*,#746,.T.);
#981=ORIENTED_EDGE('',*,*,#747,.T.);
#982=ORIENTED_EDGE('',*,*,#748,.F.);
#983=ORIENTED_EDGE('',*,*,#732,.T.);
#984=ORIENTED_EDGE('',*,*,#749,.T.);
#985=ORIENTED_EDGE('',*,*,#750,.T.);
#986=ORIENTED_EDGE('',*,*,#746,.F.);
#987=ORIENTED_EDGE('',*,*,#731,.T.);
#988=ORIENTED_EDGE('',*,*,#751,.T.);
#989=ORIENTED_EDGE('',*,*,#752,.T.);
#990=ORIENTED_EDGE('',*,*,#749,.F.);
#991=ORIENTED_EDGE('',*,*,#753,.T.);
#992=ORIENTED_EDGE('',*,*,#751,.F.);
#993=ORIENTED_EDGE('',*,*,#730,.T.);
#994=ORIENTED_EDGE('',*,*,#748,.T.);
#995=ORIENTED_EDGE('',*,*,#753,.F.);
#996=ORIENTED_EDGE('',*,*,#754,.F.);
#997=ORIENTED_EDGE('',*,*,#755,.F.);
#998=ORIENTED_EDGE('',*,*,#756,.T.);
#999=ORIENTED_EDGE('',*,*,#747,.F.);
#1000=ORIENTED_EDGE('',*,*,#757,.F.);
#1001=ORIENTED_EDGE('',*,*,#758,.F.);
#1002=ORIENTED_EDGE('',*,*,#754,.T.);
#1003=ORIENTED_EDGE('',*,*,#721,.T.);
#1004=ORIENTED_EDGE('',*,*,#759,.T.);
#1005=ORIENTED_EDGE('',*,*,#760,.T.);
#1006=ORIENTED_EDGE('',*,*,#761,.F.);
#1007=ORIENTED_EDGE('',*,*,#724,.T.);
#1008=ORIENTED_EDGE('',*,*,#762,.T.);
#1009=ORIENTED_EDGE('',*,*,#763,.T.);
#1010=ORIENTED_EDGE('',*,*,#759,.F.);
#1011=ORIENTED_EDGE('',*,*,#723,.T.);
#1012=ORIENTED_EDGE('',*,*,#764,.T.);
#1013=ORIENTED_EDGE('',*,*,#765,.T.);
#1014=ORIENTED_EDGE('',*,*,#762,.F.);
#1015=ORIENTED_EDGE('',*,*,#766,.T.);
#1016=ORIENTED_EDGE('',*,*,#764,.F.);
#1017=ORIENTED_EDGE('',*,*,#722,.T.);
#1018=ORIENTED_EDGE('',*,*,#761,.T.);
#1019=ORIENTED_EDGE('',*,*,#766,.F.);
#1020=ORIENTED_EDGE('',*,*,#767,.F.);
#1021=ORIENTED_EDGE('',*,*,#768,.F.);
#1022=ORIENTED_EDGE('',*,*,#769,.T.);
#1023=ORIENTED_EDGE('',*,*,#760,.F.);
#1024=ORIENTED_EDGE('',*,*,#770,.F.);
#1025=ORIENTED_EDGE('',*,*,#771,.F.);
#1026=ORIENTED_EDGE('',*,*,#767,.T.);
#1027=ORIENTED_EDGE('',*,*,#725,.T.);
#1028=ORIENTED_EDGE('',*,*,#772,.T.);
#1029=ORIENTED_EDGE('',*,*,#692,.T.);
#1030=ORIENTED_EDGE('',*,*,#773,.F.);
#1031=ORIENTED_EDGE('',*,*,#728,.T.);
#1032=ORIENTED_EDGE('',*,*,#774,.T.);
#1033=ORIENTED_EDGE('',*,*,#775,.T.);
#1034=ORIENTED_EDGE('',*,*,#772,.F.);
#1035=ORIENTED_EDGE('',*,*,#727,.T.);
#1036=ORIENTED_EDGE('',*,*,#776,.T.);
#1037=ORIENTED_EDGE('',*,*,#777,.T.);
#1038=ORIENTED_EDGE('',*,*,#774,.F.);
#1039=ORIENTED_EDGE('',*,*,#695,.T.);
#1040=ORIENTED_EDGE('',*,*,#776,.F.);
#1041=ORIENTED_EDGE('',*,*,#726,.T.);
#1042=ORIENTED_EDGE('',*,*,#773,.T.);
#1043=ORIENTED_EDGE('',*,*,#778,.F.);
#1044=ORIENTED_EDGE('',*,*,#779,.F.);
#1045=ORIENTED_EDGE('',*,*,#780,.F.);
#1046=ORIENTED_EDGE('',*,*,#781,.T.);
#1047=ORIENTED_EDGE('',*,*,#779,.T.);
#1048=ORIENTED_EDGE('',*,*,#782,.T.);
#1049=ORIENTED_EDGE('',*,*,#783,.T.);
#1050=ORIENTED_EDGE('',*,*,#784,.T.);
#1051=ORIENTED_EDGE('',*,*,#785,.T.);
#1052=ORIENTED_EDGE('',*,*,#786,.F.);
#1053=ORIENTED_EDGE('',*,*,#787,.F.);
#1054=ORIENTED_EDGE('',*,*,#788,.F.);
#1055=ORIENTED_EDGE('',*,*,#789,.T.);
#1056=ORIENTED_EDGE('',*,*,#787,.T.);
#1057=ORIENTED_EDGE('',*,*,#790,.T.);
#1058=ORIENTED_EDGE('',*,*,#791,.T.);
#1059=ORIENTED_EDGE('',*,*,#792,.T.);
#1060=ORIENTED_EDGE('',*,*,#793,.T.);
#1061=ORIENTED_EDGE('',*,*,#778,.T.);
#1062=ORIENTED_EDGE('',*,*,#713,.T.);
#1063=ORIENTED_EDGE('',*,*,#788,.T.);
#1064=ORIENTED_EDGE('',*,*,#794,.T.);
#1065=ORIENTED_EDGE('',*,*,#795,.F.);
#1066=ORIENTED_EDGE('',*,*,#796,.F.);
#1067=ORIENTED_EDGE('',*,*,#797,.F.);
#1068=ORIENTED_EDGE('',*,*,#798,.T.);
#1069=ORIENTED_EDGE('',*,*,#796,.T.);
#1070=ORIENTED_EDGE('',*,*,#799,.T.);
#1071=ORIENTED_EDGE('',*,*,#800,.T.);
#1072=ORIENTED_EDGE('',*,*,#801,.T.);
#1073=ORIENTED_EDGE('',*,*,#802,.T.);
#1074=ORIENTED_EDGE('',*,*,#803,.F.);
#1075=ORIENTED_EDGE('',*,*,#804,.F.);
#1076=ORIENTED_EDGE('',*,*,#805,.F.);
#1077=ORIENTED_EDGE('',*,*,#806,.T.);
#1078=ORIENTED_EDGE('',*,*,#804,.T.);
#1079=ORIENTED_EDGE('',*,*,#807,.T.);
#1080=ORIENTED_EDGE('',*,*,#808,.T.);
#1081=ORIENTED_EDGE('',*,*,#809,.T.);
#1082=ORIENTED_EDGE('',*,*,#810,.T.);
#1083=ORIENTED_EDGE('',*,*,#811,.F.);
#1084=ORIENTED_EDGE('',*,*,#684,.T.);
#1085=ORIENTED_EDGE('',*,*,#812,.T.);
#1086=ORIENTED_EDGE('',*,*,#809,.F.);
#1087=ORIENTED_EDGE('',*,*,#786,.T.);
#1088=ORIENTED_EDGE('',*,*,#716,.T.);
#1089=ORIENTED_EDGE('',*,*,#805,.T.);
#1090=ORIENTED_EDGE('',*,*,#813,.T.);
#1091=ORIENTED_EDGE('',*,*,#803,.T.);
#1092=ORIENTED_EDGE('',*,*,#715,.T.);
#1093=ORIENTED_EDGE('',*,*,#797,.T.);
#1094=ORIENTED_EDGE('',*,*,#814,.T.);
#1095=ORIENTED_EDGE('',*,*,#795,.T.);
#1096=ORIENTED_EDGE('',*,*,#714,.T.);
#1097=ORIENTED_EDGE('',*,*,#780,.T.);
#1098=ORIENTED_EDGE('',*,*,#815,.T.);
#1099=ORIENTED_EDGE('',*,*,#816,.F.);
#1100=ORIENTED_EDGE('',*,*,#683,.T.);
#1101=ORIENTED_EDGE('',*,*,#817,.T.);
#1102=ORIENTED_EDGE('',*,*,#801,.F.);
#1103=ORIENTED_EDGE('',*,*,#685,.T.);
#1104=ORIENTED_EDGE('',*,*,#818,.T.);
#1105=ORIENTED_EDGE('',*,*,#792,.F.);
#1106=ORIENTED_EDGE('',*,*,#819,.F.);
#1107=ORIENTED_EDGE('',*,*,#820,.F.);
#1108=ORIENTED_EDGE('',*,*,#686,.T.);
#1109=ORIENTED_EDGE('',*,*,#821,.T.);
#1110=ORIENTED_EDGE('',*,*,#784,.F.);
#1111=ORIENTED_EDGE('',*,*,#807,.F.);
#1112=ORIENTED_EDGE('',*,*,#814,.F.);
#1113=ORIENTED_EDGE('',*,*,#798,.F.);
#1114=ORIENTED_EDGE('',*,*,#822,.F.);
#1115=ORIENTED_EDGE('',*,*,#811,.T.);
#1116=ORIENTED_EDGE('',*,*,#808,.F.);
#1117=ORIENTED_EDGE('',*,*,#822,.T.);
#1118=ORIENTED_EDGE('',*,*,#802,.F.);
#1119=ORIENTED_EDGE('',*,*,#817,.F.);
#1120=ORIENTED_EDGE('',*,*,#669,.T.);
#1121=ORIENTED_EDGE('',*,*,#799,.F.);
#1122=ORIENTED_EDGE('',*,*,#815,.F.);
#1123=ORIENTED_EDGE('',*,*,#781,.F.);
#1124=ORIENTED_EDGE('',*,*,#823,.F.);
#1125=ORIENTED_EDGE('',*,*,#816,.T.);
#1126=ORIENTED_EDGE('',*,*,#800,.F.);
#1127=ORIENTED_EDGE('',*,*,#823,.T.);
#1128=ORIENTED_EDGE('',*,*,#785,.F.);
#1129=ORIENTED_EDGE('',*,*,#821,.F.);
#1130=ORIENTED_EDGE('',*,*,#681,.T.);
#1131=ORIENTED_EDGE('',*,*,#812,.F.);
#1132=ORIENTED_EDGE('',*,*,#674,.T.);
#1133=ORIENTED_EDGE('',*,*,#819,.T.);
#1134=ORIENTED_EDGE('',*,*,#791,.F.);
#1135=ORIENTED_EDGE('',*,*,#824,.T.);
#1136=ORIENTED_EDGE('',*,*,#810,.F.);
#1137=ORIENTED_EDGE('',*,*,#818,.F.);
#1138=ORIENTED_EDGE('',*,*,#678,.T.);
#1139=ORIENTED_EDGE('',*,*,#820,.T.);
#1140=ORIENTED_EDGE('',*,*,#783,.F.);
#1141=ORIENTED_EDGE('',*,*,#825,.T.);
#1142=ORIENTED_EDGE('',*,*,#793,.F.);
#1143=ORIENTED_EDGE('',*,*,#806,.F.);
#1144=ORIENTED_EDGE('',*,*,#824,.F.);
#1145=ORIENTED_EDGE('',*,*,#790,.F.);
#1146=ORIENTED_EDGE('',*,*,#813,.F.);
#1147=ORIENTED_EDGE('',*,*,#737,.F.);
#1148=ORIENTED_EDGE('',*,*,#826,.F.);
#1149=ORIENTED_EDGE('',*,*,#827,.F.);
#1150=ORIENTED_EDGE('',*,*,#744,.T.);
#1151=ORIENTED_EDGE('',*,*,#739,.F.);
#1152=ORIENTED_EDGE('',*,*,#743,.F.);
#1153=ORIENTED_EDGE('',*,*,#828,.F.);
#1154=ORIENTED_EDGE('',*,*,#826,.T.);
#1155=ORIENTED_EDGE('',*,*,#702,.F.);
#1156=ORIENTED_EDGE('',*,*,#829,.F.);
#1157=ORIENTED_EDGE('',*,*,#830,.F.);
#1158=ORIENTED_EDGE('',*,*,#711,.T.);
#1159=ORIENTED_EDGE('',*,*,#705,.F.);
#1160=ORIENTED_EDGE('',*,*,#710,.F.);
#1161=ORIENTED_EDGE('',*,*,#831,.F.);
#1162=ORIENTED_EDGE('',*,*,#829,.T.);
#1163=ORIENTED_EDGE('',*,*,#765,.F.);
#1164=ORIENTED_EDGE('',*,*,#769,.F.);
#1165=ORIENTED_EDGE('',*,*,#832,.F.);
#1166=ORIENTED_EDGE('',*,*,#833,.T.);
#1167=ORIENTED_EDGE('',*,*,#763,.F.);
#1168=ORIENTED_EDGE('',*,*,#833,.F.);
#1169=ORIENTED_EDGE('',*,*,#834,.F.);
#1170=ORIENTED_EDGE('',*,*,#770,.T.);
#1171=ORIENTED_EDGE('',*,*,#750,.F.);
#1172=ORIENTED_EDGE('',*,*,#835,.F.);
#1173=ORIENTED_EDGE('',*,*,#836,.F.);
#1174=ORIENTED_EDGE('',*,*,#757,.T.);
#1175=ORIENTED_EDGE('',*,*,#752,.F.);
#1176=ORIENTED_EDGE('',*,*,#756,.F.);
#1177=ORIENTED_EDGE('',*,*,#837,.F.);
#1178=ORIENTED_EDGE('',*,*,#835,.T.);
#1179=ORIENTED_EDGE('',*,*,#789,.F.);
#1180=ORIENTED_EDGE('',*,*,#825,.F.);
#1181=ORIENTED_EDGE('',*,*,#782,.F.);
#1182=ORIENTED_EDGE('',*,*,#794,.F.);
#1183=ORIENTED_EDGE('',*,*,#758,.T.);
#1184=ORIENTED_EDGE('',*,*,#836,.T.);
#1185=ORIENTED_EDGE('',*,*,#837,.T.);
#1186=ORIENTED_EDGE('',*,*,#755,.T.);
#1187=ORIENTED_EDGE('',*,*,#832,.T.);
#1188=ORIENTED_EDGE('',*,*,#768,.T.);
#1189=ORIENTED_EDGE('',*,*,#771,.T.);
#1190=ORIENTED_EDGE('',*,*,#834,.T.);
#1191=ORIENTED_EDGE('',*,*,#712,.T.);
#1192=ORIENTED_EDGE('',*,*,#830,.T.);
#1193=ORIENTED_EDGE('',*,*,#831,.T.);
#1194=ORIENTED_EDGE('',*,*,#709,.T.);
#1195=ORIENTED_EDGE('',*,*,#745,.T.);
#1196=ORIENTED_EDGE('',*,*,#827,.T.);
#1197=ORIENTED_EDGE('',*,*,#828,.T.);
#1198=ORIENTED_EDGE('',*,*,#742,.T.);
#1199=ORIENTED_EDGE('',*,*,#690,.T.);
#1200=ORIENTED_EDGE('',*,*,#693,.T.);
#1201=ORIENTED_EDGE('',*,*,#775,.F.);
#1202=ORIENTED_EDGE('',*,*,#838,.F.);
#1203=ORIENTED_EDGE('',*,*,#687,.T.);
#1204=ORIENTED_EDGE('',*,*,#838,.T.);
#1205=ORIENTED_EDGE('',*,*,#777,.F.);
#1206=ORIENTED_EDGE('',*,*,#694,.F.);
#1207=PLANE('',#1367);
#1208=PLANE('',#1368);
#1209=PLANE('',#1369);
#1210=PLANE('',#1370);
#1211=PLANE('',#1371);
#1212=PLANE('',#1372);
#1213=PLANE('',#1373);
#1214=PLANE('',#1374);
#1215=PLANE('',#1375);
#1216=PLANE('',#1376);
#1217=PLANE('',#1378);
#1218=PLANE('',#1380);
#1219=PLANE('',#1382);
#1220=PLANE('',#1384);
#1221=PLANE('',#1385);
#1222=PLANE('',#1386);
#1223=PLANE('',#1387);
#1224=PLANE('',#1388);
#1225=PLANE('',#1389);
#1226=PLANE('',#1390);
#1227=PLANE('',#1391);
#1228=PLANE('',#1392);
#1229=PLANE('',#1393);
#1230=PLANE('',#1394);
#1231=PLANE('',#1395);
#1232=PLANE('',#1396);
#1233=PLANE('',#1397);
#1234=PLANE('',#1398);
#1235=PLANE('',#1399);
#1236=PLANE('',#1400);
#1237=PLANE('',#1401);
#1238=PLANE('',#1402);
#1239=PLANE('',#1403);
#1240=PLANE('',#1404);
#1241=PLANE('',#1405);
#1242=PLANE('',#1406);
#1243=PLANE('',#1407);
#1244=PLANE('',#1408);
#1245=PLANE('',#1409);
#1246=PLANE('',#1410);
#1247=PLANE('',#1411);
#1248=PLANE('',#1460);
#1249=PLANE('',#1461);
#1250=PLANE('',#1462);
#1251=PLANE('',#1463);
#1252=PLANE('',#1464);
#1253=PLANE('',#1465);
#1254=PLANE('',#1466);
#1255=PLANE('',#1467);
#1256=PLANE('',#1468);
#1257=PLANE('',#1469);
#1258=PLANE('',#1470);
#1259=PLANE('',#1471);
#1260=PLANE('',#1472);
#1261=PLANE('',#1473);
#1262=PLANE('',#1474);
#1263=PLANE('',#1475);
#1264=PLANE('',#1476);
#1265=PLANE('',#1477);
#1266=PLANE('',#1478);
#1267=PLANE('',#1479);
#1268=PLANE('',#1480);
#1269=PLANE('',#1481);
#1270=ADVANCED_FACE('',(#72),#1207,.T.);
#1271=ADVANCED_FACE('',(#73),#1208,.T.);
#1272=ADVANCED_FACE('',(#74),#1209,.T.);
#1273=ADVANCED_FACE('',(#75),#1210,.T.);
#1274=ADVANCED_FACE('',(#76),#1211,.F.);
#1275=ADVANCED_FACE('',(#77),#1212,.F.);
#1276=ADVANCED_FACE('',(#78),#1213,.F.);
#1277=ADVANCED_FACE('',(#79),#1214,.F.);
#1278=ADVANCED_FACE('',(#80),#1215,.F.);
#1279=ADVANCED_FACE('',(#81),#1216,.T.);
#1280=ADVANCED_FACE('',(#82),#1217,.T.);
#1281=ADVANCED_FACE('',(#83),#1218,.T.);
#1282=ADVANCED_FACE('',(#84),#1219,.T.);
#1283=ADVANCED_FACE('',(#85),#1220,.T.);
#1284=ADVANCED_FACE('',(#86),#1221,.T.);
#1285=ADVANCED_FACE('',(#87),#1222,.T.);
#1286=ADVANCED_FACE('',(#88),#1223,.T.);
#1287=ADVANCED_FACE('',(#89),#1224,.T.);
#1288=ADVANCED_FACE('',(#90),#1225,.T.);
#1289=ADVANCED_FACE('',(#91),#1226,.T.);
#1290=ADVANCED_FACE('',(#92),#1227,.T.);
#1291=ADVANCED_FACE('',(#93),#1228,.T.);
#1292=ADVANCED_FACE('',(#94,#47,#48,#49,#50,#51),#1229,.T.);
#1293=ADVANCED_FACE('',(#95),#1230,.T.);
#1294=ADVANCED_FACE('',(#96),#1231,.T.);
#1295=ADVANCED_FACE('',(#97),#1232,.T.);
#1296=ADVANCED_FACE('',(#98),#1233,.T.);
#1297=ADVANCED_FACE('',(#99),#1234,.T.);
#1298=ADVANCED_FACE('',(#100),#1235,.T.);
#1299=ADVANCED_FACE('',(#101),#1236,.T.);
#1300=ADVANCED_FACE('',(#102),#1237,.T.);
#1301=ADVANCED_FACE('',(#103),#1238,.T.);
#1302=ADVANCED_FACE('',(#104),#1239,.T.);
#1303=ADVANCED_FACE('',(#105),#1240,.T.);
#1304=ADVANCED_FACE('',(#106),#1241,.T.);
#1305=ADVANCED_FACE('',(#107),#1242,.T.);
#1306=ADVANCED_FACE('',(#108),#1243,.T.);
#1307=ADVANCED_FACE('',(#109),#1244,.T.);
#1308=ADVANCED_FACE('',(#110),#1245,.T.);
#1309=ADVANCED_FACE('',(#111),#1246,.T.);
#1310=ADVANCED_FACE('',(#112),#1247,.T.);
#1311=ADVANCED_FACE('',(#113),#31,.T.);
#1312=ADVANCED_FACE('',(#114),#32,.T.);
#1313=ADVANCED_FACE('',(#115),#33,.T.);
#1314=ADVANCED_FACE('',(#116),#34,.T.);
#1315=ADVANCED_FACE('',(#117),#27,.T.);
#1316=ADVANCED_FACE('',(#118),#35,.T.);
#1317=ADVANCED_FACE('',(#119),#28,.T.);
#1318=ADVANCED_FACE('',(#120),#36,.T.);
#1319=ADVANCED_FACE('',(#121),#37,.T.);
#1320=ADVANCED_FACE('',(#122),#29,.T.);
#1321=ADVANCED_FACE('',(#123),#38,.T.);
#1322=ADVANCED_FACE('',(#124),#30,.T.);
#1323=ADVANCED_FACE('',(#125),#39,.T.);
#1324=ADVANCED_FACE('',(#126),#40,.T.);
#1325=ADVANCED_FACE('',(#127),#41,.T.);
#1326=ADVANCED_FACE('',(#128),#42,.T.);
#1327=ADVANCED_FACE('',(#129),#43,.T.);
#1328=ADVANCED_FACE('',(#130),#44,.T.);
#1329=ADVANCED_FACE('',(#131),#45,.T.);
#1330=ADVANCED_FACE('',(#132),#46,.T.);
#1331=ADVANCED_FACE('',(#133),#1248,.T.);
#1332=ADVANCED_FACE('',(#134),#1249,.T.);
#1333=ADVANCED_FACE('',(#135),#1250,.T.);
#1334=ADVANCED_FACE('',(#136),#1251,.T.);
#1335=ADVANCED_FACE('',(#137),#1252,.T.);
#1336=ADVANCED_FACE('',(#138),#1253,.T.);
#1337=ADVANCED_FACE('',(#139),#1254,.T.);
#1338=ADVANCED_FACE('',(#140),#1255,.T.);
#1339=ADVANCED_FACE('',(#141),#1256,.T.);
#1340=ADVANCED_FACE('',(#142),#1257,.T.);
#1341=ADVANCED_FACE('',(#143),#1258,.T.);
#1342=ADVANCED_FACE('',(#144),#1259,.T.);
#1343=ADVANCED_FACE('',(#145),#1260,.T.);
#1344=ADVANCED_FACE('',(#146),#1261,.T.);
#1345=ADVANCED_FACE('',(#147),#1262,.T.);
#1346=ADVANCED_FACE('',(#148),#1263,.T.);
#1347=ADVANCED_FACE('',(#149),#1264,.T.);
#1348=ADVANCED_FACE('',(#150),#1265,.T.);
#1349=ADVANCED_FACE('',(#151),#1266,.T.);
#1350=ADVANCED_FACE('',(#152),#1267,.T.);
#1351=ADVANCED_FACE('',(#153),#1268,.T.);
#1352=ADVANCED_FACE('',(#154),#1269,.T.);
#1353=CLOSED_SHELL('',(#1270,#1271,#1272,#1273,#1274,#1275,#1276,#1277,
#1278,#1279,#1280,#1281,#1282,#1283,#1284,#1285,#1286,#1287,#1288,#1289,
#1290,#1291,#1292,#1293,#1294,#1295,#1296,#1297,#1298,#1299,#1300,#1301,
#1302,#1303,#1304,#1305,#1306,#1307,#1308,#1309,#1310,#1311,#1312,#1313,
#1314,#1315,#1316,#1317,#1318,#1319,#1320,#1321,#1322,#1323,#1324,#1325,
#1326,#1327,#1328,#1329,#1330,#1331,#1332,#1333,#1334,#1335,#1336,#1337,
#1338,#1339,#1340,#1341,#1342,#1343,#1344,#1345,#1346,#1347,#1348,#1349,
#1350,#1351,#1352));
#1354=DERIVED_UNIT_ELEMENT(#1356,1.);
#1355=DERIVED_UNIT_ELEMENT(#2247,-3.);
#1356=(
MASS_UNIT()
NAMED_UNIT(*)
SI_UNIT(.KILO.,.GRAM.)
);
#1357=DERIVED_UNIT((#1354,#1355));
#1358=MEASURE_REPRESENTATION_ITEM('density measure',
POSITIVE_RATIO_MEASURE(7850.),#1357);
#1359=PROPERTY_DEFINITION_REPRESENTATION(#1364,#1361);
#1360=PROPERTY_DEFINITION_REPRESENTATION(#1365,#1362);
#1361=REPRESENTATION('material name',(#1363),#2244);
#1362=REPRESENTATION('density',(#1358),#2244);
#1363=DESCRIPTIVE_REPRESENTATION_ITEM('Steel','Steel');
#1364=PROPERTY_DEFINITION('material property','material name',#2254);
#1365=PROPERTY_DEFINITION('material property','density of part',#2254);
#1366=AXIS2_PLACEMENT_3D('',#1866,#1482,#1483);
#1367=AXIS2_PLACEMENT_3D('',#1867,#1484,#1485);
#1368=AXIS2_PLACEMENT_3D('',#1876,#1490,#1491);
#1369=AXIS2_PLACEMENT_3D('',#1882,#1495,#1496);
#1370=AXIS2_PLACEMENT_3D('',#1888,#1500,#1501);
#1371=AXIS2_PLACEMENT_3D('',#1891,#1504,#1505);
#1372=AXIS2_PLACEMENT_3D('',#1901,#1511,#1512);
#1373=AXIS2_PLACEMENT_3D('',#1909,#1517,#1518);
#1374=AXIS2_PLACEMENT_3D('',#1910,#1519,#1520);
#1375=AXIS2_PLACEMENT_3D('',#1918,#1525,#1526);
#1376=AXIS2_PLACEMENT_3D('',#1924,#1530,#1531);
#1377=AXIS2_PLACEMENT_3D('',#1925,#1532,#1533);
#1378=AXIS2_PLACEMENT_3D('',#1926,#1534,#1535);
#1379=AXIS2_PLACEMENT_3D('',#1927,#1536,#1537);
#1380=AXIS2_PLACEMENT_3D('',#1928,#1538,#1539);
#1381=AXIS2_PLACEMENT_3D('',#1929,#1540,#1541);
#1382=AXIS2_PLACEMENT_3D('',#1930,#1542,#1543);
#1383=AXIS2_PLACEMENT_3D('',#1931,#1544,#1545);
#1384=AXIS2_PLACEMENT_3D('',#1932,#1546,#1547);
#1385=AXIS2_PLACEMENT_3D('',#1941,#1552,#1553);
#1386=AXIS2_PLACEMENT_3D('',#1947,#1557,#1558);
#1387=AXIS2_PLACEMENT_3D('',#1951,#1561,#1562);
#1388=AXIS2_PLACEMENT_3D('',#1960,#1567,#1568);
#1389=AXIS2_PLACEMENT_3D('',#1966,#1572,#1573);
#1390=AXIS2_PLACEMENT_3D('',#1972,#1577,#1578);
#1391=AXIS2_PLACEMENT_3D('',#1975,#1581,#1582);
#1392=AXIS2_PLACEMENT_3D('',#1981,#1586,#1587);
#1393=AXIS2_PLACEMENT_3D('',#1985,#1590,#1591);
#1394=AXIS2_PLACEMENT_3D('',#2026,#1612,#1613);
#1395=AXIS2_PLACEMENT_3D('',#2032,#1617,#1618);
#1396=AXIS2_PLACEMENT_3D('',#2036,#1621,#1622);
#1397=AXIS2_PLACEMENT_3D('',#2040,#1625,#1626);
#1398=AXIS2_PLACEMENT_3D('',#2042,#1628,#1629);
#1399=AXIS2_PLACEMENT_3D('',#2048,#1633,#1634);
#1400=AXIS2_PLACEMENT_3D('',#2052,#1637,#1638);
#1401=AXIS2_PLACEMENT_3D('',#2058,#1642,#1643);
#1402=AXIS2_PLACEMENT_3D('',#2062,#1646,#1647);
#1403=AXIS2_PLACEMENT_3D('',#2066,#1650,#1651);
#1404=AXIS2_PLACEMENT_3D('',#2068,#1653,#1654);
#1405=AXIS2_PLACEMENT_3D('',#2074,#1658,#1659);
#1406=AXIS2_PLACEMENT_3D('',#2078,#1662,#1663);
#1407=AXIS2_PLACEMENT_3D('',#2084,#1667,#1668);
#1408=AXIS2_PLACEMENT_3D('',#2088,#1671,#1672);
#1409=AXIS2_PLACEMENT_3D('',#2092,#1675,#1676);
#1410=AXIS2_PLACEMENT_3D('',#2094,#1678,#1679);
#1411=AXIS2_PLACEMENT_3D('',#2100,#1683,#1684);
#1412=AXIS2_PLACEMENT_3D('',#2104,#1687,#1688);
#1413=AXIS2_PLACEMENT_3D('',#2105,#1689,#1690);
#1414=AXIS2_PLACEMENT_3D('',#2106,#1691,#1692);
#1415=AXIS2_PLACEMENT_3D('',#2107,#1693,#1694);
#1416=AXIS2_PLACEMENT_3D('',#2109,#1695,#1696);
#1417=AXIS2_PLACEMENT_3D('',#2111,#1698,#1699);
#1418=AXIS2_PLACEMENT_3D('',#2112,#1700,#1701);
#1419=AXIS2_PLACEMENT_3D('',#2114,#1703,#1704);
#1420=AXIS2_PLACEMENT_3D('',#2115,#1705,#1706);
#1421=AXIS2_PLACEMENT_3D('',#2117,#1707,#1708);
#1422=AXIS2_PLACEMENT_3D('',#2119,#1709,#1710);
#1423=AXIS2_PLACEMENT_3D('',#2120,#1711,#1712);
#1424=AXIS2_PLACEMENT_3D('',#2121,#1713,#1714);
#1425=AXIS2_PLACEMENT_3D('',#2127,#1717,#1718);
#1426=AXIS2_PLACEMENT_3D('',#2129,#1719,#1720);
#1427=AXIS2_PLACEMENT_3D('',#2130,#1721,#1722);
#1428=AXIS2_PLACEMENT_3D('',#2131,#1723,#1724);
#1429=AXIS2_PLACEMENT_3D('',#2133,#1725,#1726);
#1430=AXIS2_PLACEMENT_3D('',#2135,#1727,#1728);
#1431=AXIS2_PLACEMENT_3D('',#2136,#1729,#1730);
#1432=AXIS2_PLACEMENT_3D('',#2137,#1731,#1732);
#1433=AXIS2_PLACEMENT_3D('',#2143,#1735,#1736);
#1434=AXIS2_PLACEMENT_3D('',#2145,#1737,#1738);
#1435=AXIS2_PLACEMENT_3D('',#2146,#1739,#1740);
#1436=AXIS2_PLACEMENT_3D('',#2147,#1741,#1742);
#1437=AXIS2_PLACEMENT_3D('',#2149,#1744,#1745);
#1438=AXIS2_PLACEMENT_3D('',#2151,#1746,#1747);
#1439=AXIS2_PLACEMENT_3D('',#2153,#1748,#1749);
#1440=AXIS2_PLACEMENT_3D('',#2154,#1750,#1751);
#1441=AXIS2_PLACEMENT_3D('',#2155,#1752,#1753);
#1442=AXIS2_PLACEMENT_3D('',#2161,#1756,#1757);
#1443=AXIS2_PLACEMENT_3D('',#2163,#1758,#1759);
#1444=AXIS2_PLACEMENT_3D('',#2164,#1760,#1761);
#1445=AXIS2_PLACEMENT_3D('',#2165,#1762,#1763);
#1446=AXIS2_PLACEMENT_3D('',#2167,#1764,#1765);
#1447=AXIS2_PLACEMENT_3D('',#2169,#1766,#1767);
#1448=AXIS2_PLACEMENT_3D('',#2170,#1768,#1769);
#1449=AXIS2_PLACEMENT_3D('',#2171,#1770,#1771);
#1450=AXIS2_PLACEMENT_3D('',#2177,#1774,#1775);
#1451=AXIS2_PLACEMENT_3D('',#2179,#1776,#1777);
#1452=AXIS2_PLACEMENT_3D('',#2180,#1778,#1779);
#1453=AXIS2_PLACEMENT_3D('',#2181,#1780,#1781);
#1454=AXIS2_PLACEMENT_3D('',#2184,#1784,#1785);
#1455=AXIS2_PLACEMENT_3D('',#2186,#1787,#1788);
#1456=AXIS2_PLACEMENT_3D('',#2188,#1790,#1791);
#1457=AXIS2_PLACEMENT_3D('',#2190,#1793,#1794);
#1458=AXIS2_PLACEMENT_3D('',#2193,#1797,#1798);
#1459=AXIS2_PLACEMENT_3D('',#2196,#1801,#1802);
#1460=AXIS2_PLACEMENT_3D('',#2199,#1805,#1806);
#1461=AXIS2_PLACEMENT_3D('',#2201,#1808,#1809);
#1462=AXIS2_PLACEMENT_3D('',#2202,#1810,#1811);
#1463=AXIS2_PLACEMENT_3D('',#2204,#1813,#1814);
#1464=AXIS2_PLACEMENT_3D('',#2205,#1815,#1816);
#1465=AXIS2_PLACEMENT_3D('',#2207,#1818,#1819);
#1466=AXIS2_PLACEMENT_3D('',#2209,#1821,#1822);
#1467=AXIS2_PLACEMENT_3D('',#2210,#1823,#1824);
#1468=AXIS2_PLACEMENT_3D('',#2214,#1827,#1828);
#1469=AXIS2_PLACEMENT_3D('',#2216,#1830,#1831);
#1470=AXIS2_PLACEMENT_3D('',#2220,#1834,#1835);
#1471=AXIS2_PLACEMENT_3D('',#2222,#1837,#1838);
#1472=AXIS2_PLACEMENT_3D('',#2226,#1841,#1842);
#1473=AXIS2_PLACEMENT_3D('',#2228,#1844,#1845);
#1474=AXIS2_PLACEMENT_3D('',#2232,#1848,#1849);
#1475=AXIS2_PLACEMENT_3D('',#2234,#1851,#1852);
#1476=AXIS2_PLACEMENT_3D('',#2235,#1853,#1854);
#1477=AXIS2_PLACEMENT_3D('',#2236,#1855,#1856);
#1478=AXIS2_PLACEMENT_3D('',#2237,#1857,#1858);
#1479=AXIS2_PLACEMENT_3D('',#2238,#1859,#1860);
#1480=AXIS2_PLACEMENT_3D('',#2239,#1861,#1862);
#1481=AXIS2_PLACEMENT_3D('',#2241,#1864,#1865);
#1482=DIRECTION('axis',(0.,0.,1.));
#1483=DIRECTION('refdir',(1.,0.,0.));
#1484=DIRECTION('center_axis',(-0.707106781186548,0.,0.707106781186548));
#1485=DIRECTION('ref_axis',(0.707106781186548,0.,0.707106781186548));
#1486=DIRECTION('',(0.,1.,0.));
#1487=DIRECTION('',(-0.577350269189629,0.577350269189619,-0.577350269189629));
#1488=DIRECTION('',(0.,-1.,0.));
#1489=DIRECTION('',(0.577350269189629,0.577350269189619,0.577350269189629));
#1490=DIRECTION('center_axis',(-8.65956056235486E-17,0.707106781186554,
0.707106781186541));
#1491=DIRECTION('ref_axis',(1.,0.,1.22464679914735E-16));
#1492=DIRECTION('',(1.,0.,1.22464679914735E-16));
#1493=DIRECTION('',(0.577350269189626,0.577350269189616,-0.577350269189636));
#1494=DIRECTION('',(-1.,0.,-1.22464679914735E-16));
#1495=DIRECTION('center_axis',(0.707106781186554,0.,0.707106781186541));
#1496=DIRECTION('ref_axis',(0.707106781186541,0.,-0.707106781186554));
#1497=DIRECTION('',(0.,1.,0.));
#1498=DIRECTION('',(0.,-1.,0.));
#1499=DIRECTION('',(0.577350269189622,-0.577350269189622,-0.577350269189633));
#1500=DIRECTION('center_axis',(-8.65956056235486E-17,-0.707106781186554,
0.707106781186541));
#1501=DIRECTION('ref_axis',(1.,0.,1.22464679914735E-16));
#1502=DIRECTION('',(-1.,0.,-1.22464679914735E-16));
#1503=DIRECTION('',(1.,0.,1.22464679914735E-16));
#1504=DIRECTION('center_axis',(0.,1.,0.));
#1505=DIRECTION('ref_axis',(1.,0.,0.));
#1506=DIRECTION('',(0.,0.,-1.));
#1507=DIRECTION('',(-1.,0.,-1.22464679914735E-16));
#1508=DIRECTION('',(-1.,0.,-1.22464679914735E-16));
#1509=DIRECTION('',(-1.,0.,-1.22464679914735E-16));
#1510=DIRECTION('',(0.,0.,-1.));
#1511=DIRECTION('center_axis',(1.,0.,0.));
#1512=DIRECTION('ref_axis',(0.,-1.,0.));
#1513=DIRECTION('',(0.,0.,-1.));
#1514=DIRECTION('',(0.,1.,0.));
#1515=DIRECTION('',(0.,1.,0.));
#1516=DIRECTION('',(0.,1.,0.));
#1517=DIRECTION('center_axis',(1.22464679914735E-16,0.,-1.));
#1518=DIRECTION('ref_axis',(-1.,0.,-1.22464679914735E-16));
#1519=DIRECTION('center_axis',(0.,-1.,0.));
#1520=DIRECTION('ref_axis',(-1.,0.,0.));
#1521=DIRECTION('',(0.,0.,-1.));
#1522=DIRECTION('',(1.,0.,1.22464679914735E-16));
#1523=DIRECTION('',(1.,0.,1.22464679914735E-16));
#1524=DIRECTION('',(1.,0.,1.22464679914735E-16));
#1525=DIRECTION('center_axis',(-1.,0.,0.));
#1526=DIRECTION('ref_axis',(0.,1.,0.));
#1527=DIRECTION('',(0.,-1.,0.));
#1528=DIRECTION('',(0.,-1.,0.));
#1529=DIRECTION('',(0.,-1.,0.));
#1530=DIRECTION('center_axis',(1.22464679914735E-16,0.,-1.));
#1531=DIRECTION('ref_axis',(-1.,0.,-1.22464679914735E-16));
#1532=DIRECTION('center_axis',(-1.22464679914735E-16,0.,1.));
#1533=DIRECTION('ref_axis',(0.707106781186548,-0.707106781186547,8.65956056235494E-17));
#1534=DIRECTION('center_axis',(1.22464679914735E-16,0.,-1.));
#1535=DIRECTION('ref_axis',(-1.,0.,-1.22464679914735E-16));
#1536=DIRECTION('center_axis',(-1.22464679914735E-16,0.,1.));
#1537=DIRECTION('ref_axis',(-0.707106781186547,-0.707106781186548,-8.65956056235492E-17));
#1538=DIRECTION('center_axis',(1.22464679914735E-16,0.,-1.));
#1539=DIRECTION('ref_axis',(-1.,0.,-1.22464679914735E-16));
#1540=DIRECTION('center_axis',(-1.22464679914735E-16,0.,1.));
#1541=DIRECTION('ref_axis',(-0.707106781186547,0.707106781186547,-8.65956056235493E-17));
#1542=DIRECTION('center_axis',(1.22464679914735E-16,0.,-1.));
#1543=DIRECTION('ref_axis',(-1.,0.,-1.22464679914735E-16));
#1544=DIRECTION('center_axis',(-1.22464679914735E-16,0.,1.));
#1545=DIRECTION('ref_axis',(0.707106781186547,0.707106781186547,8.65956056235493E-17));
#1546=DIRECTION('center_axis',(0.,0.,-1.));
#1547=DIRECTION('ref_axis',(-1.,0.,0.));
#1548=DIRECTION('',(1.,0.,0.));
#1549=DIRECTION('',(1.1686558153949E-16,-1.,0.));
#1550=DIRECTION('',(-1.,0.,0.));
#1551=DIRECTION('',(0.,1.,0.));
#1552=DIRECTION('center_axis',(0.,-1.,0.));
#1553=DIRECTION('ref_axis',(-1.,0.,-1.22464679914735E-16));
#1554=DIRECTION('',(1.22464679914735E-16,0.,-1.));
#1555=DIRECTION('',(-1.,0.,-1.22464679914735E-16));
#1556=DIRECTION('',(1.22464679914735E-16,0.,-1.));
#1557=DIRECTION('center_axis',(1.,1.1686558153949E-16,1.22464679914735E-16));
#1558=DIRECTION('ref_axis',(1.1686558153949E-16,-1.,1.43119060362831E-32));
#1559=DIRECTION('',(1.22464679914735E-16,0.,-1.));
#1560=DIRECTION('',(1.1686558153949E-16,-1.,1.43119060362831E-32));
#1561=DIRECTION('center_axis',(8.65956056235493E-17,0.707106781186548,-0.707106781186548));
#1562=DIRECTION('ref_axis',(-1.,0.,-1.22464679914735E-16));
#1563=DIRECTION('',(-1.,0.,-1.22464679914735E-16));
#1564=DIRECTION('',(0.577350269189626,0.577350269189626,0.577350269189626));
#1565=DIRECTION('',(1.,0.,1.22464679914735E-16));
#1566=DIRECTION('',(-0.577350340882873,0.577350125803105,0.577350340882873));
#1567=DIRECTION('center_axis',(0.707106781186548,0.,-0.707106781186547));
#1568=DIRECTION('ref_axis',(-0.707106781186547,0.,-0.707106781186548));
#1569=DIRECTION('',(0.,1.,0.));
#1570=DIRECTION('',(0.577350206099568,-0.577350395369719,0.577350206099569));
#1571=DIRECTION('',(0.,-1.,0.));
#1572=DIRECTION('center_axis',(8.65956056235493E-17,-0.707106781186548,
-0.707106781186548));
#1573=DIRECTION('ref_axis',(-1.,0.,-1.22464679914735E-16));
#1574=DIRECTION('',(1.,0.,1.22464679914735E-16));
#1575=DIRECTION('',(-0.577350206099569,-0.577350395369719,0.577350206099568));
#1576=DIRECTION('',(-1.,0.,-1.22464679914735E-16));
#1577=DIRECTION('center_axis',(-0.707106781186547,0.,-0.707106781186548));
#1578=DIRECTION('ref_axis',(-0.707106781186548,0.,0.707106781186547));
#1579=DIRECTION('',(0.,1.,0.));
#1580=DIRECTION('',(0.,-1.,0.));
#1581=DIRECTION('center_axis',(-1.,0.,-1.22464679914735E-16));
#1582=DIRECTION('ref_axis',(0.,1.,0.));
#1583=DIRECTION('',(1.22464679914735E-16,0.,-1.));
#1584=DIRECTION('',(0.,-1.,0.));
#1585=DIRECTION('',(1.22464679914735E-16,0.,-1.));
#1586=DIRECTION('center_axis',(0.,1.,0.));
#1587=DIRECTION('ref_axis',(1.,0.,1.22464679914735E-16));
#1588=DIRECTION('',(1.22464679914735E-16,0.,-1.));
#1589=DIRECTION('',(-1.,0.,-1.22464679914735E-16));
#1590=DIRECTION('center_axis',(1.22464679914735E-16,0.,-1.));
#1591=DIRECTION('ref_axis',(-1.,0.,-1.22464679914735E-16));
#1592=DIRECTION('',(-1.,0.,-1.22464679914735E-16));
#1593=DIRECTION('',(0.,1.,0.));
#1594=DIRECTION('',(1.,0.,1.22464679914735E-16));
#1595=DIRECTION('',(0.,-1.,0.));
#1596=DIRECTION('',(0.,1.,0.));
#1597=DIRECTION('',(-1.,0.,-1.22464679914735E-16));
#1598=DIRECTION('',(0.,-1.,0.));
#1599=DIRECTION('',(1.,0.,1.22464679914735E-16));
#1600=DIRECTION('',(0.,1.,0.));
#1601=DIRECTION('',(-1.,0.,-1.22464679914735E-16));
#1602=DIRECTION('',(0.,-1.,0.));
#1603=DIRECTION('',(1.,0.,1.22464679914735E-16));
#1604=DIRECTION('',(1.,0.,1.22464679914735E-16));
#1605=DIRECTION('',(-1.1686558153949E-16,1.,-1.43119060362831E-32));
#1606=DIRECTION('',(-1.,0.,-1.22464679914735E-16));
#1607=DIRECTION('',(0.,-1.,0.));
#1608=DIRECTION('',(-1.,0.,-1.22464679914735E-16));
#1609=DIRECTION('',(0.,-1.,0.));
#1610=DIRECTION('',(1.,0.,1.22464679914735E-16));
#1611=DIRECTION('',(0.,1.,0.));
#1612=DIRECTION('center_axis',(0.707106781186548,0.,-0.707106781186547));
#1613=DIRECTION('ref_axis',(-0.707106781186547,0.,-0.707106781186548));
#1614=DIRECTION('',(0.577350269189626,-0.577350269189626,0.577350269189626));
#1615=DIRECTION('',(0.,-1.,0.));
#1616=DIRECTION('',(0.577350125803105,0.577350340882873,0.577350340882873));
#1617=DIRECTION('center_axis',(8.65956056235493E-17,-0.707106781186548,
-0.707106781186548));
#1618=DIRECTION('ref_axis',(-1.,0.,-1.22464679914735E-16));
#1619=DIRECTION('',(-0.57735039536972,-0.577350206099569,0.577350206099568));
#1620=DIRECTION('',(-1.,0.,-1.22464679914735E-16));
#1621=DIRECTION('center_axis',(-0.707106781186547,0.,-0.707106781186548));
#1622=DIRECTION('ref_axis',(-0.707106781186548,0.,0.707106781186547));
#1623=DIRECTION('',(-0.57735039536972,0.577350206099569,0.577350206099568));
#1624=DIRECTION('',(0.,1.,0.));
#1625=DIRECTION('center_axis',(8.65956056235493E-17,0.707106781186548,-0.707106781186548));
#1626=DIRECTION('ref_axis',(-1.,0.,-1.22464679914735E-16));
#1627=DIRECTION('',(1.,0.,1.22464679914735E-16));
#1628=DIRECTION('center_axis',(0.,1.,0.));
#1629=DIRECTION('ref_axis',(1.,0.,1.22464679914735E-16));
#1630=DIRECTION('',(1.22464679914735E-16,0.,-1.));
#1631=DIRECTION('',(-1.,0.,-1.22464679914735E-16));
#1632=DIRECTION('',(1.22464679914735E-16,0.,-1.));
#1633=DIRECTION('center_axis',(1.,0.,1.22464679914735E-16));
#1634=DIRECTION('ref_axis',(0.,-1.,0.));
#1635=DIRECTION('',(1.22464679914735E-16,0.,-1.));
#1636=DIRECTION('',(0.,1.,0.));
#1637=DIRECTION('center_axis',(8.65956056235493E-17,0.707106781186548,-0.707106781186548));
#1638=DIRECTION('ref_axis',(-1.,0.,-1.22464679914735E-16));
#1639=DIRECTION('',(0.577350206099568,0.577350395369719,0.577350206099569));
#1640=DIRECTION('',(1.,0.,1.22464679914735E-16));
#1641=DIRECTION('',(-0.577350269189626,0.577350269189626,0.577350269189626));
#1642=DIRECTION('center_axis',(0.707106781186548,0.,-0.707106781186547));
#1643=DIRECTION('ref_axis',(-0.707106781186547,0.,-0.707106781186548));
#1644=DIRECTION('',(0.577350269189626,-0.577350269189626,0.577350269189626));
#1645=DIRECTION('',(0.,-1.,0.));
#1646=DIRECTION('center_axis',(8.65956056235493E-17,-0.707106781186548,
-0.707106781186548));
#1647=DIRECTION('ref_axis',(-1.,0.,-1.22464679914735E-16));
#1648=DIRECTION('',(-0.577350340882873,-0.577350125803105,0.577350340882873));
#1649=DIRECTION('',(-1.,0.,-1.22464679914735E-16));
#1650=DIRECTION('center_axis',(-0.707106781186547,0.,-0.707106781186548));
#1651=DIRECTION('ref_axis',(-0.707106781186548,0.,0.707106781186547));
#1652=DIRECTION('',(0.,1.,0.));
#1653=DIRECTION('center_axis',(-1.,0.,-1.22464679914735E-16));
#1654=DIRECTION('ref_axis',(0.,1.,0.));
#1655=DIRECTION('',(1.22464679914735E-16,0.,-1.));
#1656=DIRECTION('',(0.,-1.,0.));
#1657=DIRECTION('',(1.22464679914735E-16,0.,-1.));
#1658=DIRECTION('center_axis',(0.,1.,0.));
#1659=DIRECTION('ref_axis',(1.,0.,1.22464679914735E-16));
#1660=DIRECTION('',(1.22464679914735E-16,0.,-1.));
#1661=DIRECTION('',(-1.,0.,-1.22464679914735E-16));
#1662=DIRECTION('center_axis',(0.707106781186548,0.,-0.707106781186547));
#1663=DIRECTION('ref_axis',(-0.707106781186547,0.,-0.707106781186548));
#1664=DIRECTION('',(0.577350395369719,-0.577350206099569,0.577350206099569));
#1665=DIRECTION('',(0.,-1.,0.));
#1666=DIRECTION('',(0.577350395369719,0.577350206099569,0.577350206099569));
#1667=DIRECTION('center_axis',(8.65956056235493E-17,-0.707106781186548,
-0.707106781186548));
#1668=DIRECTION('ref_axis',(-1.,0.,-1.22464679914735E-16));
#1669=DIRECTION('',(-0.577350269189626,-0.577350269189626,0.577350269189626));
#1670=DIRECTION('',(-1.,0.,-1.22464679914735E-16));
#1671=DIRECTION('center_axis',(-0.707106781186547,0.,-0.707106781186548));
#1672=DIRECTION('ref_axis',(-0.707106781186548,0.,0.707106781186547));
#1673=DIRECTION('',(-0.577350269189626,0.577350269189626,0.577350269189626));
#1674=DIRECTION('',(0.,1.,0.));
#1675=DIRECTION('center_axis',(8.65956056235493E-17,0.707106781186548,-0.707106781186548));
#1676=DIRECTION('ref_axis',(-1.,0.,-1.22464679914735E-16));
#1677=DIRECTION('',(1.,0.,1.22464679914735E-16));
#1678=DIRECTION('center_axis',(0.,1.,0.));
#1679=DIRECTION('ref_axis',(1.,0.,1.22464679914735E-16));
#1680=DIRECTION('',(1.22464679914735E-16,0.,-1.));
#1681=DIRECTION('',(-1.,0.,-1.22464679914735E-16));
#1682=DIRECTION('',(1.22464679914735E-16,0.,-1.));
#1683=DIRECTION('center_axis',(1.,0.,1.22464679914735E-16));
#1684=DIRECTION('ref_axis',(0.,-1.,0.));
#1685=DIRECTION('',(1.22464679914735E-16,0.,-1.));
#1686=DIRECTION('',(0.,1.,0.));
#1687=DIRECTION('center_axis',(-1.,0.,-1.22464679914735E-16));
#1688=DIRECTION('ref_axis',(8.65956056235493E-17,-0.707106781186548,-0.707106781186548));
#1689=DIRECTION('center_axis',(-0.707106781186548,0.707106781186548,-8.65956056235493E-17));
#1690=DIRECTION('ref_axis',(0.707106781186548,0.707106781186548,8.65956056235493E-17));
#1691=DIRECTION('center_axis',(-0.707106781186548,-0.707106781186548,-1.65668806430732E-15));
#1692=DIRECTION('ref_axis',(-0.707106781186548,0.707106781186548,-1.65668806430732E-15));
#1693=DIRECTION('center_axis',(0.,1.,0.));
#1694=DIRECTION('ref_axis',(-0.707106781186547,0.,-0.707106781186548));
#1695=DIRECTION('center_axis',(0.707106781186548,0.707106781186547,1.65668806430732E-15));
#1696=DIRECTION('ref_axis',(0.707106781186547,-0.707106781186548,1.65668806430732E-15));
#1697=DIRECTION('',(0.,1.,0.));
#1698=DIRECTION('center_axis',(1.,0.,1.22464679914735E-16));
#1699=DIRECTION('ref_axis',(8.65956056235493E-17,0.707106781186548,-0.707106781186548));
#1700=DIRECTION('center_axis',(0.707106781186549,-0.707106781186546,1.65668806430732E-15));
#1701=DIRECTION('ref_axis',(-0.707106781186546,-0.707106781186549,1.48349685306023E-15));
#1702=DIRECTION('',(1.,0.,1.22464679914735E-16));
#1703=DIRECTION('center_axis',(1.1686558153949E-16,-1.,1.43119060362831E-32));
#1704=DIRECTION('ref_axis',(0.707106781186548,0.,-0.707106781186547));
#1705=DIRECTION('center_axis',(0.408248290463862,-0.816496580927725,-0.408248290463866));
#1706=DIRECTION('ref_axis',(0.577350269189622,0.577350269189625,-0.577350269189631));
#1707=DIRECTION('center_axis',(1.,0.,-8.75931951708651E-15));
#1708=DIRECTION('ref_axis',(0.,1.,0.));
#1709=DIRECTION('center_axis',(1.22464679914735E-16,0.,-1.));
#1710=DIRECTION('ref_axis',(1.,0.,1.22464679914735E-16));
#1711=DIRECTION('center_axis',(-4.44089209850062E-15,1.,-5.43852429378756E-31));
#1712=DIRECTION('ref_axis',(1.22464679914735E-16,0.,-1.));
#1713=DIRECTION('center_axis',(1.22464679914735E-16,0.,-1.));
#1714=DIRECTION('ref_axis',(0.707106781186548,0.707106781186548,8.65956056235493E-17));
#1715=DIRECTION('',(1.22464679914735E-16,0.,-1.));
#1716=DIRECTION('',(-1.22464679914735E-16,0.,1.));
#1717=DIRECTION('center_axis',(8.65956056235494E-17,0.707106781186547,-0.707106781186548));
#1718=DIRECTION('ref_axis',(-3.75302162896813E-17,0.707106781186548,0.707106781186547));
#1719=DIRECTION('center_axis',(-0.325057583671869,-0.325057583671862,-0.888073833977117));
#1720=DIRECTION('ref_axis',(-0.627963030199563,-0.627963030199549,0.459700843380979));
#1721=DIRECTION('center_axis',(0.707106781186547,0.,-0.707106781186548));
#1722=DIRECTION('ref_axis',(0.707106781186548,4.9065389333868E-17,0.707106781186547));
#1723=DIRECTION('center_axis',(-0.408248290463863,-0.816496580927726,-0.408248290463864));
#1724=DIRECTION('ref_axis',(-0.577350269189624,0.577350269189624,-0.577350269189629));
#1725=DIRECTION('center_axis',(1.08770485875751E-30,1.,-8.88178419700124E-15));
#1726=DIRECTION('ref_axis',(-1.,0.,-1.22464679914735E-16));
#1727=DIRECTION('center_axis',(1.22464679914735E-16,0.,-1.));
#1728=DIRECTION('ref_axis',(0.,1.,0.));
#1729=DIRECTION('center_axis',(-1.,-4.44089209850062E-15,-1.22464679914735E-16));
#1730=DIRECTION('ref_axis',(1.22464679914735E-16,0.,-1.));
#1731=DIRECTION('center_axis',(1.22464679914735E-16,0.,-1.));
#1732=DIRECTION('ref_axis',(-0.707106781186548,0.707106781186548,-8.65956056235493E-17));
#1733=DIRECTION('',(1.22464679914735E-16,0.,-1.));
#1734=DIRECTION('',(-1.22464679914735E-16,0.,1.));
#1735=DIRECTION('center_axis',(-0.707106781186547,0.,-0.707106781186548));
#1736=DIRECTION('ref_axis',(-0.707106781186548,4.9065389333868E-17,0.707106781186547));
#1737=DIRECTION('center_axis',(0.325057583671868,-0.325057583671868,-0.888073833977116));
#1738=DIRECTION('ref_axis',(0.627963030199555,-0.627963030199555,0.459700843380982));
#1739=DIRECTION('center_axis',(8.65956056235494E-17,0.707106781186547,-0.707106781186548));
#1740=DIRECTION('ref_axis',(-1.35660994957417E-16,0.707106781186548,0.707106781186547));
#1741=DIRECTION('center_axis',(1.,0.,1.22464679914735E-16));
#1742=DIRECTION('ref_axis',(8.65956056235491E-17,0.707106781186549,-0.707106781186546));
#1743=DIRECTION('',(1.,0.,1.22464679914735E-16));
#1744=DIRECTION('center_axis',(-0.408248290463858,-0.816496580927729,0.408248290463862));
#1745=DIRECTION('ref_axis',(0.577350269189625,-0.577350269189622,-0.577350269189631));
#1746=DIRECTION('center_axis',(1.08770485875751E-30,-1.,-8.88178419700124E-15));
#1747=DIRECTION('ref_axis',(1.,0.,1.22464679914735E-16));
#1748=DIRECTION('center_axis',(1.22464679914735E-16,0.,-1.));
#1749=DIRECTION('ref_axis',(0.,-1.,0.));
#1750=DIRECTION('center_axis',(1.,4.44089209850062E-15,1.22464679914735E-16));
#1751=DIRECTION('ref_axis',(1.22464679914735E-16,0.,-1.));
#1752=DIRECTION('center_axis',(1.22464679914735E-16,0.,-1.));
#1753=DIRECTION('ref_axis',(0.707106781186548,-0.707106781186548,8.65956056235493E-17));
#1754=DIRECTION('',(1.22464679914735E-16,0.,-1.));
#1755=DIRECTION('',(-1.22464679914735E-16,0.,1.));
#1756=DIRECTION('center_axis',(0.707106781186547,0.,-0.707106781186548));
#1757=DIRECTION('ref_axis',(0.707106781186548,-4.9065389333868E-17,0.707106781186547));
#1758=DIRECTION('center_axis',(-0.325057583671862,0.325057583671868,-0.888073833977117));
#1759=DIRECTION('ref_axis',(-0.627963030199551,0.627963030199561,0.459700843380979));
#1760=DIRECTION('center_axis',(8.65956056235494E-17,-0.707106781186547,
-0.707106781186548));
#1761=DIRECTION('ref_axis',(-3.75302162896813E-17,-0.707106781186548,0.707106781186547));
#1762=DIRECTION('center_axis',(0.408248290463861,-0.816496580927726,0.408248290463866));
#1763=DIRECTION('ref_axis',(-0.577350269189624,-0.577350269189624,-0.577350269189629));
#1764=DIRECTION('center_axis',(-1.,0.,-9.00424887691598E-15));
#1765=DIRECTION('ref_axis',(0.,-1.,0.));
#1766=DIRECTION('center_axis',(1.22464679914735E-16,0.,-1.));
#1767=DIRECTION('ref_axis',(-1.,0.,-1.22464679914735E-16));
#1768=DIRECTION('center_axis',(4.44089209850062E-15,-1.,5.43852429378756E-31));
#1769=DIRECTION('ref_axis',(1.22464679914735E-16,0.,-1.));
#1770=DIRECTION('center_axis',(1.22464679914735E-16,0.,-1.));
#1771=DIRECTION('ref_axis',(-0.707106781186548,-0.707106781186548,-8.65956056235493E-17));
#1772=DIRECTION('',(1.22464679914735E-16,0.,-1.));
#1773=DIRECTION('',(-1.22464679914735E-16,0.,1.));
#1774=DIRECTION('center_axis',(8.65956056235494E-17,-0.707106781186547,
-0.707106781186548));
#1775=DIRECTION('ref_axis',(-1.35660994957417E-16,-0.707106781186548,0.707106781186547));
#1776=DIRECTION('center_axis',(0.32505758367187,0.325057583671865,-0.888073833977116));
#1777=DIRECTION('ref_axis',(0.62796303019956,0.627963030199549,0.459700843380982));
#1778=DIRECTION('center_axis',(-0.707106781186547,0.,-0.707106781186548));
#1779=DIRECTION('ref_axis',(-0.707106781186548,-4.9065389333868E-17,0.707106781186547));
#1780=DIRECTION('center_axis',(-0.577350269189626,-0.577350269189626,0.577350269189625));
#1781=DIRECTION('ref_axis',(-0.408248290463861,-0.408248290463863,-0.816496580927727));
#1782=DIRECTION('',(0.577350269189626,0.577350269189626,-0.577350269189625));
#1783=DIRECTION('',(0.577350269189626,0.577350269189626,-0.577350269189625));
#1784=DIRECTION('center_axis',(0.,1.,0.));
#1785=DIRECTION('ref_axis',(-0.707106781186549,0.,-0.707106781186546));
#1786=DIRECTION('',(0.,1.,0.));
#1787=DIRECTION('center_axis',(-1.,0.,-1.22464679914735E-16));
#1788=DIRECTION('ref_axis',(8.65956056235491E-17,-0.707106781186549,-0.707106781186546));
#1789=DIRECTION('',(-1.,0.,-1.22464679914735E-16));
#1790=DIRECTION('center_axis',(0.,-1.,0.));
#1791=DIRECTION('ref_axis',(0.707106781186549,0.,-0.707106781186546));
#1792=DIRECTION('',(0.,-1.,0.));
#1793=DIRECTION('center_axis',(0.577350269189626,-0.577350269189626,0.577350269189626));
#1794=DIRECTION('ref_axis',(0.408248290463864,-0.408248290463861,-0.816496580927727));
#1795=DIRECTION('',(-0.577350269189626,0.577350269189626,-0.577350269189626));
#1796=DIRECTION('',(-0.577350269189626,0.577350269189626,-0.577350269189626));
#1797=DIRECTION('center_axis',(0.577350269189626,-0.577350269189626,-0.577350269189625));
#1798=DIRECTION('ref_axis',(-0.408248290463861,0.408248290463861,-0.816496580927728));
#1799=DIRECTION('',(0.577350269189626,-0.577350269189626,-0.577350269189625));
#1800=DIRECTION('',(0.577350269189626,-0.577350269189626,-0.577350269189625));
#1801=DIRECTION('center_axis',(0.577350269189626,0.577350269189626,0.577350269189626));
#1802=DIRECTION('ref_axis',(0.408248290463863,0.408248290463863,-0.816496580927726));
#1803=DIRECTION('',(-0.577350269189626,-0.577350269189626,-0.577350269189626));
#1804=DIRECTION('',(-0.577350269189626,-0.577350269189626,-0.577350269189626));
#1805=DIRECTION('center_axis',(0.,-1.,0.));
#1806=DIRECTION('ref_axis',(-1.,0.,-1.22464679914735E-16));
#1807=DIRECTION('',(1.,0.,1.22464679914735E-16));
#1808=DIRECTION('center_axis',(8.65956056235494E-17,-0.707106781186547,
-0.707106781186548));
#1809=DIRECTION('ref_axis',(-1.,0.,-1.22464679914735E-16));
#1810=DIRECTION('center_axis',(1.,0.,1.22464679914735E-16));
#1811=DIRECTION('ref_axis',(0.,-1.,0.));
#1812=DIRECTION('',(0.,1.,0.));
#1813=DIRECTION('center_axis',(0.707106781186547,0.,-0.707106781186548));
#1814=DIRECTION('ref_axis',(-0.707106781186548,0.,-0.707106781186547));
#1815=DIRECTION('center_axis',(-0.707106781186547,0.,-0.707106781186548));
#1816=DIRECTION('ref_axis',(-0.707106781186548,0.,0.707106781186547));
#1817=DIRECTION('',(0.,-1.,0.));
#1818=DIRECTION('center_axis',(8.65956056235494E-17,0.707106781186547,-0.707106781186548));
#1819=DIRECTION('ref_axis',(-1.,0.,-1.22464679914735E-16));
#1820=DIRECTION('',(-1.,0.,-1.22464679914735E-16));
#1821=DIRECTION('center_axis',(-1.,0.,-1.22464679914735E-16));
#1822=DIRECTION('ref_axis',(0.,1.,0.));
#1823=DIRECTION('center_axis',(0.,-1.,0.));
#1824=DIRECTION('ref_axis',(-1.,0.,-1.22464679914735E-16));
#1825=DIRECTION('',(1.22464679914735E-16,0.,-1.));
#1826=DIRECTION('',(1.,0.,1.22464679914735E-16));
#1827=DIRECTION('center_axis',(-1.,0.,-1.22464679914735E-16));
#1828=DIRECTION('ref_axis',(0.,1.,0.));
#1829=DIRECTION('',(0.,-1.,0.));
#1830=DIRECTION('center_axis',(1.,0.,1.22464679914735E-16));
#1831=DIRECTION('ref_axis',(0.,-1.,0.));
#1832=DIRECTION('',(1.22464679914735E-16,0.,-1.));
#1833=DIRECTION('',(0.,1.,0.));
#1834=DIRECTION('center_axis',(0.,-1.,0.));
#1835=DIRECTION('ref_axis',(-1.,0.,-1.22464679914735E-16));
#1836=DIRECTION('',(1.,0.,1.22464679914735E-16));
#1837=DIRECTION('center_axis',(-1.,0.,-1.22464679914735E-16));
#1838=DIRECTION('ref_axis',(0.,1.,0.));
#1839=DIRECTION('',(0.,-1.,0.));
#1840=DIRECTION('',(1.22464679914735E-16,0.,-1.));
#1841=DIRECTION('center_axis',(0.,-1.,0.));
#1842=DIRECTION('ref_axis',(-1.,0.,-1.22464679914735E-16));
#1843=DIRECTION('',(1.,0.,1.22464679914735E-16));
#1844=DIRECTION('center_axis',(1.,0.,1.22464679914735E-16));
#1845=DIRECTION('ref_axis',(0.,-1.,0.));
#1846=DIRECTION('',(1.22464679914735E-16,0.,-1.));
#1847=DIRECTION('',(0.,1.,0.));
#1848=DIRECTION('center_axis',(0.,-1.,0.));
#1849=DIRECTION('ref_axis',(-1.,0.,-1.22464679914735E-16));
#1850=DIRECTION('',(1.,0.,1.22464679914735E-16));
#1851=DIRECTION('center_axis',(0.,1.,0.));
#1852=DIRECTION('ref_axis',(1.,0.,1.22464679914735E-16));
#1853=DIRECTION('center_axis',(1.22464679914735E-16,0.,-1.));
#1854=DIRECTION('ref_axis',(-1.,0.,-1.22464679914735E-16));
#1855=DIRECTION('center_axis',(1.22464679914735E-16,0.,-1.));
#1856=DIRECTION('ref_axis',(-1.,0.,-1.22464679914735E-16));
#1857=DIRECTION('center_axis',(1.22464679914735E-16,0.,-1.));
#1858=DIRECTION('ref_axis',(-1.,0.,-1.22464679914735E-16));
#1859=DIRECTION('center_axis',(1.22464679914735E-16,0.,-1.));
#1860=DIRECTION('ref_axis',(-1.,0.,-1.22464679914735E-16));
#1861=DIRECTION('center_axis',(-1.,0.,-1.22464679914735E-16));
#1862=DIRECTION('ref_axis',(0.,1.,0.));
#1863=DIRECTION('',(1.22464679914735E-16,0.,-1.));
#1864=DIRECTION('center_axis',(0.,1.,0.));
#1865=DIRECTION('ref_axis',(1.,0.,1.22464679914735E-16));
#1866=CARTESIAN_POINT('',(0.,0.,0.));
#1867=CARTESIAN_POINT('Origin',(-80.8323511225519,64.5034982560475,20.9978288686781));
#1868=CARTESIAN_POINT('',(-80.5823511225519,20.0034982560475,21.2478288686781));
#1869=CARTESIAN_POINT('',(-80.5823511225519,79.0034982560475,21.2478288686781));
#1870=CARTESIAN_POINT('',(-80.5823511225519,64.5034982560475,21.2478288686781));
#1871=CARTESIAN_POINT('',(-81.0823511225519,79.5034982560475,20.747828868678));
#1872=CARTESIAN_POINT('',(-80.5823511225519,79.0034982560475,21.2478288686781));
#1873=CARTESIAN_POINT('',(-81.0823511225519,19.5034982560475,20.747828868678));
#1874=CARTESIAN_POINT('',(-81.0823511225519,64.5034982560475,20.747828868678));
#1875=CARTESIAN_POINT('',(-81.0823511225519,19.5034982560475,20.747828868678));
#1876=CARTESIAN_POINT('Origin',(-36.0823511225519,79.2534982560475,20.9978288686781));
#1877=CARTESIAN_POINT('',(-21.5823511225519,79.0034982560475,21.2478288686781));
#1878=CARTESIAN_POINT('',(-36.0823511225519,79.0034982560475,21.2478288686781));
#1879=CARTESIAN_POINT('',(-21.0823511225519,79.5034982560475,20.747828868678));
#1880=CARTESIAN_POINT('',(-21.5823511225519,79.0034982560475,21.2478288686781));
#1881=CARTESIAN_POINT('',(-36.0823511225519,79.5034982560475,20.747828868678));
#1882=CARTESIAN_POINT('Origin',(-21.3323511225519,34.5034982560475,20.9978288686781));
#1883=CARTESIAN_POINT('',(-21.0823511225519,19.5034982560475,20.747828868678));
#1884=CARTESIAN_POINT('',(-21.0823511225519,34.5034982560475,20.747828868678));
#1885=CARTESIAN_POINT('',(-21.5823511225519,20.0034982560475,21.2478288686781));
#1886=CARTESIAN_POINT('',(-21.5823511225519,34.5034982560475,21.2478288686781));
#1887=CARTESIAN_POINT('',(-21.5823511225519,20.0034982560475,21.2478288686781));
#1888=CARTESIAN_POINT('Origin',(-66.0823511225519,19.7534982560475,20.9978288686781));
#1889=CARTESIAN_POINT('',(-66.0823511225519,20.0034982560475,21.2478288686781));
#1890=CARTESIAN_POINT('',(-66.0823511225519,19.5034982560475,20.747828868678));
#1891=CARTESIAN_POINT('Origin',(-81.0823511225519,19.5034982560475,21.2478288686781));
#1892=CARTESIAN_POINT('',(-81.0823511225519,19.5034982560475,18.247828868678));
#1893=CARTESIAN_POINT('',(-81.0823511225519,19.5034982560475,21.2478288686781));
#1894=CARTESIAN_POINT('',(-80.3752443413654,19.5034982560475,18.247828868678));
#1895=CARTESIAN_POINT('',(-66.0823511225519,19.5034982560475,18.247828868678));
#1896=CARTESIAN_POINT('',(-21.7894579037385,19.5034982560475,18.247828868678));
#1897=CARTESIAN_POINT('',(-37.0823511225519,19.5034982560475,18.247828868678));
#1898=CARTESIAN_POINT('',(-21.0823511225519,19.5034982560475,18.247828868678));
#1899=CARTESIAN_POINT('',(-66.0823511225519,19.5034982560475,18.247828868678));
#1900=CARTESIAN_POINT('',(-21.0823511225519,19.5034982560475,21.2478288686781));
#1901=CARTESIAN_POINT('Origin',(-81.0823511225519,79.5034982560475,21.2478288686781));
#1902=CARTESIAN_POINT('',(-81.0823511225519,79.5034982560475,18.247828868678));
#1903=CARTESIAN_POINT('',(-81.0823511225519,79.5034982560475,21.2478288686781));
#1904=CARTESIAN_POINT('',(-81.0823511225519,78.7963914748609,18.247828868678));
#1905=CARTESIAN_POINT('',(-81.0823511225519,64.5034982560475,18.247828868678));
#1906=CARTESIAN_POINT('',(-81.0823511225519,20.210605037234,18.247828868678));
#1907=CARTESIAN_POINT('',(-81.0823511225519,35.5034982560475,18.247828868678));
#1908=CARTESIAN_POINT('',(-81.0823511225519,64.5034982560475,18.247828868678));
#1909=CARTESIAN_POINT('Origin',(-51.0823511225519,49.5034982560475,21.2478288686781));
#1910=CARTESIAN_POINT('Origin',(-21.0823511225519,79.5034982560475,21.2478288686781));
#1911=CARTESIAN_POINT('',(-21.0823511225519,79.5034982560475,18.247828868678));
#1912=CARTESIAN_POINT('',(-21.0823511225519,79.5034982560475,21.2478288686781));
#1913=CARTESIAN_POINT('',(-21.7894579037385,79.5034982560475,18.247828868678));
#1914=CARTESIAN_POINT('',(-36.0823511225519,79.5034982560475,18.247828868678));
#1915=CARTESIAN_POINT('',(-80.3752443413654,79.5034982560475,18.247828868678));
#1916=CARTESIAN_POINT('',(-65.0823511225519,79.5034982560475,18.247828868678));
#1917=CARTESIAN_POINT('',(-36.0823511225519,79.5034982560475,18.247828868678));
#1918=CARTESIAN_POINT('Origin',(-21.0823511225519,19.5034982560475,21.2478288686781));
#1919=CARTESIAN_POINT('',(-21.0823511225519,20.210605037234,18.247828868678));
#1920=CARTESIAN_POINT('',(-21.0823511225519,34.5034982560475,18.247828868678));
#1921=CARTESIAN_POINT('',(-21.0823511225519,78.7963914748609,18.247828868678));
#1922=CARTESIAN_POINT('',(-21.0823511225519,63.5034982560475,18.247828868678));
#1923=CARTESIAN_POINT('',(-21.0823511225519,34.5034982560475,18.247828868678));
#1924=CARTESIAN_POINT('Origin',(-51.0823511225519,49.5034982560475,18.247828868678));
#1925=CARTESIAN_POINT('Origin',(-22.496564684925,20.9177118184206,18.247828868678));
#1926=CARTESIAN_POINT('Origin',(-51.0823511225519,49.5034982560475,18.247828868678));
#1927=CARTESIAN_POINT('Origin',(-79.6681375601788,20.9177118184206,18.247828868678));
#1928=CARTESIAN_POINT('Origin',(-51.0823511225519,49.5034982560475,18.247828868678));
#1929=CARTESIAN_POINT('Origin',(-79.6681375601788,78.0892846936744,18.247828868678));
#1930=CARTESIAN_POINT('Origin',(-51.0823511225519,49.5034982560475,18.247828868678));
#1931=CARTESIAN_POINT('Origin',(-22.496564684925,78.0892846936744,18.247828868678));
#1932=CARTESIAN_POINT('Origin',(-51.0823511225519,49.5034982560475,18.247828868678));
#1933=CARTESIAN_POINT('',(-70.0823511225519,30.5034982560475,18.247828868678));
#1934=CARTESIAN_POINT('',(-32.0823511225519,30.5034982560475,18.247828868678));
#1935=CARTESIAN_POINT('',(-60.5823511225519,30.5034982560475,18.247828868678));
#1936=CARTESIAN_POINT('',(-70.0823511225519,68.5034982560475,18.247828868678));
#1937=CARTESIAN_POINT('',(-70.0823511225519,59.0034982560475,18.247828868678));
#1938=CARTESIAN_POINT('',(-32.0823511225519,68.5034982560475,18.247828868678));
#1939=CARTESIAN_POINT('',(-41.5823511225519,68.5034982560475,18.247828868678));
#1940=CARTESIAN_POINT('',(-32.082351122552,40.0034982560475,18.247828868678));
#1941=CARTESIAN_POINT('Origin',(-32.082351122552,68.5034982560475,21.2478288686781));
#1942=CARTESIAN_POINT('',(-70.0823511225519,68.5034982560475,4.24782886867806));
#1943=CARTESIAN_POINT('',(-70.0823511225519,68.5034982560475,21.2478288686781));
#1944=CARTESIAN_POINT('',(-32.082351122552,68.5034982560475,4.24782886867806));
#1945=CARTESIAN_POINT('',(-41.5823511225519,68.5034982560475,4.24782886867806));
#1946=CARTESIAN_POINT('',(-32.082351122552,68.5034982560475,21.2478288686781));
#1947=CARTESIAN_POINT('Origin',(-70.0823511225519,68.5034982560475,21.2478288686781));
#1948=CARTESIAN_POINT('',(-70.0823511225519,30.5034982560475,4.24782886867806));
#1949=CARTESIAN_POINT('',(-70.0823511225519,30.5034982560475,21.2478288686781));
#1950=CARTESIAN_POINT('',(-70.0823511225519,59.0034982560475,4.24782886867806));
#1951=CARTESIAN_POINT('Origin',(-60.582351264113,24.0034982560475,3.74782886867806));
#1952=CARTESIAN_POINT('',(-31.0823508394299,23.5034982560475,3.24782886867805));
#1953=CARTESIAN_POINT('',(-71.082351405674,23.5034982560475,3.24782886867805));
#1954=CARTESIAN_POINT('',(-60.582351264113,23.5034982560475,3.24782886867805));
#1955=CARTESIAN_POINT('',(-70.082351405674,24.5034982560475,4.24782886867806));
#1956=CARTESIAN_POINT('',(-71.082351405674,23.5034982560475,3.24782886867805));
#1957=CARTESIAN_POINT('',(-32.0823508394299,24.5034978835184,4.24782886867806));
#1958=CARTESIAN_POINT('',(-60.582351264113,24.5034982560475,4.24782886867806));
#1959=CARTESIAN_POINT('',(-31.0823508394299,23.5034982560475,3.24782886867805));
#1960=CARTESIAN_POINT('Origin',(-70.582351405674,38.5034980921347,3.74782886867806));
#1961=CARTESIAN_POINT('',(-71.082351405674,28.5034982560475,3.24782886867805));
#1962=CARTESIAN_POINT('',(-71.082351405674,38.5034980921347,3.24782886867805));
#1963=CARTESIAN_POINT('',(-70.082351405674,27.5034979282219,4.24782886867806));
#1964=CARTESIAN_POINT('',(-71.082351405674,28.5034982560475,3.24782886867805));
#1965=CARTESIAN_POINT('',(-70.082351405674,38.5034980921347,4.24782886867806));
#1966=CARTESIAN_POINT('Origin',(-41.5823509809909,28.0034982560475,3.74782886867806));
#1967=CARTESIAN_POINT('',(-31.0823508394299,28.5034982560475,3.24782886867805));
#1968=CARTESIAN_POINT('',(-41.5823509809909,28.5034982560475,3.24782886867805));
#1969=CARTESIAN_POINT('',(-32.0823508394299,27.5034979282219,4.24782886867806));
#1970=CARTESIAN_POINT('',(-31.0823508394299,28.5034982560475,3.24782886867805));
#1971=CARTESIAN_POINT('',(-41.5823509809909,27.5034982560475,4.24782886867806));
#1972=CARTESIAN_POINT('Origin',(-31.5823508394299,37.0034980697829,3.74782886867806));
#1973=CARTESIAN_POINT('',(-32.0823508394299,37.0034980697829,4.24782886867806));
#1974=CARTESIAN_POINT('',(-31.0823508394299,37.0034980697829,3.24782886867805));
#1975=CARTESIAN_POINT('Origin',(-32.0823508394299,24.5034978835184,18.247828868678));
#1976=CARTESIAN_POINT('',(-32.0823508394299,24.5034978835184,18.247828868678));
#1977=CARTESIAN_POINT('',(-32.0823508394299,24.5034978835184,18.247828868678));
#1978=CARTESIAN_POINT('',(-32.0823508394299,27.5034979282219,18.247828868678));
#1979=CARTESIAN_POINT('',(-32.0823508394299,37.003498069783,18.247828868678));
#1980=CARTESIAN_POINT('',(-32.0823508394299,27.5034979282219,18.247828868678));
#1981=CARTESIAN_POINT('Origin',(-70.082351405674,24.5034982560475,18.247828868678));
#1982=CARTESIAN_POINT('',(-70.082351405674,24.5034982560475,18.247828868678));
#1983=CARTESIAN_POINT('',(-70.082351405674,24.5034982560475,18.247828868678));
#1984=CARTESIAN_POINT('',(-60.582351264113,24.5034982560475,18.247828868678));
#1985=CARTESIAN_POINT('Origin',(-51.0823511225519,49.5034982560475,3.24782886867805));
#1986=CARTESIAN_POINT('',(-24.0823511225519,76.5034982560475,3.24782886867805));
#1987=CARTESIAN_POINT('',(-78.0823511225519,76.5034982560475,3.24782886867805));
#1988=CARTESIAN_POINT('',(-65.0823511225519,76.5034982560475,3.24782886867805));
#1989=CARTESIAN_POINT('',(-24.0823511225519,22.5034982560475,3.24782886867805));
#1990=CARTESIAN_POINT('',(-24.0823511225519,63.5034982560475,3.24782886867805));
#1991=CARTESIAN_POINT('',(-78.0823511225519,22.5034982560475,3.24782886867805));
#1992=CARTESIAN_POINT('',(-37.0823511225519,22.5034982560475,3.24782886867805));
#1993=CARTESIAN_POINT('',(-78.0823511225519,35.5034982560475,3.24782886867805));
#1994=CARTESIAN_POINT('',(-77.0823511225519,29.5034979729254,3.24782886867805));
#1995=CARTESIAN_POINT('',(-77.0823511225519,69.5034985391695,3.24782886867805));
#1996=CARTESIAN_POINT('',(-77.0823511225519,59.0034983976085,3.24782886867805));
#1997=CARTESIAN_POINT('',(-72.0823511225519,29.5034979729254,3.24782886867805));
#1998=CARTESIAN_POINT('',(-63.5823513088164,29.5034979729254,3.24782886867805));
#1999=CARTESIAN_POINT('',(-72.0823511225519,69.5034985391695,3.24782886867805));
#2000=CARTESIAN_POINT('',(-72.0823511225519,40.0034981144864,3.24782886867805));
#2001=CARTESIAN_POINT('',(-62.0823512864647,69.5034985391695,3.24782886867805));
#2002=CARTESIAN_POINT('',(-30.0823511225519,29.5034979729254,3.24782886867805));
#2003=CARTESIAN_POINT('',(-30.0823511225519,69.5034985391695,3.24782886867805));
#2004=CARTESIAN_POINT('',(-30.0823511225519,59.0034983976085,3.24782886867805));
#2005=CARTESIAN_POINT('',(-25.0823511225519,29.5034979729254,3.24782886867805));
#2006=CARTESIAN_POINT('',(-40.0823509586392,29.5034979729254,3.24782886867805));
#2007=CARTESIAN_POINT('',(-25.0823511225519,69.5034985391695,3.24782886867805));
#2008=CARTESIAN_POINT('',(-25.0823511225519,40.0034981144864,3.24782886867805));
#2009=CARTESIAN_POINT('',(-38.5823511225519,69.5034985391695,3.24782886867805));
#2010=CARTESIAN_POINT('',(-71.0823511225519,69.5034982560475,3.24782886867805));
#2011=CARTESIAN_POINT('',(-31.082351122552,69.5034982560475,3.24782886867805));
#2012=CARTESIAN_POINT('',(-41.5823511225519,69.5034982560475,3.24782886867805));
#2013=CARTESIAN_POINT('',(-71.0823511225519,29.5034982560475,3.24782886867805));
#2014=CARTESIAN_POINT('',(-71.0823511225519,59.0034982560475,3.24782886867805));
#2015=CARTESIAN_POINT('',(-31.082351122552,29.5034982560475,3.24782886867805));
#2016=CARTESIAN_POINT('',(-60.5823511225519,29.5034982560475,3.24782886867805));
#2017=CARTESIAN_POINT('',(-31.082351122552,40.0034982560475,3.24782886867805));
#2018=CARTESIAN_POINT('',(-31.0823508394299,70.5034982560475,3.24782886867805));
#2019=CARTESIAN_POINT('',(-71.082351405674,70.5034982560475,3.24782886867805));
#2020=CARTESIAN_POINT('',(-60.582351264113,70.5034982560475,3.24782886867805));
#2021=CARTESIAN_POINT('',(-31.0823508394299,75.5034982560475,3.24782886867805));
#2022=CARTESIAN_POINT('',(-31.0823508394299,60.5034982560475,3.24782886867805));
#2023=CARTESIAN_POINT('',(-71.082351405674,75.5034982560475,3.24782886867805));
#2024=CARTESIAN_POINT('',(-41.5823509809909,75.5034982560475,3.24782886867805));
#2025=CARTESIAN_POINT('',(-71.082351405674,62.0034982560475,3.24782886867805));
#2026=CARTESIAN_POINT('Origin',(-76.5823511225519,59.0034983976085,3.74782886867806));
#2027=CARTESIAN_POINT('',(-76.0823511225519,68.5034985391695,4.24782886867806));
#2028=CARTESIAN_POINT('',(-77.0823511225519,69.5034985391695,3.24782886867805));
#2029=CARTESIAN_POINT('',(-76.082351495081,30.5034979729254,4.24782886867806));
#2030=CARTESIAN_POINT('',(-76.0823511225519,59.0034983976085,4.24782886867806));
#2031=CARTESIAN_POINT('',(-77.0823511225519,29.5034979729254,3.24782886867805));
#2032=CARTESIAN_POINT('Origin',(-62.0823512864647,69.0034985391695,3.74782886867806));
#2033=CARTESIAN_POINT('',(-73.0823514503775,68.5034985391695,4.24782886867806));
#2034=CARTESIAN_POINT('',(-72.0823511225519,69.5034985391695,3.24782886867805));
#2035=CARTESIAN_POINT('',(-62.0823512864647,68.5034985391695,4.24782886867806));
#2036=CARTESIAN_POINT('Origin',(-72.5823511225519,40.0034981144864,3.74782886867806));
#2037=CARTESIAN_POINT('',(-73.0823514503775,30.5034979729254,4.24782886867806));
#2038=CARTESIAN_POINT('',(-72.0823511225519,29.5034979729254,3.24782886867805));
#2039=CARTESIAN_POINT('',(-73.0823511225519,40.0034981144864,4.24782886867806));
#2040=CARTESIAN_POINT('Origin',(-63.5823513088164,30.0034979729254,3.74782886867806));
#2041=CARTESIAN_POINT('',(-63.5823513088164,30.5034979729254,4.24782886867806));
#2042=CARTESIAN_POINT('Origin',(-76.082351495081,30.5034979729254,18.247828868678));
#2043=CARTESIAN_POINT('',(-76.082351495081,30.5034979729254,18.247828868678));
#2044=CARTESIAN_POINT('',(-76.082351495081,30.5034979729254,18.247828868678));
#2045=CARTESIAN_POINT('',(-73.0823514503775,30.5034979729254,18.247828868678));
#2046=CARTESIAN_POINT('',(-63.5823513088165,30.5034979729254,18.247828868678));
#2047=CARTESIAN_POINT('',(-73.0823514503775,30.5034979729254,18.247828868678));
#2048=CARTESIAN_POINT('Origin',(-76.0823511225519,68.5034985391695,18.247828868678));
#2049=CARTESIAN_POINT('',(-76.0823511225519,68.5034985391695,18.247828868678));
#2050=CARTESIAN_POINT('',(-76.0823511225519,68.5034985391695,18.247828868678));
#2051=CARTESIAN_POINT('',(-76.0823511225519,59.0034983976085,18.247828868678));
#2052=CARTESIAN_POINT('Origin',(-60.582351264113,71.0034982560475,3.74782886867806));
#2053=CARTESIAN_POINT('',(-70.082351405674,71.503498583873,4.24782886867806));
#2054=CARTESIAN_POINT('',(-71.082351405674,70.5034982560475,3.24782886867805));
#2055=CARTESIAN_POINT('',(-32.0823508394299,71.5034982560475,4.24782886867806));
#2056=CARTESIAN_POINT('',(-60.582351264113,71.5034982560475,4.24782886867806));
#2057=CARTESIAN_POINT('',(-31.0823508394299,70.5034982560475,3.24782886867805));
#2058=CARTESIAN_POINT('Origin',(-70.582351405674,62.0034982560475,3.74782886867806));
#2059=CARTESIAN_POINT('',(-70.082351405674,74.5034982560475,4.24782886867806));
#2060=CARTESIAN_POINT('',(-71.082351405674,75.5034982560475,3.24782886867805));
#2061=CARTESIAN_POINT('',(-70.082351405674,62.0034982560475,4.24782886867806));
#2062=CARTESIAN_POINT('Origin',(-41.5823509809909,75.0034982560475,3.74782886867806));
#2063=CARTESIAN_POINT('',(-32.0823508394299,74.5034986285765,4.24782886867806));
#2064=CARTESIAN_POINT('',(-31.0823508394299,75.5034982560475,3.24782886867805));
#2065=CARTESIAN_POINT('',(-41.5823509809909,74.5034982560475,4.24782886867806));
#2066=CARTESIAN_POINT('Origin',(-31.5823508394299,60.5034982560475,3.74782886867806));
#2067=CARTESIAN_POINT('',(-32.0823508394299,60.5034982560475,4.24782886867806));
#2068=CARTESIAN_POINT('Origin',(-32.0823508394299,71.5034982560475,18.247828868678));
#2069=CARTESIAN_POINT('',(-32.0823508394299,71.5034982560475,18.247828868678));
#2070=CARTESIAN_POINT('',(-32.0823508394299,71.5034982560475,18.247828868678));
#2071=CARTESIAN_POINT('',(-32.0823508394299,74.5034986285765,18.247828868678));
#2072=CARTESIAN_POINT('',(-32.0823508394299,60.5034982560475,18.247828868678));
#2073=CARTESIAN_POINT('',(-32.0823508394299,74.5034986285765,18.247828868678));
#2074=CARTESIAN_POINT('Origin',(-70.082351405674,71.5034982560475,18.247828868678));
#2075=CARTESIAN_POINT('',(-70.082351405674,71.503498583873,18.247828868678));
#2076=CARTESIAN_POINT('',(-70.082351405674,71.503498583873,18.247828868678));
#2077=CARTESIAN_POINT('',(-60.582351264113,71.5034982560475,18.247828868678));
#2078=CARTESIAN_POINT('Origin',(-29.5823511225519,59.0034983976085,3.74782886867806));
#2079=CARTESIAN_POINT('',(-29.0823507947264,68.5034985391695,4.24782886867806));
#2080=CARTESIAN_POINT('',(-30.0823511225519,69.5034985391695,3.24782886867805));
#2081=CARTESIAN_POINT('',(-29.0823507947264,30.5034979729254,4.24782886867806));
#2082=CARTESIAN_POINT('',(-29.0823511225519,59.0034983976085,4.24782886867806));
#2083=CARTESIAN_POINT('',(-30.0823511225519,29.5034979729254,3.24782886867805));
#2084=CARTESIAN_POINT('Origin',(-38.5823511225519,69.0034985391695,3.74782886867806));
#2085=CARTESIAN_POINT('',(-26.0823511225519,68.5034985391695,4.24782886867806));
#2086=CARTESIAN_POINT('',(-25.0823511225519,69.5034985391695,3.24782886867805));
#2087=CARTESIAN_POINT('',(-38.5823511225519,68.5034985391695,4.24782886867806));
#2088=CARTESIAN_POINT('Origin',(-25.5823511225519,40.0034981144864,3.74782886867806));
#2089=CARTESIAN_POINT('',(-26.0823511225519,30.5034979729254,4.24782886867806));
#2090=CARTESIAN_POINT('',(-25.0823511225519,29.5034979729254,3.24782886867805));
#2091=CARTESIAN_POINT('',(-26.0823511225519,40.0034981144864,4.24782886867806));
#2092=CARTESIAN_POINT('Origin',(-40.0823509586392,30.0034979729254,3.74782886867806));
#2093=CARTESIAN_POINT('',(-40.0823509586392,30.5034979729254,4.24782886867806));
#2094=CARTESIAN_POINT('Origin',(-29.0823507947264,30.5034979729254,18.247828868678));
#2095=CARTESIAN_POINT('',(-29.0823507947264,30.5034979729254,18.247828868678));
#2096=CARTESIAN_POINT('',(-29.0823507947264,30.5034979729254,18.247828868678));
#2097=CARTESIAN_POINT('',(-26.0823511225519,30.5034979729254,18.247828868678));
#2098=CARTESIAN_POINT('',(-40.0823509586392,30.5034979729254,18.247828868678));
#2099=CARTESIAN_POINT('',(-26.0823511225519,30.5034979729254,18.247828868678));
#2100=CARTESIAN_POINT('Origin',(-29.0823511225519,68.5034985391695,18.247828868678));
#2101=CARTESIAN_POINT('',(-29.0823507947264,68.5034985391695,18.247828868678));
#2102=CARTESIAN_POINT('',(-29.0823507947264,68.5034985391695,18.247828868678));
#2103=CARTESIAN_POINT('',(-29.0823511225519,59.0034983976085,18.247828868678));
#2104=CARTESIAN_POINT('Origin',(-41.5823511225519,69.5034982560475,4.24782886867806));
#2105=CARTESIAN_POINT('Origin',(-31.082351122552,69.5034982560475,4.24782886867806));
#2106=CARTESIAN_POINT('Origin',(-71.0823511225519,69.5034982560475,4.24782886867806));
#2107=CARTESIAN_POINT('Origin',(-31.082351122552,40.0034982560475,4.24782886867806));
#2108=CARTESIAN_POINT('',(-32.082351122552,30.5034982560475,4.24782886867806));
#2109=CARTESIAN_POINT('Origin',(-31.082351122552,29.5034982560475,4.24782886867806));
#2110=CARTESIAN_POINT('',(-32.082351122552,40.0034982560475,4.24782886867806));
#2111=CARTESIAN_POINT('Origin',(-60.5823511225519,29.5034982560475,4.24782886867806));
#2112=CARTESIAN_POINT('Origin',(-71.0823511225519,29.5034982560475,4.24782886867806));
#2113=CARTESIAN_POINT('',(-60.5823511225519,30.5034982560475,4.24782886867806));
#2114=CARTESIAN_POINT('Origin',(-71.0823511225519,59.0034982560475,4.24782886867806));
#2115=CARTESIAN_POINT('Origin',(-24.0823511225519,76.5034982560475,4.24782886867806));
#2116=CARTESIAN_POINT('',(-24.0823511225519,77.5034982560475,4.24782886867806));
#2117=CARTESIAN_POINT('Origin',(-24.0823511225519,76.5034982560475,4.24782886867806));
#2118=CARTESIAN_POINT('',(-23.0823511225519,76.5034982560475,4.24782886867806));
#2119=CARTESIAN_POINT('Origin',(-24.0823511225519,76.5034982560475,4.24782886867806));
#2120=CARTESIAN_POINT('Origin',(-24.0823511225519,76.5034982560475,4.24782886867806));
#2121=CARTESIAN_POINT('Origin',(-24.0823511225519,76.5034982560475,18.247828868678));
#2122=CARTESIAN_POINT('',(-23.0823511225519,76.5034982560475,16.2478288686781));
#2123=CARTESIAN_POINT('',(-23.0823511225519,76.5034982560475,18.247828868678));
#2124=CARTESIAN_POINT('',(-24.0823511225519,77.5034982560475,16.2478288686781));
#2125=CARTESIAN_POINT('',(-24.0823511225519,77.5034982560475,18.247828868678));
#2126=CARTESIAN_POINT('',(-23.8235320774494,77.4694240823365,16.2137546949671));
#2127=CARTESIAN_POINT('Origin',(-24.0823511225519,76.5034982560475,15.2478288686781));
#2128=CARTESIAN_POINT('',(-23.1164252962629,76.76231730115,16.2137546949671));
#2129=CARTESIAN_POINT('Origin',(-24.0823511225519,76.5034982560475,16.6620424310512));
#2130=CARTESIAN_POINT('Origin',(-24.0823511225519,76.5034982560475,15.2478288686781));
#2131=CARTESIAN_POINT('Origin',(-78.0823511225519,76.5034982560475,4.24782886867806));
#2132=CARTESIAN_POINT('',(-79.0823511225519,76.5034982560475,4.24782886867806));
#2133=CARTESIAN_POINT('Origin',(-78.0823511225519,76.5034982560475,4.24782886867806));
#2134=CARTESIAN_POINT('',(-78.0823511225519,77.5034982560475,4.24782886867806));
#2135=CARTESIAN_POINT('Origin',(-78.0823511225519,76.5034982560475,4.24782886867806));
#2136=CARTESIAN_POINT('Origin',(-78.0823511225519,76.5034982560475,4.24782886867806));
#2137=CARTESIAN_POINT('Origin',(-78.0823511225519,76.5034982560475,18.247828868678));
#2138=CARTESIAN_POINT('',(-78.0823511225519,77.5034982560475,16.2478288686781));
#2139=CARTESIAN_POINT('',(-78.0823511225519,77.5034982560475,18.247828868678));
#2140=CARTESIAN_POINT('',(-79.0823511225519,76.5034982560475,16.2478288686781));
#2141=CARTESIAN_POINT('',(-79.0823511225519,76.5034982560475,18.247828868678));
#2142=CARTESIAN_POINT('',(-79.048276948841,76.76231730115,16.2137546949671));
#2143=CARTESIAN_POINT('Origin',(-78.0823511225519,76.5034982560475,15.2478288686781));
#2144=CARTESIAN_POINT('',(-78.3411701676545,77.4694240823365,16.2137546949671));
#2145=CARTESIAN_POINT('Origin',(-78.0823511225519,76.5034982560475,16.6620424310512));
#2146=CARTESIAN_POINT('Origin',(-78.0823511225519,76.5034982560475,15.2478288686781));
#2147=CARTESIAN_POINT('Origin',(-65.0823511225519,76.5034982560475,4.24782886867806));
#2148=CARTESIAN_POINT('',(-65.0823511225519,77.5034982560475,4.24782886867806));
#2149=CARTESIAN_POINT('Origin',(-24.0823511225519,22.5034982560475,4.24782886867806));
#2150=CARTESIAN_POINT('',(-23.0823511225519,22.5034982560475,4.24782886867806));
#2151=CARTESIAN_POINT('Origin',(-24.0823511225519,22.5034982560475,4.24782886867806));
#2152=CARTESIAN_POINT('',(-24.0823511225519,21.5034982560475,4.24782886867806));
#2153=CARTESIAN_POINT('Origin',(-24.0823511225519,22.5034982560475,4.24782886867806));
#2154=CARTESIAN_POINT('Origin',(-24.0823511225519,22.5034982560475,4.24782886867806));
#2155=CARTESIAN_POINT('Origin',(-24.0823511225519,22.5034982560475,18.247828868678));
#2156=CARTESIAN_POINT('',(-24.0823511225519,21.5034982560475,16.2478288686781));
#2157=CARTESIAN_POINT('',(-24.0823511225519,21.5034982560475,18.247828868678));
#2158=CARTESIAN_POINT('',(-23.0823511225519,22.5034982560475,16.2478288686781));
#2159=CARTESIAN_POINT('',(-23.0823511225519,22.5034982560475,18.247828868678));
#2160=CARTESIAN_POINT('',(-23.1164252962629,22.2446792109449,16.2137546949671));
#2161=CARTESIAN_POINT('Origin',(-24.0823511225519,22.5034982560475,15.2478288686781));
#2162=CARTESIAN_POINT('',(-23.8235320774494,21.5375724297584,16.2137546949671));
#2163=CARTESIAN_POINT('Origin',(-24.0823511225519,22.5034982560475,16.6620424310512));
#2164=CARTESIAN_POINT('Origin',(-24.0823511225519,22.5034982560475,15.2478288686781));
#2165=CARTESIAN_POINT('Origin',(-78.0823511225519,22.5034982560475,4.24782886867806));
#2166=CARTESIAN_POINT('',(-78.0823511225519,21.5034982560475,4.24782886867806));
#2167=CARTESIAN_POINT('Origin',(-78.0823511225519,22.5034982560475,4.24782886867806));
#2168=CARTESIAN_POINT('',(-79.0823511225519,22.5034982560475,4.24782886867806));
#2169=CARTESIAN_POINT('Origin',(-78.0823511225519,22.5034982560475,4.24782886867806));
#2170=CARTESIAN_POINT('Origin',(-78.0823511225519,22.5034982560475,4.24782886867806));
#2171=CARTESIAN_POINT('Origin',(-78.0823511225519,22.5034982560475,18.247828868678));
#2172=CARTESIAN_POINT('',(-79.0823511225519,22.5034982560475,16.2478288686781));
#2173=CARTESIAN_POINT('',(-79.0823511225519,22.5034982560475,18.247828868678));
#2174=CARTESIAN_POINT('',(-78.0823511225519,21.5034982560475,16.2478288686781));
#2175=CARTESIAN_POINT('',(-78.0823511225519,21.5034982560475,18.247828868678));
#2176=CARTESIAN_POINT('',(-78.3411701676545,21.5375724297584,16.2137546949671));
#2177=CARTESIAN_POINT('Origin',(-78.0823511225519,22.5034982560475,15.2478288686781));
#2178=CARTESIAN_POINT('',(-79.048276948841,22.244679210945,16.2137546949671));
#2179=CARTESIAN_POINT('Origin',(-78.0823511225519,22.5034982560475,16.6620424310512));
#2180=CARTESIAN_POINT('Origin',(-78.0823511225519,22.5034982560475,15.2478288686781));
#2181=CARTESIAN_POINT('Origin',(-69.9442799350942,30.6415694435052,8.52397124359346));
#2182=CARTESIAN_POINT('',(-69.9442799350942,29.9344626623186,7.81686446240691));
#2183=CARTESIAN_POINT('',(-70.6513867162808,30.6415694435052,7.81686446240691));
#2184=CARTESIAN_POINT('Origin',(-78.0823511225519,35.5034982560475,4.24782886867806));
#2185=CARTESIAN_POINT('',(-79.0823511225519,35.5034982560475,4.24782886867806));
#2186=CARTESIAN_POINT('Origin',(-37.0823511225519,22.5034982560475,4.24782886867806));
#2187=CARTESIAN_POINT('',(-37.0823511225519,21.5034982560475,4.24782886867806));
#2188=CARTESIAN_POINT('Origin',(-24.0823511225519,63.5034982560475,4.24782886867806));
#2189=CARTESIAN_POINT('',(-23.0823511225519,63.5034982560475,4.24782886867806));
#2190=CARTESIAN_POINT('Origin',(-32.2204223100096,30.6415694435052,8.52397124359346));
#2191=CARTESIAN_POINT('',(-31.5133155288231,30.6415694435052,7.81686446240691));
#2192=CARTESIAN_POINT('',(-32.2204223100096,29.9344626623186,7.81686446240691));
#2193=CARTESIAN_POINT('Origin',(-69.9442799350942,68.3654270685898,8.52397124359346));
#2194=CARTESIAN_POINT('',(-69.9442799350942,69.0725338497763,7.81686446240691));
#2195=CARTESIAN_POINT('',(-70.6513867162808,68.3654270685898,7.81686446240691));
#2196=CARTESIAN_POINT('Origin',(-32.2204223100096,68.3654270685898,8.52397124359346));
#2197=CARTESIAN_POINT('',(-32.2204223100096,69.0725338497763,7.81686446240691));
#2198=CARTESIAN_POINT('',(-31.5133155288231,68.3654270685898,7.81686446240691));
#2199=CARTESIAN_POINT('Origin',(-23.0823511225519,21.5034982560475,18.247828868678));
#2200=CARTESIAN_POINT('',(-37.0823511225519,21.5034982560475,16.2478288686781));
#2201=CARTESIAN_POINT('Origin',(-37.0823511225519,20.5034982560475,17.2478288686781));
#2202=CARTESIAN_POINT('Origin',(-23.0823511225519,77.5034982560475,18.247828868678));
#2203=CARTESIAN_POINT('',(-23.0823511225519,63.5034982560475,16.2478288686781));
#2204=CARTESIAN_POINT('Origin',(-22.0823511225519,63.5034982560475,17.2478288686781));
#2205=CARTESIAN_POINT('Origin',(-80.0823511225519,35.5034982560475,17.2478288686781));
#2206=CARTESIAN_POINT('',(-79.0823511225519,35.5034982560475,16.2478288686781));
#2207=CARTESIAN_POINT('Origin',(-65.0823511225519,78.5034982560475,17.2478288686781));
#2208=CARTESIAN_POINT('',(-65.0823511225519,77.5034982560475,16.2478288686781));
#2209=CARTESIAN_POINT('Origin',(-79.0823511225519,21.5034982560475,18.247828868678));
#2210=CARTESIAN_POINT('Origin',(-73.0823514503775,68.5034985391695,18.247828868678));
#2211=CARTESIAN_POINT('',(-73.0823514503775,68.5034985391695,18.247828868678));
#2212=CARTESIAN_POINT('',(-73.0823514503775,68.5034985391695,18.247828868678));
#2213=CARTESIAN_POINT('',(-62.0823512864647,68.5034985391695,18.247828868678));
#2214=CARTESIAN_POINT('Origin',(-73.0823511225519,30.5034979729254,18.247828868678));
#2215=CARTESIAN_POINT('',(-73.0823511225519,40.0034981144864,18.247828868678));
#2216=CARTESIAN_POINT('Origin',(-70.082351405674,27.5034979282219,18.247828868678));
#2217=CARTESIAN_POINT('',(-70.082351405674,27.5034979282219,18.247828868678));
#2218=CARTESIAN_POINT('',(-70.082351405674,27.5034979282219,18.247828868678));
#2219=CARTESIAN_POINT('',(-70.082351405674,38.5034980921347,18.247828868678));
#2220=CARTESIAN_POINT('Origin',(-32.0823508394299,27.5034982560475,18.247828868678));
#2221=CARTESIAN_POINT('',(-41.5823509809909,27.5034982560475,18.247828868678));
#2222=CARTESIAN_POINT('Origin',(-26.0823511225519,30.5034979729254,18.247828868678));
#2223=CARTESIAN_POINT('',(-26.0823511225519,68.5034985391695,18.247828868678));
#2224=CARTESIAN_POINT('',(-26.0823511225519,40.0034981144864,18.247828868678));
#2225=CARTESIAN_POINT('',(-26.0823511225519,68.5034985391695,18.247828868678));
#2226=CARTESIAN_POINT('Origin',(-26.0823511225519,68.5034985391695,18.247828868678));
#2227=CARTESIAN_POINT('',(-38.5823511225519,68.5034985391695,18.247828868678));
#2228=CARTESIAN_POINT('Origin',(-70.082351405674,74.5034982560475,18.247828868678));
#2229=CARTESIAN_POINT('',(-70.082351405674,74.5034982560475,18.247828868678));
#2230=CARTESIAN_POINT('',(-70.082351405674,74.5034982560475,18.247828868678));
#2231=CARTESIAN_POINT('',(-70.082351405674,62.0034982560475,18.247828868678));
#2232=CARTESIAN_POINT('Origin',(-32.0823508394299,74.5034982560475,18.247828868678));
#2233=CARTESIAN_POINT('',(-41.5823509809909,74.5034982560475,18.247828868678));
#2234=CARTESIAN_POINT('Origin',(-79.0823511225519,77.5034982560475,18.247828868678));
#2235=CARTESIAN_POINT('Origin',(-51.0823511225519,49.5034982560475,18.247828868678));
#2236=CARTESIAN_POINT('Origin',(-51.0823511225519,49.5034982560475,18.247828868678));
#2237=CARTESIAN_POINT('Origin',(-51.0823511225519,49.5034982560475,18.247828868678));
#2238=CARTESIAN_POINT('Origin',(-51.0823511225519,49.5034982560475,18.247828868678));
#2239=CARTESIAN_POINT('Origin',(-32.082351122552,30.5034982560475,21.2478288686781));
#2240=CARTESIAN_POINT('',(-32.082351122552,30.5034982560475,21.2478288686781));
#2241=CARTESIAN_POINT('Origin',(-70.0823511225519,30.5034982560475,21.2478288686781));
#2242=UNCERTAINTY_MEASURE_WITH_UNIT(LENGTH_MEASURE(0.01),#2246,
'DISTANCE_ACCURACY_VALUE',
'Maximum model space distance between geometric entities at asserted c
onnectivities');
#2243=UNCERTAINTY_MEASURE_WITH_UNIT(LENGTH_MEASURE(0.01),#2246,
'DISTANCE_ACCURACY_VALUE',
'Maximum model space distance between geometric entities at asserted c
onnectivities');
#2244=(
GEOMETRIC_REPRESENTATION_CONTEXT(3)
GLOBAL_UNCERTAINTY_ASSIGNED_CONTEXT((#2242))
GLOBAL_UNIT_ASSIGNED_CONTEXT((#2246,#2248,#2249))
REPRESENTATION_CONTEXT('','3D')
);
#2245=(
GEOMETRIC_REPRESENTATION_CONTEXT(3)
GLOBAL_UNCERTAINTY_ASSIGNED_CONTEXT((#2243))
GLOBAL_UNIT_ASSIGNED_CONTEXT((#2246,#2248,#2249))
REPRESENTATION_CONTEXT('','3D')
);
#2246=(
LENGTH_UNIT()
NAMED_UNIT(*)
SI_UNIT(.MILLI.,.METRE.)
);
#2247=(
LENGTH_UNIT()
NAMED_UNIT(*)
SI_UNIT($,.METRE.)
);
#2248=(
NAMED_UNIT(*)
PLANE_ANGLE_UNIT()
SI_UNIT($,.RADIAN.)
);
#2249=(
NAMED_UNIT(*)
SI_UNIT($,.STERADIAN.)
SOLID_ANGLE_UNIT()
);
#2250=SHAPE_DEFINITION_REPRESENTATION(#2251,#2252);
#2251=PRODUCT_DEFINITION_SHAPE('',$,#2254);
#2252=SHAPE_REPRESENTATION('',(#1366),#2244);
#2253=PRODUCT_DEFINITION_CONTEXT('part definition',#2258,'design');
#2254=PRODUCT_DEFINITION('2026-10-05-17-51-37-294','Mast_Top_v001',#2255,
#2253);
#2255=PRODUCT_DEFINITION_FORMATION('',$,#2260);
#2256=PRODUCT_RELATED_PRODUCT_CATEGORY('Mast_Top_v001','Mast_Top_v001',
(#2260));
#2257=APPLICATION_PROTOCOL_DEFINITION('international standard',
'automotive_design',2009,#2258);
#2258=APPLICATION_CONTEXT(
'Core Data for Automotive Mechanical Design Process');
#2259=PRODUCT_CONTEXT('part definition',#2258,'mechanical');
#2260=PRODUCT('2026-10-05-17-51-37-294','Mast_Top_v001',$,(#2259));
#2261=PRESENTATION_STYLE_ASSIGNMENT((#2263));
#2262=PRESENTATION_STYLE_ASSIGNMENT((#2264));
#2263=SURFACE_STYLE_USAGE(.BOTH.,#2265);
#2264=SURFACE_STYLE_USAGE(.BOTH.,#2266);
#2265=SURFACE_SIDE_STYLE('',(#2267));
#2266=SURFACE_SIDE_STYLE('',(#2268));
#2267=SURFACE_STYLE_FILL_AREA(#2269);
#2268=SURFACE_STYLE_FILL_AREA(#2270);
#2269=FILL_AREA_STYLE('Steel - Satin',(#2271));
#2270=FILL_AREA_STYLE('Plastic - Matte (Black)',(#2272));
#2271=FILL_AREA_STYLE_COLOUR('Steel - Satin',#2273);
#2272=FILL_AREA_STYLE_COLOUR('Plastic - Matte (Black)',#2274);
#2273=COLOUR_RGB('Steel - Satin',0.627450980392157,0.627450980392157,0.627450980392157);
#2274=COLOUR_RGB('Plastic - Matte (Black)',0.0980392156862745,0.0980392156862745,
0.0980392156862745);
ENDSEC;
END-ISO-10303-21;
