ISO-10303-21;
HEADER;
/* Generated by software containing ST-Developer
 * from STEP Tools, Inc. (www.steptools.com) 
 */

FILE_DESCRIPTION(
/* description */ (''),
/* implementation_level */ '2;1');

FILE_NAME(
/* name */ 'Mast_Base_v001.step',
/* time_stamp */ '2026-10-05T22:17:36+04:00',
/* author */ (''),
/* organization */ (''),
/* preprocessor_version */ 'ST-DEVELOPER v20.2',
/* originating_system */ 'Autodesk Translation Framework v15.15.0.0',
/* authorisation */ '');

FILE_SCHEMA (('AUTOMOTIVE_DESIGN { 1 0 10303 214 3 1 1 }'));
ENDSEC;

DATA;
#10=MECHANICAL_DESIGN_GEOMETRIC_PRESENTATION_REPRESENTATION('',(#13),#2345);
#11=SHAPE_REPRESENTATION_RELATIONSHIP('SRR','None',#2352,#12);
#12=ADVANCED_BREP_SHAPE_REPRESENTATION('',(#14),#2344);
#13=STYLED_ITEM('',(#2362),#14);
#14=MANIFOLD_SOLID_BREP('Body1',#1413);
#15=CIRCLE('',#1463,1.);
#16=CIRCLE('',#1464,0.999999999999996);
#17=CIRCLE('',#1465,1.);
#18=CIRCLE('',#1471,1.);
#19=CIRCLE('',#1472,0.999999999999996);
#20=CIRCLE('',#1473,1.);
#21=CIRCLE('',#1480,1.);
#22=CIRCLE('',#1481,0.999999999999996);
#23=CIRCLE('',#1482,1.);
#24=CIRCLE('',#1488,1.);
#25=CIRCLE('',#1489,0.999999999999996);
#26=CIRCLE('',#1490,1.);
#27=CIRCLE('',#1511,1.5);
#28=CIRCLE('',#1512,1.5);
#29=CIRCLE('',#1514,1.5);
#30=CIRCLE('',#1515,1.5);
#31=CIRCLE('',#1517,1.5);
#32=CIRCLE('',#1518,1.5);
#33=CIRCLE('',#1520,1.5);
#34=CIRCLE('',#1521,1.5);
#35=SPHERICAL_SURFACE('',#1462,0.999999999999996);
#36=SPHERICAL_SURFACE('',#1470,0.999999999999996);
#37=SPHERICAL_SURFACE('',#1479,0.999999999999996);
#38=SPHERICAL_SURFACE('',#1487,0.999999999999996);
#39=ELLIPSE('',#1453,1.4142135623731,1.);
#40=ELLIPSE('',#1454,1.4142135623731,1.);
#41=ELLIPSE('',#1456,1.4142135623731,1.);
#42=ELLIPSE('',#1458,1.41421356237309,1.);
#43=ELLIPSE('',#1467,1.41421356237309,1.);
#44=ELLIPSE('',#1468,1.12603250061049,1.);
#45=ELLIPSE('',#1469,1.41421356237309,1.);
#46=ELLIPSE('',#1475,1.41421356237309,1.);
#47=ELLIPSE('',#1476,1.12603250061049,1.);
#48=ELLIPSE('',#1477,1.41421356237309,1.);
#49=ELLIPSE('',#1484,1.41421356237309,1.);
#50=ELLIPSE('',#1485,1.12603250061049,1.);
#51=ELLIPSE('',#1486,1.41421356237309,1.);
#52=ELLIPSE('',#1492,1.41421356237309,1.);
#53=ELLIPSE('',#1493,1.12603250061049,1.);
#54=ELLIPSE('',#1494,1.41421356237309,1.);
#55=ELLIPSE('',#1496,1.73205080756888,1.);
#56=ELLIPSE('',#1501,1.73205080756888,1.);
#57=ELLIPSE('',#1503,1.73205080756888,1.);
#58=ELLIPSE('',#1505,1.73205080756888,1.);
#59=CYLINDRICAL_SURFACE('',#1452,1.);
#60=CYLINDRICAL_SURFACE('',#1455,1.);
#61=CYLINDRICAL_SURFACE('',#1457,1.);
#62=CYLINDRICAL_SURFACE('',#1459,1.);
#63=CYLINDRICAL_SURFACE('',#1466,1.);
#64=CYLINDRICAL_SURFACE('',#1474,1.);
#65=CYLINDRICAL_SURFACE('',#1478,1.);
#66=CYLINDRICAL_SURFACE('',#1483,1.);
#67=CYLINDRICAL_SURFACE('',#1491,1.);
#68=CYLINDRICAL_SURFACE('',#1495,1.);
#69=CYLINDRICAL_SURFACE('',#1497,1.);
#70=CYLINDRICAL_SURFACE('',#1498,1.);
#71=CYLINDRICAL_SURFACE('',#1499,1.);
#72=CYLINDRICAL_SURFACE('',#1500,1.);
#73=CYLINDRICAL_SURFACE('',#1502,1.);
#74=CYLINDRICAL_SURFACE('',#1504,1.);
#75=CYLINDRICAL_SURFACE('',#1510,1.5);
#76=CYLINDRICAL_SURFACE('',#1513,1.5);
#77=CYLINDRICAL_SURFACE('',#1516,1.5);
#78=CYLINDRICAL_SURFACE('',#1519,1.5);
#79=FACE_BOUND('',#184,.T.);
#80=FACE_BOUND('',#185,.T.);
#81=FACE_BOUND('',#186,.T.);
#82=FACE_BOUND('',#187,.T.);
#83=FACE_BOUND('',#188,.T.);
#84=FACE_BOUND('',#241,.T.);
#85=FACE_BOUND('',#242,.T.);
#86=FACE_BOUND('',#243,.T.);
#87=FACE_BOUND('',#244,.T.);
#88=FACE_BOUND('',#245,.T.);
#89=FACE_BOUND('',#270,.T.);
#90=FACE_BOUND('',#271,.T.);
#91=FACE_BOUND('',#272,.T.);
#92=FACE_BOUND('',#273,.T.);
#93=FACE_BOUND('',#274,.T.);
#94=FACE_OUTER_BOUND('',#177,.T.);
#95=FACE_OUTER_BOUND('',#178,.T.);
#96=FACE_OUTER_BOUND('',#179,.T.);
#97=FACE_OUTER_BOUND('',#180,.T.);
#98=FACE_OUTER_BOUND('',#181,.T.);
#99=FACE_OUTER_BOUND('',#182,.T.);
#100=FACE_OUTER_BOUND('',#183,.T.);
#101=FACE_OUTER_BOUND('',#189,.T.);
#102=FACE_OUTER_BOUND('',#190,.T.);
#103=FACE_OUTER_BOUND('',#191,.T.);
#104=FACE_OUTER_BOUND('',#192,.T.);
#105=FACE_OUTER_BOUND('',#193,.T.);
#106=FACE_OUTER_BOUND('',#194,.T.);
#107=FACE_OUTER_BOUND('',#195,.T.);
#108=FACE_OUTER_BOUND('',#196,.T.);
#109=FACE_OUTER_BOUND('',#197,.T.);
#110=FACE_OUTER_BOUND('',#198,.T.);
#111=FACE_OUTER_BOUND('',#199,.T.);
#112=FACE_OUTER_BOUND('',#200,.T.);
#113=FACE_OUTER_BOUND('',#201,.T.);
#114=FACE_OUTER_BOUND('',#202,.T.);
#115=FACE_OUTER_BOUND('',#203,.T.);
#116=FACE_OUTER_BOUND('',#204,.T.);
#117=FACE_OUTER_BOUND('',#205,.T.);
#118=FACE_OUTER_BOUND('',#206,.T.);
#119=FACE_OUTER_BOUND('',#207,.T.);
#120=FACE_OUTER_BOUND('',#208,.T.);
#121=FACE_OUTER_BOUND('',#209,.T.);
#122=FACE_OUTER_BOUND('',#210,.T.);
#123=FACE_OUTER_BOUND('',#211,.T.);
#124=FACE_OUTER_BOUND('',#212,.T.);
#125=FACE_OUTER_BOUND('',#213,.T.);
#126=FACE_OUTER_BOUND('',#214,.T.);
#127=FACE_OUTER_BOUND('',#215,.T.);
#128=FACE_OUTER_BOUND('',#216,.T.);
#129=FACE_OUTER_BOUND('',#217,.T.);
#130=FACE_OUTER_BOUND('',#218,.T.);
#131=FACE_OUTER_BOUND('',#219,.T.);
#132=FACE_OUTER_BOUND('',#220,.T.);
#133=FACE_OUTER_BOUND('',#221,.T.);
#134=FACE_OUTER_BOUND('',#222,.T.);
#135=FACE_OUTER_BOUND('',#223,.T.);
#136=FACE_OUTER_BOUND('',#224,.T.);
#137=FACE_OUTER_BOUND('',#225,.T.);
#138=FACE_OUTER_BOUND('',#226,.T.);
#139=FACE_OUTER_BOUND('',#227,.T.);
#140=FACE_OUTER_BOUND('',#228,.T.);
#141=FACE_OUTER_BOUND('',#229,.T.);
#142=FACE_OUTER_BOUND('',#230,.T.);
#143=FACE_OUTER_BOUND('',#231,.T.);
#144=FACE_OUTER_BOUND('',#232,.T.);
#145=FACE_OUTER_BOUND('',#233,.T.);
#146=FACE_OUTER_BOUND('',#234,.T.);
#147=FACE_OUTER_BOUND('',#235,.T.);
#148=FACE_OUTER_BOUND('',#236,.T.);
#149=FACE_OUTER_BOUND('',#237,.T.);
#150=FACE_OUTER_BOUND('',#238,.T.);
#151=FACE_OUTER_BOUND('',#239,.T.);
#152=FACE_OUTER_BOUND('',#240,.T.);
#153=FACE_OUTER_BOUND('',#246,.T.);
#154=FACE_OUTER_BOUND('',#247,.T.);
#155=FACE_OUTER_BOUND('',#248,.T.);
#156=FACE_OUTER_BOUND('',#249,.T.);
#157=FACE_OUTER_BOUND('',#250,.T.);
#158=FACE_OUTER_BOUND('',#251,.T.);
#159=FACE_OUTER_BOUND('',#252,.T.);
#160=FACE_OUTER_BOUND('',#253,.T.);
#161=FACE_OUTER_BOUND('',#254,.T.);
#162=FACE_OUTER_BOUND('',#255,.T.);
#163=FACE_OUTER_BOUND('',#256,.T.);
#164=FACE_OUTER_BOUND('',#257,.T.);
#165=FACE_OUTER_BOUND('',#258,.T.);
#166=FACE_OUTER_BOUND('',#259,.T.);
#167=FACE_OUTER_BOUND('',#260,.T.);
#168=FACE_OUTER_BOUND('',#261,.T.);
#169=FACE_OUTER_BOUND('',#262,.T.);
#170=FACE_OUTER_BOUND('',#263,.T.);
#171=FACE_OUTER_BOUND('',#264,.T.);
#172=FACE_OUTER_BOUND('',#265,.T.);
#173=FACE_OUTER_BOUND('',#266,.T.);
#174=FACE_OUTER_BOUND('',#267,.T.);
#175=FACE_OUTER_BOUND('',#268,.T.);
#176=FACE_OUTER_BOUND('',#269,.T.);
#177=EDGE_LOOP('',(#887,#888,#889,#890));
#178=EDGE_LOOP('',(#891,#892,#893,#894));
#179=EDGE_LOOP('',(#895,#896,#897,#898));
#180=EDGE_LOOP('',(#899,#900,#901,#902));
#181=EDGE_LOOP('',(#903,#904,#905,#906));
#182=EDGE_LOOP('',(#907,#908,#909,#910));
#183=EDGE_LOOP('',(#911,#912,#913,#914));
#184=EDGE_LOOP('',(#915,#916,#917,#918));
#185=EDGE_LOOP('',(#919,#920,#921,#922));
#186=EDGE_LOOP('',(#923,#924,#925,#926));
#187=EDGE_LOOP('',(#927,#928,#929,#930));
#188=EDGE_LOOP('',(#931,#932,#933,#934));
#189=EDGE_LOOP('',(#935,#936,#937,#938));
#190=EDGE_LOOP('',(#939,#940,#941,#942));
#191=EDGE_LOOP('',(#943,#944,#945,#946));
#192=EDGE_LOOP('',(#947,#948,#949,#950));
#193=EDGE_LOOP('',(#951,#952,#953,#954));
#194=EDGE_LOOP('',(#955,#956,#957,#958));
#195=EDGE_LOOP('',(#959,#960,#961,#962));
#196=EDGE_LOOP('',(#963,#964,#965,#966));
#197=EDGE_LOOP('',(#967,#968,#969,#970));
#198=EDGE_LOOP('',(#971,#972,#973,#974));
#199=EDGE_LOOP('',(#975,#976,#977,#978));
#200=EDGE_LOOP('',(#979,#980,#981,#982));
#201=EDGE_LOOP('',(#983,#984,#985,#986));
#202=EDGE_LOOP('',(#987,#988,#989,#990));
#203=EDGE_LOOP('',(#991,#992,#993,#994));
#204=EDGE_LOOP('',(#995,#996,#997,#998));
#205=EDGE_LOOP('',(#999,#1000,#1001,#1002));
#206=EDGE_LOOP('',(#1003,#1004,#1005,#1006));
#207=EDGE_LOOP('',(#1007,#1008,#1009,#1010));
#208=EDGE_LOOP('',(#1011,#1012,#1013,#1014));
#209=EDGE_LOOP('',(#1015,#1016,#1017,#1018));
#210=EDGE_LOOP('',(#1019,#1020,#1021,#1022));
#211=EDGE_LOOP('',(#1023,#1024,#1025,#1026));
#212=EDGE_LOOP('',(#1027,#1028,#1029,#1030));
#213=EDGE_LOOP('',(#1031,#1032,#1033));
#214=EDGE_LOOP('',(#1034,#1035,#1036,#1037,#1038,#1039));
#215=EDGE_LOOP('',(#1040,#1041,#1042));
#216=EDGE_LOOP('',(#1043,#1044,#1045,#1046,#1047,#1048));
#217=EDGE_LOOP('',(#1049,#1050,#1051,#1052));
#218=EDGE_LOOP('',(#1053,#1054,#1055));
#219=EDGE_LOOP('',(#1056,#1057,#1058,#1059,#1060,#1061));
#220=EDGE_LOOP('',(#1062,#1063,#1064));
#221=EDGE_LOOP('',(#1065,#1066,#1067,#1068,#1069,#1070));
#222=EDGE_LOOP('',(#1071,#1072,#1073,#1074));
#223=EDGE_LOOP('',(#1075,#1076,#1077,#1078));
#224=EDGE_LOOP('',(#1079,#1080,#1081,#1082));
#225=EDGE_LOOP('',(#1083,#1084,#1085,#1086));
#226=EDGE_LOOP('',(#1087,#1088,#1089,#1090));
#227=EDGE_LOOP('',(#1091,#1092,#1093,#1094));
#228=EDGE_LOOP('',(#1095,#1096,#1097,#1098));
#229=EDGE_LOOP('',(#1099,#1100,#1101,#1102));
#230=EDGE_LOOP('',(#1103,#1104,#1105,#1106,#1107,#1108));
#231=EDGE_LOOP('',(#1109,#1110,#1111,#1112));
#232=EDGE_LOOP('',(#1113,#1114,#1115,#1116,#1117,#1118));
#233=EDGE_LOOP('',(#1119,#1120,#1121,#1122));
#234=EDGE_LOOP('',(#1123,#1124,#1125,#1126));
#235=EDGE_LOOP('',(#1127,#1128,#1129,#1130));
#236=EDGE_LOOP('',(#1131,#1132,#1133,#1134));
#237=EDGE_LOOP('',(#1135,#1136,#1137,#1138,#1139,#1140));
#238=EDGE_LOOP('',(#1141,#1142,#1143,#1144,#1145,#1146));
#239=EDGE_LOOP('',(#1147,#1148,#1149,#1150));
#240=EDGE_LOOP('',(#1151,#1152,#1153,#1154));
#241=EDGE_LOOP('',(#1155,#1156,#1157,#1158,#1159,#1160,#1161,#1162));
#242=EDGE_LOOP('',(#1163));
#243=EDGE_LOOP('',(#1164));
#244=EDGE_LOOP('',(#1165));
#245=EDGE_LOOP('',(#1166));
#246=EDGE_LOOP('',(#1167,#1168,#1169,#1170));
#247=EDGE_LOOP('',(#1171,#1172,#1173,#1174));
#248=EDGE_LOOP('',(#1175,#1176,#1177,#1178));
#249=EDGE_LOOP('',(#1179,#1180,#1181,#1182));
#250=EDGE_LOOP('',(#1183,#1184,#1185,#1186));
#251=EDGE_LOOP('',(#1187,#1188,#1189,#1190));
#252=EDGE_LOOP('',(#1191,#1192,#1193,#1194));
#253=EDGE_LOOP('',(#1195,#1196,#1197,#1198));
#254=EDGE_LOOP('',(#1199,#1200,#1201,#1202));
#255=EDGE_LOOP('',(#1203,#1204,#1205,#1206));
#256=EDGE_LOOP('',(#1207,#1208,#1209,#1210));
#257=EDGE_LOOP('',(#1211,#1212,#1213,#1214));
#258=EDGE_LOOP('',(#1215,#1216,#1217,#1218));
#259=EDGE_LOOP('',(#1219,#1220,#1221,#1222));
#260=EDGE_LOOP('',(#1223,#1224,#1225,#1226));
#261=EDGE_LOOP('',(#1227,#1228,#1229,#1230));
#262=EDGE_LOOP('',(#1231,#1232,#1233,#1234));
#263=EDGE_LOOP('',(#1235,#1236,#1237,#1238));
#264=EDGE_LOOP('',(#1239,#1240,#1241,#1242));
#265=EDGE_LOOP('',(#1243,#1244,#1245,#1246));
#266=EDGE_LOOP('',(#1247,#1248,#1249,#1250));
#267=EDGE_LOOP('',(#1251,#1252,#1253,#1254));
#268=EDGE_LOOP('',(#1255,#1256,#1257,#1258));
#269=EDGE_LOOP('',(#1259,#1260,#1261,#1262));
#270=EDGE_LOOP('',(#1263,#1264,#1265,#1266));
#271=EDGE_LOOP('',(#1267));
#272=EDGE_LOOP('',(#1268));
#273=EDGE_LOOP('',(#1269));
#274=EDGE_LOOP('',(#1270));
#275=LINE('',#1954,#427);
#276=LINE('',#1956,#428);
#277=LINE('',#1958,#429);
#278=LINE('',#1959,#430);
#279=LINE('',#1962,#431);
#280=LINE('',#1964,#432);
#281=LINE('',#1965,#433);
#282=LINE('',#1968,#434);
#283=LINE('',#1970,#435);
#284=LINE('',#1971,#436);
#285=LINE('',#1973,#437);
#286=LINE('',#1974,#438);
#287=LINE('',#1977,#439);
#288=LINE('',#1979,#440);
#289=LINE('',#1980,#441);
#290=LINE('',#1983,#442);
#291=LINE('',#1984,#443);
#292=LINE('',#1988,#444);
#293=LINE('',#1990,#445);
#294=LINE('',#1992,#446);
#295=LINE('',#1993,#447);
#296=LINE('',#1996,#448);
#297=LINE('',#1998,#449);
#298=LINE('',#2000,#450);
#299=LINE('',#2001,#451);
#300=LINE('',#2004,#452);
#301=LINE('',#2006,#453);
#302=LINE('',#2008,#454);
#303=LINE('',#2009,#455);
#304=LINE('',#2012,#456);
#305=LINE('',#2014,#457);
#306=LINE('',#2016,#458);
#307=LINE('',#2017,#459);
#308=LINE('',#2020,#460);
#309=LINE('',#2022,#461);
#310=LINE('',#2024,#462);
#311=LINE('',#2025,#463);
#312=LINE('',#2028,#464);
#313=LINE('',#2030,#465);
#314=LINE('',#2031,#466);
#315=LINE('',#2034,#467);
#316=LINE('',#2035,#468);
#317=LINE('',#2038,#469);
#318=LINE('',#2039,#470);
#319=LINE('',#2041,#471);
#320=LINE('',#2044,#472);
#321=LINE('',#2046,#473);
#322=LINE('',#2047,#474);
#323=LINE('',#2050,#475);
#324=LINE('',#2051,#476);
#325=LINE('',#2054,#477);
#326=LINE('',#2056,#478);
#327=LINE('',#2057,#479);
#328=LINE('',#2060,#480);
#329=LINE('',#2061,#481);
#330=LINE('',#2064,#482);
#331=LINE('',#2065,#483);
#332=LINE('',#2067,#484);
#333=LINE('',#2070,#485);
#334=LINE('',#2072,#486);
#335=LINE('',#2073,#487);
#336=LINE('',#2076,#488);
#337=LINE('',#2077,#489);
#338=LINE('',#2080,#490);
#339=LINE('',#2082,#491);
#340=LINE('',#2083,#492);
#341=LINE('',#2086,#493);
#342=LINE('',#2087,#494);
#343=LINE('',#2090,#495);
#344=LINE('',#2091,#496);
#345=LINE('',#2093,#497);
#346=LINE('',#2096,#498);
#347=LINE('',#2098,#499);
#348=LINE('',#2099,#500);
#349=LINE('',#2102,#501);
#350=LINE('',#2103,#502);
#351=LINE('',#2108,#503);
#352=LINE('',#2113,#504);
#353=LINE('',#2117,#505);
#354=LINE('',#2119,#506);
#355=LINE('',#2122,#507);
#356=LINE('',#2124,#508);
#357=LINE('',#2125,#509);
#358=LINE('',#2128,#510);
#359=LINE('',#2129,#511);
#360=LINE('',#2138,#512);
#361=LINE('',#2140,#513);
#362=LINE('',#2154,#514);
#363=LINE('',#2156,#515);
#364=LINE('',#2163,#516);
#365=LINE('',#2172,#517);
#366=LINE('',#2174,#518);
#367=LINE('',#2188,#519);
#368=LINE('',#2190,#520);
#369=LINE('',#2198,#521);
#370=LINE('',#2201,#522);
#371=LINE('',#2203,#523);
#372=LINE('',#2205,#524);
#373=LINE('',#2207,#525);
#374=LINE('',#2210,#526);
#375=LINE('',#2213,#527);
#376=LINE('',#2218,#528);
#377=LINE('',#2219,#529);
#378=LINE('',#2222,#530);
#379=LINE('',#2225,#531);
#380=LINE('',#2227,#532);
#381=LINE('',#2229,#533);
#382=LINE('',#2231,#534);
#383=LINE('',#2233,#535);
#384=LINE('',#2238,#536);
#385=LINE('',#2244,#537);
#386=LINE('',#2250,#538);
#387=LINE('',#2256,#539);
#388=LINE('',#2259,#540);
#389=LINE('',#2260,#541);
#390=LINE('',#2262,#542);
#391=LINE('',#2263,#543);
#392=LINE('',#2268,#544);
#393=LINE('',#2270,#545);
#394=LINE('',#2272,#546);
#395=LINE('',#2273,#547);
#396=LINE('',#2276,#548);
#397=LINE('',#2278,#549);
#398=LINE('',#2279,#550);
#399=LINE('',#2282,#551);
#400=LINE('',#2283,#552);
#401=LINE('',#2286,#553);
#402=LINE('',#2287,#554);
#403=LINE('',#2289,#555);
#404=LINE('',#2292,#556);
#405=LINE('',#2294,#557);
#406=LINE('',#2295,#558);
#407=LINE('',#2298,#559);
#408=LINE('',#2299,#560);
#409=LINE('',#2302,#561);
#410=LINE('',#2303,#562);
#411=LINE('',#2305,#563);
#412=LINE('',#2308,#564);
#413=LINE('',#2309,#565);
#414=LINE('',#2311,#566);
#415=LINE('',#2314,#567);
#416=LINE('',#2315,#568);
#417=LINE('',#2317,#569);
#418=LINE('',#2320,#570);
#419=LINE('',#2321,#571);
#420=LINE('',#2323,#572);
#421=LINE('',#2331,#573);
#422=LINE('',#2332,#574);
#423=LINE('',#2334,#575);
#424=LINE('',#2337,#576);
#425=LINE('',#2338,#577);
#426=LINE('',#2340,#578);
#427=VECTOR('',#1554,10.);
#428=VECTOR('',#1555,10.);
#429=VECTOR('',#1556,10.);
#430=VECTOR('',#1557,10.);
#431=VECTOR('',#1560,10.);
#432=VECTOR('',#1561,10.);
#433=VECTOR('',#1562,10.);
#434=VECTOR('',#1565,10.);
#435=VECTOR('',#1566,10.);
#436=VECTOR('',#1567,10.);
#437=VECTOR('',#1570,10.);
#438=VECTOR('',#1571,10.);
#439=VECTOR('',#1574,10.);
#440=VECTOR('',#1575,10.);
#441=VECTOR('',#1576,10.);
#442=VECTOR('',#1579,10.);
#443=VECTOR('',#1580,10.);
#444=VECTOR('',#1583,10.);
#445=VECTOR('',#1584,10.);
#446=VECTOR('',#1585,10.);
#447=VECTOR('',#1586,10.);
#448=VECTOR('',#1587,10.);
#449=VECTOR('',#1588,10.);
#450=VECTOR('',#1589,10.);
#451=VECTOR('',#1590,10.);
#452=VECTOR('',#1591,10.);
#453=VECTOR('',#1592,10.);
#454=VECTOR('',#1593,10.);
#455=VECTOR('',#1594,10.);
#456=VECTOR('',#1595,10.);
#457=VECTOR('',#1596,10.);
#458=VECTOR('',#1597,10.);
#459=VECTOR('',#1598,10.);
#460=VECTOR('',#1599,10.);
#461=VECTOR('',#1600,10.);
#462=VECTOR('',#1601,10.);
#463=VECTOR('',#1602,10.);
#464=VECTOR('',#1605,10.);
#465=VECTOR('',#1606,10.);
#466=VECTOR('',#1607,10.);
#467=VECTOR('',#1610,10.);
#468=VECTOR('',#1611,10.);
#469=VECTOR('',#1614,10.);
#470=VECTOR('',#1615,10.);
#471=VECTOR('',#1618,10.);
#472=VECTOR('',#1621,10.);
#473=VECTOR('',#1622,10.);
#474=VECTOR('',#1623,10.);
#475=VECTOR('',#1626,10.);
#476=VECTOR('',#1627,10.);
#477=VECTOR('',#1630,10.);
#478=VECTOR('',#1631,10.);
#479=VECTOR('',#1632,10.);
#480=VECTOR('',#1635,10.);
#481=VECTOR('',#1636,10.);
#482=VECTOR('',#1639,10.);
#483=VECTOR('',#1640,10.);
#484=VECTOR('',#1643,10.);
#485=VECTOR('',#1646,10.);
#486=VECTOR('',#1647,10.);
#487=VECTOR('',#1648,10.);
#488=VECTOR('',#1651,10.);
#489=VECTOR('',#1652,10.);
#490=VECTOR('',#1655,10.);
#491=VECTOR('',#1656,10.);
#492=VECTOR('',#1657,10.);
#493=VECTOR('',#1660,10.);
#494=VECTOR('',#1661,10.);
#495=VECTOR('',#1664,10.);
#496=VECTOR('',#1665,10.);
#497=VECTOR('',#1668,10.);
#498=VECTOR('',#1671,10.);
#499=VECTOR('',#1672,10.);
#500=VECTOR('',#1673,10.);
#501=VECTOR('',#1676,10.);
#502=VECTOR('',#1677,10.);
#503=VECTOR('',#1682,10.);
#504=VECTOR('',#1689,10.);
#505=VECTOR('',#1694,10.);
#506=VECTOR('',#1697,10.);
#507=VECTOR('',#1700,10.);
#508=VECTOR('',#1701,10.);
#509=VECTOR('',#1702,10.);
#510=VECTOR('',#1705,10.);
#511=VECTOR('',#1706,10.);
#512=VECTOR('',#1717,10.);
#513=VECTOR('',#1718,10.);
#514=VECTOR('',#1735,10.);
#515=VECTOR('',#1736,10.);
#516=VECTOR('',#1745,10.);
#517=VECTOR('',#1756,10.);
#518=VECTOR('',#1757,10.);
#519=VECTOR('',#1774,10.);
#520=VECTOR('',#1775,10.);
#521=VECTOR('',#1784,10.);
#522=VECTOR('',#1787,10.);
#523=VECTOR('',#1790,10.);
#524=VECTOR('',#1793,10.);
#525=VECTOR('',#1796,10.);
#526=VECTOR('',#1799,10.);
#527=VECTOR('',#1802,10.);
#528=VECTOR('',#1807,10.);
#529=VECTOR('',#1808,10.);
#530=VECTOR('',#1811,10.);
#531=VECTOR('',#1814,10.);
#532=VECTOR('',#1817,10.);
#533=VECTOR('',#1820,10.);
#534=VECTOR('',#1823,10.);
#535=VECTOR('',#1826,10.);
#536=VECTOR('',#1831,1.5);
#537=VECTOR('',#1838,1.5);
#538=VECTOR('',#1845,1.5);
#539=VECTOR('',#1852,1.5);
#540=VECTOR('',#1857,10.);
#541=VECTOR('',#1858,10.);
#542=VECTOR('',#1861,10.);
#543=VECTOR('',#1862,10.);
#544=VECTOR('',#1867,10.);
#545=VECTOR('',#1868,10.);
#546=VECTOR('',#1869,10.);
#547=VECTOR('',#1870,10.);
#548=VECTOR('',#1873,10.);
#549=VECTOR('',#1874,10.);
#550=VECTOR('',#1875,10.);
#551=VECTOR('',#1878,10.);
#552=VECTOR('',#1879,10.);
#553=VECTOR('',#1882,10.);
#554=VECTOR('',#1883,10.);
#555=VECTOR('',#1886,10.);
#556=VECTOR('',#1889,10.);
#557=VECTOR('',#1890,10.);
#558=VECTOR('',#1891,10.);
#559=VECTOR('',#1894,10.);
#560=VECTOR('',#1895,10.);
#561=VECTOR('',#1898,10.);
#562=VECTOR('',#1899,10.);
#563=VECTOR('',#1902,10.);
#564=VECTOR('',#1905,10.);
#565=VECTOR('',#1906,10.);
#566=VECTOR('',#1909,10.);
#567=VECTOR('',#1912,10.);
#568=VECTOR('',#1913,10.);
#569=VECTOR('',#1916,10.);
#570=VECTOR('',#1919,10.);
#571=VECTOR('',#1920,10.);
#572=VECTOR('',#1923,10.);
#573=VECTOR('',#1936,10.);
#574=VECTOR('',#1937,10.);
#575=VECTOR('',#1940,10.);
#576=VECTOR('',#1943,10.);
#577=VECTOR('',#1944,10.);
#578=VECTOR('',#1947,10.);
#579=VERTEX_POINT('',#1952);
#580=VERTEX_POINT('',#1953);
#581=VERTEX_POINT('',#1955);
#582=VERTEX_POINT('',#1957);
#583=VERTEX_POINT('',#1961);
#584=VERTEX_POINT('',#1963);
#585=VERTEX_POINT('',#1967);
#586=VERTEX_POINT('',#1969);
#587=VERTEX_POINT('',#1976);
#588=VERTEX_POINT('',#1978);
#589=VERTEX_POINT('',#1982);
#590=VERTEX_POINT('',#1986);
#591=VERTEX_POINT('',#1987);
#592=VERTEX_POINT('',#1989);
#593=VERTEX_POINT('',#1991);
#594=VERTEX_POINT('',#1994);
#595=VERTEX_POINT('',#1995);
#596=VERTEX_POINT('',#1997);
#597=VERTEX_POINT('',#1999);
#598=VERTEX_POINT('',#2002);
#599=VERTEX_POINT('',#2003);
#600=VERTEX_POINT('',#2005);
#601=VERTEX_POINT('',#2007);
#602=VERTEX_POINT('',#2010);
#603=VERTEX_POINT('',#2011);
#604=VERTEX_POINT('',#2013);
#605=VERTEX_POINT('',#2015);
#606=VERTEX_POINT('',#2018);
#607=VERTEX_POINT('',#2019);
#608=VERTEX_POINT('',#2021);
#609=VERTEX_POINT('',#2023);
#610=VERTEX_POINT('',#2027);
#611=VERTEX_POINT('',#2029);
#612=VERTEX_POINT('',#2033);
#613=VERTEX_POINT('',#2037);
#614=VERTEX_POINT('',#2043);
#615=VERTEX_POINT('',#2045);
#616=VERTEX_POINT('',#2049);
#617=VERTEX_POINT('',#2053);
#618=VERTEX_POINT('',#2055);
#619=VERTEX_POINT('',#2059);
#620=VERTEX_POINT('',#2063);
#621=VERTEX_POINT('',#2069);
#622=VERTEX_POINT('',#2071);
#623=VERTEX_POINT('',#2075);
#624=VERTEX_POINT('',#2079);
#625=VERTEX_POINT('',#2081);
#626=VERTEX_POINT('',#2085);
#627=VERTEX_POINT('',#2089);
#628=VERTEX_POINT('',#2095);
#629=VERTEX_POINT('',#2097);
#630=VERTEX_POINT('',#2101);
#631=VERTEX_POINT('',#2105);
#632=VERTEX_POINT('',#2107);
#633=VERTEX_POINT('',#2111);
#634=VERTEX_POINT('',#2115);
#635=VERTEX_POINT('',#2121);
#636=VERTEX_POINT('',#2123);
#637=VERTEX_POINT('',#2127);
#638=VERTEX_POINT('',#2131);
#639=VERTEX_POINT('',#2133);
#640=VERTEX_POINT('',#2137);
#641=VERTEX_POINT('',#2139);
#642=VERTEX_POINT('',#2141);
#643=VERTEX_POINT('',#2143);
#644=VERTEX_POINT('',#2147);
#645=VERTEX_POINT('',#2149);
#646=VERTEX_POINT('',#2153);
#647=VERTEX_POINT('',#2155);
#648=VERTEX_POINT('',#2157);
#649=VERTEX_POINT('',#2159);
#650=VERTEX_POINT('',#2165);
#651=VERTEX_POINT('',#2167);
#652=VERTEX_POINT('',#2171);
#653=VERTEX_POINT('',#2173);
#654=VERTEX_POINT('',#2175);
#655=VERTEX_POINT('',#2177);
#656=VERTEX_POINT('',#2181);
#657=VERTEX_POINT('',#2183);
#658=VERTEX_POINT('',#2187);
#659=VERTEX_POINT('',#2189);
#660=VERTEX_POINT('',#2191);
#661=VERTEX_POINT('',#2193);
#662=VERTEX_POINT('',#2197);
#663=VERTEX_POINT('',#2199);
#664=VERTEX_POINT('',#2209);
#665=VERTEX_POINT('',#2211);
#666=VERTEX_POINT('',#2215);
#667=VERTEX_POINT('',#2216);
#668=VERTEX_POINT('',#2221);
#669=VERTEX_POINT('',#2223);
#670=VERTEX_POINT('',#2235);
#671=VERTEX_POINT('',#2237);
#672=VERTEX_POINT('',#2241);
#673=VERTEX_POINT('',#2243);
#674=VERTEX_POINT('',#2247);
#675=VERTEX_POINT('',#2249);
#676=VERTEX_POINT('',#2253);
#677=VERTEX_POINT('',#2255);
#678=VERTEX_POINT('',#2266);
#679=VERTEX_POINT('',#2267);
#680=VERTEX_POINT('',#2269);
#681=VERTEX_POINT('',#2271);
#682=VERTEX_POINT('',#2275);
#683=VERTEX_POINT('',#2277);
#684=VERTEX_POINT('',#2281);
#685=VERTEX_POINT('',#2285);
#686=VERTEX_POINT('',#2291);
#687=VERTEX_POINT('',#2293);
#688=VERTEX_POINT('',#2297);
#689=VERTEX_POINT('',#2301);
#690=VERTEX_POINT('',#2307);
#691=VERTEX_POINT('',#2313);
#692=VERTEX_POINT('',#2319);
#693=VERTEX_POINT('',#2330);
#694=VERTEX_POINT('',#2336);
#695=EDGE_CURVE('',#579,#580,#275,.T.);
#696=EDGE_CURVE('',#580,#581,#276,.T.);
#697=EDGE_CURVE('',#581,#582,#277,.T.);
#698=EDGE_CURVE('',#579,#582,#278,.T.);
#699=EDGE_CURVE('',#580,#583,#279,.T.);
#700=EDGE_CURVE('',#583,#584,#280,.T.);
#701=EDGE_CURVE('',#584,#581,#281,.T.);
#702=EDGE_CURVE('',#583,#585,#282,.T.);
#703=EDGE_CURVE('',#585,#586,#283,.T.);
#704=EDGE_CURVE('',#586,#584,#284,.T.);
#705=EDGE_CURVE('',#582,#586,#285,.T.);
#706=EDGE_CURVE('',#585,#579,#286,.T.);
#707=EDGE_CURVE('',#587,#582,#287,.T.);
#708=EDGE_CURVE('',#588,#587,#288,.T.);
#709=EDGE_CURVE('',#588,#586,#289,.T.);
#710=EDGE_CURVE('',#589,#581,#290,.T.);
#711=EDGE_CURVE('',#587,#589,#291,.T.);
#712=EDGE_CURVE('',#590,#591,#292,.T.);
#713=EDGE_CURVE('',#592,#590,#293,.T.);
#714=EDGE_CURVE('',#593,#592,#294,.T.);
#715=EDGE_CURVE('',#591,#593,#295,.T.);
#716=EDGE_CURVE('',#594,#595,#296,.T.);
#717=EDGE_CURVE('',#596,#594,#297,.T.);
#718=EDGE_CURVE('',#597,#596,#298,.T.);
#719=EDGE_CURVE('',#595,#597,#299,.T.);
#720=EDGE_CURVE('',#598,#599,#300,.T.);
#721=EDGE_CURVE('',#600,#598,#301,.T.);
#722=EDGE_CURVE('',#601,#600,#302,.T.);
#723=EDGE_CURVE('',#599,#601,#303,.T.);
#724=EDGE_CURVE('',#602,#603,#304,.T.);
#725=EDGE_CURVE('',#604,#602,#305,.T.);
#726=EDGE_CURVE('',#605,#604,#306,.T.);
#727=EDGE_CURVE('',#603,#605,#307,.T.);
#728=EDGE_CURVE('',#606,#607,#308,.T.);
#729=EDGE_CURVE('',#608,#606,#309,.T.);
#730=EDGE_CURVE('',#609,#608,#310,.T.);
#731=EDGE_CURVE('',#607,#609,#311,.T.);
#732=EDGE_CURVE('',#595,#610,#312,.T.);
#733=EDGE_CURVE('',#610,#611,#313,.T.);
#734=EDGE_CURVE('',#594,#611,#314,.T.);
#735=EDGE_CURVE('',#597,#612,#315,.T.);
#736=EDGE_CURVE('',#612,#610,#316,.T.);
#737=EDGE_CURVE('',#596,#613,#317,.T.);
#738=EDGE_CURVE('',#613,#612,#318,.T.);
#739=EDGE_CURVE('',#611,#613,#319,.T.);
#740=EDGE_CURVE('',#614,#611,#320,.T.);
#741=EDGE_CURVE('',#615,#614,#321,.T.);
#742=EDGE_CURVE('',#615,#613,#322,.T.);
#743=EDGE_CURVE('',#616,#610,#323,.T.);
#744=EDGE_CURVE('',#614,#616,#324,.T.);
#745=EDGE_CURVE('',#607,#617,#325,.T.);
#746=EDGE_CURVE('',#617,#618,#326,.T.);
#747=EDGE_CURVE('',#606,#618,#327,.T.);
#748=EDGE_CURVE('',#609,#619,#328,.T.);
#749=EDGE_CURVE('',#619,#617,#329,.T.);
#750=EDGE_CURVE('',#608,#620,#330,.T.);
#751=EDGE_CURVE('',#620,#619,#331,.T.);
#752=EDGE_CURVE('',#618,#620,#332,.T.);
#753=EDGE_CURVE('',#621,#618,#333,.T.);
#754=EDGE_CURVE('',#622,#621,#334,.T.);
#755=EDGE_CURVE('',#622,#620,#335,.T.);
#756=EDGE_CURVE('',#623,#617,#336,.T.);
#757=EDGE_CURVE('',#621,#623,#337,.T.);
#758=EDGE_CURVE('',#599,#624,#338,.T.);
#759=EDGE_CURVE('',#624,#625,#339,.T.);
#760=EDGE_CURVE('',#598,#625,#340,.T.);
#761=EDGE_CURVE('',#601,#626,#341,.T.);
#762=EDGE_CURVE('',#626,#624,#342,.T.);
#763=EDGE_CURVE('',#600,#627,#343,.T.);
#764=EDGE_CURVE('',#627,#626,#344,.T.);
#765=EDGE_CURVE('',#625,#627,#345,.T.);
#766=EDGE_CURVE('',#628,#625,#346,.T.);
#767=EDGE_CURVE('',#629,#628,#347,.T.);
#768=EDGE_CURVE('',#629,#627,#348,.T.);
#769=EDGE_CURVE('',#630,#624,#349,.T.);
#770=EDGE_CURVE('',#628,#630,#350,.T.);
#771=EDGE_CURVE('',#603,#631,#39,.T.);
#772=EDGE_CURVE('',#631,#632,#351,.T.);
#773=EDGE_CURVE('',#602,#632,#40,.T.);
#774=EDGE_CURVE('',#605,#633,#41,.T.);
#775=EDGE_CURVE('',#633,#631,#352,.T.);
#776=EDGE_CURVE('',#604,#634,#42,.T.);
#777=EDGE_CURVE('',#634,#633,#353,.T.);
#778=EDGE_CURVE('',#632,#634,#354,.T.);
#779=EDGE_CURVE('',#635,#632,#355,.T.);
#780=EDGE_CURVE('',#635,#636,#356,.T.);
#781=EDGE_CURVE('',#636,#634,#357,.T.);
#782=EDGE_CURVE('',#637,#631,#358,.T.);
#783=EDGE_CURVE('',#637,#635,#359,.T.);
#784=EDGE_CURVE('',#638,#590,#15,.F.);
#785=EDGE_CURVE('',#639,#638,#16,.F.);
#786=EDGE_CURVE('',#590,#639,#17,.F.);
#787=EDGE_CURVE('',#640,#639,#360,.T.);
#788=EDGE_CURVE('',#638,#641,#361,.T.);
#789=EDGE_CURVE('',#641,#642,#43,.T.);
#790=EDGE_CURVE('',#642,#643,#44,.T.);
#791=EDGE_CURVE('',#643,#640,#45,.T.);
#792=EDGE_CURVE('',#644,#591,#18,.F.);
#793=EDGE_CURVE('',#645,#644,#19,.F.);
#794=EDGE_CURVE('',#591,#645,#20,.F.);
#795=EDGE_CURVE('',#646,#645,#362,.T.);
#796=EDGE_CURVE('',#644,#647,#363,.T.);
#797=EDGE_CURVE('',#647,#648,#46,.T.);
#798=EDGE_CURVE('',#648,#649,#47,.T.);
#799=EDGE_CURVE('',#649,#646,#48,.T.);
#800=EDGE_CURVE('',#645,#638,#364,.T.);
#801=EDGE_CURVE('',#650,#592,#21,.F.);
#802=EDGE_CURVE('',#651,#650,#22,.F.);
#803=EDGE_CURVE('',#592,#651,#23,.F.);
#804=EDGE_CURVE('',#652,#651,#365,.T.);
#805=EDGE_CURVE('',#650,#653,#366,.T.);
#806=EDGE_CURVE('',#653,#654,#49,.T.);
#807=EDGE_CURVE('',#654,#655,#50,.T.);
#808=EDGE_CURVE('',#655,#652,#51,.T.);
#809=EDGE_CURVE('',#656,#593,#24,.F.);
#810=EDGE_CURVE('',#657,#656,#25,.F.);
#811=EDGE_CURVE('',#593,#657,#26,.F.);
#812=EDGE_CURVE('',#658,#657,#367,.T.);
#813=EDGE_CURVE('',#656,#659,#368,.T.);
#814=EDGE_CURVE('',#659,#660,#52,.T.);
#815=EDGE_CURVE('',#660,#661,#53,.T.);
#816=EDGE_CURVE('',#661,#658,#54,.T.);
#817=EDGE_CURVE('',#662,#660,#369,.T.);
#818=EDGE_CURVE('',#662,#663,#55,.F.);
#819=EDGE_CURVE('',#663,#661,#370,.T.);
#820=EDGE_CURVE('',#657,#644,#371,.T.);
#821=EDGE_CURVE('',#651,#656,#372,.T.);
#822=EDGE_CURVE('',#639,#650,#373,.T.);
#823=EDGE_CURVE('',#664,#654,#374,.T.);
#824=EDGE_CURVE('',#664,#665,#56,.F.);
#825=EDGE_CURVE('',#665,#655,#375,.T.);
#826=EDGE_CURVE('',#666,#667,#57,.F.);
#827=EDGE_CURVE('',#667,#649,#376,.T.);
#828=EDGE_CURVE('',#666,#648,#377,.T.);
#829=EDGE_CURVE('',#668,#642,#378,.T.);
#830=EDGE_CURVE('',#668,#669,#58,.F.);
#831=EDGE_CURVE('',#669,#643,#379,.T.);
#832=EDGE_CURVE('',#659,#652,#380,.T.);
#833=EDGE_CURVE('',#665,#662,#381,.T.);
#834=EDGE_CURVE('',#653,#640,#382,.T.);
#835=EDGE_CURVE('',#669,#664,#383,.T.);
#836=EDGE_CURVE('',#670,#670,#27,.T.);
#837=EDGE_CURVE('',#670,#671,#384,.T.);
#838=EDGE_CURVE('',#671,#671,#28,.T.);
#839=EDGE_CURVE('',#672,#672,#29,.T.);
#840=EDGE_CURVE('',#672,#673,#385,.T.);
#841=EDGE_CURVE('',#673,#673,#30,.T.);
#842=EDGE_CURVE('',#674,#674,#31,.T.);
#843=EDGE_CURVE('',#674,#675,#386,.T.);
#844=EDGE_CURVE('',#675,#675,#32,.T.);
#845=EDGE_CURVE('',#676,#676,#33,.T.);
#846=EDGE_CURVE('',#676,#677,#387,.T.);
#847=EDGE_CURVE('',#677,#677,#34,.T.);
#848=EDGE_CURVE('',#663,#666,#388,.T.);
#849=EDGE_CURVE('',#647,#658,#389,.T.);
#850=EDGE_CURVE('',#667,#668,#390,.T.);
#851=EDGE_CURVE('',#641,#646,#391,.T.);
#852=EDGE_CURVE('',#678,#679,#392,.T.);
#853=EDGE_CURVE('',#680,#678,#393,.T.);
#854=EDGE_CURVE('',#681,#680,#394,.T.);
#855=EDGE_CURVE('',#679,#681,#395,.T.);
#856=EDGE_CURVE('',#679,#682,#396,.T.);
#857=EDGE_CURVE('',#682,#683,#397,.T.);
#858=EDGE_CURVE('',#678,#683,#398,.T.);
#859=EDGE_CURVE('',#681,#684,#399,.T.);
#860=EDGE_CURVE('',#684,#682,#400,.T.);
#861=EDGE_CURVE('',#680,#685,#401,.T.);
#862=EDGE_CURVE('',#685,#684,#402,.T.);
#863=EDGE_CURVE('',#683,#685,#403,.T.);
#864=EDGE_CURVE('',#686,#683,#404,.T.);
#865=EDGE_CURVE('',#686,#687,#405,.T.);
#866=EDGE_CURVE('',#687,#685,#406,.T.);
#867=EDGE_CURVE('',#688,#682,#407,.T.);
#868=EDGE_CURVE('',#688,#686,#408,.T.);
#869=EDGE_CURVE('',#689,#612,#409,.T.);
#870=EDGE_CURVE('',#616,#689,#410,.T.);
#871=EDGE_CURVE('',#689,#615,#411,.T.);
#872=EDGE_CURVE('',#690,#584,#412,.T.);
#873=EDGE_CURVE('',#589,#690,#413,.T.);
#874=EDGE_CURVE('',#690,#588,#414,.T.);
#875=EDGE_CURVE('',#691,#629,#415,.T.);
#876=EDGE_CURVE('',#691,#626,#416,.T.);
#877=EDGE_CURVE('',#630,#691,#417,.T.);
#878=EDGE_CURVE('',#692,#619,#418,.T.);
#879=EDGE_CURVE('',#623,#692,#419,.T.);
#880=EDGE_CURVE('',#692,#622,#420,.T.);
#881=EDGE_CURVE('',#693,#633,#421,.T.);
#882=EDGE_CURVE('',#693,#637,#422,.T.);
#883=EDGE_CURVE('',#636,#693,#423,.T.);
#884=EDGE_CURVE('',#694,#684,#424,.T.);
#885=EDGE_CURVE('',#694,#688,#425,.T.);
#886=EDGE_CURVE('',#687,#694,#426,.T.);
#887=ORIENTED_EDGE('',*,*,#695,.T.);
#888=ORIENTED_EDGE('',*,*,#696,.T.);
#889=ORIENTED_EDGE('',*,*,#697,.T.);
#890=ORIENTED_EDGE('',*,*,#698,.F.);
#891=ORIENTED_EDGE('',*,*,#699,.T.);
#892=ORIENTED_EDGE('',*,*,#700,.T.);
#893=ORIENTED_EDGE('',*,*,#701,.T.);
#894=ORIENTED_EDGE('',*,*,#696,.F.);
#895=ORIENTED_EDGE('',*,*,#702,.T.);
#896=ORIENTED_EDGE('',*,*,#703,.T.);
#897=ORIENTED_EDGE('',*,*,#704,.T.);
#898=ORIENTED_EDGE('',*,*,#700,.F.);
#899=ORIENTED_EDGE('',*,*,#705,.T.);
#900=ORIENTED_EDGE('',*,*,#703,.F.);
#901=ORIENTED_EDGE('',*,*,#706,.T.);
#902=ORIENTED_EDGE('',*,*,#698,.T.);
#903=ORIENTED_EDGE('',*,*,#705,.F.);
#904=ORIENTED_EDGE('',*,*,#707,.F.);
#905=ORIENTED_EDGE('',*,*,#708,.F.);
#906=ORIENTED_EDGE('',*,*,#709,.T.);
#907=ORIENTED_EDGE('',*,*,#697,.F.);
#908=ORIENTED_EDGE('',*,*,#710,.F.);
#909=ORIENTED_EDGE('',*,*,#711,.F.);
#910=ORIENTED_EDGE('',*,*,#707,.T.);
#911=ORIENTED_EDGE('',*,*,#712,.F.);
#912=ORIENTED_EDGE('',*,*,#713,.F.);
#913=ORIENTED_EDGE('',*,*,#714,.F.);
#914=ORIENTED_EDGE('',*,*,#715,.F.);
#915=ORIENTED_EDGE('',*,*,#716,.F.);
#916=ORIENTED_EDGE('',*,*,#717,.F.);
#917=ORIENTED_EDGE('',*,*,#718,.F.);
#918=ORIENTED_EDGE('',*,*,#719,.F.);
#919=ORIENTED_EDGE('',*,*,#720,.F.);
#920=ORIENTED_EDGE('',*,*,#721,.F.);
#921=ORIENTED_EDGE('',*,*,#722,.F.);
#922=ORIENTED_EDGE('',*,*,#723,.F.);
#923=ORIENTED_EDGE('',*,*,#724,.F.);
#924=ORIENTED_EDGE('',*,*,#725,.F.);
#925=ORIENTED_EDGE('',*,*,#726,.F.);
#926=ORIENTED_EDGE('',*,*,#727,.F.);
#927=ORIENTED_EDGE('',*,*,#728,.F.);
#928=ORIENTED_EDGE('',*,*,#729,.F.);
#929=ORIENTED_EDGE('',*,*,#730,.F.);
#930=ORIENTED_EDGE('',*,*,#731,.F.);
#931=ORIENTED_EDGE('',*,*,#695,.F.);
#932=ORIENTED_EDGE('',*,*,#706,.F.);
#933=ORIENTED_EDGE('',*,*,#702,.F.);
#934=ORIENTED_EDGE('',*,*,#699,.F.);
#935=ORIENTED_EDGE('',*,*,#716,.T.);
#936=ORIENTED_EDGE('',*,*,#732,.T.);
#937=ORIENTED_EDGE('',*,*,#733,.T.);
#938=ORIENTED_EDGE('',*,*,#734,.F.);
#939=ORIENTED_EDGE('',*,*,#719,.T.);
#940=ORIENTED_EDGE('',*,*,#735,.T.);
#941=ORIENTED_EDGE('',*,*,#736,.T.);
#942=ORIENTED_EDGE('',*,*,#732,.F.);
#943=ORIENTED_EDGE('',*,*,#718,.T.);
#944=ORIENTED_EDGE('',*,*,#737,.T.);
#945=ORIENTED_EDGE('',*,*,#738,.T.);
#946=ORIENTED_EDGE('',*,*,#735,.F.);
#947=ORIENTED_EDGE('',*,*,#739,.T.);
#948=ORIENTED_EDGE('',*,*,#737,.F.);
#949=ORIENTED_EDGE('',*,*,#717,.T.);
#950=ORIENTED_EDGE('',*,*,#734,.T.);
#951=ORIENTED_EDGE('',*,*,#739,.F.);
#952=ORIENTED_EDGE('',*,*,#740,.F.);
#953=ORIENTED_EDGE('',*,*,#741,.F.);
#954=ORIENTED_EDGE('',*,*,#742,.T.);
#955=ORIENTED_EDGE('',*,*,#733,.F.);
#956=ORIENTED_EDGE('',*,*,#743,.F.);
#957=ORIENTED_EDGE('',*,*,#744,.F.);
#958=ORIENTED_EDGE('',*,*,#740,.T.);
#959=ORIENTED_EDGE('',*,*,#728,.T.);
#960=ORIENTED_EDGE('',*,*,#745,.T.);
#961=ORIENTED_EDGE('',*,*,#746,.T.);
#962=ORIENTED_EDGE('',*,*,#747,.F.);
#963=ORIENTED_EDGE('',*,*,#731,.T.);
#964=ORIENTED_EDGE('',*,*,#748,.T.);
#965=ORIENTED_EDGE('',*,*,#749,.T.);
#966=ORIENTED_EDGE('',*,*,#745,.F.);
#967=ORIENTED_EDGE('',*,*,#730,.T.);
#968=ORIENTED_EDGE('',*,*,#750,.T.);
#969=ORIENTED_EDGE('',*,*,#751,.T.);
#970=ORIENTED_EDGE('',*,*,#748,.F.);
#971=ORIENTED_EDGE('',*,*,#752,.T.);
#972=ORIENTED_EDGE('',*,*,#750,.F.);
#973=ORIENTED_EDGE('',*,*,#729,.T.);
#974=ORIENTED_EDGE('',*,*,#747,.T.);
#975=ORIENTED_EDGE('',*,*,#752,.F.);
#976=ORIENTED_EDGE('',*,*,#753,.F.);
#977=ORIENTED_EDGE('',*,*,#754,.F.);
#978=ORIENTED_EDGE('',*,*,#755,.T.);
#979=ORIENTED_EDGE('',*,*,#746,.F.);
#980=ORIENTED_EDGE('',*,*,#756,.F.);
#981=ORIENTED_EDGE('',*,*,#757,.F.);
#982=ORIENTED_EDGE('',*,*,#753,.T.);
#983=ORIENTED_EDGE('',*,*,#720,.T.);
#984=ORIENTED_EDGE('',*,*,#758,.T.);
#985=ORIENTED_EDGE('',*,*,#759,.T.);
#986=ORIENTED_EDGE('',*,*,#760,.F.);
#987=ORIENTED_EDGE('',*,*,#723,.T.);
#988=ORIENTED_EDGE('',*,*,#761,.T.);
#989=ORIENTED_EDGE('',*,*,#762,.T.);
#990=ORIENTED_EDGE('',*,*,#758,.F.);
#991=ORIENTED_EDGE('',*,*,#722,.T.);
#992=ORIENTED_EDGE('',*,*,#763,.T.);
#993=ORIENTED_EDGE('',*,*,#764,.T.);
#994=ORIENTED_EDGE('',*,*,#761,.F.);
#995=ORIENTED_EDGE('',*,*,#765,.T.);
#996=ORIENTED_EDGE('',*,*,#763,.F.);
#997=ORIENTED_EDGE('',*,*,#721,.T.);
#998=ORIENTED_EDGE('',*,*,#760,.T.);
#999=ORIENTED_EDGE('',*,*,#765,.F.);
#1000=ORIENTED_EDGE('',*,*,#766,.F.);
#1001=ORIENTED_EDGE('',*,*,#767,.F.);
#1002=ORIENTED_EDGE('',*,*,#768,.T.);
#1003=ORIENTED_EDGE('',*,*,#759,.F.);
#1004=ORIENTED_EDGE('',*,*,#769,.F.);
#1005=ORIENTED_EDGE('',*,*,#770,.F.);
#1006=ORIENTED_EDGE('',*,*,#766,.T.);
#1007=ORIENTED_EDGE('',*,*,#724,.T.);
#1008=ORIENTED_EDGE('',*,*,#771,.T.);
#1009=ORIENTED_EDGE('',*,*,#772,.T.);
#1010=ORIENTED_EDGE('',*,*,#773,.F.);
#1011=ORIENTED_EDGE('',*,*,#727,.T.);
#1012=ORIENTED_EDGE('',*,*,#774,.T.);
#1013=ORIENTED_EDGE('',*,*,#775,.T.);
#1014=ORIENTED_EDGE('',*,*,#771,.F.);
#1015=ORIENTED_EDGE('',*,*,#726,.T.);
#1016=ORIENTED_EDGE('',*,*,#776,.T.);
#1017=ORIENTED_EDGE('',*,*,#777,.T.);
#1018=ORIENTED_EDGE('',*,*,#774,.F.);
#1019=ORIENTED_EDGE('',*,*,#778,.T.);
#1020=ORIENTED_EDGE('',*,*,#776,.F.);
#1021=ORIENTED_EDGE('',*,*,#725,.T.);
#1022=ORIENTED_EDGE('',*,*,#773,.T.);
#1023=ORIENTED_EDGE('',*,*,#778,.F.);
#1024=ORIENTED_EDGE('',*,*,#779,.F.);
#1025=ORIENTED_EDGE('',*,*,#780,.T.);
#1026=ORIENTED_EDGE('',*,*,#781,.T.);
#1027=ORIENTED_EDGE('',*,*,#772,.F.);
#1028=ORIENTED_EDGE('',*,*,#782,.F.);
#1029=ORIENTED_EDGE('',*,*,#783,.T.);
#1030=ORIENTED_EDGE('',*,*,#779,.T.);
#1031=ORIENTED_EDGE('',*,*,#784,.F.);
#1032=ORIENTED_EDGE('',*,*,#785,.F.);
#1033=ORIENTED_EDGE('',*,*,#786,.F.);
#1034=ORIENTED_EDGE('',*,*,#787,.T.);
#1035=ORIENTED_EDGE('',*,*,#785,.T.);
#1036=ORIENTED_EDGE('',*,*,#788,.T.);
#1037=ORIENTED_EDGE('',*,*,#789,.T.);
#1038=ORIENTED_EDGE('',*,*,#790,.T.);
#1039=ORIENTED_EDGE('',*,*,#791,.T.);
#1040=ORIENTED_EDGE('',*,*,#792,.F.);
#1041=ORIENTED_EDGE('',*,*,#793,.F.);
#1042=ORIENTED_EDGE('',*,*,#794,.F.);
#1043=ORIENTED_EDGE('',*,*,#795,.T.);
#1044=ORIENTED_EDGE('',*,*,#793,.T.);
#1045=ORIENTED_EDGE('',*,*,#796,.T.);
#1046=ORIENTED_EDGE('',*,*,#797,.T.);
#1047=ORIENTED_EDGE('',*,*,#798,.T.);
#1048=ORIENTED_EDGE('',*,*,#799,.T.);
#1049=ORIENTED_EDGE('',*,*,#784,.T.);
#1050=ORIENTED_EDGE('',*,*,#712,.T.);
#1051=ORIENTED_EDGE('',*,*,#794,.T.);
#1052=ORIENTED_EDGE('',*,*,#800,.T.);
#1053=ORIENTED_EDGE('',*,*,#801,.F.);
#1054=ORIENTED_EDGE('',*,*,#802,.F.);
#1055=ORIENTED_EDGE('',*,*,#803,.F.);
#1056=ORIENTED_EDGE('',*,*,#804,.T.);
#1057=ORIENTED_EDGE('',*,*,#802,.T.);
#1058=ORIENTED_EDGE('',*,*,#805,.T.);
#1059=ORIENTED_EDGE('',*,*,#806,.T.);
#1060=ORIENTED_EDGE('',*,*,#807,.T.);
#1061=ORIENTED_EDGE('',*,*,#808,.T.);
#1062=ORIENTED_EDGE('',*,*,#809,.F.);
#1063=ORIENTED_EDGE('',*,*,#810,.F.);
#1064=ORIENTED_EDGE('',*,*,#811,.F.);
#1065=ORIENTED_EDGE('',*,*,#812,.T.);
#1066=ORIENTED_EDGE('',*,*,#810,.T.);
#1067=ORIENTED_EDGE('',*,*,#813,.T.);
#1068=ORIENTED_EDGE('',*,*,#814,.T.);
#1069=ORIENTED_EDGE('',*,*,#815,.T.);
#1070=ORIENTED_EDGE('',*,*,#816,.T.);
#1071=ORIENTED_EDGE('',*,*,#817,.F.);
#1072=ORIENTED_EDGE('',*,*,#818,.T.);
#1073=ORIENTED_EDGE('',*,*,#819,.T.);
#1074=ORIENTED_EDGE('',*,*,#815,.F.);
#1075=ORIENTED_EDGE('',*,*,#792,.T.);
#1076=ORIENTED_EDGE('',*,*,#715,.T.);
#1077=ORIENTED_EDGE('',*,*,#811,.T.);
#1078=ORIENTED_EDGE('',*,*,#820,.T.);
#1079=ORIENTED_EDGE('',*,*,#809,.T.);
#1080=ORIENTED_EDGE('',*,*,#714,.T.);
#1081=ORIENTED_EDGE('',*,*,#803,.T.);
#1082=ORIENTED_EDGE('',*,*,#821,.T.);
#1083=ORIENTED_EDGE('',*,*,#801,.T.);
#1084=ORIENTED_EDGE('',*,*,#713,.T.);
#1085=ORIENTED_EDGE('',*,*,#786,.T.);
#1086=ORIENTED_EDGE('',*,*,#822,.T.);
#1087=ORIENTED_EDGE('',*,*,#823,.F.);
#1088=ORIENTED_EDGE('',*,*,#824,.T.);
#1089=ORIENTED_EDGE('',*,*,#825,.T.);
#1090=ORIENTED_EDGE('',*,*,#807,.F.);
#1091=ORIENTED_EDGE('',*,*,#826,.T.);
#1092=ORIENTED_EDGE('',*,*,#827,.T.);
#1093=ORIENTED_EDGE('',*,*,#798,.F.);
#1094=ORIENTED_EDGE('',*,*,#828,.F.);
#1095=ORIENTED_EDGE('',*,*,#829,.F.);
#1096=ORIENTED_EDGE('',*,*,#830,.T.);
#1097=ORIENTED_EDGE('',*,*,#831,.T.);
#1098=ORIENTED_EDGE('',*,*,#790,.F.);
#1099=ORIENTED_EDGE('',*,*,#813,.F.);
#1100=ORIENTED_EDGE('',*,*,#821,.F.);
#1101=ORIENTED_EDGE('',*,*,#804,.F.);
#1102=ORIENTED_EDGE('',*,*,#832,.F.);
#1103=ORIENTED_EDGE('',*,*,#817,.T.);
#1104=ORIENTED_EDGE('',*,*,#814,.F.);
#1105=ORIENTED_EDGE('',*,*,#832,.T.);
#1106=ORIENTED_EDGE('',*,*,#808,.F.);
#1107=ORIENTED_EDGE('',*,*,#825,.F.);
#1108=ORIENTED_EDGE('',*,*,#833,.T.);
#1109=ORIENTED_EDGE('',*,*,#805,.F.);
#1110=ORIENTED_EDGE('',*,*,#822,.F.);
#1111=ORIENTED_EDGE('',*,*,#787,.F.);
#1112=ORIENTED_EDGE('',*,*,#834,.F.);
#1113=ORIENTED_EDGE('',*,*,#823,.T.);
#1114=ORIENTED_EDGE('',*,*,#806,.F.);
#1115=ORIENTED_EDGE('',*,*,#834,.T.);
#1116=ORIENTED_EDGE('',*,*,#791,.F.);
#1117=ORIENTED_EDGE('',*,*,#831,.F.);
#1118=ORIENTED_EDGE('',*,*,#835,.T.);
#1119=ORIENTED_EDGE('',*,*,#836,.F.);
#1120=ORIENTED_EDGE('',*,*,#837,.T.);
#1121=ORIENTED_EDGE('',*,*,#838,.F.);
#1122=ORIENTED_EDGE('',*,*,#837,.F.);
#1123=ORIENTED_EDGE('',*,*,#839,.F.);
#1124=ORIENTED_EDGE('',*,*,#840,.T.);
#1125=ORIENTED_EDGE('',*,*,#841,.F.);
#1126=ORIENTED_EDGE('',*,*,#840,.F.);
#1127=ORIENTED_EDGE('',*,*,#842,.F.);
#1128=ORIENTED_EDGE('',*,*,#843,.T.);
#1129=ORIENTED_EDGE('',*,*,#844,.F.);
#1130=ORIENTED_EDGE('',*,*,#843,.F.);
#1131=ORIENTED_EDGE('',*,*,#845,.F.);
#1132=ORIENTED_EDGE('',*,*,#846,.T.);
#1133=ORIENTED_EDGE('',*,*,#847,.F.);
#1134=ORIENTED_EDGE('',*,*,#846,.F.);
#1135=ORIENTED_EDGE('',*,*,#819,.F.);
#1136=ORIENTED_EDGE('',*,*,#848,.T.);
#1137=ORIENTED_EDGE('',*,*,#828,.T.);
#1138=ORIENTED_EDGE('',*,*,#797,.F.);
#1139=ORIENTED_EDGE('',*,*,#849,.T.);
#1140=ORIENTED_EDGE('',*,*,#816,.F.);
#1141=ORIENTED_EDGE('',*,*,#827,.F.);
#1142=ORIENTED_EDGE('',*,*,#850,.T.);
#1143=ORIENTED_EDGE('',*,*,#829,.T.);
#1144=ORIENTED_EDGE('',*,*,#789,.F.);
#1145=ORIENTED_EDGE('',*,*,#851,.T.);
#1146=ORIENTED_EDGE('',*,*,#799,.F.);
#1147=ORIENTED_EDGE('',*,*,#812,.F.);
#1148=ORIENTED_EDGE('',*,*,#849,.F.);
#1149=ORIENTED_EDGE('',*,*,#796,.F.);
#1150=ORIENTED_EDGE('',*,*,#820,.F.);
#1151=ORIENTED_EDGE('',*,*,#852,.F.);
#1152=ORIENTED_EDGE('',*,*,#853,.F.);
#1153=ORIENTED_EDGE('',*,*,#854,.F.);
#1154=ORIENTED_EDGE('',*,*,#855,.F.);
#1155=ORIENTED_EDGE('',*,*,#833,.F.);
#1156=ORIENTED_EDGE('',*,*,#824,.F.);
#1157=ORIENTED_EDGE('',*,*,#835,.F.);
#1158=ORIENTED_EDGE('',*,*,#830,.F.);
#1159=ORIENTED_EDGE('',*,*,#850,.F.);
#1160=ORIENTED_EDGE('',*,*,#826,.F.);
#1161=ORIENTED_EDGE('',*,*,#848,.F.);
#1162=ORIENTED_EDGE('',*,*,#818,.F.);
#1163=ORIENTED_EDGE('',*,*,#845,.T.);
#1164=ORIENTED_EDGE('',*,*,#842,.T.);
#1165=ORIENTED_EDGE('',*,*,#839,.T.);
#1166=ORIENTED_EDGE('',*,*,#836,.T.);
#1167=ORIENTED_EDGE('',*,*,#852,.T.);
#1168=ORIENTED_EDGE('',*,*,#856,.T.);
#1169=ORIENTED_EDGE('',*,*,#857,.T.);
#1170=ORIENTED_EDGE('',*,*,#858,.F.);
#1171=ORIENTED_EDGE('',*,*,#855,.T.);
#1172=ORIENTED_EDGE('',*,*,#859,.T.);
#1173=ORIENTED_EDGE('',*,*,#860,.T.);
#1174=ORIENTED_EDGE('',*,*,#856,.F.);
#1175=ORIENTED_EDGE('',*,*,#854,.T.);
#1176=ORIENTED_EDGE('',*,*,#861,.T.);
#1177=ORIENTED_EDGE('',*,*,#862,.T.);
#1178=ORIENTED_EDGE('',*,*,#859,.F.);
#1179=ORIENTED_EDGE('',*,*,#863,.T.);
#1180=ORIENTED_EDGE('',*,*,#861,.F.);
#1181=ORIENTED_EDGE('',*,*,#853,.T.);
#1182=ORIENTED_EDGE('',*,*,#858,.T.);
#1183=ORIENTED_EDGE('',*,*,#863,.F.);
#1184=ORIENTED_EDGE('',*,*,#864,.F.);
#1185=ORIENTED_EDGE('',*,*,#865,.T.);
#1186=ORIENTED_EDGE('',*,*,#866,.T.);
#1187=ORIENTED_EDGE('',*,*,#857,.F.);
#1188=ORIENTED_EDGE('',*,*,#867,.F.);
#1189=ORIENTED_EDGE('',*,*,#868,.T.);
#1190=ORIENTED_EDGE('',*,*,#864,.T.);
#1191=ORIENTED_EDGE('',*,*,#736,.F.);
#1192=ORIENTED_EDGE('',*,*,#869,.F.);
#1193=ORIENTED_EDGE('',*,*,#870,.F.);
#1194=ORIENTED_EDGE('',*,*,#743,.T.);
#1195=ORIENTED_EDGE('',*,*,#738,.F.);
#1196=ORIENTED_EDGE('',*,*,#742,.F.);
#1197=ORIENTED_EDGE('',*,*,#871,.F.);
#1198=ORIENTED_EDGE('',*,*,#869,.T.);
#1199=ORIENTED_EDGE('',*,*,#701,.F.);
#1200=ORIENTED_EDGE('',*,*,#872,.F.);
#1201=ORIENTED_EDGE('',*,*,#873,.F.);
#1202=ORIENTED_EDGE('',*,*,#710,.T.);
#1203=ORIENTED_EDGE('',*,*,#704,.F.);
#1204=ORIENTED_EDGE('',*,*,#709,.F.);
#1205=ORIENTED_EDGE('',*,*,#874,.F.);
#1206=ORIENTED_EDGE('',*,*,#872,.T.);
#1207=ORIENTED_EDGE('',*,*,#764,.F.);
#1208=ORIENTED_EDGE('',*,*,#768,.F.);
#1209=ORIENTED_EDGE('',*,*,#875,.F.);
#1210=ORIENTED_EDGE('',*,*,#876,.T.);
#1211=ORIENTED_EDGE('',*,*,#762,.F.);
#1212=ORIENTED_EDGE('',*,*,#876,.F.);
#1213=ORIENTED_EDGE('',*,*,#877,.F.);
#1214=ORIENTED_EDGE('',*,*,#769,.T.);
#1215=ORIENTED_EDGE('',*,*,#749,.F.);
#1216=ORIENTED_EDGE('',*,*,#878,.F.);
#1217=ORIENTED_EDGE('',*,*,#879,.F.);
#1218=ORIENTED_EDGE('',*,*,#756,.T.);
#1219=ORIENTED_EDGE('',*,*,#751,.F.);
#1220=ORIENTED_EDGE('',*,*,#755,.F.);
#1221=ORIENTED_EDGE('',*,*,#880,.F.);
#1222=ORIENTED_EDGE('',*,*,#878,.T.);
#1223=ORIENTED_EDGE('',*,*,#795,.F.);
#1224=ORIENTED_EDGE('',*,*,#851,.F.);
#1225=ORIENTED_EDGE('',*,*,#788,.F.);
#1226=ORIENTED_EDGE('',*,*,#800,.F.);
#1227=ORIENTED_EDGE('',*,*,#757,.T.);
#1228=ORIENTED_EDGE('',*,*,#879,.T.);
#1229=ORIENTED_EDGE('',*,*,#880,.T.);
#1230=ORIENTED_EDGE('',*,*,#754,.T.);
#1231=ORIENTED_EDGE('',*,*,#875,.T.);
#1232=ORIENTED_EDGE('',*,*,#767,.T.);
#1233=ORIENTED_EDGE('',*,*,#770,.T.);
#1234=ORIENTED_EDGE('',*,*,#877,.T.);
#1235=ORIENTED_EDGE('',*,*,#711,.T.);
#1236=ORIENTED_EDGE('',*,*,#873,.T.);
#1237=ORIENTED_EDGE('',*,*,#874,.T.);
#1238=ORIENTED_EDGE('',*,*,#708,.T.);
#1239=ORIENTED_EDGE('',*,*,#744,.T.);
#1240=ORIENTED_EDGE('',*,*,#870,.T.);
#1241=ORIENTED_EDGE('',*,*,#871,.T.);
#1242=ORIENTED_EDGE('',*,*,#741,.T.);
#1243=ORIENTED_EDGE('',*,*,#775,.F.);
#1244=ORIENTED_EDGE('',*,*,#881,.F.);
#1245=ORIENTED_EDGE('',*,*,#882,.T.);
#1246=ORIENTED_EDGE('',*,*,#782,.T.);
#1247=ORIENTED_EDGE('',*,*,#777,.F.);
#1248=ORIENTED_EDGE('',*,*,#781,.F.);
#1249=ORIENTED_EDGE('',*,*,#883,.T.);
#1250=ORIENTED_EDGE('',*,*,#881,.T.);
#1251=ORIENTED_EDGE('',*,*,#860,.F.);
#1252=ORIENTED_EDGE('',*,*,#884,.F.);
#1253=ORIENTED_EDGE('',*,*,#885,.T.);
#1254=ORIENTED_EDGE('',*,*,#867,.T.);
#1255=ORIENTED_EDGE('',*,*,#862,.F.);
#1256=ORIENTED_EDGE('',*,*,#866,.F.);
#1257=ORIENTED_EDGE('',*,*,#886,.T.);
#1258=ORIENTED_EDGE('',*,*,#884,.T.);
#1259=ORIENTED_EDGE('',*,*,#886,.F.);
#1260=ORIENTED_EDGE('',*,*,#865,.F.);
#1261=ORIENTED_EDGE('',*,*,#868,.F.);
#1262=ORIENTED_EDGE('',*,*,#885,.F.);
#1263=ORIENTED_EDGE('',*,*,#783,.F.);
#1264=ORIENTED_EDGE('',*,*,#882,.F.);
#1265=ORIENTED_EDGE('',*,*,#883,.F.);
#1266=ORIENTED_EDGE('',*,*,#780,.F.);
#1267=ORIENTED_EDGE('',*,*,#847,.T.);
#1268=ORIENTED_EDGE('',*,*,#844,.T.);
#1269=ORIENTED_EDGE('',*,*,#841,.T.);
#1270=ORIENTED_EDGE('',*,*,#838,.T.);
#1271=PLANE('',#1427);
#1272=PLANE('',#1428);
#1273=PLANE('',#1429);
#1274=PLANE('',#1430);
#1275=PLANE('',#1431);
#1276=PLANE('',#1432);
#1277=PLANE('',#1433);
#1278=PLANE('',#1434);
#1279=PLANE('',#1435);
#1280=PLANE('',#1436);
#1281=PLANE('',#1437);
#1282=PLANE('',#1438);
#1283=PLANE('',#1439);
#1284=PLANE('',#1440);
#1285=PLANE('',#1441);
#1286=PLANE('',#1442);
#1287=PLANE('',#1443);
#1288=PLANE('',#1444);
#1289=PLANE('',#1445);
#1290=PLANE('',#1446);
#1291=PLANE('',#1447);
#1292=PLANE('',#1448);
#1293=PLANE('',#1449);
#1294=PLANE('',#1450);
#1295=PLANE('',#1451);
#1296=PLANE('',#1460);
#1297=PLANE('',#1461);
#1298=PLANE('',#1506);
#1299=PLANE('',#1507);
#1300=PLANE('',#1508);
#1301=PLANE('',#1509);
#1302=PLANE('',#1522);
#1303=PLANE('',#1523);
#1304=PLANE('',#1524);
#1305=PLANE('',#1525);
#1306=PLANE('',#1526);
#1307=PLANE('',#1527);
#1308=PLANE('',#1528);
#1309=PLANE('',#1529);
#1310=PLANE('',#1530);
#1311=PLANE('',#1531);
#1312=PLANE('',#1532);
#1313=PLANE('',#1533);
#1314=PLANE('',#1534);
#1315=PLANE('',#1535);
#1316=PLANE('',#1536);
#1317=PLANE('',#1537);
#1318=PLANE('',#1538);
#1319=PLANE('',#1539);
#1320=PLANE('',#1540);
#1321=PLANE('',#1541);
#1322=PLANE('',#1542);
#1323=PLANE('',#1543);
#1324=PLANE('',#1544);
#1325=PLANE('',#1545);
#1326=PLANE('',#1546);
#1327=PLANE('',#1547);
#1328=PLANE('',#1548);
#1329=PLANE('',#1549);
#1330=ADVANCED_FACE('',(#94),#1271,.T.);
#1331=ADVANCED_FACE('',(#95),#1272,.T.);
#1332=ADVANCED_FACE('',(#96),#1273,.T.);
#1333=ADVANCED_FACE('',(#97),#1274,.T.);
#1334=ADVANCED_FACE('',(#98),#1275,.T.);
#1335=ADVANCED_FACE('',(#99),#1276,.T.);
#1336=ADVANCED_FACE('',(#100,#79,#80,#81,#82,#83),#1277,.T.);
#1337=ADVANCED_FACE('',(#101),#1278,.T.);
#1338=ADVANCED_FACE('',(#102),#1279,.T.);
#1339=ADVANCED_FACE('',(#103),#1280,.T.);
#1340=ADVANCED_FACE('',(#104),#1281,.T.);
#1341=ADVANCED_FACE('',(#105),#1282,.T.);
#1342=ADVANCED_FACE('',(#106),#1283,.T.);
#1343=ADVANCED_FACE('',(#107),#1284,.T.);
#1344=ADVANCED_FACE('',(#108),#1285,.T.);
#1345=ADVANCED_FACE('',(#109),#1286,.T.);
#1346=ADVANCED_FACE('',(#110),#1287,.T.);
#1347=ADVANCED_FACE('',(#111),#1288,.T.);
#1348=ADVANCED_FACE('',(#112),#1289,.T.);
#1349=ADVANCED_FACE('',(#113),#1290,.T.);
#1350=ADVANCED_FACE('',(#114),#1291,.T.);
#1351=ADVANCED_FACE('',(#115),#1292,.T.);
#1352=ADVANCED_FACE('',(#116),#1293,.T.);
#1353=ADVANCED_FACE('',(#117),#1294,.T.);
#1354=ADVANCED_FACE('',(#118),#1295,.T.);
#1355=ADVANCED_FACE('',(#119),#59,.T.);
#1356=ADVANCED_FACE('',(#120),#60,.T.);
#1357=ADVANCED_FACE('',(#121),#61,.T.);
#1358=ADVANCED_FACE('',(#122),#62,.T.);
#1359=ADVANCED_FACE('',(#123),#1296,.T.);
#1360=ADVANCED_FACE('',(#124),#1297,.T.);
#1361=ADVANCED_FACE('',(#125),#35,.T.);
#1362=ADVANCED_FACE('',(#126),#63,.T.);
#1363=ADVANCED_FACE('',(#127),#36,.T.);
#1364=ADVANCED_FACE('',(#128),#64,.T.);
#1365=ADVANCED_FACE('',(#129),#65,.T.);
#1366=ADVANCED_FACE('',(#130),#37,.T.);
#1367=ADVANCED_FACE('',(#131),#66,.T.);
#1368=ADVANCED_FACE('',(#132),#38,.T.);
#1369=ADVANCED_FACE('',(#133),#67,.T.);
#1370=ADVANCED_FACE('',(#134),#68,.T.);
#1371=ADVANCED_FACE('',(#135),#69,.T.);
#1372=ADVANCED_FACE('',(#136),#70,.T.);
#1373=ADVANCED_FACE('',(#137),#71,.T.);
#1374=ADVANCED_FACE('',(#138),#72,.T.);
#1375=ADVANCED_FACE('',(#139),#73,.T.);
#1376=ADVANCED_FACE('',(#140),#74,.T.);
#1377=ADVANCED_FACE('',(#141),#1298,.T.);
#1378=ADVANCED_FACE('',(#142),#1299,.T.);
#1379=ADVANCED_FACE('',(#143),#1300,.T.);
#1380=ADVANCED_FACE('',(#144),#1301,.T.);
#1381=ADVANCED_FACE('',(#145),#75,.F.);
#1382=ADVANCED_FACE('',(#146),#76,.F.);
#1383=ADVANCED_FACE('',(#147),#77,.F.);
#1384=ADVANCED_FACE('',(#148),#78,.F.);
#1385=ADVANCED_FACE('',(#149),#1302,.T.);
#1386=ADVANCED_FACE('',(#150),#1303,.T.);
#1387=ADVANCED_FACE('',(#151),#1304,.T.);
#1388=ADVANCED_FACE('',(#152,#84,#85,#86,#87,#88),#1305,.T.);
#1389=ADVANCED_FACE('',(#153),#1306,.T.);
#1390=ADVANCED_FACE('',(#154),#1307,.T.);
#1391=ADVANCED_FACE('',(#155),#1308,.T.);
#1392=ADVANCED_FACE('',(#156),#1309,.T.);
#1393=ADVANCED_FACE('',(#157),#1310,.T.);
#1394=ADVANCED_FACE('',(#158),#1311,.T.);
#1395=ADVANCED_FACE('',(#159),#1312,.T.);
#1396=ADVANCED_FACE('',(#160),#1313,.T.);
#1397=ADVANCED_FACE('',(#161),#1314,.T.);
#1398=ADVANCED_FACE('',(#162),#1315,.T.);
#1399=ADVANCED_FACE('',(#163),#1316,.T.);
#1400=ADVANCED_FACE('',(#164),#1317,.T.);
#1401=ADVANCED_FACE('',(#165),#1318,.T.);
#1402=ADVANCED_FACE('',(#166),#1319,.T.);
#1403=ADVANCED_FACE('',(#167),#1320,.T.);
#1404=ADVANCED_FACE('',(#168),#1321,.T.);
#1405=ADVANCED_FACE('',(#169),#1322,.T.);
#1406=ADVANCED_FACE('',(#170),#1323,.T.);
#1407=ADVANCED_FACE('',(#171),#1324,.T.);
#1408=ADVANCED_FACE('',(#172),#1325,.T.);
#1409=ADVANCED_FACE('',(#173),#1326,.T.);
#1410=ADVANCED_FACE('',(#174),#1327,.T.);
#1411=ADVANCED_FACE('',(#175),#1328,.T.);
#1412=ADVANCED_FACE('',(#176,#89,#90,#91,#92,#93),#1329,.F.);
#1413=CLOSED_SHELL('',(#1330,#1331,#1332,#1333,#1334,#1335,#1336,#1337,
#1338,#1339,#1340,#1341,#1342,#1343,#1344,#1345,#1346,#1347,#1348,#1349,
#1350,#1351,#1352,#1353,#1354,#1355,#1356,#1357,#1358,#1359,#1360,#1361,
#1362,#1363,#1364,#1365,#1366,#1367,#1368,#1369,#1370,#1371,#1372,#1373,
#1374,#1375,#1376,#1377,#1378,#1379,#1380,#1381,#1382,#1383,#1384,#1385,
#1386,#1387,#1388,#1389,#1390,#1391,#1392,#1393,#1394,#1395,#1396,#1397,
#1398,#1399,#1400,#1401,#1402,#1403,#1404,#1405,#1406,#1407,#1408,#1409,
#1410,#1411,#1412));
#1414=DERIVED_UNIT_ELEMENT(#1416,1.);
#1415=DERIVED_UNIT_ELEMENT(#2347,-3.);
#1416=(
MASS_UNIT()
NAMED_UNIT(*)
SI_UNIT(.KILO.,.GRAM.)
);
#1417=DERIVED_UNIT((#1414,#1415));
#1418=MEASURE_REPRESENTATION_ITEM('density measure',
POSITIVE_RATIO_MEASURE(7850.),#1417);
#1419=PROPERTY_DEFINITION_REPRESENTATION(#1424,#1421);
#1420=PROPERTY_DEFINITION_REPRESENTATION(#1425,#1422);
#1421=REPRESENTATION('material name',(#1423),#2344);
#1422=REPRESENTATION('density',(#1418),#2344);
#1423=DESCRIPTIVE_REPRESENTATION_ITEM('Steel','Steel');
#1424=PROPERTY_DEFINITION('material property','material name',#2354);
#1425=PROPERTY_DEFINITION('material property','density of part',#2354);
#1426=AXIS2_PLACEMENT_3D('',#1950,#1550,#1551);
#1427=AXIS2_PLACEMENT_3D('',#1951,#1552,#1553);
#1428=AXIS2_PLACEMENT_3D('',#1960,#1558,#1559);
#1429=AXIS2_PLACEMENT_3D('',#1966,#1563,#1564);
#1430=AXIS2_PLACEMENT_3D('',#1972,#1568,#1569);
#1431=AXIS2_PLACEMENT_3D('',#1975,#1572,#1573);
#1432=AXIS2_PLACEMENT_3D('',#1981,#1577,#1578);
#1433=AXIS2_PLACEMENT_3D('',#1985,#1581,#1582);
#1434=AXIS2_PLACEMENT_3D('',#2026,#1603,#1604);
#1435=AXIS2_PLACEMENT_3D('',#2032,#1608,#1609);
#1436=AXIS2_PLACEMENT_3D('',#2036,#1612,#1613);
#1437=AXIS2_PLACEMENT_3D('',#2040,#1616,#1617);
#1438=AXIS2_PLACEMENT_3D('',#2042,#1619,#1620);
#1439=AXIS2_PLACEMENT_3D('',#2048,#1624,#1625);
#1440=AXIS2_PLACEMENT_3D('',#2052,#1628,#1629);
#1441=AXIS2_PLACEMENT_3D('',#2058,#1633,#1634);
#1442=AXIS2_PLACEMENT_3D('',#2062,#1637,#1638);
#1443=AXIS2_PLACEMENT_3D('',#2066,#1641,#1642);
#1444=AXIS2_PLACEMENT_3D('',#2068,#1644,#1645);
#1445=AXIS2_PLACEMENT_3D('',#2074,#1649,#1650);
#1446=AXIS2_PLACEMENT_3D('',#2078,#1653,#1654);
#1447=AXIS2_PLACEMENT_3D('',#2084,#1658,#1659);
#1448=AXIS2_PLACEMENT_3D('',#2088,#1662,#1663);
#1449=AXIS2_PLACEMENT_3D('',#2092,#1666,#1667);
#1450=AXIS2_PLACEMENT_3D('',#2094,#1669,#1670);
#1451=AXIS2_PLACEMENT_3D('',#2100,#1674,#1675);
#1452=AXIS2_PLACEMENT_3D('',#2104,#1678,#1679);
#1453=AXIS2_PLACEMENT_3D('',#2106,#1680,#1681);
#1454=AXIS2_PLACEMENT_3D('',#2109,#1683,#1684);
#1455=AXIS2_PLACEMENT_3D('',#2110,#1685,#1686);
#1456=AXIS2_PLACEMENT_3D('',#2112,#1687,#1688);
#1457=AXIS2_PLACEMENT_3D('',#2114,#1690,#1691);
#1458=AXIS2_PLACEMENT_3D('',#2116,#1692,#1693);
#1459=AXIS2_PLACEMENT_3D('',#2118,#1695,#1696);
#1460=AXIS2_PLACEMENT_3D('',#2120,#1698,#1699);
#1461=AXIS2_PLACEMENT_3D('',#2126,#1703,#1704);
#1462=AXIS2_PLACEMENT_3D('',#2130,#1707,#1708);
#1463=AXIS2_PLACEMENT_3D('',#2132,#1709,#1710);
#1464=AXIS2_PLACEMENT_3D('',#2134,#1711,#1712);
#1465=AXIS2_PLACEMENT_3D('',#2135,#1713,#1714);
#1466=AXIS2_PLACEMENT_3D('',#2136,#1715,#1716);
#1467=AXIS2_PLACEMENT_3D('',#2142,#1719,#1720);
#1468=AXIS2_PLACEMENT_3D('',#2144,#1721,#1722);
#1469=AXIS2_PLACEMENT_3D('',#2145,#1723,#1724);
#1470=AXIS2_PLACEMENT_3D('',#2146,#1725,#1726);
#1471=AXIS2_PLACEMENT_3D('',#2148,#1727,#1728);
#1472=AXIS2_PLACEMENT_3D('',#2150,#1729,#1730);
#1473=AXIS2_PLACEMENT_3D('',#2151,#1731,#1732);
#1474=AXIS2_PLACEMENT_3D('',#2152,#1733,#1734);
#1475=AXIS2_PLACEMENT_3D('',#2158,#1737,#1738);
#1476=AXIS2_PLACEMENT_3D('',#2160,#1739,#1740);
#1477=AXIS2_PLACEMENT_3D('',#2161,#1741,#1742);
#1478=AXIS2_PLACEMENT_3D('',#2162,#1743,#1744);
#1479=AXIS2_PLACEMENT_3D('',#2164,#1746,#1747);
#1480=AXIS2_PLACEMENT_3D('',#2166,#1748,#1749);
#1481=AXIS2_PLACEMENT_3D('',#2168,#1750,#1751);
#1482=AXIS2_PLACEMENT_3D('',#2169,#1752,#1753);
#1483=AXIS2_PLACEMENT_3D('',#2170,#1754,#1755);
#1484=AXIS2_PLACEMENT_3D('',#2176,#1758,#1759);
#1485=AXIS2_PLACEMENT_3D('',#2178,#1760,#1761);
#1486=AXIS2_PLACEMENT_3D('',#2179,#1762,#1763);
#1487=AXIS2_PLACEMENT_3D('',#2180,#1764,#1765);
#1488=AXIS2_PLACEMENT_3D('',#2182,#1766,#1767);
#1489=AXIS2_PLACEMENT_3D('',#2184,#1768,#1769);
#1490=AXIS2_PLACEMENT_3D('',#2185,#1770,#1771);
#1491=AXIS2_PLACEMENT_3D('',#2186,#1772,#1773);
#1492=AXIS2_PLACEMENT_3D('',#2192,#1776,#1777);
#1493=AXIS2_PLACEMENT_3D('',#2194,#1778,#1779);
#1494=AXIS2_PLACEMENT_3D('',#2195,#1780,#1781);
#1495=AXIS2_PLACEMENT_3D('',#2196,#1782,#1783);
#1496=AXIS2_PLACEMENT_3D('',#2200,#1785,#1786);
#1497=AXIS2_PLACEMENT_3D('',#2202,#1788,#1789);
#1498=AXIS2_PLACEMENT_3D('',#2204,#1791,#1792);
#1499=AXIS2_PLACEMENT_3D('',#2206,#1794,#1795);
#1500=AXIS2_PLACEMENT_3D('',#2208,#1797,#1798);
#1501=AXIS2_PLACEMENT_3D('',#2212,#1800,#1801);
#1502=AXIS2_PLACEMENT_3D('',#2214,#1803,#1804);
#1503=AXIS2_PLACEMENT_3D('',#2217,#1805,#1806);
#1504=AXIS2_PLACEMENT_3D('',#2220,#1809,#1810);
#1505=AXIS2_PLACEMENT_3D('',#2224,#1812,#1813);
#1506=AXIS2_PLACEMENT_3D('',#2226,#1815,#1816);
#1507=AXIS2_PLACEMENT_3D('',#2228,#1818,#1819);
#1508=AXIS2_PLACEMENT_3D('',#2230,#1821,#1822);
#1509=AXIS2_PLACEMENT_3D('',#2232,#1824,#1825);
#1510=AXIS2_PLACEMENT_3D('',#2234,#1827,#1828);
#1511=AXIS2_PLACEMENT_3D('',#2236,#1829,#1830);
#1512=AXIS2_PLACEMENT_3D('',#2239,#1832,#1833);
#1513=AXIS2_PLACEMENT_3D('',#2240,#1834,#1835);
#1514=AXIS2_PLACEMENT_3D('',#2242,#1836,#1837);
#1515=AXIS2_PLACEMENT_3D('',#2245,#1839,#1840);
#1516=AXIS2_PLACEMENT_3D('',#2246,#1841,#1842);
#1517=AXIS2_PLACEMENT_3D('',#2248,#1843,#1844);
#1518=AXIS2_PLACEMENT_3D('',#2251,#1846,#1847);
#1519=AXIS2_PLACEMENT_3D('',#2252,#1848,#1849);
#1520=AXIS2_PLACEMENT_3D('',#2254,#1850,#1851);
#1521=AXIS2_PLACEMENT_3D('',#2257,#1853,#1854);
#1522=AXIS2_PLACEMENT_3D('',#2258,#1855,#1856);
#1523=AXIS2_PLACEMENT_3D('',#2261,#1859,#1860);
#1524=AXIS2_PLACEMENT_3D('',#2264,#1863,#1864);
#1525=AXIS2_PLACEMENT_3D('',#2265,#1865,#1866);
#1526=AXIS2_PLACEMENT_3D('',#2274,#1871,#1872);
#1527=AXIS2_PLACEMENT_3D('',#2280,#1876,#1877);
#1528=AXIS2_PLACEMENT_3D('',#2284,#1880,#1881);
#1529=AXIS2_PLACEMENT_3D('',#2288,#1884,#1885);
#1530=AXIS2_PLACEMENT_3D('',#2290,#1887,#1888);
#1531=AXIS2_PLACEMENT_3D('',#2296,#1892,#1893);
#1532=AXIS2_PLACEMENT_3D('',#2300,#1896,#1897);
#1533=AXIS2_PLACEMENT_3D('',#2304,#1900,#1901);
#1534=AXIS2_PLACEMENT_3D('',#2306,#1903,#1904);
#1535=AXIS2_PLACEMENT_3D('',#2310,#1907,#1908);
#1536=AXIS2_PLACEMENT_3D('',#2312,#1910,#1911);
#1537=AXIS2_PLACEMENT_3D('',#2316,#1914,#1915);
#1538=AXIS2_PLACEMENT_3D('',#2318,#1917,#1918);
#1539=AXIS2_PLACEMENT_3D('',#2322,#1921,#1922);
#1540=AXIS2_PLACEMENT_3D('',#2324,#1924,#1925);
#1541=AXIS2_PLACEMENT_3D('',#2325,#1926,#1927);
#1542=AXIS2_PLACEMENT_3D('',#2326,#1928,#1929);
#1543=AXIS2_PLACEMENT_3D('',#2327,#1930,#1931);
#1544=AXIS2_PLACEMENT_3D('',#2328,#1932,#1933);
#1545=AXIS2_PLACEMENT_3D('',#2329,#1934,#1935);
#1546=AXIS2_PLACEMENT_3D('',#2333,#1938,#1939);
#1547=AXIS2_PLACEMENT_3D('',#2335,#1941,#1942);
#1548=AXIS2_PLACEMENT_3D('',#2339,#1945,#1946);
#1549=AXIS2_PLACEMENT_3D('',#2341,#1948,#1949);
#1550=DIRECTION('axis',(0.,0.,1.));
#1551=DIRECTION('refdir',(1.,0.,0.));
#1552=DIRECTION('center_axis',(0.,0.707106781186548,0.707106781186548));
#1553=DIRECTION('ref_axis',(1.,0.,0.));
#1554=DIRECTION('',(1.,0.,0.));
#1555=DIRECTION('',(-0.577350269189626,0.577350269189626,-0.577350269189626));
#1556=DIRECTION('',(-1.,0.,0.));
#1557=DIRECTION('',(0.577350340882873,0.577350125803105,-0.577350340882873));
#1558=DIRECTION('center_axis',(-0.707106781186548,0.,0.707106781186548));
#1559=DIRECTION('ref_axis',(0.707106781186548,0.,0.707106781186548));
#1560=DIRECTION('',(0.,1.,0.));
#1561=DIRECTION('',(-0.577350206099569,-0.577350395369719,-0.577350206099569));
#1562=DIRECTION('',(0.,-1.,0.));
#1563=DIRECTION('center_axis',(0.,-0.707106781186548,0.707106781186548));
#1564=DIRECTION('ref_axis',(1.,0.,0.));
#1565=DIRECTION('',(-1.,0.,0.));
#1566=DIRECTION('',(0.577350206099569,-0.577350395369719,-0.577350206099569));
#1567=DIRECTION('',(1.,0.,0.));
#1568=DIRECTION('center_axis',(0.707106781186548,0.,0.707106781186548));
#1569=DIRECTION('ref_axis',(0.707106781186548,0.,-0.707106781186548));
#1570=DIRECTION('',(0.,1.,0.));
#1571=DIRECTION('',(0.,-1.,0.));
#1572=DIRECTION('center_axis',(1.,0.,0.));
#1573=DIRECTION('ref_axis',(0.,1.,0.));
#1574=DIRECTION('',(0.,0.,1.));
#1575=DIRECTION('',(0.,-1.,0.));
#1576=DIRECTION('',(0.,0.,1.));
#1577=DIRECTION('center_axis',(0.,1.,0.));
#1578=DIRECTION('ref_axis',(-1.,0.,0.));
#1579=DIRECTION('',(0.,0.,1.));
#1580=DIRECTION('',(1.,0.,0.));
#1581=DIRECTION('center_axis',(0.,0.,1.));
#1582=DIRECTION('ref_axis',(1.,0.,0.));
#1583=DIRECTION('',(1.,0.,0.));
#1584=DIRECTION('',(0.,1.,0.));
#1585=DIRECTION('',(-1.,0.,0.));
#1586=DIRECTION('',(0.,-1.,0.));
#1587=DIRECTION('',(0.,1.,0.));
#1588=DIRECTION('',(1.,0.,0.));
#1589=DIRECTION('',(0.,-1.,0.));
#1590=DIRECTION('',(-1.,0.,0.));
#1591=DIRECTION('',(0.,1.,0.));
#1592=DIRECTION('',(1.,0.,0.));
#1593=DIRECTION('',(0.,-1.,0.));
#1594=DIRECTION('',(-1.,0.,0.));
#1595=DIRECTION('',(-1.,0.,0.));
#1596=DIRECTION('',(1.1686558153949E-16,1.,0.));
#1597=DIRECTION('',(1.,0.,0.));
#1598=DIRECTION('',(0.,-1.,0.));
#1599=DIRECTION('',(1.,0.,0.));
#1600=DIRECTION('',(0.,-1.,0.));
#1601=DIRECTION('',(-1.,0.,0.));
#1602=DIRECTION('',(0.,1.,0.));
#1603=DIRECTION('center_axis',(-0.707106781186548,0.,0.707106781186548));
#1604=DIRECTION('ref_axis',(0.707106781186548,0.,0.707106781186548));
#1605=DIRECTION('',(-0.577350269189626,-0.577350269189626,-0.577350269189626));
#1606=DIRECTION('',(0.,-1.,0.));
#1607=DIRECTION('',(-0.577350125803105,0.577350340882873,-0.577350340882873));
#1608=DIRECTION('center_axis',(0.,-0.707106781186548,0.707106781186548));
#1609=DIRECTION('ref_axis',(1.,0.,0.));
#1610=DIRECTION('',(0.577350395369719,-0.577350206099569,-0.577350206099569));
#1611=DIRECTION('',(1.,0.,0.));
#1612=DIRECTION('center_axis',(0.707106781186548,0.,0.707106781186548));
#1613=DIRECTION('ref_axis',(0.707106781186548,0.,-0.707106781186548));
#1614=DIRECTION('',(0.577350395369719,0.577350206099569,-0.577350206099569));
#1615=DIRECTION('',(0.,1.,0.));
#1616=DIRECTION('center_axis',(0.,0.707106781186548,0.707106781186548));
#1617=DIRECTION('ref_axis',(1.,0.,0.));
#1618=DIRECTION('',(-1.,0.,0.));
#1619=DIRECTION('center_axis',(0.,1.,0.));
#1620=DIRECTION('ref_axis',(-1.,0.,0.));
#1621=DIRECTION('',(0.,0.,1.));
#1622=DIRECTION('',(1.,0.,0.));
#1623=DIRECTION('',(0.,0.,1.));
#1624=DIRECTION('center_axis',(-1.,0.,0.));
#1625=DIRECTION('ref_axis',(0.,-1.,0.));
#1626=DIRECTION('',(0.,0.,1.));
#1627=DIRECTION('',(0.,1.,0.));
#1628=DIRECTION('center_axis',(0.,0.707106781186548,0.707106781186548));
#1629=DIRECTION('ref_axis',(1.,0.,0.));
#1630=DIRECTION('',(-0.577350206099569,0.577350395369719,-0.577350206099569));
#1631=DIRECTION('',(-1.,0.,0.));
#1632=DIRECTION('',(0.577350269189626,0.577350269189626,-0.577350269189626));
#1633=DIRECTION('center_axis',(-0.707106781186548,0.,0.707106781186548));
#1634=DIRECTION('ref_axis',(0.707106781186548,0.,0.707106781186548));
#1635=DIRECTION('',(-0.577350269189626,-0.577350269189626,-0.577350269189626));
#1636=DIRECTION('',(0.,-1.,0.));
#1637=DIRECTION('center_axis',(0.,-0.707106781186548,0.707106781186548));
#1638=DIRECTION('ref_axis',(1.,0.,0.));
#1639=DIRECTION('',(0.577350340882873,-0.577350125803105,-0.577350340882873));
#1640=DIRECTION('',(1.,0.,0.));
#1641=DIRECTION('center_axis',(0.707106781186548,0.,0.707106781186548));
#1642=DIRECTION('ref_axis',(0.707106781186548,0.,-0.707106781186548));
#1643=DIRECTION('',(0.,1.,0.));
#1644=DIRECTION('center_axis',(1.,0.,0.));
#1645=DIRECTION('ref_axis',(0.,1.,0.));
#1646=DIRECTION('',(0.,0.,1.));
#1647=DIRECTION('',(0.,-1.,0.));
#1648=DIRECTION('',(0.,0.,1.));
#1649=DIRECTION('center_axis',(0.,1.,0.));
#1650=DIRECTION('ref_axis',(-1.,0.,0.));
#1651=DIRECTION('',(0.,0.,1.));
#1652=DIRECTION('',(1.,0.,0.));
#1653=DIRECTION('center_axis',(-0.707106781186548,0.,0.707106781186548));
#1654=DIRECTION('ref_axis',(0.707106781186548,0.,0.707106781186548));
#1655=DIRECTION('',(-0.577350395369719,-0.577350206099569,-0.577350206099569));
#1656=DIRECTION('',(0.,-1.,0.));
#1657=DIRECTION('',(-0.577350395369719,0.577350206099569,-0.577350206099569));
#1658=DIRECTION('center_axis',(0.,-0.707106781186548,0.707106781186548));
#1659=DIRECTION('ref_axis',(1.,0.,0.));
#1660=DIRECTION('',(0.577350269189626,-0.577350269189626,-0.577350269189626));
#1661=DIRECTION('',(1.,0.,0.));
#1662=DIRECTION('center_axis',(0.707106781186548,0.,0.707106781186548));
#1663=DIRECTION('ref_axis',(0.707106781186548,0.,-0.707106781186548));
#1664=DIRECTION('',(0.577350269189626,0.577350269189626,-0.577350269189626));
#1665=DIRECTION('',(0.,1.,0.));
#1666=DIRECTION('center_axis',(0.,0.707106781186548,0.707106781186548));
#1667=DIRECTION('ref_axis',(1.,0.,0.));
#1668=DIRECTION('',(-1.,0.,0.));
#1669=DIRECTION('center_axis',(0.,1.,0.));
#1670=DIRECTION('ref_axis',(-1.,0.,0.));
#1671=DIRECTION('',(0.,0.,1.));
#1672=DIRECTION('',(1.,0.,0.));
#1673=DIRECTION('',(0.,0.,1.));
#1674=DIRECTION('center_axis',(-1.,0.,0.));
#1675=DIRECTION('ref_axis',(0.,-1.,0.));
#1676=DIRECTION('',(0.,0.,1.));
#1677=DIRECTION('',(0.,1.,0.));
#1678=DIRECTION('center_axis',(1.,0.,0.));
#1679=DIRECTION('ref_axis',(0.,-0.707106781186548,0.707106781186548));
#1680=DIRECTION('center_axis',(0.707106781186548,0.707106781186548,0.));
#1681=DIRECTION('ref_axis',(-0.707106781186548,0.707106781186548,0.));
#1682=DIRECTION('',(1.,0.,0.));
#1683=DIRECTION('center_axis',(0.707106781186548,-0.707106781186548,1.57009245868377E-15));
#1684=DIRECTION('ref_axis',(0.707106781186548,0.707106781186548,1.57009245868377E-15));
#1685=DIRECTION('center_axis',(0.,1.,0.));
#1686=DIRECTION('ref_axis',(0.707106781186548,0.,0.707106781186548));
#1687=DIRECTION('center_axis',(-0.707106781186548,0.707106781186547,-1.57009245868377E-15));
#1688=DIRECTION('ref_axis',(-0.707106781186547,-0.707106781186548,-1.57009245868377E-15));
#1689=DIRECTION('',(0.,1.,0.));
#1690=DIRECTION('center_axis',(-1.,0.,0.));
#1691=DIRECTION('ref_axis',(0.,0.707106781186548,0.707106781186548));
#1692=DIRECTION('center_axis',(-0.707106781186549,-0.707106781186546,-1.57009245868377E-15));
#1693=DIRECTION('ref_axis',(0.707106781186546,-0.707106781186549,-1.57009245868378E-15));
#1694=DIRECTION('',(-1.,0.,0.));
#1695=DIRECTION('center_axis',(-1.1686558153949E-16,-1.,0.));
#1696=DIRECTION('ref_axis',(-0.707106781186548,0.,0.707106781186548));
#1697=DIRECTION('',(-1.1686558153949E-16,-1.,0.));
#1698=DIRECTION('center_axis',(-1.,1.1686558153949E-16,0.));
#1699=DIRECTION('ref_axis',(-1.1686558153949E-16,-1.,0.));
#1700=DIRECTION('',(0.,0.,1.));
#1701=DIRECTION('',(-1.1686558153949E-16,-1.,0.));
#1702=DIRECTION('',(0.,0.,1.));
#1703=DIRECTION('center_axis',(0.,-1.,0.));
#1704=DIRECTION('ref_axis',(1.,0.,0.));
#1705=DIRECTION('',(0.,0.,1.));
#1706=DIRECTION('',(1.,0.,0.));
#1707=DIRECTION('center_axis',(-0.408248290463862,-0.816496580927727,0.408248290463862));
#1708=DIRECTION('ref_axis',(-0.577350269189623,0.577350269189627,0.577350269189627));
#1709=DIRECTION('center_axis',(-1.,0.,8.88178419700124E-15));
#1710=DIRECTION('ref_axis',(0.,1.,0.));
#1711=DIRECTION('center_axis',(0.,0.,1.));
#1712=DIRECTION('ref_axis',(-1.,0.,0.));
#1713=DIRECTION('center_axis',(4.44089209850062E-15,1.,0.));
#1714=DIRECTION('ref_axis',(0.,0.,1.));
#1715=DIRECTION('center_axis',(0.,0.,1.));
#1716=DIRECTION('ref_axis',(-0.707106781186548,0.707106781186548,0.));
#1717=DIRECTION('',(0.,0.,1.));
#1718=DIRECTION('',(0.,0.,-1.));
#1719=DIRECTION('center_axis',(0.,0.707106781186547,0.707106781186548));
#1720=DIRECTION('ref_axis',(-4.9065389333868E-17,0.707106781186548,-0.707106781186547));
#1721=DIRECTION('center_axis',(0.325057583671869,-0.325057583671862,0.888073833977117));
#1722=DIRECTION('ref_axis',(0.627963030199563,-0.627963030199549,-0.459700843380979));
#1723=DIRECTION('center_axis',(-0.707106781186547,0.,0.707106781186548));
#1724=DIRECTION('ref_axis',(-0.707106781186548,4.9065389333868E-17,-0.707106781186547));
#1725=DIRECTION('center_axis',(0.408248290463858,-0.81649658092773,0.408248290463861));
#1726=DIRECTION('ref_axis',(0.577350269189627,0.577350269189623,0.577350269189627));
#1727=DIRECTION('center_axis',(0.,1.,8.88178419700124E-15));
#1728=DIRECTION('ref_axis',(1.,0.,0.));
#1729=DIRECTION('center_axis',(0.,0.,1.));
#1730=DIRECTION('ref_axis',(0.,1.,0.));
#1731=DIRECTION('center_axis',(1.,-4.44089209850062E-15,0.));
#1732=DIRECTION('ref_axis',(0.,0.,1.));
#1733=DIRECTION('center_axis',(0.,0.,1.));
#1734=DIRECTION('ref_axis',(0.707106781186548,0.707106781186548,0.));
#1735=DIRECTION('',(0.,0.,1.));
#1736=DIRECTION('',(0.,0.,-1.));
#1737=DIRECTION('center_axis',(0.707106781186547,0.,0.707106781186548));
#1738=DIRECTION('ref_axis',(0.707106781186548,4.9065389333868E-17,-0.707106781186547));
#1739=DIRECTION('center_axis',(-0.325057583671868,-0.325057583671868,0.888073833977116));
#1740=DIRECTION('ref_axis',(-0.627963030199555,-0.627963030199555,-0.459700843380982));
#1741=DIRECTION('center_axis',(0.,0.707106781186547,0.707106781186548));
#1742=DIRECTION('ref_axis',(4.9065389333868E-17,0.707106781186548,-0.707106781186547));
#1743=DIRECTION('center_axis',(-1.,0.,0.));
#1744=DIRECTION('ref_axis',(0.,0.707106781186549,0.707106781186546));
#1745=DIRECTION('',(-1.,0.,0.));
#1746=DIRECTION('center_axis',(0.408248290463858,-0.81649658092773,-0.408248290463861));
#1747=DIRECTION('ref_axis',(-0.577350269189627,-0.577350269189623,0.577350269189627));
#1748=DIRECTION('center_axis',(0.,-1.,8.88178419700124E-15));
#1749=DIRECTION('ref_axis',(-1.,0.,0.));
#1750=DIRECTION('center_axis',(0.,0.,1.));
#1751=DIRECTION('ref_axis',(0.,-1.,0.));
#1752=DIRECTION('center_axis',(-1.,4.44089209850062E-15,0.));
#1753=DIRECTION('ref_axis',(0.,0.,1.));
#1754=DIRECTION('center_axis',(0.,0.,1.));
#1755=DIRECTION('ref_axis',(-0.707106781186548,-0.707106781186548,0.));
#1756=DIRECTION('',(0.,0.,1.));
#1757=DIRECTION('',(0.,0.,-1.));
#1758=DIRECTION('center_axis',(-0.707106781186547,0.,0.707106781186548));
#1759=DIRECTION('ref_axis',(-0.707106781186548,-4.9065389333868E-17,-0.707106781186547));
#1760=DIRECTION('center_axis',(0.325057583671862,0.325057583671868,0.888073833977117));
#1761=DIRECTION('ref_axis',(0.627963030199551,0.627963030199561,-0.459700843380979));
#1762=DIRECTION('center_axis',(0.,-0.707106781186547,0.707106781186548));
#1763=DIRECTION('ref_axis',(-4.9065389333868E-17,-0.707106781186548,-0.707106781186547));
#1764=DIRECTION('center_axis',(-0.408248290463862,-0.816496580927727,-0.408248290463862));
#1765=DIRECTION('ref_axis',(0.577350269189623,-0.577350269189627,0.577350269189627));
#1766=DIRECTION('center_axis',(1.,0.,8.88178419700124E-15));
#1767=DIRECTION('ref_axis',(0.,-1.,0.));
#1768=DIRECTION('center_axis',(0.,0.,1.));
#1769=DIRECTION('ref_axis',(1.,0.,0.));
#1770=DIRECTION('center_axis',(-4.44089209850062E-15,-1.,0.));
#1771=DIRECTION('ref_axis',(0.,0.,1.));
#1772=DIRECTION('center_axis',(0.,0.,1.));
#1773=DIRECTION('ref_axis',(0.707106781186548,-0.707106781186548,0.));
#1774=DIRECTION('',(0.,0.,1.));
#1775=DIRECTION('',(0.,0.,-1.));
#1776=DIRECTION('center_axis',(0.,-0.707106781186547,0.707106781186548));
#1777=DIRECTION('ref_axis',(4.9065389333868E-17,-0.707106781186548,-0.707106781186547));
#1778=DIRECTION('center_axis',(-0.32505758367187,0.325057583671865,0.888073833977116));
#1779=DIRECTION('ref_axis',(-0.62796303019956,0.627963030199549,-0.459700843380982));
#1780=DIRECTION('center_axis',(0.707106781186547,0.,0.707106781186548));
#1781=DIRECTION('ref_axis',(0.707106781186548,-4.9065389333868E-17,-0.707106781186547));
#1782=DIRECTION('center_axis',(0.577350269189626,-0.577350269189626,-0.577350269189625));
#1783=DIRECTION('ref_axis',(0.408248290463861,-0.408248290463863,0.816496580927727));
#1784=DIRECTION('',(-0.577350269189626,0.577350269189626,0.577350269189625));
#1785=DIRECTION('center_axis',(0.,0.,-1.));
#1786=DIRECTION('ref_axis',(0.707106781186547,-0.707106781186548,0.));
#1787=DIRECTION('',(-0.577350269189626,0.577350269189626,0.577350269189625));
#1788=DIRECTION('center_axis',(0.,1.,0.));
#1789=DIRECTION('ref_axis',(0.707106781186549,0.,0.707106781186546));
#1790=DIRECTION('',(0.,1.,0.));
#1791=DIRECTION('center_axis',(1.,0.,0.));
#1792=DIRECTION('ref_axis',(0.,-0.707106781186549,0.707106781186546));
#1793=DIRECTION('',(1.,0.,0.));
#1794=DIRECTION('center_axis',(0.,-1.,0.));
#1795=DIRECTION('ref_axis',(-0.707106781186549,0.,0.707106781186546));
#1796=DIRECTION('',(0.,-1.,0.));
#1797=DIRECTION('center_axis',(-0.577350269189626,-0.577350269189626,-0.577350269189625));
#1798=DIRECTION('ref_axis',(-0.408248290463863,-0.408248290463861,0.816496580927727));
#1799=DIRECTION('',(0.577350269189626,0.577350269189626,0.577350269189625));
#1800=DIRECTION('center_axis',(0.,0.,-1.));
#1801=DIRECTION('ref_axis',(-0.707106781186548,-0.707106781186547,0.));
#1802=DIRECTION('',(0.577350269189626,0.577350269189626,0.577350269189625));
#1803=DIRECTION('center_axis',(-0.577350269189626,-0.577350269189626,0.577350269189625));
#1804=DIRECTION('ref_axis',(0.408248290463861,0.408248290463861,0.816496580927728));
#1805=DIRECTION('center_axis',(0.,0.,-1.));
#1806=DIRECTION('ref_axis',(0.707106781186547,0.707106781186547,0.));
#1807=DIRECTION('',(-0.577350269189626,-0.577350269189626,0.577350269189625));
#1808=DIRECTION('',(-0.577350269189626,-0.577350269189626,0.577350269189625));
#1809=DIRECTION('center_axis',(-0.577350269189626,0.577350269189626,-0.577350269189625));
#1810=DIRECTION('ref_axis',(-0.408248290463863,0.408248290463863,0.816496580927726));
#1811=DIRECTION('',(0.577350269189626,-0.577350269189626,0.577350269189625));
#1812=DIRECTION('center_axis',(0.,0.,-1.));
#1813=DIRECTION('ref_axis',(-0.707106781186547,0.707106781186547,0.));
#1814=DIRECTION('',(0.577350269189626,-0.577350269189626,0.577350269189625));
#1815=DIRECTION('center_axis',(0.,-1.,0.));
#1816=DIRECTION('ref_axis',(1.,0.,0.));
#1817=DIRECTION('',(-1.,0.,0.));
#1818=DIRECTION('center_axis',(0.,-0.707106781186547,0.707106781186548));
#1819=DIRECTION('ref_axis',(1.,0.,0.));
#1820=DIRECTION('',(1.,0.,0.));
#1821=DIRECTION('center_axis',(-1.,0.,0.));
#1822=DIRECTION('ref_axis',(0.,-1.,0.));
#1823=DIRECTION('',(0.,1.,0.));
#1824=DIRECTION('center_axis',(-0.707106781186547,0.,0.707106781186548));
#1825=DIRECTION('ref_axis',(0.707106781186548,0.,0.707106781186547));
#1826=DIRECTION('',(0.,-1.,0.));
#1827=DIRECTION('center_axis',(0.,0.,-1.));
#1828=DIRECTION('ref_axis',(-1.,0.,0.));
#1829=DIRECTION('center_axis',(0.,0.,-1.));
#1830=DIRECTION('ref_axis',(-1.,0.,0.));
#1831=DIRECTION('',(0.,0.,-1.));
#1832=DIRECTION('center_axis',(0.,0.,1.));
#1833=DIRECTION('ref_axis',(-1.,0.,0.));
#1834=DIRECTION('center_axis',(0.,0.,-1.));
#1835=DIRECTION('ref_axis',(-1.,0.,0.));
#1836=DIRECTION('center_axis',(0.,0.,-1.));
#1837=DIRECTION('ref_axis',(-1.,0.,0.));
#1838=DIRECTION('',(0.,0.,-1.));
#1839=DIRECTION('center_axis',(0.,0.,1.));
#1840=DIRECTION('ref_axis',(-1.,0.,0.));
#1841=DIRECTION('center_axis',(0.,0.,-1.));
#1842=DIRECTION('ref_axis',(-1.,0.,0.));
#1843=DIRECTION('center_axis',(0.,0.,-1.));
#1844=DIRECTION('ref_axis',(-1.,0.,0.));
#1845=DIRECTION('',(0.,0.,-1.));
#1846=DIRECTION('center_axis',(0.,0.,1.));
#1847=DIRECTION('ref_axis',(-1.,0.,0.));
#1848=DIRECTION('center_axis',(0.,0.,-1.));
#1849=DIRECTION('ref_axis',(-1.,0.,0.));
#1850=DIRECTION('center_axis',(0.,0.,-1.));
#1851=DIRECTION('ref_axis',(-1.,0.,0.));
#1852=DIRECTION('',(0.,0.,-1.));
#1853=DIRECTION('center_axis',(0.,0.,1.));
#1854=DIRECTION('ref_axis',(-1.,0.,0.));
#1855=DIRECTION('center_axis',(0.707106781186547,0.,0.707106781186548));
#1856=DIRECTION('ref_axis',(0.707106781186548,0.,-0.707106781186547));
#1857=DIRECTION('',(0.,1.,0.));
#1858=DIRECTION('',(0.,-1.,0.));
#1859=DIRECTION('center_axis',(0.,0.707106781186547,0.707106781186548));
#1860=DIRECTION('ref_axis',(1.,0.,0.));
#1861=DIRECTION('',(-1.,0.,0.));
#1862=DIRECTION('',(1.,0.,0.));
#1863=DIRECTION('center_axis',(1.,0.,0.));
#1864=DIRECTION('ref_axis',(0.,1.,0.));
#1865=DIRECTION('center_axis',(0.,0.,1.));
#1866=DIRECTION('ref_axis',(1.,0.,0.));
#1867=DIRECTION('',(2.22044604925031E-16,1.,0.));
#1868=DIRECTION('',(-1.,1.66533453693773E-16,0.));
#1869=DIRECTION('',(-1.11022302462516E-16,-1.,0.));
#1870=DIRECTION('',(1.,2.22044604925031E-16,0.));
#1871=DIRECTION('center_axis',(-0.707106781186547,1.57009245868377E-16,
0.707106781186548));
#1872=DIRECTION('ref_axis',(0.707106781186548,0.,0.707106781186547));
#1873=DIRECTION('',(-0.577350269189627,0.577350269189626,-0.577350269189625));
#1874=DIRECTION('',(-2.22044604925031E-16,-1.,0.));
#1875=DIRECTION('',(-0.577350269189626,-0.577350269189625,-0.577350269189626));
#1876=DIRECTION('center_axis',(-1.57009245868377E-16,0.707106781186546,
0.707106781186549));
#1877=DIRECTION('ref_axis',(1.,0.,2.22044604925031E-16));
#1878=DIRECTION('',(0.577350269189626,0.577350269189627,-0.577350269189624));
#1879=DIRECTION('',(-1.,-2.22044604925031E-16,0.));
#1880=DIRECTION('center_axis',(0.707106781186547,-7.85046229341887E-17,
0.707106781186548));
#1881=DIRECTION('ref_axis',(0.707106781186548,0.,-0.707106781186547));
#1882=DIRECTION('',(0.577350269189626,-0.577350269189626,-0.577350269189625));
#1883=DIRECTION('',(1.11022302462516E-16,1.,0.));
#1884=DIRECTION('center_axis',(-1.17756934401283E-16,-0.707106781186547,
0.707106781186548));
#1885=DIRECTION('ref_axis',(1.,0.,1.66533453693773E-16));
#1886=DIRECTION('',(1.,-1.66533453693773E-16,0.));
#1887=DIRECTION('center_axis',(-1.66533453693773E-16,-1.,0.));
#1888=DIRECTION('ref_axis',(1.,-1.66533453693773E-16,0.));
#1889=DIRECTION('',(0.,0.,1.));
#1890=DIRECTION('',(1.,-1.66533453693773E-16,0.));
#1891=DIRECTION('',(0.,0.,1.));
#1892=DIRECTION('center_axis',(-1.,2.22044604925031E-16,0.));
#1893=DIRECTION('ref_axis',(-2.22044604925031E-16,-1.,0.));
#1894=DIRECTION('',(0.,0.,1.));
#1895=DIRECTION('',(-2.22044604925031E-16,-1.,0.));
#1896=DIRECTION('center_axis',(0.,-1.,0.));
#1897=DIRECTION('ref_axis',(1.,0.,0.));
#1898=DIRECTION('',(0.,0.,1.));
#1899=DIRECTION('',(-1.,0.,0.));
#1900=DIRECTION('center_axis',(1.,0.,0.));
#1901=DIRECTION('ref_axis',(0.,1.,0.));
#1902=DIRECTION('',(0.,-1.,0.));
#1903=DIRECTION('center_axis',(-1.,0.,0.));
#1904=DIRECTION('ref_axis',(0.,-1.,0.));
#1905=DIRECTION('',(0.,0.,1.));
#1906=DIRECTION('',(0.,1.,0.));
#1907=DIRECTION('center_axis',(0.,-1.,0.));
#1908=DIRECTION('ref_axis',(1.,0.,0.));
#1909=DIRECTION('',(-1.,0.,0.));
#1910=DIRECTION('center_axis',(1.,0.,0.));
#1911=DIRECTION('ref_axis',(0.,1.,0.));
#1912=DIRECTION('',(0.,-1.,0.));
#1913=DIRECTION('',(0.,0.,1.));
#1914=DIRECTION('center_axis',(0.,-1.,0.));
#1915=DIRECTION('ref_axis',(1.,0.,0.));
#1916=DIRECTION('',(-1.,0.,0.));
#1917=DIRECTION('center_axis',(-1.,0.,0.));
#1918=DIRECTION('ref_axis',(0.,-1.,0.));
#1919=DIRECTION('',(0.,0.,1.));
#1920=DIRECTION('',(0.,1.,0.));
#1921=DIRECTION('center_axis',(0.,-1.,0.));
#1922=DIRECTION('ref_axis',(1.,0.,0.));
#1923=DIRECTION('',(-1.,0.,0.));
#1924=DIRECTION('center_axis',(0.,1.,0.));
#1925=DIRECTION('ref_axis',(-1.,0.,0.));
#1926=DIRECTION('center_axis',(0.,0.,1.));
#1927=DIRECTION('ref_axis',(1.,0.,0.));
#1928=DIRECTION('center_axis',(0.,0.,1.));
#1929=DIRECTION('ref_axis',(1.,0.,0.));
#1930=DIRECTION('center_axis',(0.,0.,1.));
#1931=DIRECTION('ref_axis',(1.,0.,0.));
#1932=DIRECTION('center_axis',(0.,0.,1.));
#1933=DIRECTION('ref_axis',(1.,0.,0.));
#1934=DIRECTION('center_axis',(1.,0.,0.));
#1935=DIRECTION('ref_axis',(0.,1.,0.));
#1936=DIRECTION('',(0.,0.,1.));
#1937=DIRECTION('',(0.,1.,0.));
#1938=DIRECTION('center_axis',(0.,1.,0.));
#1939=DIRECTION('ref_axis',(-1.,0.,0.));
#1940=DIRECTION('',(-1.,0.,0.));
#1941=DIRECTION('center_axis',(-2.22044604925031E-16,1.,0.));
#1942=DIRECTION('ref_axis',(-1.,-2.22044604925031E-16,0.));
#1943=DIRECTION('',(0.,0.,1.));
#1944=DIRECTION('',(-1.,-2.22044604925031E-16,0.));
#1945=DIRECTION('center_axis',(1.,-1.11022302462516E-16,0.));
#1946=DIRECTION('ref_axis',(1.11022302462516E-16,1.,0.));
#1947=DIRECTION('',(1.11022302462516E-16,1.,0.));
#1948=DIRECTION('center_axis',(0.,0.,1.));
#1949=DIRECTION('ref_axis',(1.,0.,0.));
#1950=CARTESIAN_POINT('',(0.,0.,0.));
#1951=CARTESIAN_POINT('Origin',(9.50000014156103,-25.5,83.5));
#1952=CARTESIAN_POINT('',(-20.0000002831221,-26.,84.));
#1953=CARTESIAN_POINT('',(20.0000002831221,-26.,84.));
#1954=CARTESIAN_POINT('',(9.50000014156103,-26.,84.));
#1955=CARTESIAN_POINT('',(19.0000002831221,-25.,83.));
#1956=CARTESIAN_POINT('',(20.0000002831221,-26.,84.));
#1957=CARTESIAN_POINT('',(-19.0000002831221,-25.000000372529,83.));
#1958=CARTESIAN_POINT('',(9.50000014156103,-25.,83.));
#1959=CARTESIAN_POINT('',(-20.0000002831221,-26.,84.));
#1960=CARTESIAN_POINT('Origin',(19.5000002831221,-11.0000001639128,83.5));
#1961=CARTESIAN_POINT('',(20.0000002831221,-21.,84.));
#1962=CARTESIAN_POINT('',(20.0000002831221,-11.0000001639128,84.));
#1963=CARTESIAN_POINT('',(19.0000002831221,-22.0000003278255,83.));
#1964=CARTESIAN_POINT('',(20.0000002831221,-21.,84.));
#1965=CARTESIAN_POINT('',(19.0000002831221,-11.0000001639128,83.));
#1966=CARTESIAN_POINT('Origin',(-9.50000014156103,-21.5,83.5));
#1967=CARTESIAN_POINT('',(-20.0000002831221,-21.,84.));
#1968=CARTESIAN_POINT('',(-9.50000014156103,-21.,84.));
#1969=CARTESIAN_POINT('',(-19.0000002831221,-22.0000003278255,83.));
#1970=CARTESIAN_POINT('',(-20.0000002831221,-21.,84.));
#1971=CARTESIAN_POINT('',(-9.50000014156103,-22.,83.));
#1972=CARTESIAN_POINT('Origin',(-19.5000002831221,-12.5000001862645,83.5));
#1973=CARTESIAN_POINT('',(-19.0000002831221,-12.5000001862645,83.));
#1974=CARTESIAN_POINT('',(-20.0000002831221,-12.5000001862645,84.));
#1975=CARTESIAN_POINT('Origin',(-19.0000002831221,-25.000000372529,69.));
#1976=CARTESIAN_POINT('',(-19.0000002831221,-25.000000372529,69.));
#1977=CARTESIAN_POINT('',(-19.0000002831221,-25.000000372529,69.));
#1978=CARTESIAN_POINT('',(-19.0000002831221,-22.0000003278255,69.));
#1979=CARTESIAN_POINT('',(-19.0000002831221,-12.5000001862645,69.));
#1980=CARTESIAN_POINT('',(-19.0000002831221,-22.0000003278255,69.));
#1981=CARTESIAN_POINT('Origin',(19.0000002831221,-25.,69.));
#1982=CARTESIAN_POINT('',(19.0000002831221,-25.,69.));
#1983=CARTESIAN_POINT('',(19.0000002831221,-25.,69.));
#1984=CARTESIAN_POINT('',(9.50000014156103,-25.,69.));
#1985=CARTESIAN_POINT('Origin',(0.,0.,84.));
#1986=CARTESIAN_POINT('',(-27.,27.,84.));
#1987=CARTESIAN_POINT('',(27.,27.,84.));
#1988=CARTESIAN_POINT('',(14.,27.,84.));
#1989=CARTESIAN_POINT('',(-27.,-27.,84.));
#1990=CARTESIAN_POINT('',(-27.,14.,84.));
#1991=CARTESIAN_POINT('',(27.,-27.,84.));
#1992=CARTESIAN_POINT('',(-14.,-27.,84.));
#1993=CARTESIAN_POINT('',(27.,-14.,84.));
#1994=CARTESIAN_POINT('',(26.,-20.0000002831221,84.));
#1995=CARTESIAN_POINT('',(26.,20.0000002831221,84.));
#1996=CARTESIAN_POINT('',(26.,9.50000014156103,84.));
#1997=CARTESIAN_POINT('',(21.,-20.0000002831221,84.));
#1998=CARTESIAN_POINT('',(12.5000001862645,-20.0000002831221,84.));
#1999=CARTESIAN_POINT('',(21.,20.0000002831221,84.));
#2000=CARTESIAN_POINT('',(21.,-9.50000014156103,84.));
#2001=CARTESIAN_POINT('',(11.0000001639128,20.0000002831221,84.));
#2002=CARTESIAN_POINT('',(-21.,-20.0000002831221,84.));
#2003=CARTESIAN_POINT('',(-21.,20.0000002831221,84.));
#2004=CARTESIAN_POINT('',(-21.,9.50000014156103,84.));
#2005=CARTESIAN_POINT('',(-26.,-20.0000002831221,84.));
#2006=CARTESIAN_POINT('',(-11.0000001639128,-20.0000002831221,84.));
#2007=CARTESIAN_POINT('',(-26.,20.0000002831221,84.));
#2008=CARTESIAN_POINT('',(-26.,-9.50000014156103,84.));
#2009=CARTESIAN_POINT('',(-12.5,20.0000002831221,84.));
#2010=CARTESIAN_POINT('',(20.,20.,84.));
#2011=CARTESIAN_POINT('',(-20.,20.,84.));
#2012=CARTESIAN_POINT('',(-9.49999999999999,20.,84.));
#2013=CARTESIAN_POINT('',(20.,-20.,84.));
#2014=CARTESIAN_POINT('',(20.,9.5,84.));
#2015=CARTESIAN_POINT('',(-20.,-20.,84.));
#2016=CARTESIAN_POINT('',(9.5,-20.,84.));
#2017=CARTESIAN_POINT('',(-20.,-9.49999999999999,84.));
#2018=CARTESIAN_POINT('',(-20.0000002831221,21.,84.));
#2019=CARTESIAN_POINT('',(20.0000002831221,21.,84.));
#2020=CARTESIAN_POINT('',(9.50000014156103,21.,84.));
#2021=CARTESIAN_POINT('',(-20.0000002831221,26.,84.));
#2022=CARTESIAN_POINT('',(-20.0000002831221,11.,84.));
#2023=CARTESIAN_POINT('',(20.0000002831221,26.,84.));
#2024=CARTESIAN_POINT('',(-9.50000014156103,26.,84.));
#2025=CARTESIAN_POINT('',(20.0000002831221,12.5,84.));
#2026=CARTESIAN_POINT('Origin',(25.5,9.50000014156103,83.5));
#2027=CARTESIAN_POINT('',(25.,19.0000002831221,83.));
#2028=CARTESIAN_POINT('',(26.,20.0000002831221,84.));
#2029=CARTESIAN_POINT('',(25.000000372529,-19.0000002831221,83.));
#2030=CARTESIAN_POINT('',(25.,9.50000014156103,83.));
#2031=CARTESIAN_POINT('',(26.,-20.0000002831221,84.));
#2032=CARTESIAN_POINT('Origin',(11.0000001639128,19.5000002831221,83.5));
#2033=CARTESIAN_POINT('',(22.0000003278255,19.0000002831221,83.));
#2034=CARTESIAN_POINT('',(21.,20.0000002831221,84.));
#2035=CARTESIAN_POINT('',(11.0000001639128,19.0000002831221,83.));
#2036=CARTESIAN_POINT('Origin',(21.5,-9.50000014156103,83.5));
#2037=CARTESIAN_POINT('',(22.0000003278255,-19.0000002831221,83.));
#2038=CARTESIAN_POINT('',(21.,-20.0000002831221,84.));
#2039=CARTESIAN_POINT('',(22.,-9.50000014156103,83.));
#2040=CARTESIAN_POINT('Origin',(12.5000001862645,-19.5000002831221,83.5));
#2041=CARTESIAN_POINT('',(12.5000001862645,-19.0000002831221,83.));
#2042=CARTESIAN_POINT('Origin',(25.000000372529,-19.0000002831221,69.));
#2043=CARTESIAN_POINT('',(25.000000372529,-19.0000002831221,69.));
#2044=CARTESIAN_POINT('',(25.000000372529,-19.0000002831221,69.));
#2045=CARTESIAN_POINT('',(22.0000003278255,-19.0000002831221,69.));
#2046=CARTESIAN_POINT('',(12.5000001862645,-19.0000002831221,69.));
#2047=CARTESIAN_POINT('',(22.0000003278255,-19.0000002831221,69.));
#2048=CARTESIAN_POINT('Origin',(25.,19.0000002831221,69.));
#2049=CARTESIAN_POINT('',(25.,19.0000002831221,69.));
#2050=CARTESIAN_POINT('',(25.,19.0000002831221,69.));
#2051=CARTESIAN_POINT('',(25.,9.50000014156103,69.));
#2052=CARTESIAN_POINT('Origin',(9.50000014156103,21.5,83.5));
#2053=CARTESIAN_POINT('',(19.0000002831221,22.0000003278255,83.));
#2054=CARTESIAN_POINT('',(20.0000002831221,21.,84.));
#2055=CARTESIAN_POINT('',(-19.0000002831221,22.,83.));
#2056=CARTESIAN_POINT('',(9.50000014156103,22.,83.));
#2057=CARTESIAN_POINT('',(-20.0000002831221,21.,84.));
#2058=CARTESIAN_POINT('Origin',(19.5000002831221,12.5,83.5));
#2059=CARTESIAN_POINT('',(19.0000002831221,25.,83.));
#2060=CARTESIAN_POINT('',(20.0000002831221,26.,84.));
#2061=CARTESIAN_POINT('',(19.0000002831221,12.5,83.));
#2062=CARTESIAN_POINT('Origin',(-9.50000014156103,25.5,83.5));
#2063=CARTESIAN_POINT('',(-19.0000002831221,25.000000372529,83.));
#2064=CARTESIAN_POINT('',(-20.0000002831221,26.,84.));
#2065=CARTESIAN_POINT('',(-9.50000014156103,25.,83.));
#2066=CARTESIAN_POINT('Origin',(-19.5000002831221,11.,83.5));
#2067=CARTESIAN_POINT('',(-19.0000002831221,11.,83.));
#2068=CARTESIAN_POINT('Origin',(-19.0000002831221,22.,69.));
#2069=CARTESIAN_POINT('',(-19.0000002831221,22.,69.));
#2070=CARTESIAN_POINT('',(-19.0000002831221,22.,69.));
#2071=CARTESIAN_POINT('',(-19.0000002831221,25.000000372529,69.));
#2072=CARTESIAN_POINT('',(-19.0000002831221,11.,69.));
#2073=CARTESIAN_POINT('',(-19.0000002831221,25.000000372529,69.));
#2074=CARTESIAN_POINT('Origin',(19.0000002831221,22.,69.));
#2075=CARTESIAN_POINT('',(19.0000002831221,22.0000003278255,69.));
#2076=CARTESIAN_POINT('',(19.0000002831221,22.0000003278255,69.));
#2077=CARTESIAN_POINT('',(9.50000014156103,22.,69.));
#2078=CARTESIAN_POINT('Origin',(-21.5,9.50000014156103,83.5));
#2079=CARTESIAN_POINT('',(-22.0000003278255,19.0000002831221,83.));
#2080=CARTESIAN_POINT('',(-21.,20.0000002831221,84.));
#2081=CARTESIAN_POINT('',(-22.0000003278255,-19.0000002831221,83.));
#2082=CARTESIAN_POINT('',(-22.,9.50000014156103,83.));
#2083=CARTESIAN_POINT('',(-21.,-20.0000002831221,84.));
#2084=CARTESIAN_POINT('Origin',(-12.5,19.5000002831221,83.5));
#2085=CARTESIAN_POINT('',(-25.,19.0000002831221,83.));
#2086=CARTESIAN_POINT('',(-26.,20.0000002831221,84.));
#2087=CARTESIAN_POINT('',(-12.5,19.0000002831221,83.));
#2088=CARTESIAN_POINT('Origin',(-25.5,-9.50000014156103,83.5));
#2089=CARTESIAN_POINT('',(-25.,-19.0000002831221,83.));
#2090=CARTESIAN_POINT('',(-26.,-20.0000002831221,84.));
#2091=CARTESIAN_POINT('',(-25.,-9.50000014156103,83.));
#2092=CARTESIAN_POINT('Origin',(-11.0000001639128,-19.5000002831221,83.5));
#2093=CARTESIAN_POINT('',(-11.0000001639128,-19.0000002831221,83.));
#2094=CARTESIAN_POINT('Origin',(-22.0000003278255,-19.0000002831221,69.));
#2095=CARTESIAN_POINT('',(-22.0000003278255,-19.0000002831221,69.));
#2096=CARTESIAN_POINT('',(-22.0000003278255,-19.0000002831221,69.));
#2097=CARTESIAN_POINT('',(-25.,-19.0000002831221,69.));
#2098=CARTESIAN_POINT('',(-11.0000001639128,-19.0000002831221,69.));
#2099=CARTESIAN_POINT('',(-25.,-19.0000002831221,69.));
#2100=CARTESIAN_POINT('Origin',(-22.,19.0000002831221,69.));
#2101=CARTESIAN_POINT('',(-22.0000003278255,19.0000002831221,69.));
#2102=CARTESIAN_POINT('',(-22.0000003278255,19.0000002831221,69.));
#2103=CARTESIAN_POINT('',(-22.,9.50000014156103,69.));
#2104=CARTESIAN_POINT('Origin',(-9.49999999999999,20.,83.));
#2105=CARTESIAN_POINT('',(-19.,19.,83.));
#2106=CARTESIAN_POINT('Origin',(-20.,20.,83.));
#2107=CARTESIAN_POINT('',(19.,19.,83.));
#2108=CARTESIAN_POINT('',(-9.49999999999999,19.,83.));
#2109=CARTESIAN_POINT('Origin',(20.,20.,83.));
#2110=CARTESIAN_POINT('Origin',(-20.,-9.49999999999999,83.));
#2111=CARTESIAN_POINT('',(-19.,-19.,83.));
#2112=CARTESIAN_POINT('Origin',(-20.,-20.,83.));
#2113=CARTESIAN_POINT('',(-19.,-9.49999999999999,83.));
#2114=CARTESIAN_POINT('Origin',(9.5,-20.,83.));
#2115=CARTESIAN_POINT('',(19.,-19.,83.));
#2116=CARTESIAN_POINT('Origin',(20.,-20.,83.));
#2117=CARTESIAN_POINT('',(9.5,-19.,83.));
#2118=CARTESIAN_POINT('Origin',(20.,9.5,83.));
#2119=CARTESIAN_POINT('',(19.,9.5,83.));
#2120=CARTESIAN_POINT('Origin',(19.,19.,66.));
#2121=CARTESIAN_POINT('',(19.,19.,66.));
#2122=CARTESIAN_POINT('',(19.,19.,66.));
#2123=CARTESIAN_POINT('',(19.,-19.,66.));
#2124=CARTESIAN_POINT('',(19.,19.,66.));
#2125=CARTESIAN_POINT('',(19.,-19.,66.));
#2126=CARTESIAN_POINT('Origin',(-19.,19.,66.));
#2127=CARTESIAN_POINT('',(-19.,19.,66.));
#2128=CARTESIAN_POINT('',(-19.,19.,66.));
#2129=CARTESIAN_POINT('',(-19.,19.,66.));
#2130=CARTESIAN_POINT('Origin',(-27.,27.,83.));
#2131=CARTESIAN_POINT('',(-27.,28.,83.));
#2132=CARTESIAN_POINT('Origin',(-27.,27.,83.));
#2133=CARTESIAN_POINT('',(-28.,27.,83.));
#2134=CARTESIAN_POINT('Origin',(-27.,27.,83.));
#2135=CARTESIAN_POINT('Origin',(-27.,27.,83.));
#2136=CARTESIAN_POINT('Origin',(-27.,27.,69.));
#2137=CARTESIAN_POINT('',(-28.,27.,71.));
#2138=CARTESIAN_POINT('',(-28.,27.,69.));
#2139=CARTESIAN_POINT('',(-27.,28.,71.));
#2140=CARTESIAN_POINT('',(-27.,28.,69.));
#2141=CARTESIAN_POINT('',(-27.2588190451025,27.9659258262891,71.0340741737109));
#2142=CARTESIAN_POINT('Origin',(-27.,27.,72.));
#2143=CARTESIAN_POINT('',(-27.9659258262891,27.2588190451025,71.0340741737109));
#2144=CARTESIAN_POINT('Origin',(-27.,27.,70.5857864376269));
#2145=CARTESIAN_POINT('Origin',(-27.,27.,72.));
#2146=CARTESIAN_POINT('Origin',(27.,27.,83.));
#2147=CARTESIAN_POINT('',(28.,27.,83.));
#2148=CARTESIAN_POINT('Origin',(27.,27.,83.));
#2149=CARTESIAN_POINT('',(27.,28.,83.));
#2150=CARTESIAN_POINT('Origin',(27.,27.,83.));
#2151=CARTESIAN_POINT('Origin',(27.,27.,83.));
#2152=CARTESIAN_POINT('Origin',(27.,27.,69.));
#2153=CARTESIAN_POINT('',(27.,28.,71.));
#2154=CARTESIAN_POINT('',(27.,28.,69.));
#2155=CARTESIAN_POINT('',(28.,27.,71.));
#2156=CARTESIAN_POINT('',(28.,27.,69.));
#2157=CARTESIAN_POINT('',(27.9659258262891,27.2588190451025,71.0340741737109));
#2158=CARTESIAN_POINT('Origin',(27.,27.,72.));
#2159=CARTESIAN_POINT('',(27.2588190451025,27.9659258262891,71.0340741737109));
#2160=CARTESIAN_POINT('Origin',(27.,27.,70.5857864376269));
#2161=CARTESIAN_POINT('Origin',(27.,27.,72.));
#2162=CARTESIAN_POINT('Origin',(14.,27.,83.));
#2163=CARTESIAN_POINT('',(14.,28.,83.));
#2164=CARTESIAN_POINT('Origin',(-27.,-27.,83.));
#2165=CARTESIAN_POINT('',(-28.,-27.,83.));
#2166=CARTESIAN_POINT('Origin',(-27.,-27.,83.));
#2167=CARTESIAN_POINT('',(-27.,-28.,83.));
#2168=CARTESIAN_POINT('Origin',(-27.,-27.,83.));
#2169=CARTESIAN_POINT('Origin',(-27.,-27.,83.));
#2170=CARTESIAN_POINT('Origin',(-27.,-27.,69.));
#2171=CARTESIAN_POINT('',(-27.,-28.,71.));
#2172=CARTESIAN_POINT('',(-27.,-28.,69.));
#2173=CARTESIAN_POINT('',(-28.,-27.,71.));
#2174=CARTESIAN_POINT('',(-28.,-27.,69.));
#2175=CARTESIAN_POINT('',(-27.9659258262891,-27.2588190451025,71.0340741737109));
#2176=CARTESIAN_POINT('Origin',(-27.,-27.,72.));
#2177=CARTESIAN_POINT('',(-27.2588190451025,-27.9659258262891,71.0340741737109));
#2178=CARTESIAN_POINT('Origin',(-27.,-27.,70.5857864376269));
#2179=CARTESIAN_POINT('Origin',(-27.,-27.,72.));
#2180=CARTESIAN_POINT('Origin',(27.,-27.,83.));
#2181=CARTESIAN_POINT('',(27.,-28.,83.));
#2182=CARTESIAN_POINT('Origin',(27.,-27.,83.));
#2183=CARTESIAN_POINT('',(28.,-27.,83.));
#2184=CARTESIAN_POINT('Origin',(27.,-27.,83.));
#2185=CARTESIAN_POINT('Origin',(27.,-27.,83.));
#2186=CARTESIAN_POINT('Origin',(27.,-27.,69.));
#2187=CARTESIAN_POINT('',(28.,-27.,71.));
#2188=CARTESIAN_POINT('',(28.,-27.,69.));
#2189=CARTESIAN_POINT('',(27.,-28.,71.));
#2190=CARTESIAN_POINT('',(27.,-28.,69.));
#2191=CARTESIAN_POINT('',(27.2588190451025,-27.9659258262891,71.0340741737109));
#2192=CARTESIAN_POINT('Origin',(27.,-27.,72.));
#2193=CARTESIAN_POINT('',(27.9659258262891,-27.2588190451025,71.0340741737109));
#2194=CARTESIAN_POINT('Origin',(27.,-27.,70.5857864376269));
#2195=CARTESIAN_POINT('Origin',(27.,-27.,72.));
#2196=CARTESIAN_POINT('Origin',(18.8619288125423,-18.8619288125423,78.7238576250846));
#2197=CARTESIAN_POINT('',(29.2928932188135,-30.,69.));
#2198=CARTESIAN_POINT('',(18.8619288125423,-19.5690355937288,79.4309644062711));
#2199=CARTESIAN_POINT('',(30.,-29.2928932188134,69.));
#2200=CARTESIAN_POINT('Origin',(28.5857864376269,-28.5857864376269,69.));
#2201=CARTESIAN_POINT('',(19.5690355937288,-18.8619288125423,79.4309644062711));
#2202=CARTESIAN_POINT('Origin',(27.,-14.,83.));
#2203=CARTESIAN_POINT('',(28.,-14.,83.));
#2204=CARTESIAN_POINT('Origin',(-14.,-27.,83.));
#2205=CARTESIAN_POINT('',(-14.,-28.,83.));
#2206=CARTESIAN_POINT('Origin',(-27.,14.,83.));
#2207=CARTESIAN_POINT('',(-28.,14.,83.));
#2208=CARTESIAN_POINT('Origin',(-18.8619288125423,-18.8619288125423,78.7238576250846));
#2209=CARTESIAN_POINT('',(-30.,-29.2928932188135,69.));
#2210=CARTESIAN_POINT('',(-19.5690355937288,-18.8619288125423,79.4309644062711));
#2211=CARTESIAN_POINT('',(-29.2928932188134,-30.,69.));
#2212=CARTESIAN_POINT('Origin',(-28.5857864376269,-28.5857864376269,69.));
#2213=CARTESIAN_POINT('',(-18.8619288125423,-19.5690355937288,79.4309644062711));
#2214=CARTESIAN_POINT('Origin',(18.8619288125423,18.8619288125423,78.7238576250846));
#2215=CARTESIAN_POINT('',(30.,29.2928932188135,69.));
#2216=CARTESIAN_POINT('',(29.2928932188134,30.,69.));
#2217=CARTESIAN_POINT('Origin',(28.5857864376269,28.5857864376269,69.));
#2218=CARTESIAN_POINT('',(18.8619288125423,19.5690355937288,79.4309644062711));
#2219=CARTESIAN_POINT('',(19.5690355937288,18.8619288125423,79.4309644062711));
#2220=CARTESIAN_POINT('Origin',(-18.8619288125423,18.8619288125423,78.7238576250846));
#2221=CARTESIAN_POINT('',(-29.2928932188135,30.,69.));
#2222=CARTESIAN_POINT('',(-18.8619288125423,19.5690355937288,79.4309644062711));
#2223=CARTESIAN_POINT('',(-30.,29.2928932188134,69.));
#2224=CARTESIAN_POINT('Origin',(-28.5857864376269,28.5857864376269,69.));
#2225=CARTESIAN_POINT('',(-19.5690355937288,18.8619288125423,79.4309644062711));
#2226=CARTESIAN_POINT('Origin',(-28.,-28.,69.));
#2227=CARTESIAN_POINT('',(-14.,-28.,71.));
#2228=CARTESIAN_POINT('Origin',(-14.,-29.,70.));
#2229=CARTESIAN_POINT('',(-14.,-30.,69.));
#2230=CARTESIAN_POINT('Origin',(-28.,28.,69.));
#2231=CARTESIAN_POINT('',(-28.,14.,71.));
#2232=CARTESIAN_POINT('Origin',(-29.,14.,70.));
#2233=CARTESIAN_POINT('',(-30.,14.,69.));
#2234=CARTESIAN_POINT('Origin',(6.66133814775094E-15,34.,69.));
#2235=CARTESIAN_POINT('',(1.50000000000001,34.,69.));
#2236=CARTESIAN_POINT('Origin',(6.66133814775094E-15,34.,69.));
#2237=CARTESIAN_POINT('',(1.50000000000001,34.,66.));
#2238=CARTESIAN_POINT('',(1.50000000000001,34.,69.));
#2239=CARTESIAN_POINT('Origin',(6.66133814775094E-15,34.,66.));
#2240=CARTESIAN_POINT('Origin',(34.,2.22044604925031E-15,69.));
#2241=CARTESIAN_POINT('',(35.5,2.40414306912242E-15,69.));
#2242=CARTESIAN_POINT('Origin',(34.,2.22044604925031E-15,69.));
#2243=CARTESIAN_POINT('',(35.5,2.40414306912242E-15,66.));
#2244=CARTESIAN_POINT('',(35.5,2.03674902937821E-15,69.));
#2245=CARTESIAN_POINT('Origin',(34.,2.22044604925031E-15,66.));
#2246=CARTESIAN_POINT('Origin',(-34.,0.,69.));
#2247=CARTESIAN_POINT('',(-32.5,1.83697019872103E-16,69.));
#2248=CARTESIAN_POINT('Origin',(-34.,0.,69.));
#2249=CARTESIAN_POINT('',(-32.5,1.83697019872103E-16,66.));
#2250=CARTESIAN_POINT('',(-32.5,-1.83697019872103E-16,69.));
#2251=CARTESIAN_POINT('Origin',(-34.,0.,66.));
#2252=CARTESIAN_POINT('Origin',(2.22044604925031E-15,-34.,69.));
#2253=CARTESIAN_POINT('',(1.5,-34.,69.));
#2254=CARTESIAN_POINT('Origin',(2.22044604925031E-15,-34.,69.));
#2255=CARTESIAN_POINT('',(1.5,-34.,66.));
#2256=CARTESIAN_POINT('',(1.5,-34.,69.));
#2257=CARTESIAN_POINT('Origin',(2.22044604925031E-15,-34.,66.));
#2258=CARTESIAN_POINT('Origin',(29.,-14.,70.));
#2259=CARTESIAN_POINT('',(30.,-14.,69.));
#2260=CARTESIAN_POINT('',(28.,-14.,71.));
#2261=CARTESIAN_POINT('Origin',(14.,29.,70.));
#2262=CARTESIAN_POINT('',(14.,30.,69.));
#2263=CARTESIAN_POINT('',(14.,28.,71.));
#2264=CARTESIAN_POINT('Origin',(28.,-28.,69.));
#2265=CARTESIAN_POINT('Origin',(2.22044604925031E-15,8.88178419700125E-15,
69.));
#2266=CARTESIAN_POINT('',(-38.,-38.,69.));
#2267=CARTESIAN_POINT('',(-38.,38.,69.));
#2268=CARTESIAN_POINT('',(-38.,20.,69.));
#2269=CARTESIAN_POINT('',(38.,-38.,69.));
#2270=CARTESIAN_POINT('',(-20.,-38.,69.));
#2271=CARTESIAN_POINT('',(38.,38.,69.));
#2272=CARTESIAN_POINT('',(38.,-20.,69.));
#2273=CARTESIAN_POINT('',(20.,38.,69.));
#2274=CARTESIAN_POINT('Origin',(-39.,20.,68.));
#2275=CARTESIAN_POINT('',(-40.,40.,67.));
#2276=CARTESIAN_POINT('',(-38.,38.,69.));
#2277=CARTESIAN_POINT('',(-40.,-40.,67.));
#2278=CARTESIAN_POINT('',(-40.,20.,67.));
#2279=CARTESIAN_POINT('',(-38.,-38.,69.));
#2280=CARTESIAN_POINT('Origin',(20.,39.,68.));
#2281=CARTESIAN_POINT('',(40.,40.,67.));
#2282=CARTESIAN_POINT('',(38.,38.,69.));
#2283=CARTESIAN_POINT('',(20.,40.,67.));
#2284=CARTESIAN_POINT('Origin',(39.,-20.,68.));
#2285=CARTESIAN_POINT('',(40.,-40.,67.));
#2286=CARTESIAN_POINT('',(38.,-38.,69.));
#2287=CARTESIAN_POINT('',(40.,-20.,67.));
#2288=CARTESIAN_POINT('Origin',(-20.,-39.,68.));
#2289=CARTESIAN_POINT('',(-20.,-40.,67.));
#2290=CARTESIAN_POINT('Origin',(-40.,-40.,66.));
#2291=CARTESIAN_POINT('',(-40.,-40.,66.));
#2292=CARTESIAN_POINT('',(-40.,-40.,66.));
#2293=CARTESIAN_POINT('',(40.,-40.,66.));
#2294=CARTESIAN_POINT('',(-40.,-40.,66.));
#2295=CARTESIAN_POINT('',(40.,-40.,66.));
#2296=CARTESIAN_POINT('Origin',(-40.,40.,66.));
#2297=CARTESIAN_POINT('',(-40.,40.,66.));
#2298=CARTESIAN_POINT('',(-40.,40.,66.));
#2299=CARTESIAN_POINT('',(-40.,40.,66.));
#2300=CARTESIAN_POINT('Origin',(22.0000003278255,19.0000002831221,69.));
#2301=CARTESIAN_POINT('',(22.0000003278255,19.0000002831221,69.));
#2302=CARTESIAN_POINT('',(22.0000003278255,19.0000002831221,69.));
#2303=CARTESIAN_POINT('',(11.0000001639128,19.0000002831221,69.));
#2304=CARTESIAN_POINT('Origin',(22.,-19.0000002831221,69.));
#2305=CARTESIAN_POINT('',(22.,-9.50000014156103,69.));
#2306=CARTESIAN_POINT('Origin',(19.0000002831221,-22.0000003278255,69.));
#2307=CARTESIAN_POINT('',(19.0000002831221,-22.0000003278255,69.));
#2308=CARTESIAN_POINT('',(19.0000002831221,-22.0000003278255,69.));
#2309=CARTESIAN_POINT('',(19.0000002831221,-11.0000001639128,69.));
#2310=CARTESIAN_POINT('Origin',(-19.0000002831221,-22.,69.));
#2311=CARTESIAN_POINT('',(-9.50000014156103,-22.,69.));
#2312=CARTESIAN_POINT('Origin',(-25.,-19.0000002831221,69.));
#2313=CARTESIAN_POINT('',(-25.,19.0000002831221,69.));
#2314=CARTESIAN_POINT('',(-25.,-9.50000014156103,69.));
#2315=CARTESIAN_POINT('',(-25.,19.0000002831221,69.));
#2316=CARTESIAN_POINT('Origin',(-25.,19.0000002831221,69.));
#2317=CARTESIAN_POINT('',(-12.5,19.0000002831221,69.));
#2318=CARTESIAN_POINT('Origin',(19.0000002831221,25.,69.));
#2319=CARTESIAN_POINT('',(19.0000002831221,25.,69.));
#2320=CARTESIAN_POINT('',(19.0000002831221,25.,69.));
#2321=CARTESIAN_POINT('',(19.0000002831221,12.5,69.));
#2322=CARTESIAN_POINT('Origin',(-19.0000002831221,25.,69.));
#2323=CARTESIAN_POINT('',(-9.50000014156103,25.,69.));
#2324=CARTESIAN_POINT('Origin',(28.,28.,69.));
#2325=CARTESIAN_POINT('Origin',(2.22044604925031E-15,8.88178419700125E-15,
69.));
#2326=CARTESIAN_POINT('Origin',(2.22044604925031E-15,8.88178419700125E-15,
69.));
#2327=CARTESIAN_POINT('Origin',(2.22044604925031E-15,8.88178419700125E-15,
69.));
#2328=CARTESIAN_POINT('Origin',(2.22044604925031E-15,8.88178419700125E-15,
69.));
#2329=CARTESIAN_POINT('Origin',(-19.,-19.,66.));
#2330=CARTESIAN_POINT('',(-19.,-19.,66.));
#2331=CARTESIAN_POINT('',(-19.,-19.,66.));
#2332=CARTESIAN_POINT('',(-19.,-19.,66.));
#2333=CARTESIAN_POINT('Origin',(19.,-19.,66.));
#2334=CARTESIAN_POINT('',(19.,-19.,66.));
#2335=CARTESIAN_POINT('Origin',(40.,40.,66.));
#2336=CARTESIAN_POINT('',(40.,40.,66.));
#2337=CARTESIAN_POINT('',(40.,40.,66.));
#2338=CARTESIAN_POINT('',(40.,40.,66.));
#2339=CARTESIAN_POINT('Origin',(40.,-40.,66.));
#2340=CARTESIAN_POINT('',(40.,-40.,66.));
#2341=CARTESIAN_POINT('Origin',(2.22044604925031E-15,8.88178419700125E-15,
66.));
#2342=UNCERTAINTY_MEASURE_WITH_UNIT(LENGTH_MEASURE(0.01),#2346,
'DISTANCE_ACCURACY_VALUE',
'Maximum model space distance between geometric entities at asserted c
onnectivities');
#2343=UNCERTAINTY_MEASURE_WITH_UNIT(LENGTH_MEASURE(0.01),#2346,
'DISTANCE_ACCURACY_VALUE',
'Maximum model space distance between geometric entities at asserted c
onnectivities');
#2344=(
GEOMETRIC_REPRESENTATION_CONTEXT(3)
GLOBAL_UNCERTAINTY_ASSIGNED_CONTEXT((#2342))
GLOBAL_UNIT_ASSIGNED_CONTEXT((#2346,#2348,#2349))
REPRESENTATION_CONTEXT('','3D')
);
#2345=(
GEOMETRIC_REPRESENTATION_CONTEXT(3)
GLOBAL_UNCERTAINTY_ASSIGNED_CONTEXT((#2343))
GLOBAL_UNIT_ASSIGNED_CONTEXT((#2346,#2348,#2349))
REPRESENTATION_CONTEXT('','3D')
);
#2346=(
LENGTH_UNIT()
NAMED_UNIT(*)
SI_UNIT(.MILLI.,.METRE.)
);
#2347=(
LENGTH_UNIT()
NAMED_UNIT(*)
SI_UNIT($,.METRE.)
);
#2348=(
NAMED_UNIT(*)
PLANE_ANGLE_UNIT()
SI_UNIT($,.RADIAN.)
);
#2349=(
NAMED_UNIT(*)
SI_UNIT($,.STERADIAN.)
SOLID_ANGLE_UNIT()
);
#2350=SHAPE_DEFINITION_REPRESENTATION(#2351,#2352);
#2351=PRODUCT_DEFINITION_SHAPE('',$,#2354);
#2352=SHAPE_REPRESENTATION('',(#1426),#2344);
#2353=PRODUCT_DEFINITION_CONTEXT('part definition',#2358,'design');
#2354=PRODUCT_DEFINITION('2026-10-05-13-23-34-834','Mast_Base_v001',#2355,
#2353);
#2355=PRODUCT_DEFINITION_FORMATION('',$,#2360);
#2356=PRODUCT_RELATED_PRODUCT_CATEGORY('Mast_Base_v001',
'Mast_Base_v001',(#2360));
#2357=APPLICATION_PROTOCOL_DEFINITION('international standard',
'automotive_design',2009,#2358);
#2358=APPLICATION_CONTEXT(
'Core Data for Automotive Mechanical Design Process');
#2359=PRODUCT_CONTEXT('part definition',#2358,'mechanical');
#2360=PRODUCT('2026-10-05-13-23-34-834','Mast_Base_v001',$,(#2359));
#2361=PRESENTATION_STYLE_ASSIGNMENT((#2363));
#2362=PRESENTATION_STYLE_ASSIGNMENT((#2364));
#2363=SURFACE_STYLE_USAGE(.BOTH.,#2365);
#2364=SURFACE_STYLE_USAGE(.BOTH.,#2366);
#2365=SURFACE_SIDE_STYLE('',(#2367));
#2366=SURFACE_SIDE_STYLE('',(#2368));
#2367=SURFACE_STYLE_FILL_AREA(#2369);
#2368=SURFACE_STYLE_FILL_AREA(#2370);
#2369=FILL_AREA_STYLE('Steel - Satin',(#2371));
#2370=FILL_AREA_STYLE('Plastic - Matte (Black)',(#2372));
#2371=FILL_AREA_STYLE_COLOUR('Steel - Satin',#2373);
#2372=FILL_AREA_STYLE_COLOUR('Plastic - Matte (Black)',#2374);
#2373=COLOUR_RGB('Steel - Satin',0.627450980392157,0.627450980392157,0.627450980392157);
#2374=COLOUR_RGB('Plastic - Matte (Black)',0.0980392156862745,0.0980392156862745,
0.0980392156862745);
ENDSEC;
END-ISO-10303-21;
