ISO-10303-21;
HEADER;
/* Generated by software containing ST-Developer
 * from STEP Tools, Inc. (www.steptools.com) 
 */

FILE_DESCRIPTION(
/* description */ (''),
/* implementation_level */ '2;1');

FILE_NAME(
/* name */ 'LED_Ring_Case_v008.step',
/* time_stamp */ '2026-10-04T15:14:46+04:00',
/* author */ (''),
/* organization */ (''),
/* preprocessor_version */ 'ST-DEVELOPER v20.2',
/* originating_system */ 'Autodesk Translation Framework v15.15.0.0',
/* authorisation */ '');

FILE_SCHEMA (('AUTOMOTIVE_DESIGN { 1 0 10303 214 3 1 1 }'));
ENDSEC;

DATA;
#10=MECHANICAL_DESIGN_GEOMETRIC_PRESENTATION_REPRESENTATION('',(#13),#4054);
#11=SHAPE_REPRESENTATION_RELATIONSHIP('SRR','None',#4060,#12);
#12=ADVANCED_BREP_SHAPE_REPRESENTATION('',(#14),#4053);
#13=STYLED_ITEM('',(#4071),#14);
#14=MANIFOLD_SOLID_BREP('Body4',#2329);
#15=FACE_BOUND('',#268,.T.);
#16=FACE_BOUND('',#269,.T.);
#17=FACE_BOUND('',#270,.T.);
#18=FACE_BOUND('',#271,.T.);
#19=FACE_BOUND('',#272,.T.);
#20=FACE_BOUND('',#273,.T.);
#21=FACE_BOUND('',#274,.T.);
#22=FACE_BOUND('',#280,.T.);
#23=CONICAL_SURFACE('',#2379,1.95,0.785398163397447);
#24=CONICAL_SURFACE('',#2419,1.95,0.785398163397447);
#25=CONICAL_SURFACE('',#2423,1.95,0.785398163397449);
#26=CONICAL_SURFACE('',#2432,1.95,0.785398163397449);
#27=CONICAL_SURFACE('',#2436,1.95,0.785398163397447);
#28=CONICAL_SURFACE('',#2440,1.95,0.785398163397449);
#29=CONICAL_SURFACE('',#2444,1.95,0.785398163397447);
#30=CONICAL_SURFACE('',#2448,22.,0.785398163397446);
#31=CONICAL_SURFACE('',#2450,1.25,0.78539816339745);
#32=CONICAL_SURFACE('',#2454,4.25,0.785398163397449);
#33=CONICAL_SURFACE('',#2458,1.25,0.78539816339745);
#34=CONICAL_SURFACE('',#2461,22.,0.785398163397446);
#35=CONICAL_SURFACE('',#2464,1.25,0.785398163397449);
#36=CONICAL_SURFACE('',#2468,4.25,0.785398163397449);
#37=CONICAL_SURFACE('',#2472,1.25,0.785398163397449);
#38=CONICAL_SURFACE('',#2475,22.,0.785398163397446);
#39=CONICAL_SURFACE('',#2478,1.25,0.785398163397448);
#40=CONICAL_SURFACE('',#2482,4.25,0.785398163397449);
#41=CONICAL_SURFACE('',#2486,1.25,0.785398163397451);
#42=CONICAL_SURFACE('',#2489,22.,0.785398163397446);
#43=CONICAL_SURFACE('',#2491,1.25,0.785398163397454);
#44=CONICAL_SURFACE('',#2495,4.25,0.785398163397449);
#45=CONICAL_SURFACE('',#2499,1.25,0.785398163397446);
#46=CONICAL_SURFACE('',#2513,27.75,0.785398163397451);
#47=CONICAL_SURFACE('',#2515,1.25,0.785398163397448);
#48=CONICAL_SURFACE('',#2518,4.25,0.785398163397447);
#49=CONICAL_SURFACE('',#2521,1.25,0.785398163397447);
#50=CONICAL_SURFACE('',#2523,27.75,0.785398163397446);
#51=CONICAL_SURFACE('',#2525,1.25,0.785398163397448);
#52=CONICAL_SURFACE('',#2528,4.25,0.785398163397447);
#53=CONICAL_SURFACE('',#2531,1.25,0.785398163397451);
#54=CONICAL_SURFACE('',#2533,27.75,0.785398163397446);
#55=CONICAL_SURFACE('',#2535,1.25,0.785398163397448);
#56=CONICAL_SURFACE('',#2538,4.25,0.785398163397447);
#57=CONICAL_SURFACE('',#2541,1.25,0.785398163397447);
#58=CONICAL_SURFACE('',#2543,27.75,0.785398163397446);
#59=CONICAL_SURFACE('',#2545,1.25,0.785398163397448);
#60=CONICAL_SURFACE('',#2548,4.25,0.785398163397447);
#61=CONICAL_SURFACE('',#2551,1.25,0.785398163397447);
#62=CONICAL_SURFACE('',#2553,27.75,0.785398163397446);
#63=(
BOUNDED_CURVE()
B_SPLINE_CURVE(2,(#3459,#3460,#3461),.UNSPECIFIED.,.F.,.F.)
B_SPLINE_CURVE_WITH_KNOTS((3,3),(0.,0.0526653928765149),.UNSPECIFIED.)
CURVE()
GEOMETRIC_REPRESENTATION_ITEM()
RATIONAL_B_SPLINE_CURVE((1.,1.00221845601322,1.00432665304456))
REPRESENTATION_ITEM('')
);
#64=(
BOUNDED_CURVE()
B_SPLINE_CURVE(2,(#3850,#3851,#3852),.UNSPECIFIED.,.F.,.F.)
B_SPLINE_CURVE_WITH_KNOTS((3,3),(2.06663325721702,2.11929865032835),
 .UNSPECIFIED.)
CURVE()
GEOMETRIC_REPRESENTATION_ITEM()
RATIONAL_B_SPLINE_CURVE((1.00432665291697,1.00221845594891,1.))
REPRESENTATION_ITEM('')
);
#65=PLANE('',#2334);
#66=PLANE('',#2357);
#67=PLANE('',#2363);
#68=PLANE('',#2364);
#69=PLANE('',#2382);
#70=PLANE('',#2426);
#71=PLANE('',#2453);
#72=PLANE('',#2457);
#73=PLANE('',#2467);
#74=PLANE('',#2471);
#75=PLANE('',#2481);
#76=PLANE('',#2485);
#77=PLANE('',#2494);
#78=PLANE('',#2498);
#79=PLANE('',#2503);
#80=PLANE('',#2505);
#81=PLANE('',#2508);
#82=PLANE('',#2510);
#83=PLANE('',#2512);
#84=PLANE('',#2517);
#85=PLANE('',#2520);
#86=PLANE('',#2527);
#87=PLANE('',#2530);
#88=PLANE('',#2537);
#89=PLANE('',#2540);
#90=PLANE('',#2547);
#91=PLANE('',#2550);
#92=PLANE('',#2557);
#93=PLANE('',#2559);
#94=PLANE('',#2563);
#95=PLANE('',#2565);
#96=PLANE('',#2569);
#97=PLANE('',#2571);
#98=PLANE('',#2575);
#99=PLANE('',#2577);
#100=PLANE('',#2581);
#101=PLANE('',#2583);
#102=PLANE('',#2585);
#103=PLANE('',#2587);
#104=PLANE('',#2588);
#105=PLANE('',#2589);
#106=PLANE('',#2590);
#107=PLANE('',#2591);
#108=PLANE('',#2592);
#109=PLANE('',#2593);
#110=PLANE('',#2594);
#111=PLANE('',#2595);
#112=PLANE('',#2597);
#113=PLANE('',#2600);
#114=PLANE('',#2604);
#115=PLANE('',#2606);
#116=PLANE('',#2610);
#117=FACE_OUTER_BOUND('',#257,.T.);
#118=FACE_OUTER_BOUND('',#258,.T.);
#119=FACE_OUTER_BOUND('',#259,.T.);
#120=FACE_OUTER_BOUND('',#260,.T.);
#121=FACE_OUTER_BOUND('',#261,.T.);
#122=FACE_OUTER_BOUND('',#262,.T.);
#123=FACE_OUTER_BOUND('',#263,.T.);
#124=FACE_OUTER_BOUND('',#264,.T.);
#125=FACE_OUTER_BOUND('',#265,.T.);
#126=FACE_OUTER_BOUND('',#266,.T.);
#127=FACE_OUTER_BOUND('',#267,.T.);
#128=FACE_OUTER_BOUND('',#275,.T.);
#129=FACE_OUTER_BOUND('',#276,.T.);
#130=FACE_OUTER_BOUND('',#277,.T.);
#131=FACE_OUTER_BOUND('',#278,.T.);
#132=FACE_OUTER_BOUND('',#279,.T.);
#133=FACE_OUTER_BOUND('',#281,.T.);
#134=FACE_OUTER_BOUND('',#282,.T.);
#135=FACE_OUTER_BOUND('',#283,.T.);
#136=FACE_OUTER_BOUND('',#284,.T.);
#137=FACE_OUTER_BOUND('',#285,.T.);
#138=FACE_OUTER_BOUND('',#286,.T.);
#139=FACE_OUTER_BOUND('',#287,.T.);
#140=FACE_OUTER_BOUND('',#288,.T.);
#141=FACE_OUTER_BOUND('',#289,.T.);
#142=FACE_OUTER_BOUND('',#290,.T.);
#143=FACE_OUTER_BOUND('',#291,.T.);
#144=FACE_OUTER_BOUND('',#292,.T.);
#145=FACE_OUTER_BOUND('',#293,.T.);
#146=FACE_OUTER_BOUND('',#294,.T.);
#147=FACE_OUTER_BOUND('',#295,.T.);
#148=FACE_OUTER_BOUND('',#296,.T.);
#149=FACE_OUTER_BOUND('',#297,.T.);
#150=FACE_OUTER_BOUND('',#298,.T.);
#151=FACE_OUTER_BOUND('',#299,.T.);
#152=FACE_OUTER_BOUND('',#300,.T.);
#153=FACE_OUTER_BOUND('',#301,.T.);
#154=FACE_OUTER_BOUND('',#302,.T.);
#155=FACE_OUTER_BOUND('',#303,.T.);
#156=FACE_OUTER_BOUND('',#304,.T.);
#157=FACE_OUTER_BOUND('',#305,.T.);
#158=FACE_OUTER_BOUND('',#306,.T.);
#159=FACE_OUTER_BOUND('',#307,.T.);
#160=FACE_OUTER_BOUND('',#308,.T.);
#161=FACE_OUTER_BOUND('',#309,.T.);
#162=FACE_OUTER_BOUND('',#310,.T.);
#163=FACE_OUTER_BOUND('',#311,.T.);
#164=FACE_OUTER_BOUND('',#312,.T.);
#165=FACE_OUTER_BOUND('',#313,.T.);
#166=FACE_OUTER_BOUND('',#314,.T.);
#167=FACE_OUTER_BOUND('',#315,.T.);
#168=FACE_OUTER_BOUND('',#316,.T.);
#169=FACE_OUTER_BOUND('',#317,.T.);
#170=FACE_OUTER_BOUND('',#318,.T.);
#171=FACE_OUTER_BOUND('',#319,.T.);
#172=FACE_OUTER_BOUND('',#320,.T.);
#173=FACE_OUTER_BOUND('',#321,.T.);
#174=FACE_OUTER_BOUND('',#322,.T.);
#175=FACE_OUTER_BOUND('',#323,.T.);
#176=FACE_OUTER_BOUND('',#324,.T.);
#177=FACE_OUTER_BOUND('',#325,.T.);
#178=FACE_OUTER_BOUND('',#326,.T.);
#179=FACE_OUTER_BOUND('',#327,.T.);
#180=FACE_OUTER_BOUND('',#328,.T.);
#181=FACE_OUTER_BOUND('',#329,.T.);
#182=FACE_OUTER_BOUND('',#330,.T.);
#183=FACE_OUTER_BOUND('',#331,.T.);
#184=FACE_OUTER_BOUND('',#332,.T.);
#185=FACE_OUTER_BOUND('',#333,.T.);
#186=FACE_OUTER_BOUND('',#334,.T.);
#187=FACE_OUTER_BOUND('',#335,.T.);
#188=FACE_OUTER_BOUND('',#336,.T.);
#189=FACE_OUTER_BOUND('',#337,.T.);
#190=FACE_OUTER_BOUND('',#338,.T.);
#191=FACE_OUTER_BOUND('',#339,.T.);
#192=FACE_OUTER_BOUND('',#340,.T.);
#193=FACE_OUTER_BOUND('',#341,.T.);
#194=FACE_OUTER_BOUND('',#342,.T.);
#195=FACE_OUTER_BOUND('',#343,.T.);
#196=FACE_OUTER_BOUND('',#344,.T.);
#197=FACE_OUTER_BOUND('',#345,.T.);
#198=FACE_OUTER_BOUND('',#346,.T.);
#199=FACE_OUTER_BOUND('',#347,.T.);
#200=FACE_OUTER_BOUND('',#348,.T.);
#201=FACE_OUTER_BOUND('',#349,.T.);
#202=FACE_OUTER_BOUND('',#350,.T.);
#203=FACE_OUTER_BOUND('',#351,.T.);
#204=FACE_OUTER_BOUND('',#352,.T.);
#205=FACE_OUTER_BOUND('',#353,.T.);
#206=FACE_OUTER_BOUND('',#354,.T.);
#207=FACE_OUTER_BOUND('',#355,.T.);
#208=FACE_OUTER_BOUND('',#356,.T.);
#209=FACE_OUTER_BOUND('',#357,.T.);
#210=FACE_OUTER_BOUND('',#358,.T.);
#211=FACE_OUTER_BOUND('',#359,.T.);
#212=FACE_OUTER_BOUND('',#360,.T.);
#213=FACE_OUTER_BOUND('',#361,.T.);
#214=FACE_OUTER_BOUND('',#362,.T.);
#215=FACE_OUTER_BOUND('',#363,.T.);
#216=FACE_OUTER_BOUND('',#364,.T.);
#217=FACE_OUTER_BOUND('',#365,.T.);
#218=FACE_OUTER_BOUND('',#366,.T.);
#219=FACE_OUTER_BOUND('',#367,.T.);
#220=FACE_OUTER_BOUND('',#368,.T.);
#221=FACE_OUTER_BOUND('',#369,.T.);
#222=FACE_OUTER_BOUND('',#370,.T.);
#223=FACE_OUTER_BOUND('',#371,.T.);
#224=FACE_OUTER_BOUND('',#372,.T.);
#225=FACE_OUTER_BOUND('',#373,.T.);
#226=FACE_OUTER_BOUND('',#374,.T.);
#227=FACE_OUTER_BOUND('',#375,.T.);
#228=FACE_OUTER_BOUND('',#376,.T.);
#229=FACE_OUTER_BOUND('',#377,.T.);
#230=FACE_OUTER_BOUND('',#378,.T.);
#231=FACE_OUTER_BOUND('',#379,.T.);
#232=FACE_OUTER_BOUND('',#380,.T.);
#233=FACE_OUTER_BOUND('',#381,.T.);
#234=FACE_OUTER_BOUND('',#382,.T.);
#235=FACE_OUTER_BOUND('',#383,.T.);
#236=FACE_OUTER_BOUND('',#384,.T.);
#237=FACE_OUTER_BOUND('',#385,.T.);
#238=FACE_OUTER_BOUND('',#386,.T.);
#239=FACE_OUTER_BOUND('',#387,.T.);
#240=FACE_OUTER_BOUND('',#388,.T.);
#241=FACE_OUTER_BOUND('',#389,.T.);
#242=FACE_OUTER_BOUND('',#390,.T.);
#243=FACE_OUTER_BOUND('',#391,.T.);
#244=FACE_OUTER_BOUND('',#392,.T.);
#245=FACE_OUTER_BOUND('',#393,.T.);
#246=FACE_OUTER_BOUND('',#394,.T.);
#247=FACE_OUTER_BOUND('',#395,.T.);
#248=FACE_OUTER_BOUND('',#396,.T.);
#249=FACE_OUTER_BOUND('',#397,.T.);
#250=FACE_OUTER_BOUND('',#398,.T.);
#251=FACE_OUTER_BOUND('',#399,.T.);
#252=FACE_OUTER_BOUND('',#400,.T.);
#253=FACE_OUTER_BOUND('',#401,.T.);
#254=FACE_OUTER_BOUND('',#402,.T.);
#255=FACE_OUTER_BOUND('',#403,.T.);
#256=FACE_OUTER_BOUND('',#404,.T.);
#257=EDGE_LOOP('',(#1471,#1472,#1473,#1474));
#258=EDGE_LOOP('',(#1475,#1476,#1477,#1478,#1479,#1480,#1481,#1482,#1483,
#1484,#1485,#1486,#1487,#1488,#1489,#1490,#1491,#1492,#1493,#1494,#1495,
#1496,#1497,#1498,#1499,#1500,#1501,#1502,#1503,#1504,#1505,#1506,#1507,
#1508,#1509,#1510,#1511,#1512));
#259=EDGE_LOOP('',(#1513,#1514,#1515,#1516,#1517,#1518,#1519));
#260=EDGE_LOOP('',(#1520,#1521,#1522,#1523));
#261=EDGE_LOOP('',(#1524,#1525,#1526,#1527));
#262=EDGE_LOOP('',(#1528,#1529,#1530,#1531));
#263=EDGE_LOOP('',(#1532,#1533,#1534,#1535,#1536,#1537,#1538,#1539,#1540,
#1541,#1542,#1543,#1544,#1545,#1546,#1547));
#264=EDGE_LOOP('',(#1548,#1549,#1550,#1551));
#265=EDGE_LOOP('',(#1552,#1553,#1554,#1555,#1556,#1557,#1558,#1559,#1560,
#1561,#1562,#1563));
#266=EDGE_LOOP('',(#1564,#1565,#1566,#1567));
#267=EDGE_LOOP('',(#1568,#1569,#1570,#1571,#1572,#1573,#1574,#1575,#1576,
#1577,#1578,#1579,#1580,#1581,#1582,#1583,#1584,#1585,#1586,#1587,#1588,
#1589,#1590,#1591,#1592,#1593,#1594,#1595,#1596,#1597,#1598,#1599,#1600,
#1601,#1602,#1603,#1604,#1605,#1606,#1607,#1608,#1609,#1610,#1611,#1612,
#1613,#1614,#1615));
#268=EDGE_LOOP('',(#1616));
#269=EDGE_LOOP('',(#1617));
#270=EDGE_LOOP('',(#1618));
#271=EDGE_LOOP('',(#1619));
#272=EDGE_LOOP('',(#1620));
#273=EDGE_LOOP('',(#1621));
#274=EDGE_LOOP('',(#1622));
#275=EDGE_LOOP('',(#1623,#1624,#1625,#1626));
#276=EDGE_LOOP('',(#1627,#1628,#1629,#1630));
#277=EDGE_LOOP('',(#1631,#1632,#1633,#1634));
#278=EDGE_LOOP('',(#1635,#1636,#1637,#1638));
#279=EDGE_LOOP('',(#1639,#1640,#1641,#1642,#1643,#1644));
#280=EDGE_LOOP('',(#1645));
#281=EDGE_LOOP('',(#1646,#1647,#1648,#1649));
#282=EDGE_LOOP('',(#1650,#1651,#1652,#1653));
#283=EDGE_LOOP('',(#1654,#1655,#1656,#1657));
#284=EDGE_LOOP('',(#1658,#1659,#1660,#1661));
#285=EDGE_LOOP('',(#1662,#1663,#1664,#1665));
#286=EDGE_LOOP('',(#1666,#1667,#1668,#1669));
#287=EDGE_LOOP('',(#1670,#1671,#1672,#1673));
#288=EDGE_LOOP('',(#1674,#1675,#1676,#1677));
#289=EDGE_LOOP('',(#1678,#1679,#1680,#1681));
#290=EDGE_LOOP('',(#1682,#1683,#1684,#1685));
#291=EDGE_LOOP('',(#1686,#1687,#1688,#1689));
#292=EDGE_LOOP('',(#1690,#1691,#1692,#1693));
#293=EDGE_LOOP('',(#1694,#1695,#1696,#1697));
#294=EDGE_LOOP('',(#1698,#1699,#1700,#1701));
#295=EDGE_LOOP('',(#1702,#1703,#1704,#1705));
#296=EDGE_LOOP('',(#1706,#1707,#1708,#1709));
#297=EDGE_LOOP('',(#1710,#1711,#1712,#1713));
#298=EDGE_LOOP('',(#1714,#1715,#1716,#1717));
#299=EDGE_LOOP('',(#1718,#1719,#1720,#1721));
#300=EDGE_LOOP('',(#1722,#1723,#1724,#1725));
#301=EDGE_LOOP('',(#1726,#1727,#1728,#1729));
#302=EDGE_LOOP('',(#1730,#1731,#1732,#1733));
#303=EDGE_LOOP('',(#1734,#1735,#1736,#1737));
#304=EDGE_LOOP('',(#1738,#1739,#1740,#1741));
#305=EDGE_LOOP('',(#1742,#1743,#1744,#1745));
#306=EDGE_LOOP('',(#1746,#1747,#1748,#1749));
#307=EDGE_LOOP('',(#1750,#1751,#1752,#1753));
#308=EDGE_LOOP('',(#1754,#1755,#1756,#1757));
#309=EDGE_LOOP('',(#1758,#1759,#1760,#1761));
#310=EDGE_LOOP('',(#1762,#1763,#1764,#1765));
#311=EDGE_LOOP('',(#1766,#1767,#1768,#1769));
#312=EDGE_LOOP('',(#1770,#1771,#1772,#1773));
#313=EDGE_LOOP('',(#1774,#1775,#1776,#1777));
#314=EDGE_LOOP('',(#1778,#1779,#1780,#1781));
#315=EDGE_LOOP('',(#1782,#1783,#1784,#1785));
#316=EDGE_LOOP('',(#1786,#1787,#1788,#1789));
#317=EDGE_LOOP('',(#1790,#1791,#1792,#1793));
#318=EDGE_LOOP('',(#1794,#1795,#1796,#1797));
#319=EDGE_LOOP('',(#1798,#1799,#1800,#1801));
#320=EDGE_LOOP('',(#1802,#1803,#1804,#1805));
#321=EDGE_LOOP('',(#1806,#1807,#1808,#1809));
#322=EDGE_LOOP('',(#1810,#1811,#1812,#1813));
#323=EDGE_LOOP('',(#1814,#1815,#1816,#1817));
#324=EDGE_LOOP('',(#1818,#1819,#1820,#1821,#1822,#1823,#1824,#1825,#1826,
#1827,#1828,#1829,#1830,#1831,#1832,#1833,#1834,#1835,#1836,#1837,#1838,
#1839,#1840,#1841));
#325=EDGE_LOOP('',(#1842,#1843,#1844,#1845));
#326=EDGE_LOOP('',(#1846,#1847,#1848,#1849));
#327=EDGE_LOOP('',(#1850,#1851,#1852,#1853));
#328=EDGE_LOOP('',(#1854,#1855,#1856,#1857));
#329=EDGE_LOOP('',(#1858,#1859,#1860,#1861));
#330=EDGE_LOOP('',(#1862,#1863,#1864,#1865));
#331=EDGE_LOOP('',(#1866,#1867,#1868,#1869));
#332=EDGE_LOOP('',(#1870,#1871,#1872,#1873));
#333=EDGE_LOOP('',(#1874,#1875,#1876,#1877));
#334=EDGE_LOOP('',(#1878,#1879,#1880,#1881));
#335=EDGE_LOOP('',(#1882,#1883,#1884,#1885));
#336=EDGE_LOOP('',(#1886,#1887,#1888,#1889));
#337=EDGE_LOOP('',(#1890,#1891,#1892,#1893));
#338=EDGE_LOOP('',(#1894,#1895,#1896,#1897));
#339=EDGE_LOOP('',(#1898,#1899,#1900,#1901));
#340=EDGE_LOOP('',(#1902,#1903,#1904,#1905));
#341=EDGE_LOOP('',(#1906,#1907,#1908,#1909));
#342=EDGE_LOOP('',(#1910,#1911,#1912,#1913));
#343=EDGE_LOOP('',(#1914,#1915,#1916,#1917));
#344=EDGE_LOOP('',(#1918,#1919,#1920,#1921));
#345=EDGE_LOOP('',(#1922,#1923,#1924,#1925));
#346=EDGE_LOOP('',(#1926,#1927,#1928,#1929));
#347=EDGE_LOOP('',(#1930,#1931,#1932,#1933));
#348=EDGE_LOOP('',(#1934,#1935,#1936,#1937));
#349=EDGE_LOOP('',(#1938,#1939,#1940,#1941));
#350=EDGE_LOOP('',(#1942,#1943,#1944,#1945));
#351=EDGE_LOOP('',(#1946,#1947,#1948,#1949));
#352=EDGE_LOOP('',(#1950,#1951,#1952,#1953));
#353=EDGE_LOOP('',(#1954,#1955,#1956,#1957));
#354=EDGE_LOOP('',(#1958,#1959,#1960,#1961));
#355=EDGE_LOOP('',(#1962,#1963,#1964,#1965));
#356=EDGE_LOOP('',(#1966,#1967,#1968,#1969));
#357=EDGE_LOOP('',(#1970,#1971,#1972,#1973));
#358=EDGE_LOOP('',(#1974,#1975,#1976,#1977));
#359=EDGE_LOOP('',(#1978,#1979,#1980,#1981));
#360=EDGE_LOOP('',(#1982,#1983,#1984,#1985));
#361=EDGE_LOOP('',(#1986,#1987,#1988,#1989));
#362=EDGE_LOOP('',(#1990,#1991,#1992,#1993));
#363=EDGE_LOOP('',(#1994,#1995,#1996,#1997));
#364=EDGE_LOOP('',(#1998,#1999,#2000,#2001));
#365=EDGE_LOOP('',(#2002,#2003,#2004,#2005));
#366=EDGE_LOOP('',(#2006,#2007,#2008,#2009));
#367=EDGE_LOOP('',(#2010,#2011,#2012,#2013));
#368=EDGE_LOOP('',(#2014,#2015,#2016,#2017));
#369=EDGE_LOOP('',(#2018,#2019,#2020,#2021));
#370=EDGE_LOOP('',(#2022,#2023,#2024,#2025));
#371=EDGE_LOOP('',(#2026,#2027,#2028,#2029));
#372=EDGE_LOOP('',(#2030,#2031,#2032,#2033));
#373=EDGE_LOOP('',(#2034,#2035,#2036,#2037));
#374=EDGE_LOOP('',(#2038,#2039,#2040,#2041));
#375=EDGE_LOOP('',(#2042,#2043,#2044,#2045));
#376=EDGE_LOOP('',(#2046,#2047,#2048,#2049));
#377=EDGE_LOOP('',(#2050,#2051,#2052,#2053));
#378=EDGE_LOOP('',(#2054,#2055,#2056,#2057));
#379=EDGE_LOOP('',(#2058,#2059,#2060,#2061));
#380=EDGE_LOOP('',(#2062,#2063,#2064,#2065));
#381=EDGE_LOOP('',(#2066,#2067,#2068,#2069));
#382=EDGE_LOOP('',(#2070,#2071,#2072,#2073));
#383=EDGE_LOOP('',(#2074,#2075,#2076,#2077,#2078,#2079,#2080));
#384=EDGE_LOOP('',(#2081));
#385=EDGE_LOOP('',(#2082));
#386=EDGE_LOOP('',(#2083));
#387=EDGE_LOOP('',(#2084));
#388=EDGE_LOOP('',(#2085));
#389=EDGE_LOOP('',(#2086));
#390=EDGE_LOOP('',(#2087));
#391=EDGE_LOOP('',(#2088));
#392=EDGE_LOOP('',(#2089,#2090,#2091,#2092));
#393=EDGE_LOOP('',(#2093,#2094,#2095,#2096));
#394=EDGE_LOOP('',(#2097,#2098,#2099,#2100));
#395=EDGE_LOOP('',(#2101,#2102,#2103,#2104));
#396=EDGE_LOOP('',(#2105,#2106,#2107,#2108));
#397=EDGE_LOOP('',(#2109,#2110,#2111,#2112));
#398=EDGE_LOOP('',(#2113,#2114,#2115,#2116));
#399=EDGE_LOOP('',(#2117,#2118,#2119,#2120));
#400=EDGE_LOOP('',(#2121,#2122,#2123,#2124));
#401=EDGE_LOOP('',(#2125,#2126,#2127,#2128));
#402=EDGE_LOOP('',(#2129,#2130,#2131,#2132));
#403=EDGE_LOOP('',(#2133,#2134,#2135,#2136));
#404=EDGE_LOOP('',(#2137,#2138,#2139,#2140));
#405=LINE('',#3372,#598);
#406=LINE('',#3375,#599);
#407=LINE('',#3378,#600);
#408=LINE('',#3384,#601);
#409=LINE('',#3388,#602);
#410=LINE('',#3396,#603);
#411=LINE('',#3400,#604);
#412=LINE('',#3408,#605);
#413=LINE('',#3412,#606);
#414=LINE('',#3420,#607);
#415=LINE('',#3424,#608);
#416=LINE('',#3430,#609);
#417=LINE('',#3434,#610);
#418=LINE('',#3438,#611);
#419=LINE('',#3442,#612);
#420=LINE('',#3446,#613);
#421=LINE('',#3449,#614);
#422=LINE('',#3452,#615);
#423=LINE('',#3454,#616);
#424=LINE('',#3456,#617);
#425=LINE('',#3458,#618);
#426=LINE('',#3467,#619);
#427=LINE('',#3472,#620);
#428=LINE('',#3473,#621);
#429=LINE('',#3476,#622);
#430=LINE('',#3477,#623);
#431=LINE('',#3480,#624);
#432=LINE('',#3484,#625);
#433=LINE('',#3488,#626);
#434=LINE('',#3492,#627);
#435=LINE('',#3495,#628);
#436=LINE('',#3503,#629);
#437=LINE('',#3504,#630);
#438=LINE('',#3509,#631);
#439=LINE('',#3513,#632);
#440=LINE('',#3517,#633);
#441=LINE('',#3521,#634);
#442=LINE('',#3527,#635);
#443=LINE('',#3534,#636);
#444=LINE('',#3542,#637);
#445=LINE('',#3546,#638);
#446=LINE('',#3554,#639);
#447=LINE('',#3558,#640);
#448=LINE('',#3561,#641);
#449=LINE('',#3567,#642);
#450=LINE('',#3571,#643);
#451=LINE('',#3579,#644);
#452=LINE('',#3583,#645);
#453=LINE('',#3591,#646);
#454=LINE('',#3595,#647);
#455=LINE('',#3603,#648);
#456=LINE('',#3607,#649);
#457=LINE('',#3613,#650);
#458=LINE('',#3629,#651);
#459=LINE('',#3632,#652);
#460=LINE('',#3637,#653);
#461=LINE('',#3642,#654);
#462=LINE('',#3648,#655);
#463=LINE('',#3652,#656);
#464=LINE('',#3657,#657);
#465=LINE('',#3660,#658);
#466=LINE('',#3665,#659);
#467=LINE('',#3668,#660);
#468=LINE('',#3673,#661);
#469=LINE('',#3676,#662);
#470=LINE('',#3681,#663);
#471=LINE('',#3684,#664);
#472=LINE('',#3689,#665);
#473=LINE('',#3692,#666);
#474=LINE('',#3694,#667);
#475=LINE('',#3699,#668);
#476=LINE('',#3705,#669);
#477=LINE('',#3706,#670);
#478=LINE('',#3707,#671);
#479=LINE('',#3711,#672);
#480=LINE('',#3717,#673);
#481=LINE('',#3718,#674);
#482=LINE('',#3719,#675);
#483=LINE('',#3723,#676);
#484=LINE('',#3729,#677);
#485=LINE('',#3735,#678);
#486=LINE('',#3741,#679);
#487=LINE('',#3742,#680);
#488=LINE('',#3743,#681);
#489=LINE('',#3747,#682);
#490=LINE('',#3753,#683);
#491=LINE('',#3754,#684);
#492=LINE('',#3755,#685);
#493=LINE('',#3759,#686);
#494=LINE('',#3765,#687);
#495=LINE('',#3771,#688);
#496=LINE('',#3777,#689);
#497=LINE('',#3778,#690);
#498=LINE('',#3779,#691);
#499=LINE('',#3783,#692);
#500=LINE('',#3789,#693);
#501=LINE('',#3790,#694);
#502=LINE('',#3791,#695);
#503=LINE('',#3794,#696);
#504=LINE('',#3799,#697);
#505=LINE('',#3804,#698);
#506=LINE('',#3810,#699);
#507=LINE('',#3811,#700);
#508=LINE('',#3812,#701);
#509=LINE('',#3816,#702);
#510=LINE('',#3822,#703);
#511=LINE('',#3823,#704);
#512=LINE('',#3824,#705);
#513=LINE('',#3829,#706);
#514=LINE('',#3830,#707);
#515=LINE('',#3832,#708);
#516=LINE('',#3834,#709);
#517=LINE('',#3836,#710);
#518=LINE('',#3839,#711);
#519=LINE('',#3841,#712);
#520=LINE('',#3843,#713);
#521=LINE('',#3845,#714);
#522=LINE('',#3854,#715);
#523=LINE('',#3858,#716);
#524=LINE('',#3862,#717);
#525=LINE('',#3863,#718);
#526=LINE('',#3866,#719);
#527=LINE('',#3870,#720);
#528=LINE('',#3871,#721);
#529=LINE('',#3874,#722);
#530=LINE('',#3878,#723);
#531=LINE('',#3882,#724);
#532=LINE('',#3886,#725);
#533=LINE('',#3887,#726);
#534=LINE('',#3890,#727);
#535=LINE('',#3894,#728);
#536=LINE('',#3895,#729);
#537=LINE('',#3898,#730);
#538=LINE('',#3902,#731);
#539=LINE('',#3906,#732);
#540=LINE('',#3910,#733);
#541=LINE('',#3911,#734);
#542=LINE('',#3914,#735);
#543=LINE('',#3918,#736);
#544=LINE('',#3919,#737);
#545=LINE('',#3922,#738);
#546=LINE('',#3926,#739);
#547=LINE('',#3930,#740);
#548=LINE('',#3934,#741);
#549=LINE('',#3935,#742);
#550=LINE('',#3938,#743);
#551=LINE('',#3942,#744);
#552=LINE('',#3943,#745);
#553=LINE('',#3946,#746);
#554=LINE('',#3951,#747);
#555=LINE('',#3952,#748);
#556=LINE('',#3954,#749);
#557=LINE('',#3956,#750);
#558=LINE('',#3958,#751);
#559=LINE('',#3960,#752);
#560=LINE('',#3962,#753);
#561=LINE('',#3964,#754);
#562=LINE('',#3966,#755);
#563=LINE('',#3968,#756);
#564=LINE('',#3970,#757);
#565=LINE('',#3972,#758);
#566=LINE('',#3974,#759);
#567=LINE('',#3976,#760);
#568=LINE('',#3978,#761);
#569=LINE('',#3980,#762);
#570=LINE('',#3982,#763);
#571=LINE('',#3984,#764);
#572=LINE('',#3986,#765);
#573=LINE('',#3988,#766);
#574=LINE('',#3990,#767);
#575=LINE('',#3992,#768);
#576=LINE('',#3994,#769);
#577=LINE('',#3996,#770);
#578=LINE('',#3998,#771);
#579=LINE('',#4001,#772);
#580=LINE('',#4002,#773);
#581=LINE('',#4005,#774);
#582=LINE('',#4007,#775);
#583=LINE('',#4009,#776);
#584=LINE('',#4011,#777);
#585=LINE('',#4013,#778);
#586=LINE('',#4027,#779);
#587=LINE('',#4029,#780);
#588=LINE('',#4030,#781);
#589=LINE('',#4032,#782);
#590=LINE('',#4034,#783);
#591=LINE('',#4037,#784);
#592=LINE('',#4039,#785);
#593=LINE('',#4041,#786);
#594=LINE('',#4043,#787);
#595=LINE('',#4045,#788);
#596=LINE('',#4047,#789);
#597=LINE('',#4049,#790);
#598=VECTOR('',#2617,10.);
#599=VECTOR('',#2620,10.);
#600=VECTOR('',#2623,10.);
#601=VECTOR('',#2628,10.);
#602=VECTOR('',#2631,10.);
#603=VECTOR('',#2638,10.);
#604=VECTOR('',#2641,10.);
#605=VECTOR('',#2648,10.);
#606=VECTOR('',#2651,10.);
#607=VECTOR('',#2658,10.);
#608=VECTOR('',#2661,10.);
#609=VECTOR('',#2666,10.);
#610=VECTOR('',#2669,10.);
#611=VECTOR('',#2672,10.);
#612=VECTOR('',#2675,10.);
#613=VECTOR('',#2678,10.);
#614=VECTOR('',#2681,10.);
#615=VECTOR('',#2684,10.);
#616=VECTOR('',#2685,10.);
#617=VECTOR('',#2686,10.);
#618=VECTOR('',#2687,10.);
#619=VECTOR('',#2694,10.);
#620=VECTOR('',#2699,10.);
#621=VECTOR('',#2700,10.);
#622=VECTOR('',#2703,10.);
#623=VECTOR('',#2704,10.);
#624=VECTOR('',#2707,10.);
#625=VECTOR('',#2710,10.);
#626=VECTOR('',#2713,10.);
#627=VECTOR('',#2716,10.);
#628=VECTOR('',#2719,10.);
#629=VECTOR('',#2728,10.);
#630=VECTOR('',#2729,10.);
#631=VECTOR('',#2734,10.);
#632=VECTOR('',#2737,10.);
#633=VECTOR('',#2740,10.);
#634=VECTOR('',#2743,10.);
#635=VECTOR('',#2750,1.95);
#636=VECTOR('',#2757,10.);
#637=VECTOR('',#2764,10.);
#638=VECTOR('',#2767,10.);
#639=VECTOR('',#2774,10.);
#640=VECTOR('',#2777,10.);
#641=VECTOR('',#2780,10.);
#642=VECTOR('',#2785,10.);
#643=VECTOR('',#2788,10.);
#644=VECTOR('',#2795,10.);
#645=VECTOR('',#2798,10.);
#646=VECTOR('',#2805,10.);
#647=VECTOR('',#2808,10.);
#648=VECTOR('',#2815,10.);
#649=VECTOR('',#2818,10.);
#650=VECTOR('',#2825,10.);
#651=VECTOR('',#2842,1.7);
#652=VECTOR('',#2845,1.95);
#653=VECTOR('',#2852,1.7);
#654=VECTOR('',#2857,1.95);
#655=VECTOR('',#2864,10.);
#656=VECTOR('',#2867,10.);
#657=VECTOR('',#2874,1.7);
#658=VECTOR('',#2877,1.95);
#659=VECTOR('',#2884,1.7);
#660=VECTOR('',#2887,1.95);
#661=VECTOR('',#2894,1.7);
#662=VECTOR('',#2897,1.95);
#663=VECTOR('',#2904,1.7);
#664=VECTOR('',#2907,1.95);
#665=VECTOR('',#2914,1.7);
#666=VECTOR('',#2917,10.);
#667=VECTOR('',#2918,10.);
#668=VECTOR('',#2923,10.);
#669=VECTOR('',#2930,10.);
#670=VECTOR('',#2931,10.);
#671=VECTOR('',#2932,10.);
#672=VECTOR('',#2935,10.);
#673=VECTOR('',#2942,10.);
#674=VECTOR('',#2943,10.);
#675=VECTOR('',#2944,10.);
#676=VECTOR('',#2947,10.);
#677=VECTOR('',#2954,10.);
#678=VECTOR('',#2961,10.);
#679=VECTOR('',#2968,10.);
#680=VECTOR('',#2969,10.);
#681=VECTOR('',#2970,10.);
#682=VECTOR('',#2973,10.);
#683=VECTOR('',#2980,10.);
#684=VECTOR('',#2981,10.);
#685=VECTOR('',#2982,10.);
#686=VECTOR('',#2985,10.);
#687=VECTOR('',#2992,10.);
#688=VECTOR('',#2999,10.);
#689=VECTOR('',#3006,10.);
#690=VECTOR('',#3007,10.);
#691=VECTOR('',#3008,10.);
#692=VECTOR('',#3011,10.);
#693=VECTOR('',#3018,10.);
#694=VECTOR('',#3019,10.);
#695=VECTOR('',#3020,10.);
#696=VECTOR('',#3023,10.);
#697=VECTOR('',#3030,10.);
#698=VECTOR('',#3035,10.);
#699=VECTOR('',#3042,10.);
#700=VECTOR('',#3043,10.);
#701=VECTOR('',#3044,10.);
#702=VECTOR('',#3047,10.);
#703=VECTOR('',#3054,10.);
#704=VECTOR('',#3055,10.);
#705=VECTOR('',#3056,10.);
#706=VECTOR('',#3065,10.);
#707=VECTOR('',#3066,10.);
#708=VECTOR('',#3069,10.);
#709=VECTOR('',#3072,10.);
#710=VECTOR('',#3075,10.);
#711=VECTOR('',#3080,10.);
#712=VECTOR('',#3083,10.);
#713=VECTOR('',#3086,10.);
#714=VECTOR('',#3089,10.);
#715=VECTOR('',#3096,10.);
#716=VECTOR('',#3101,10.);
#717=VECTOR('',#3106,10.);
#718=VECTOR('',#3107,10.);
#719=VECTOR('',#3110,10.);
#720=VECTOR('',#3115,10.);
#721=VECTOR('',#3116,10.);
#722=VECTOR('',#3119,10.);
#723=VECTOR('',#3124,10.);
#724=VECTOR('',#3129,10.);
#725=VECTOR('',#3134,10.);
#726=VECTOR('',#3135,10.);
#727=VECTOR('',#3138,10.);
#728=VECTOR('',#3143,10.);
#729=VECTOR('',#3144,10.);
#730=VECTOR('',#3147,10.);
#731=VECTOR('',#3152,10.);
#732=VECTOR('',#3157,10.);
#733=VECTOR('',#3162,10.);
#734=VECTOR('',#3163,10.);
#735=VECTOR('',#3166,10.);
#736=VECTOR('',#3171,10.);
#737=VECTOR('',#3172,10.);
#738=VECTOR('',#3175,10.);
#739=VECTOR('',#3180,10.);
#740=VECTOR('',#3185,10.);
#741=VECTOR('',#3190,10.);
#742=VECTOR('',#3191,10.);
#743=VECTOR('',#3194,10.);
#744=VECTOR('',#3199,10.);
#745=VECTOR('',#3200,10.);
#746=VECTOR('',#3203,10.);
#747=VECTOR('',#3212,10.);
#748=VECTOR('',#3213,10.);
#749=VECTOR('',#3216,10.);
#750=VECTOR('',#3219,10.);
#751=VECTOR('',#3222,10.);
#752=VECTOR('',#3225,10.);
#753=VECTOR('',#3228,10.);
#754=VECTOR('',#3231,10.);
#755=VECTOR('',#3234,10.);
#756=VECTOR('',#3237,10.);
#757=VECTOR('',#3240,10.);
#758=VECTOR('',#3243,10.);
#759=VECTOR('',#3246,10.);
#760=VECTOR('',#3249,10.);
#761=VECTOR('',#3252,10.);
#762=VECTOR('',#3255,10.);
#763=VECTOR('',#3258,10.);
#764=VECTOR('',#3261,10.);
#765=VECTOR('',#3264,10.);
#766=VECTOR('',#3267,10.);
#767=VECTOR('',#3270,10.);
#768=VECTOR('',#3273,10.);
#769=VECTOR('',#3276,10.);
#770=VECTOR('',#3279,10.);
#771=VECTOR('',#3282,10.);
#772=VECTOR('',#3287,10.);
#773=VECTOR('',#3288,10.);
#774=VECTOR('',#3293,10.);
#775=VECTOR('',#3296,10.);
#776=VECTOR('',#3299,10.);
#777=VECTOR('',#3302,10.);
#778=VECTOR('',#3305,10.);
#779=VECTOR('',#3330,1.7);
#780=VECTOR('',#3333,10.);
#781=VECTOR('',#3334,10.);
#782=VECTOR('',#3337,10.);
#783=VECTOR('',#3340,10.);
#784=VECTOR('',#3345,10.);
#785=VECTOR('',#3348,10.);
#786=VECTOR('',#3351,10.);
#787=VECTOR('',#3354,10.);
#788=VECTOR('',#3357,10.);
#789=VECTOR('',#3360,10.);
#790=VECTOR('',#3363,10.);
#791=CIRCLE('',#2332,2.);
#792=CIRCLE('',#2333,2.);
#793=CIRCLE('',#2335,28.);
#794=CIRCLE('',#2336,1.);
#795=CIRCLE('',#2337,4.5);
#796=CIRCLE('',#2338,1.);
#797=CIRCLE('',#2339,28.);
#798=CIRCLE('',#2340,1.);
#799=CIRCLE('',#2341,4.5);
#800=CIRCLE('',#2342,1.);
#801=CIRCLE('',#2343,28.);
#802=CIRCLE('',#2344,0.999999999999996);
#803=CIRCLE('',#2345,4.5);
#804=CIRCLE('',#2346,1.);
#805=CIRCLE('',#2347,28.);
#806=CIRCLE('',#2348,1.);
#807=CIRCLE('',#2349,4.5);
#808=CIRCLE('',#2350,1.);
#809=CIRCLE('',#2351,28.);
#810=CIRCLE('',#2352,2.);
#811=CIRCLE('',#2353,2.);
#812=CIRCLE('',#2354,2.);
#813=CIRCLE('',#2355,2.);
#814=CIRCLE('',#2356,2.);
#815=CIRCLE('',#2359,2.);
#816=CIRCLE('',#2360,2.);
#817=CIRCLE('',#2362,2.);
#818=CIRCLE('',#2365,2.);
#819=CIRCLE('',#2366,2.);
#820=CIRCLE('',#2367,2.);
#821=CIRCLE('',#2368,2.);
#822=CIRCLE('',#2369,2.);
#823=CIRCLE('',#2370,22.25);
#824=CIRCLE('',#2372,2.);
#825=CIRCLE('',#2374,22.25);
#826=CIRCLE('',#2375,22.25);
#827=CIRCLE('',#2376,22.25);
#828=CIRCLE('',#2377,22.25);
#829=CIRCLE('',#2378,22.25);
#830=CIRCLE('',#2380,2.2);
#831=CIRCLE('',#2381,1.7);
#832=CIRCLE('',#2383,4.);
#833=CIRCLE('',#2384,1.5);
#834=CIRCLE('',#2385,22.25);
#835=CIRCLE('',#2386,1.5);
#836=CIRCLE('',#2387,4.);
#837=CIRCLE('',#2388,1.5);
#838=CIRCLE('',#2389,22.25);
#839=CIRCLE('',#2390,1.5);
#840=CIRCLE('',#2391,4.);
#841=CIRCLE('',#2392,1.5);
#842=CIRCLE('',#2393,27.5);
#843=CIRCLE('',#2394,1.5);
#844=CIRCLE('',#2395,4.);
#845=CIRCLE('',#2396,1.5);
#846=CIRCLE('',#2397,27.5);
#847=CIRCLE('',#2398,1.5);
#848=CIRCLE('',#2399,4.);
#849=CIRCLE('',#2400,1.5);
#850=CIRCLE('',#2401,27.5);
#851=CIRCLE('',#2402,1.5);
#852=CIRCLE('',#2403,4.);
#853=CIRCLE('',#2404,1.5);
#854=CIRCLE('',#2405,27.5);
#855=CIRCLE('',#2406,1.5);
#856=CIRCLE('',#2407,4.);
#857=CIRCLE('',#2408,1.5);
#858=CIRCLE('',#2409,27.5);
#859=CIRCLE('',#2410,1.5);
#860=CIRCLE('',#2411,2.2);
#861=CIRCLE('',#2412,2.2);
#862=CIRCLE('',#2413,2.2);
#863=CIRCLE('',#2414,1.7);
#864=CIRCLE('',#2415,2.2);
#865=CIRCLE('',#2416,2.2);
#866=CIRCLE('',#2418,1.7);
#867=CIRCLE('',#2420,1.7);
#868=CIRCLE('',#2422,1.7);
#869=CIRCLE('',#2424,2.2);
#870=CIRCLE('',#2425,1.7);
#871=CIRCLE('',#2427,1.5);
#872=CIRCLE('',#2428,4.);
#873=CIRCLE('',#2429,1.5);
#874=CIRCLE('',#2431,1.7);
#875=CIRCLE('',#2433,1.7);
#876=CIRCLE('',#2435,1.7);
#877=CIRCLE('',#2437,1.7);
#878=CIRCLE('',#2439,1.7);
#879=CIRCLE('',#2441,1.7);
#880=CIRCLE('',#2443,1.7);
#881=CIRCLE('',#2445,1.7);
#882=CIRCLE('',#2447,1.7);
#883=CIRCLE('',#2449,21.75);
#884=CIRCLE('',#2451,1.5);
#885=CIRCLE('',#2452,0.999999999999998);
#886=CIRCLE('',#2455,4.);
#887=CIRCLE('',#2456,4.5);
#888=CIRCLE('',#2459,1.5);
#889=CIRCLE('',#2460,0.999999999999999);
#890=CIRCLE('',#2462,22.25);
#891=CIRCLE('',#2463,21.75);
#892=CIRCLE('',#2465,1.5);
#893=CIRCLE('',#2466,1.);
#894=CIRCLE('',#2469,4.);
#895=CIRCLE('',#2470,4.5);
#896=CIRCLE('',#2473,1.5);
#897=CIRCLE('',#2474,0.999999999999998);
#898=CIRCLE('',#2476,22.25);
#899=CIRCLE('',#2477,21.75);
#900=CIRCLE('',#2479,1.5);
#901=CIRCLE('',#2480,1.);
#902=CIRCLE('',#2483,4.);
#903=CIRCLE('',#2484,4.5);
#904=CIRCLE('',#2487,1.5);
#905=CIRCLE('',#2488,0.999999999999999);
#906=CIRCLE('',#2490,21.75);
#907=CIRCLE('',#2492,1.5);
#908=CIRCLE('',#2493,0.999999999999995);
#909=CIRCLE('',#2496,4.);
#910=CIRCLE('',#2497,4.5);
#911=CIRCLE('',#2500,1.5);
#912=CIRCLE('',#2501,1.);
#913=CIRCLE('',#2514,27.5);
#914=CIRCLE('',#2516,1.5);
#915=CIRCLE('',#2519,4.);
#916=CIRCLE('',#2522,1.5);
#917=CIRCLE('',#2524,27.5);
#918=CIRCLE('',#2526,1.5);
#919=CIRCLE('',#2529,4.);
#920=CIRCLE('',#2532,1.5);
#921=CIRCLE('',#2534,27.5);
#922=CIRCLE('',#2536,1.5);
#923=CIRCLE('',#2539,4.);
#924=CIRCLE('',#2542,1.5);
#925=CIRCLE('',#2544,27.5);
#926=CIRCLE('',#2546,1.5);
#927=CIRCLE('',#2549,4.);
#928=CIRCLE('',#2552,1.5);
#929=CIRCLE('',#2554,27.5);
#930=CIRCLE('',#2596,1.7);
#931=VERTEX_POINT('',#3368);
#932=VERTEX_POINT('',#3369);
#933=VERTEX_POINT('',#3371);
#934=VERTEX_POINT('',#3373);
#935=VERTEX_POINT('',#3377);
#936=VERTEX_POINT('',#3379);
#937=VERTEX_POINT('',#3381);
#938=VERTEX_POINT('',#3383);
#939=VERTEX_POINT('',#3385);
#940=VERTEX_POINT('',#3387);
#941=VERTEX_POINT('',#3389);
#942=VERTEX_POINT('',#3391);
#943=VERTEX_POINT('',#3393);
#944=VERTEX_POINT('',#3395);
#945=VERTEX_POINT('',#3397);
#946=VERTEX_POINT('',#3399);
#947=VERTEX_POINT('',#3401);
#948=VERTEX_POINT('',#3403);
#949=VERTEX_POINT('',#3405);
#950=VERTEX_POINT('',#3407);
#951=VERTEX_POINT('',#3409);
#952=VERTEX_POINT('',#3411);
#953=VERTEX_POINT('',#3413);
#954=VERTEX_POINT('',#3415);
#955=VERTEX_POINT('',#3417);
#956=VERTEX_POINT('',#3419);
#957=VERTEX_POINT('',#3421);
#958=VERTEX_POINT('',#3423);
#959=VERTEX_POINT('',#3425);
#960=VERTEX_POINT('',#3427);
#961=VERTEX_POINT('',#3429);
#962=VERTEX_POINT('',#3431);
#963=VERTEX_POINT('',#3433);
#964=VERTEX_POINT('',#3435);
#965=VERTEX_POINT('',#3437);
#966=VERTEX_POINT('',#3439);
#967=VERTEX_POINT('',#3441);
#968=VERTEX_POINT('',#3443);
#969=VERTEX_POINT('',#3445);
#970=VERTEX_POINT('',#3447);
#971=VERTEX_POINT('',#3451);
#972=VERTEX_POINT('',#3453);
#973=VERTEX_POINT('',#3455);
#974=VERTEX_POINT('',#3457);
#975=VERTEX_POINT('',#3463);
#976=VERTEX_POINT('',#3465);
#977=VERTEX_POINT('',#3469);
#978=VERTEX_POINT('',#3470);
#979=VERTEX_POINT('',#3475);
#980=VERTEX_POINT('',#3479);
#981=VERTEX_POINT('',#3481);
#982=VERTEX_POINT('',#3483);
#983=VERTEX_POINT('',#3485);
#984=VERTEX_POINT('',#3487);
#985=VERTEX_POINT('',#3489);
#986=VERTEX_POINT('',#3491);
#987=VERTEX_POINT('',#3494);
#988=VERTEX_POINT('',#3496);
#989=VERTEX_POINT('',#3500);
#990=VERTEX_POINT('',#3501);
#991=VERTEX_POINT('',#3506);
#992=VERTEX_POINT('',#3508);
#993=VERTEX_POINT('',#3510);
#994=VERTEX_POINT('',#3512);
#995=VERTEX_POINT('',#3514);
#996=VERTEX_POINT('',#3516);
#997=VERTEX_POINT('',#3518);
#998=VERTEX_POINT('',#3520);
#999=VERTEX_POINT('',#3524);
#1000=VERTEX_POINT('',#3526);
#1001=VERTEX_POINT('',#3530);
#1002=VERTEX_POINT('',#3531);
#1003=VERTEX_POINT('',#3533);
#1004=VERTEX_POINT('',#3535);
#1005=VERTEX_POINT('',#3537);
#1006=VERTEX_POINT('',#3539);
#1007=VERTEX_POINT('',#3541);
#1008=VERTEX_POINT('',#3543);
#1009=VERTEX_POINT('',#3545);
#1010=VERTEX_POINT('',#3547);
#1011=VERTEX_POINT('',#3549);
#1012=VERTEX_POINT('',#3551);
#1013=VERTEX_POINT('',#3553);
#1014=VERTEX_POINT('',#3555);
#1015=VERTEX_POINT('',#3557);
#1016=VERTEX_POINT('',#3560);
#1017=VERTEX_POINT('',#3562);
#1018=VERTEX_POINT('',#3564);
#1019=VERTEX_POINT('',#3566);
#1020=VERTEX_POINT('',#3568);
#1021=VERTEX_POINT('',#3570);
#1022=VERTEX_POINT('',#3572);
#1023=VERTEX_POINT('',#3574);
#1024=VERTEX_POINT('',#3576);
#1025=VERTEX_POINT('',#3578);
#1026=VERTEX_POINT('',#3580);
#1027=VERTEX_POINT('',#3582);
#1028=VERTEX_POINT('',#3584);
#1029=VERTEX_POINT('',#3586);
#1030=VERTEX_POINT('',#3588);
#1031=VERTEX_POINT('',#3590);
#1032=VERTEX_POINT('',#3592);
#1033=VERTEX_POINT('',#3594);
#1034=VERTEX_POINT('',#3596);
#1035=VERTEX_POINT('',#3598);
#1036=VERTEX_POINT('',#3600);
#1037=VERTEX_POINT('',#3602);
#1038=VERTEX_POINT('',#3604);
#1039=VERTEX_POINT('',#3606);
#1040=VERTEX_POINT('',#3608);
#1041=VERTEX_POINT('',#3611);
#1042=VERTEX_POINT('',#3614);
#1043=VERTEX_POINT('',#3616);
#1044=VERTEX_POINT('',#3618);
#1045=VERTEX_POINT('',#3620);
#1046=VERTEX_POINT('',#3622);
#1047=VERTEX_POINT('',#3624);
#1048=VERTEX_POINT('',#3627);
#1049=VERTEX_POINT('',#3631);
#1050=VERTEX_POINT('',#3635);
#1051=VERTEX_POINT('',#3639);
#1052=VERTEX_POINT('',#3641);
#1053=VERTEX_POINT('',#3645);
#1054=VERTEX_POINT('',#3647);
#1055=VERTEX_POINT('',#3649);
#1056=VERTEX_POINT('',#3651);
#1057=VERTEX_POINT('',#3655);
#1058=VERTEX_POINT('',#3659);
#1059=VERTEX_POINT('',#3663);
#1060=VERTEX_POINT('',#3667);
#1061=VERTEX_POINT('',#3671);
#1062=VERTEX_POINT('',#3675);
#1063=VERTEX_POINT('',#3679);
#1064=VERTEX_POINT('',#3683);
#1065=VERTEX_POINT('',#3687);
#1066=VERTEX_POINT('',#3691);
#1067=VERTEX_POINT('',#3693);
#1068=VERTEX_POINT('',#3697);
#1069=VERTEX_POINT('',#3698);
#1070=VERTEX_POINT('',#3703);
#1071=VERTEX_POINT('',#3704);
#1072=VERTEX_POINT('',#3709);
#1073=VERTEX_POINT('',#3710);
#1074=VERTEX_POINT('',#3715);
#1075=VERTEX_POINT('',#3716);
#1076=VERTEX_POINT('',#3721);
#1077=VERTEX_POINT('',#3722);
#1078=VERTEX_POINT('',#3727);
#1079=VERTEX_POINT('',#3728);
#1080=VERTEX_POINT('',#3733);
#1081=VERTEX_POINT('',#3734);
#1082=VERTEX_POINT('',#3739);
#1083=VERTEX_POINT('',#3740);
#1084=VERTEX_POINT('',#3745);
#1085=VERTEX_POINT('',#3746);
#1086=VERTEX_POINT('',#3751);
#1087=VERTEX_POINT('',#3752);
#1088=VERTEX_POINT('',#3757);
#1089=VERTEX_POINT('',#3758);
#1090=VERTEX_POINT('',#3763);
#1091=VERTEX_POINT('',#3764);
#1092=VERTEX_POINT('',#3769);
#1093=VERTEX_POINT('',#3770);
#1094=VERTEX_POINT('',#3775);
#1095=VERTEX_POINT('',#3776);
#1096=VERTEX_POINT('',#3781);
#1097=VERTEX_POINT('',#3782);
#1098=VERTEX_POINT('',#3787);
#1099=VERTEX_POINT('',#3788);
#1100=VERTEX_POINT('',#3793);
#1101=VERTEX_POINT('',#3798);
#1102=VERTEX_POINT('',#3802);
#1103=VERTEX_POINT('',#3803);
#1104=VERTEX_POINT('',#3808);
#1105=VERTEX_POINT('',#3809);
#1106=VERTEX_POINT('',#3814);
#1107=VERTEX_POINT('',#3815);
#1108=VERTEX_POINT('',#3820);
#1109=VERTEX_POINT('',#3821);
#1110=VERTEX_POINT('',#3849);
#1111=VERTEX_POINT('',#3853);
#1112=VERTEX_POINT('',#3857);
#1113=VERTEX_POINT('',#3861);
#1114=VERTEX_POINT('',#3865);
#1115=VERTEX_POINT('',#3869);
#1116=VERTEX_POINT('',#3873);
#1117=VERTEX_POINT('',#3877);
#1118=VERTEX_POINT('',#3881);
#1119=VERTEX_POINT('',#3885);
#1120=VERTEX_POINT('',#3889);
#1121=VERTEX_POINT('',#3893);
#1122=VERTEX_POINT('',#3897);
#1123=VERTEX_POINT('',#3901);
#1124=VERTEX_POINT('',#3905);
#1125=VERTEX_POINT('',#3909);
#1126=VERTEX_POINT('',#3913);
#1127=VERTEX_POINT('',#3917);
#1128=VERTEX_POINT('',#3921);
#1129=VERTEX_POINT('',#3925);
#1130=VERTEX_POINT('',#3929);
#1131=VERTEX_POINT('',#3933);
#1132=VERTEX_POINT('',#3937);
#1133=VERTEX_POINT('',#3941);
#1134=VERTEX_POINT('',#3945);
#1135=VERTEX_POINT('',#4023);
#1136=EDGE_CURVE('',#931,#932,#791,.T.);
#1137=EDGE_CURVE('',#932,#933,#405,.T.);
#1138=EDGE_CURVE('',#933,#934,#792,.T.);
#1139=EDGE_CURVE('',#934,#931,#406,.T.);
#1140=EDGE_CURVE('',#931,#935,#407,.T.);
#1141=EDGE_CURVE('',#936,#935,#793,.T.);
#1142=EDGE_CURVE('',#937,#936,#794,.T.);
#1143=EDGE_CURVE('',#938,#937,#408,.T.);
#1144=EDGE_CURVE('',#939,#938,#795,.T.);
#1145=EDGE_CURVE('',#940,#939,#409,.T.);
#1146=EDGE_CURVE('',#941,#940,#796,.T.);
#1147=EDGE_CURVE('',#942,#941,#797,.T.);
#1148=EDGE_CURVE('',#943,#942,#798,.T.);
#1149=EDGE_CURVE('',#944,#943,#410,.T.);
#1150=EDGE_CURVE('',#945,#944,#799,.T.);
#1151=EDGE_CURVE('',#946,#945,#411,.T.);
#1152=EDGE_CURVE('',#947,#946,#800,.T.);
#1153=EDGE_CURVE('',#948,#947,#801,.T.);
#1154=EDGE_CURVE('',#949,#948,#802,.T.);
#1155=EDGE_CURVE('',#950,#949,#412,.T.);
#1156=EDGE_CURVE('',#951,#950,#803,.T.);
#1157=EDGE_CURVE('',#952,#951,#413,.T.);
#1158=EDGE_CURVE('',#953,#952,#804,.T.);
#1159=EDGE_CURVE('',#954,#953,#805,.T.);
#1160=EDGE_CURVE('',#955,#954,#806,.T.);
#1161=EDGE_CURVE('',#956,#955,#414,.T.);
#1162=EDGE_CURVE('',#957,#956,#807,.T.);
#1163=EDGE_CURVE('',#958,#957,#415,.T.);
#1164=EDGE_CURVE('',#959,#958,#808,.T.);
#1165=EDGE_CURVE('',#960,#959,#809,.T.);
#1166=EDGE_CURVE('',#960,#961,#416,.T.);
#1167=EDGE_CURVE('',#962,#961,#810,.T.);
#1168=EDGE_CURVE('',#963,#962,#417,.T.);
#1169=EDGE_CURVE('',#964,#963,#811,.T.);
#1170=EDGE_CURVE('',#965,#964,#418,.T.);
#1171=EDGE_CURVE('',#966,#965,#812,.T.);
#1172=EDGE_CURVE('',#967,#966,#419,.T.);
#1173=EDGE_CURVE('',#968,#967,#813,.T.);
#1174=EDGE_CURVE('',#969,#968,#420,.T.);
#1175=EDGE_CURVE('',#970,#969,#814,.T.);
#1176=EDGE_CURVE('',#932,#970,#421,.T.);
#1177=EDGE_CURVE('',#971,#934,#422,.T.);
#1178=EDGE_CURVE('',#972,#971,#423,.T.);
#1179=EDGE_CURVE('',#973,#972,#424,.T.);
#1180=EDGE_CURVE('',#974,#973,#425,.T.);
#1181=EDGE_CURVE('',#935,#974,#63,.T.);
#1182=EDGE_CURVE('',#975,#972,#815,.T.);
#1183=EDGE_CURVE('',#971,#976,#816,.T.);
#1184=EDGE_CURVE('',#976,#975,#426,.T.);
#1185=EDGE_CURVE('',#977,#978,#817,.T.);
#1186=EDGE_CURVE('',#978,#962,#427,.T.);
#1187=EDGE_CURVE('',#961,#977,#428,.T.);
#1188=EDGE_CURVE('',#979,#978,#429,.T.);
#1189=EDGE_CURVE('',#963,#979,#430,.T.);
#1190=EDGE_CURVE('',#933,#980,#431,.T.);
#1191=EDGE_CURVE('',#981,#980,#818,.T.);
#1192=EDGE_CURVE('',#981,#982,#432,.T.);
#1193=EDGE_CURVE('',#983,#982,#819,.T.);
#1194=EDGE_CURVE('',#983,#984,#433,.T.);
#1195=EDGE_CURVE('',#985,#984,#820,.T.);
#1196=EDGE_CURVE('',#985,#986,#434,.T.);
#1197=EDGE_CURVE('',#979,#986,#821,.T.);
#1198=EDGE_CURVE('',#977,#987,#435,.T.);
#1199=EDGE_CURVE('',#988,#987,#822,.T.);
#1200=EDGE_CURVE('',#988,#976,#823,.T.);
#1201=EDGE_CURVE('',#989,#990,#824,.T.);
#1202=EDGE_CURVE('',#990,#988,#436,.T.);
#1203=EDGE_CURVE('',#987,#989,#437,.T.);
#1204=EDGE_CURVE('',#990,#991,#825,.T.);
#1205=EDGE_CURVE('',#991,#992,#438,.T.);
#1206=EDGE_CURVE('',#993,#992,#826,.T.);
#1207=EDGE_CURVE('',#994,#993,#439,.T.);
#1208=EDGE_CURVE('',#995,#994,#827,.T.);
#1209=EDGE_CURVE('',#995,#996,#440,.T.);
#1210=EDGE_CURVE('',#997,#996,#828,.T.);
#1211=EDGE_CURVE('',#998,#997,#441,.T.);
#1212=EDGE_CURVE('',#998,#975,#829,.T.);
#1213=EDGE_CURVE('',#999,#999,#830,.T.);
#1214=EDGE_CURVE('',#999,#1000,#442,.T.);
#1215=EDGE_CURVE('',#1000,#1000,#831,.T.);
#1216=EDGE_CURVE('',#1001,#1002,#832,.T.);
#1217=EDGE_CURVE('',#1002,#1003,#443,.T.);
#1218=EDGE_CURVE('',#1004,#1003,#833,.T.);
#1219=EDGE_CURVE('',#1005,#1004,#834,.T.);
#1220=EDGE_CURVE('',#1006,#1005,#835,.T.);
#1221=EDGE_CURVE('',#1007,#1006,#444,.T.);
#1222=EDGE_CURVE('',#1007,#1008,#836,.T.);
#1223=EDGE_CURVE('',#1008,#1009,#445,.T.);
#1224=EDGE_CURVE('',#1010,#1009,#837,.T.);
#1225=EDGE_CURVE('',#1011,#1010,#838,.T.);
#1226=EDGE_CURVE('',#1012,#1011,#839,.T.);
#1227=EDGE_CURVE('',#1013,#1012,#446,.T.);
#1228=EDGE_CURVE('',#1013,#1014,#840,.T.);
#1229=EDGE_CURVE('',#1014,#1015,#447,.T.);
#1230=EDGE_CURVE('',#991,#1015,#841,.T.);
#1231=EDGE_CURVE('',#989,#1016,#448,.T.);
#1232=EDGE_CURVE('',#1017,#1016,#842,.T.);
#1233=EDGE_CURVE('',#1018,#1017,#843,.T.);
#1234=EDGE_CURVE('',#1019,#1018,#449,.T.);
#1235=EDGE_CURVE('',#1020,#1019,#844,.T.);
#1236=EDGE_CURVE('',#1021,#1020,#450,.T.);
#1237=EDGE_CURVE('',#1022,#1021,#845,.T.);
#1238=EDGE_CURVE('',#1023,#1022,#846,.T.);
#1239=EDGE_CURVE('',#1024,#1023,#847,.T.);
#1240=EDGE_CURVE('',#1025,#1024,#451,.T.);
#1241=EDGE_CURVE('',#1026,#1025,#848,.T.);
#1242=EDGE_CURVE('',#1027,#1026,#452,.T.);
#1243=EDGE_CURVE('',#1028,#1027,#849,.T.);
#1244=EDGE_CURVE('',#1029,#1028,#850,.T.);
#1245=EDGE_CURVE('',#1030,#1029,#851,.T.);
#1246=EDGE_CURVE('',#1031,#1030,#453,.T.);
#1247=EDGE_CURVE('',#1032,#1031,#852,.T.);
#1248=EDGE_CURVE('',#1033,#1032,#454,.T.);
#1249=EDGE_CURVE('',#1034,#1033,#853,.T.);
#1250=EDGE_CURVE('',#1035,#1034,#854,.T.);
#1251=EDGE_CURVE('',#1036,#1035,#855,.T.);
#1252=EDGE_CURVE('',#1037,#1036,#455,.T.);
#1253=EDGE_CURVE('',#1038,#1037,#856,.T.);
#1254=EDGE_CURVE('',#1039,#1038,#456,.T.);
#1255=EDGE_CURVE('',#1040,#1039,#857,.T.);
#1256=EDGE_CURVE('',#973,#1040,#858,.T.);
#1257=EDGE_CURVE('',#1041,#998,#859,.T.);
#1258=EDGE_CURVE('',#1001,#1041,#457,.T.);
#1259=EDGE_CURVE('',#1042,#1042,#860,.T.);
#1260=EDGE_CURVE('',#1043,#1043,#861,.T.);
#1261=EDGE_CURVE('',#1044,#1044,#862,.T.);
#1262=EDGE_CURVE('',#1045,#1045,#863,.T.);
#1263=EDGE_CURVE('',#1046,#1046,#864,.T.);
#1264=EDGE_CURVE('',#1047,#1047,#865,.T.);
#1265=EDGE_CURVE('',#1048,#1048,#866,.T.);
#1266=EDGE_CURVE('',#1048,#1000,#458,.T.);
#1267=EDGE_CURVE('',#1042,#1049,#459,.T.);
#1268=EDGE_CURVE('',#1049,#1049,#867,.T.);
#1269=EDGE_CURVE('',#1050,#1050,#868,.T.);
#1270=EDGE_CURVE('',#1050,#1049,#460,.T.);
#1271=EDGE_CURVE('',#1051,#1051,#869,.T.);
#1272=EDGE_CURVE('',#1051,#1052,#461,.T.);
#1273=EDGE_CURVE('',#1052,#1052,#870,.T.);
#1274=EDGE_CURVE('',#1053,#994,#871,.T.);
#1275=EDGE_CURVE('',#1054,#1053,#462,.T.);
#1276=EDGE_CURVE('',#1054,#1055,#872,.T.);
#1277=EDGE_CURVE('',#1055,#1056,#463,.T.);
#1278=EDGE_CURVE('',#995,#1056,#873,.T.);
#1279=EDGE_CURVE('',#1057,#1057,#874,.T.);
#1280=EDGE_CURVE('',#1057,#1052,#464,.T.);
#1281=EDGE_CURVE('',#1047,#1058,#465,.T.);
#1282=EDGE_CURVE('',#1058,#1058,#875,.T.);
#1283=EDGE_CURVE('',#1059,#1059,#876,.T.);
#1284=EDGE_CURVE('',#1059,#1058,#466,.T.);
#1285=EDGE_CURVE('',#1043,#1060,#467,.T.);
#1286=EDGE_CURVE('',#1060,#1060,#877,.T.);
#1287=EDGE_CURVE('',#1061,#1061,#878,.T.);
#1288=EDGE_CURVE('',#1061,#1060,#468,.T.);
#1289=EDGE_CURVE('',#1046,#1062,#469,.T.);
#1290=EDGE_CURVE('',#1062,#1062,#879,.T.);
#1291=EDGE_CURVE('',#1063,#1063,#880,.T.);
#1292=EDGE_CURVE('',#1063,#1062,#470,.T.);
#1293=EDGE_CURVE('',#1044,#1064,#471,.T.);
#1294=EDGE_CURVE('',#1064,#1064,#881,.T.);
#1295=EDGE_CURVE('',#1065,#1065,#882,.T.);
#1296=EDGE_CURVE('',#1065,#1064,#472,.T.);
#1297=EDGE_CURVE('',#1066,#997,#473,.T.);
#1298=EDGE_CURVE('',#996,#1067,#474,.T.);
#1299=EDGE_CURVE('',#1067,#1066,#883,.T.);
#1300=EDGE_CURVE('',#1068,#1069,#475,.T.);
#1301=EDGE_CURVE('',#1069,#997,#884,.T.);
#1302=EDGE_CURVE('',#1066,#1068,#885,.T.);
#1303=EDGE_CURVE('',#1070,#1071,#476,.T.);
#1304=EDGE_CURVE('',#1071,#1069,#477,.T.);
#1305=EDGE_CURVE('',#1068,#1070,#478,.T.);
#1306=EDGE_CURVE('',#1072,#1073,#479,.T.);
#1307=EDGE_CURVE('',#1073,#1071,#886,.T.);
#1308=EDGE_CURVE('',#1070,#1072,#887,.T.);
#1309=EDGE_CURVE('',#1074,#1075,#480,.T.);
#1310=EDGE_CURVE('',#1075,#1073,#481,.T.);
#1311=EDGE_CURVE('',#1072,#1074,#482,.T.);
#1312=EDGE_CURVE('',#1076,#1077,#483,.T.);
#1313=EDGE_CURVE('',#1077,#1075,#888,.T.);
#1314=EDGE_CURVE('',#1074,#1076,#889,.T.);
#1315=EDGE_CURVE('',#1078,#1079,#484,.T.);
#1316=EDGE_CURVE('',#1079,#1077,#890,.T.);
#1317=EDGE_CURVE('',#1076,#1078,#891,.T.);
#1318=EDGE_CURVE('',#1080,#1081,#485,.T.);
#1319=EDGE_CURVE('',#1081,#1079,#892,.T.);
#1320=EDGE_CURVE('',#1078,#1080,#893,.T.);
#1321=EDGE_CURVE('',#1082,#1083,#486,.T.);
#1322=EDGE_CURVE('',#1083,#1081,#487,.T.);
#1323=EDGE_CURVE('',#1080,#1082,#488,.T.);
#1324=EDGE_CURVE('',#1084,#1085,#489,.T.);
#1325=EDGE_CURVE('',#1085,#1083,#894,.T.);
#1326=EDGE_CURVE('',#1082,#1084,#895,.T.);
#1327=EDGE_CURVE('',#1086,#1087,#490,.T.);
#1328=EDGE_CURVE('',#1087,#1085,#491,.T.);
#1329=EDGE_CURVE('',#1084,#1086,#492,.T.);
#1330=EDGE_CURVE('',#1088,#1089,#493,.T.);
#1331=EDGE_CURVE('',#1089,#1087,#896,.T.);
#1332=EDGE_CURVE('',#1086,#1088,#897,.T.);
#1333=EDGE_CURVE('',#1090,#1091,#494,.T.);
#1334=EDGE_CURVE('',#1091,#1089,#898,.T.);
#1335=EDGE_CURVE('',#1088,#1090,#899,.T.);
#1336=EDGE_CURVE('',#1092,#1093,#495,.T.);
#1337=EDGE_CURVE('',#1093,#1091,#900,.T.);
#1338=EDGE_CURVE('',#1090,#1092,#901,.T.);
#1339=EDGE_CURVE('',#1094,#1095,#496,.T.);
#1340=EDGE_CURVE('',#1095,#1093,#497,.T.);
#1341=EDGE_CURVE('',#1092,#1094,#498,.T.);
#1342=EDGE_CURVE('',#1096,#1097,#499,.T.);
#1343=EDGE_CURVE('',#1097,#1095,#902,.T.);
#1344=EDGE_CURVE('',#1094,#1096,#903,.T.);
#1345=EDGE_CURVE('',#1098,#1099,#500,.T.);
#1346=EDGE_CURVE('',#1099,#1097,#501,.T.);
#1347=EDGE_CURVE('',#1096,#1098,#502,.T.);
#1348=EDGE_CURVE('',#1100,#992,#503,.T.);
#1349=EDGE_CURVE('',#992,#1099,#904,.T.);
#1350=EDGE_CURVE('',#1098,#1100,#905,.T.);
#1351=EDGE_CURVE('',#1101,#993,#504,.T.);
#1352=EDGE_CURVE('',#1100,#1101,#906,.T.);
#1353=EDGE_CURVE('',#1102,#1103,#505,.T.);
#1354=EDGE_CURVE('',#1103,#993,#907,.T.);
#1355=EDGE_CURVE('',#1101,#1102,#908,.T.);
#1356=EDGE_CURVE('',#1104,#1105,#506,.T.);
#1357=EDGE_CURVE('',#1105,#1103,#507,.T.);
#1358=EDGE_CURVE('',#1102,#1104,#508,.T.);
#1359=EDGE_CURVE('',#1106,#1107,#509,.T.);
#1360=EDGE_CURVE('',#1107,#1105,#909,.T.);
#1361=EDGE_CURVE('',#1104,#1106,#910,.T.);
#1362=EDGE_CURVE('',#1108,#1109,#510,.T.);
#1363=EDGE_CURVE('',#1109,#1107,#511,.T.);
#1364=EDGE_CURVE('',#1106,#1108,#512,.T.);
#1365=EDGE_CURVE('',#996,#1109,#911,.T.);
#1366=EDGE_CURVE('',#1108,#1067,#912,.T.);
#1367=EDGE_CURVE('',#1012,#1093,#513,.T.);
#1368=EDGE_CURVE('',#1011,#1091,#514,.T.);
#1369=EDGE_CURVE('',#1013,#1095,#515,.T.);
#1370=EDGE_CURVE('',#1014,#1097,#516,.T.);
#1371=EDGE_CURVE('',#1015,#1099,#517,.T.);
#1372=EDGE_CURVE('',#1053,#1103,#518,.T.);
#1373=EDGE_CURVE('',#1054,#1105,#519,.T.);
#1374=EDGE_CURVE('',#1055,#1107,#520,.T.);
#1375=EDGE_CURVE('',#1056,#1109,#521,.T.);
#1376=EDGE_CURVE('',#1110,#960,#64,.T.);
#1377=EDGE_CURVE('',#959,#1111,#522,.T.);
#1378=EDGE_CURVE('',#1111,#1110,#913,.T.);
#1379=EDGE_CURVE('',#958,#1112,#523,.T.);
#1380=EDGE_CURVE('',#1112,#1111,#914,.T.);
#1381=EDGE_CURVE('',#957,#1113,#524,.T.);
#1382=EDGE_CURVE('',#1113,#1112,#525,.T.);
#1383=EDGE_CURVE('',#956,#1114,#526,.T.);
#1384=EDGE_CURVE('',#1114,#1113,#915,.T.);
#1385=EDGE_CURVE('',#955,#1115,#527,.T.);
#1386=EDGE_CURVE('',#1115,#1114,#528,.T.);
#1387=EDGE_CURVE('',#954,#1116,#529,.T.);
#1388=EDGE_CURVE('',#1116,#1115,#916,.T.);
#1389=EDGE_CURVE('',#953,#1117,#530,.T.);
#1390=EDGE_CURVE('',#1117,#1116,#917,.T.);
#1391=EDGE_CURVE('',#952,#1118,#531,.T.);
#1392=EDGE_CURVE('',#1118,#1117,#918,.T.);
#1393=EDGE_CURVE('',#951,#1119,#532,.T.);
#1394=EDGE_CURVE('',#1119,#1118,#533,.T.);
#1395=EDGE_CURVE('',#950,#1120,#534,.T.);
#1396=EDGE_CURVE('',#1120,#1119,#919,.T.);
#1397=EDGE_CURVE('',#949,#1121,#535,.T.);
#1398=EDGE_CURVE('',#1121,#1120,#536,.T.);
#1399=EDGE_CURVE('',#948,#1122,#537,.T.);
#1400=EDGE_CURVE('',#1122,#1121,#920,.T.);
#1401=EDGE_CURVE('',#947,#1123,#538,.T.);
#1402=EDGE_CURVE('',#1123,#1122,#921,.T.);
#1403=EDGE_CURVE('',#946,#1124,#539,.T.);
#1404=EDGE_CURVE('',#1124,#1123,#922,.T.);
#1405=EDGE_CURVE('',#945,#1125,#540,.T.);
#1406=EDGE_CURVE('',#1125,#1124,#541,.T.);
#1407=EDGE_CURVE('',#944,#1126,#542,.T.);
#1408=EDGE_CURVE('',#1126,#1125,#923,.T.);
#1409=EDGE_CURVE('',#943,#1127,#543,.T.);
#1410=EDGE_CURVE('',#1127,#1126,#544,.T.);
#1411=EDGE_CURVE('',#942,#1128,#545,.T.);
#1412=EDGE_CURVE('',#1128,#1127,#924,.T.);
#1413=EDGE_CURVE('',#941,#1129,#546,.T.);
#1414=EDGE_CURVE('',#1129,#1128,#925,.T.);
#1415=EDGE_CURVE('',#940,#1130,#547,.T.);
#1416=EDGE_CURVE('',#1130,#1129,#926,.T.);
#1417=EDGE_CURVE('',#939,#1131,#548,.T.);
#1418=EDGE_CURVE('',#1131,#1130,#549,.T.);
#1419=EDGE_CURVE('',#938,#1132,#550,.T.);
#1420=EDGE_CURVE('',#1132,#1131,#927,.T.);
#1421=EDGE_CURVE('',#937,#1133,#551,.T.);
#1422=EDGE_CURVE('',#1133,#1132,#552,.T.);
#1423=EDGE_CURVE('',#936,#1134,#553,.T.);
#1424=EDGE_CURVE('',#1134,#1133,#928,.T.);
#1425=EDGE_CURVE('',#974,#1134,#929,.T.);
#1426=EDGE_CURVE('',#1017,#1111,#554,.T.);
#1427=EDGE_CURVE('',#1016,#1110,#555,.T.);
#1428=EDGE_CURVE('',#1018,#1112,#556,.T.);
#1429=EDGE_CURVE('',#1019,#1113,#557,.T.);
#1430=EDGE_CURVE('',#1020,#1114,#558,.T.);
#1431=EDGE_CURVE('',#1021,#1115,#559,.T.);
#1432=EDGE_CURVE('',#1022,#1116,#560,.T.);
#1433=EDGE_CURVE('',#1023,#1117,#561,.T.);
#1434=EDGE_CURVE('',#1024,#1118,#562,.T.);
#1435=EDGE_CURVE('',#1025,#1119,#563,.T.);
#1436=EDGE_CURVE('',#1026,#1120,#564,.T.);
#1437=EDGE_CURVE('',#1027,#1121,#565,.T.);
#1438=EDGE_CURVE('',#1028,#1122,#566,.T.);
#1439=EDGE_CURVE('',#1029,#1123,#567,.T.);
#1440=EDGE_CURVE('',#1030,#1124,#568,.T.);
#1441=EDGE_CURVE('',#1031,#1125,#569,.T.);
#1442=EDGE_CURVE('',#1032,#1126,#570,.T.);
#1443=EDGE_CURVE('',#1033,#1127,#571,.T.);
#1444=EDGE_CURVE('',#1034,#1128,#572,.T.);
#1445=EDGE_CURVE('',#1035,#1129,#573,.T.);
#1446=EDGE_CURVE('',#1036,#1130,#574,.T.);
#1447=EDGE_CURVE('',#1037,#1131,#575,.T.);
#1448=EDGE_CURVE('',#1038,#1132,#576,.T.);
#1449=EDGE_CURVE('',#1039,#1133,#577,.T.);
#1450=EDGE_CURVE('',#1040,#1134,#578,.T.);
#1451=EDGE_CURVE('',#969,#981,#579,.T.);
#1452=EDGE_CURVE('',#980,#970,#580,.T.);
#1453=EDGE_CURVE('',#986,#964,#581,.T.);
#1454=EDGE_CURVE('',#965,#985,#582,.T.);
#1455=EDGE_CURVE('',#984,#966,#583,.T.);
#1456=EDGE_CURVE('',#967,#983,#584,.T.);
#1457=EDGE_CURVE('',#982,#968,#585,.T.);
#1458=EDGE_CURVE('',#1135,#1135,#930,.T.);
#1459=EDGE_CURVE('',#1135,#1045,#586,.T.);
#1460=EDGE_CURVE('',#1008,#1085,#587,.T.);
#1461=EDGE_CURVE('',#1007,#1083,#588,.T.);
#1462=EDGE_CURVE('',#1009,#1087,#589,.T.);
#1463=EDGE_CURVE('',#1010,#1089,#590,.T.);
#1464=EDGE_CURVE('',#1041,#1069,#591,.T.);
#1465=EDGE_CURVE('',#1001,#1071,#592,.T.);
#1466=EDGE_CURVE('',#1002,#1073,#593,.T.);
#1467=EDGE_CURVE('',#1003,#1075,#594,.T.);
#1468=EDGE_CURVE('',#1004,#1077,#595,.T.);
#1469=EDGE_CURVE('',#1005,#1079,#596,.T.);
#1470=EDGE_CURVE('',#1006,#1081,#597,.T.);
#1471=ORIENTED_EDGE('',*,*,#1136,.T.);
#1472=ORIENTED_EDGE('',*,*,#1137,.T.);
#1473=ORIENTED_EDGE('',*,*,#1138,.T.);
#1474=ORIENTED_EDGE('',*,*,#1139,.T.);
#1475=ORIENTED_EDGE('',*,*,#1136,.F.);
#1476=ORIENTED_EDGE('',*,*,#1140,.T.);
#1477=ORIENTED_EDGE('',*,*,#1141,.F.);
#1478=ORIENTED_EDGE('',*,*,#1142,.F.);
#1479=ORIENTED_EDGE('',*,*,#1143,.F.);
#1480=ORIENTED_EDGE('',*,*,#1144,.F.);
#1481=ORIENTED_EDGE('',*,*,#1145,.F.);
#1482=ORIENTED_EDGE('',*,*,#1146,.F.);
#1483=ORIENTED_EDGE('',*,*,#1147,.F.);
#1484=ORIENTED_EDGE('',*,*,#1148,.F.);
#1485=ORIENTED_EDGE('',*,*,#1149,.F.);
#1486=ORIENTED_EDGE('',*,*,#1150,.F.);
#1487=ORIENTED_EDGE('',*,*,#1151,.F.);
#1488=ORIENTED_EDGE('',*,*,#1152,.F.);
#1489=ORIENTED_EDGE('',*,*,#1153,.F.);
#1490=ORIENTED_EDGE('',*,*,#1154,.F.);
#1491=ORIENTED_EDGE('',*,*,#1155,.F.);
#1492=ORIENTED_EDGE('',*,*,#1156,.F.);
#1493=ORIENTED_EDGE('',*,*,#1157,.F.);
#1494=ORIENTED_EDGE('',*,*,#1158,.F.);
#1495=ORIENTED_EDGE('',*,*,#1159,.F.);
#1496=ORIENTED_EDGE('',*,*,#1160,.F.);
#1497=ORIENTED_EDGE('',*,*,#1161,.F.);
#1498=ORIENTED_EDGE('',*,*,#1162,.F.);
#1499=ORIENTED_EDGE('',*,*,#1163,.F.);
#1500=ORIENTED_EDGE('',*,*,#1164,.F.);
#1501=ORIENTED_EDGE('',*,*,#1165,.F.);
#1502=ORIENTED_EDGE('',*,*,#1166,.T.);
#1503=ORIENTED_EDGE('',*,*,#1167,.F.);
#1504=ORIENTED_EDGE('',*,*,#1168,.F.);
#1505=ORIENTED_EDGE('',*,*,#1169,.F.);
#1506=ORIENTED_EDGE('',*,*,#1170,.F.);
#1507=ORIENTED_EDGE('',*,*,#1171,.F.);
#1508=ORIENTED_EDGE('',*,*,#1172,.F.);
#1509=ORIENTED_EDGE('',*,*,#1173,.F.);
#1510=ORIENTED_EDGE('',*,*,#1174,.F.);
#1511=ORIENTED_EDGE('',*,*,#1175,.F.);
#1512=ORIENTED_EDGE('',*,*,#1176,.F.);
#1513=ORIENTED_EDGE('',*,*,#1139,.F.);
#1514=ORIENTED_EDGE('',*,*,#1177,.F.);
#1515=ORIENTED_EDGE('',*,*,#1178,.F.);
#1516=ORIENTED_EDGE('',*,*,#1179,.F.);
#1517=ORIENTED_EDGE('',*,*,#1180,.F.);
#1518=ORIENTED_EDGE('',*,*,#1181,.F.);
#1519=ORIENTED_EDGE('',*,*,#1140,.F.);
#1520=ORIENTED_EDGE('',*,*,#1182,.T.);
#1521=ORIENTED_EDGE('',*,*,#1178,.T.);
#1522=ORIENTED_EDGE('',*,*,#1183,.T.);
#1523=ORIENTED_EDGE('',*,*,#1184,.T.);
#1524=ORIENTED_EDGE('',*,*,#1185,.T.);
#1525=ORIENTED_EDGE('',*,*,#1186,.T.);
#1526=ORIENTED_EDGE('',*,*,#1167,.T.);
#1527=ORIENTED_EDGE('',*,*,#1187,.T.);
#1528=ORIENTED_EDGE('',*,*,#1186,.F.);
#1529=ORIENTED_EDGE('',*,*,#1188,.F.);
#1530=ORIENTED_EDGE('',*,*,#1189,.F.);
#1531=ORIENTED_EDGE('',*,*,#1168,.T.);
#1532=ORIENTED_EDGE('',*,*,#1138,.F.);
#1533=ORIENTED_EDGE('',*,*,#1190,.T.);
#1534=ORIENTED_EDGE('',*,*,#1191,.F.);
#1535=ORIENTED_EDGE('',*,*,#1192,.T.);
#1536=ORIENTED_EDGE('',*,*,#1193,.F.);
#1537=ORIENTED_EDGE('',*,*,#1194,.T.);
#1538=ORIENTED_EDGE('',*,*,#1195,.F.);
#1539=ORIENTED_EDGE('',*,*,#1196,.T.);
#1540=ORIENTED_EDGE('',*,*,#1197,.F.);
#1541=ORIENTED_EDGE('',*,*,#1188,.T.);
#1542=ORIENTED_EDGE('',*,*,#1185,.F.);
#1543=ORIENTED_EDGE('',*,*,#1198,.T.);
#1544=ORIENTED_EDGE('',*,*,#1199,.F.);
#1545=ORIENTED_EDGE('',*,*,#1200,.T.);
#1546=ORIENTED_EDGE('',*,*,#1183,.F.);
#1547=ORIENTED_EDGE('',*,*,#1177,.T.);
#1548=ORIENTED_EDGE('',*,*,#1201,.T.);
#1549=ORIENTED_EDGE('',*,*,#1202,.T.);
#1550=ORIENTED_EDGE('',*,*,#1199,.T.);
#1551=ORIENTED_EDGE('',*,*,#1203,.T.);
#1552=ORIENTED_EDGE('',*,*,#1184,.F.);
#1553=ORIENTED_EDGE('',*,*,#1200,.F.);
#1554=ORIENTED_EDGE('',*,*,#1202,.F.);
#1555=ORIENTED_EDGE('',*,*,#1204,.T.);
#1556=ORIENTED_EDGE('',*,*,#1205,.T.);
#1557=ORIENTED_EDGE('',*,*,#1206,.F.);
#1558=ORIENTED_EDGE('',*,*,#1207,.F.);
#1559=ORIENTED_EDGE('',*,*,#1208,.F.);
#1560=ORIENTED_EDGE('',*,*,#1209,.T.);
#1561=ORIENTED_EDGE('',*,*,#1210,.F.);
#1562=ORIENTED_EDGE('',*,*,#1211,.F.);
#1563=ORIENTED_EDGE('',*,*,#1212,.T.);
#1564=ORIENTED_EDGE('',*,*,#1213,.T.);
#1565=ORIENTED_EDGE('',*,*,#1214,.T.);
#1566=ORIENTED_EDGE('',*,*,#1215,.T.);
#1567=ORIENTED_EDGE('',*,*,#1214,.F.);
#1568=ORIENTED_EDGE('',*,*,#1216,.T.);
#1569=ORIENTED_EDGE('',*,*,#1217,.T.);
#1570=ORIENTED_EDGE('',*,*,#1218,.F.);
#1571=ORIENTED_EDGE('',*,*,#1219,.F.);
#1572=ORIENTED_EDGE('',*,*,#1220,.F.);
#1573=ORIENTED_EDGE('',*,*,#1221,.F.);
#1574=ORIENTED_EDGE('',*,*,#1222,.T.);
#1575=ORIENTED_EDGE('',*,*,#1223,.T.);
#1576=ORIENTED_EDGE('',*,*,#1224,.F.);
#1577=ORIENTED_EDGE('',*,*,#1225,.F.);
#1578=ORIENTED_EDGE('',*,*,#1226,.F.);
#1579=ORIENTED_EDGE('',*,*,#1227,.F.);
#1580=ORIENTED_EDGE('',*,*,#1228,.T.);
#1581=ORIENTED_EDGE('',*,*,#1229,.T.);
#1582=ORIENTED_EDGE('',*,*,#1230,.F.);
#1583=ORIENTED_EDGE('',*,*,#1204,.F.);
#1584=ORIENTED_EDGE('',*,*,#1201,.F.);
#1585=ORIENTED_EDGE('',*,*,#1231,.T.);
#1586=ORIENTED_EDGE('',*,*,#1232,.F.);
#1587=ORIENTED_EDGE('',*,*,#1233,.F.);
#1588=ORIENTED_EDGE('',*,*,#1234,.F.);
#1589=ORIENTED_EDGE('',*,*,#1235,.F.);
#1590=ORIENTED_EDGE('',*,*,#1236,.F.);
#1591=ORIENTED_EDGE('',*,*,#1237,.F.);
#1592=ORIENTED_EDGE('',*,*,#1238,.F.);
#1593=ORIENTED_EDGE('',*,*,#1239,.F.);
#1594=ORIENTED_EDGE('',*,*,#1240,.F.);
#1595=ORIENTED_EDGE('',*,*,#1241,.F.);
#1596=ORIENTED_EDGE('',*,*,#1242,.F.);
#1597=ORIENTED_EDGE('',*,*,#1243,.F.);
#1598=ORIENTED_EDGE('',*,*,#1244,.F.);
#1599=ORIENTED_EDGE('',*,*,#1245,.F.);
#1600=ORIENTED_EDGE('',*,*,#1246,.F.);
#1601=ORIENTED_EDGE('',*,*,#1247,.F.);
#1602=ORIENTED_EDGE('',*,*,#1248,.F.);
#1603=ORIENTED_EDGE('',*,*,#1249,.F.);
#1604=ORIENTED_EDGE('',*,*,#1250,.F.);
#1605=ORIENTED_EDGE('',*,*,#1251,.F.);
#1606=ORIENTED_EDGE('',*,*,#1252,.F.);
#1607=ORIENTED_EDGE('',*,*,#1253,.F.);
#1608=ORIENTED_EDGE('',*,*,#1254,.F.);
#1609=ORIENTED_EDGE('',*,*,#1255,.F.);
#1610=ORIENTED_EDGE('',*,*,#1256,.F.);
#1611=ORIENTED_EDGE('',*,*,#1179,.T.);
#1612=ORIENTED_EDGE('',*,*,#1182,.F.);
#1613=ORIENTED_EDGE('',*,*,#1212,.F.);
#1614=ORIENTED_EDGE('',*,*,#1257,.F.);
#1615=ORIENTED_EDGE('',*,*,#1258,.F.);
#1616=ORIENTED_EDGE('',*,*,#1259,.F.);
#1617=ORIENTED_EDGE('',*,*,#1260,.F.);
#1618=ORIENTED_EDGE('',*,*,#1261,.F.);
#1619=ORIENTED_EDGE('',*,*,#1262,.T.);
#1620=ORIENTED_EDGE('',*,*,#1263,.F.);
#1621=ORIENTED_EDGE('',*,*,#1264,.F.);
#1622=ORIENTED_EDGE('',*,*,#1213,.F.);
#1623=ORIENTED_EDGE('',*,*,#1265,.T.);
#1624=ORIENTED_EDGE('',*,*,#1266,.T.);
#1625=ORIENTED_EDGE('',*,*,#1215,.F.);
#1626=ORIENTED_EDGE('',*,*,#1266,.F.);
#1627=ORIENTED_EDGE('',*,*,#1259,.T.);
#1628=ORIENTED_EDGE('',*,*,#1267,.T.);
#1629=ORIENTED_EDGE('',*,*,#1268,.T.);
#1630=ORIENTED_EDGE('',*,*,#1267,.F.);
#1631=ORIENTED_EDGE('',*,*,#1269,.T.);
#1632=ORIENTED_EDGE('',*,*,#1270,.T.);
#1633=ORIENTED_EDGE('',*,*,#1268,.F.);
#1634=ORIENTED_EDGE('',*,*,#1270,.F.);
#1635=ORIENTED_EDGE('',*,*,#1271,.T.);
#1636=ORIENTED_EDGE('',*,*,#1272,.T.);
#1637=ORIENTED_EDGE('',*,*,#1273,.T.);
#1638=ORIENTED_EDGE('',*,*,#1272,.F.);
#1639=ORIENTED_EDGE('',*,*,#1208,.T.);
#1640=ORIENTED_EDGE('',*,*,#1274,.F.);
#1641=ORIENTED_EDGE('',*,*,#1275,.F.);
#1642=ORIENTED_EDGE('',*,*,#1276,.T.);
#1643=ORIENTED_EDGE('',*,*,#1277,.T.);
#1644=ORIENTED_EDGE('',*,*,#1278,.F.);
#1645=ORIENTED_EDGE('',*,*,#1271,.F.);
#1646=ORIENTED_EDGE('',*,*,#1279,.T.);
#1647=ORIENTED_EDGE('',*,*,#1280,.T.);
#1648=ORIENTED_EDGE('',*,*,#1273,.F.);
#1649=ORIENTED_EDGE('',*,*,#1280,.F.);
#1650=ORIENTED_EDGE('',*,*,#1264,.T.);
#1651=ORIENTED_EDGE('',*,*,#1281,.T.);
#1652=ORIENTED_EDGE('',*,*,#1282,.T.);
#1653=ORIENTED_EDGE('',*,*,#1281,.F.);
#1654=ORIENTED_EDGE('',*,*,#1283,.T.);
#1655=ORIENTED_EDGE('',*,*,#1284,.T.);
#1656=ORIENTED_EDGE('',*,*,#1282,.F.);
#1657=ORIENTED_EDGE('',*,*,#1284,.F.);
#1658=ORIENTED_EDGE('',*,*,#1260,.T.);
#1659=ORIENTED_EDGE('',*,*,#1285,.T.);
#1660=ORIENTED_EDGE('',*,*,#1286,.T.);
#1661=ORIENTED_EDGE('',*,*,#1285,.F.);
#1662=ORIENTED_EDGE('',*,*,#1287,.T.);
#1663=ORIENTED_EDGE('',*,*,#1288,.T.);
#1664=ORIENTED_EDGE('',*,*,#1286,.F.);
#1665=ORIENTED_EDGE('',*,*,#1288,.F.);
#1666=ORIENTED_EDGE('',*,*,#1263,.T.);
#1667=ORIENTED_EDGE('',*,*,#1289,.T.);
#1668=ORIENTED_EDGE('',*,*,#1290,.T.);
#1669=ORIENTED_EDGE('',*,*,#1289,.F.);
#1670=ORIENTED_EDGE('',*,*,#1291,.T.);
#1671=ORIENTED_EDGE('',*,*,#1292,.T.);
#1672=ORIENTED_EDGE('',*,*,#1290,.F.);
#1673=ORIENTED_EDGE('',*,*,#1292,.F.);
#1674=ORIENTED_EDGE('',*,*,#1261,.T.);
#1675=ORIENTED_EDGE('',*,*,#1293,.T.);
#1676=ORIENTED_EDGE('',*,*,#1294,.T.);
#1677=ORIENTED_EDGE('',*,*,#1293,.F.);
#1678=ORIENTED_EDGE('',*,*,#1295,.T.);
#1679=ORIENTED_EDGE('',*,*,#1296,.T.);
#1680=ORIENTED_EDGE('',*,*,#1294,.F.);
#1681=ORIENTED_EDGE('',*,*,#1296,.F.);
#1682=ORIENTED_EDGE('',*,*,#1297,.T.);
#1683=ORIENTED_EDGE('',*,*,#1210,.T.);
#1684=ORIENTED_EDGE('',*,*,#1298,.T.);
#1685=ORIENTED_EDGE('',*,*,#1299,.T.);
#1686=ORIENTED_EDGE('',*,*,#1300,.T.);
#1687=ORIENTED_EDGE('',*,*,#1301,.T.);
#1688=ORIENTED_EDGE('',*,*,#1297,.F.);
#1689=ORIENTED_EDGE('',*,*,#1302,.T.);
#1690=ORIENTED_EDGE('',*,*,#1303,.T.);
#1691=ORIENTED_EDGE('',*,*,#1304,.T.);
#1692=ORIENTED_EDGE('',*,*,#1300,.F.);
#1693=ORIENTED_EDGE('',*,*,#1305,.T.);
#1694=ORIENTED_EDGE('',*,*,#1306,.T.);
#1695=ORIENTED_EDGE('',*,*,#1307,.T.);
#1696=ORIENTED_EDGE('',*,*,#1303,.F.);
#1697=ORIENTED_EDGE('',*,*,#1308,.T.);
#1698=ORIENTED_EDGE('',*,*,#1309,.T.);
#1699=ORIENTED_EDGE('',*,*,#1310,.T.);
#1700=ORIENTED_EDGE('',*,*,#1306,.F.);
#1701=ORIENTED_EDGE('',*,*,#1311,.T.);
#1702=ORIENTED_EDGE('',*,*,#1312,.T.);
#1703=ORIENTED_EDGE('',*,*,#1313,.T.);
#1704=ORIENTED_EDGE('',*,*,#1309,.F.);
#1705=ORIENTED_EDGE('',*,*,#1314,.T.);
#1706=ORIENTED_EDGE('',*,*,#1315,.T.);
#1707=ORIENTED_EDGE('',*,*,#1316,.T.);
#1708=ORIENTED_EDGE('',*,*,#1312,.F.);
#1709=ORIENTED_EDGE('',*,*,#1317,.T.);
#1710=ORIENTED_EDGE('',*,*,#1318,.T.);
#1711=ORIENTED_EDGE('',*,*,#1319,.T.);
#1712=ORIENTED_EDGE('',*,*,#1315,.F.);
#1713=ORIENTED_EDGE('',*,*,#1320,.T.);
#1714=ORIENTED_EDGE('',*,*,#1321,.T.);
#1715=ORIENTED_EDGE('',*,*,#1322,.T.);
#1716=ORIENTED_EDGE('',*,*,#1318,.F.);
#1717=ORIENTED_EDGE('',*,*,#1323,.T.);
#1718=ORIENTED_EDGE('',*,*,#1324,.T.);
#1719=ORIENTED_EDGE('',*,*,#1325,.T.);
#1720=ORIENTED_EDGE('',*,*,#1321,.F.);
#1721=ORIENTED_EDGE('',*,*,#1326,.T.);
#1722=ORIENTED_EDGE('',*,*,#1327,.T.);
#1723=ORIENTED_EDGE('',*,*,#1328,.T.);
#1724=ORIENTED_EDGE('',*,*,#1324,.F.);
#1725=ORIENTED_EDGE('',*,*,#1329,.T.);
#1726=ORIENTED_EDGE('',*,*,#1330,.T.);
#1727=ORIENTED_EDGE('',*,*,#1331,.T.);
#1728=ORIENTED_EDGE('',*,*,#1327,.F.);
#1729=ORIENTED_EDGE('',*,*,#1332,.T.);
#1730=ORIENTED_EDGE('',*,*,#1333,.T.);
#1731=ORIENTED_EDGE('',*,*,#1334,.T.);
#1732=ORIENTED_EDGE('',*,*,#1330,.F.);
#1733=ORIENTED_EDGE('',*,*,#1335,.T.);
#1734=ORIENTED_EDGE('',*,*,#1336,.T.);
#1735=ORIENTED_EDGE('',*,*,#1337,.T.);
#1736=ORIENTED_EDGE('',*,*,#1333,.F.);
#1737=ORIENTED_EDGE('',*,*,#1338,.T.);
#1738=ORIENTED_EDGE('',*,*,#1339,.T.);
#1739=ORIENTED_EDGE('',*,*,#1340,.T.);
#1740=ORIENTED_EDGE('',*,*,#1336,.F.);
#1741=ORIENTED_EDGE('',*,*,#1341,.T.);
#1742=ORIENTED_EDGE('',*,*,#1342,.T.);
#1743=ORIENTED_EDGE('',*,*,#1343,.T.);
#1744=ORIENTED_EDGE('',*,*,#1339,.F.);
#1745=ORIENTED_EDGE('',*,*,#1344,.T.);
#1746=ORIENTED_EDGE('',*,*,#1345,.T.);
#1747=ORIENTED_EDGE('',*,*,#1346,.T.);
#1748=ORIENTED_EDGE('',*,*,#1342,.F.);
#1749=ORIENTED_EDGE('',*,*,#1347,.T.);
#1750=ORIENTED_EDGE('',*,*,#1348,.T.);
#1751=ORIENTED_EDGE('',*,*,#1349,.T.);
#1752=ORIENTED_EDGE('',*,*,#1345,.F.);
#1753=ORIENTED_EDGE('',*,*,#1350,.T.);
#1754=ORIENTED_EDGE('',*,*,#1351,.T.);
#1755=ORIENTED_EDGE('',*,*,#1206,.T.);
#1756=ORIENTED_EDGE('',*,*,#1348,.F.);
#1757=ORIENTED_EDGE('',*,*,#1352,.T.);
#1758=ORIENTED_EDGE('',*,*,#1353,.T.);
#1759=ORIENTED_EDGE('',*,*,#1354,.T.);
#1760=ORIENTED_EDGE('',*,*,#1351,.F.);
#1761=ORIENTED_EDGE('',*,*,#1355,.T.);
#1762=ORIENTED_EDGE('',*,*,#1356,.T.);
#1763=ORIENTED_EDGE('',*,*,#1357,.T.);
#1764=ORIENTED_EDGE('',*,*,#1353,.F.);
#1765=ORIENTED_EDGE('',*,*,#1358,.T.);
#1766=ORIENTED_EDGE('',*,*,#1359,.T.);
#1767=ORIENTED_EDGE('',*,*,#1360,.T.);
#1768=ORIENTED_EDGE('',*,*,#1356,.F.);
#1769=ORIENTED_EDGE('',*,*,#1361,.T.);
#1770=ORIENTED_EDGE('',*,*,#1362,.T.);
#1771=ORIENTED_EDGE('',*,*,#1363,.T.);
#1772=ORIENTED_EDGE('',*,*,#1359,.F.);
#1773=ORIENTED_EDGE('',*,*,#1364,.T.);
#1774=ORIENTED_EDGE('',*,*,#1298,.F.);
#1775=ORIENTED_EDGE('',*,*,#1365,.T.);
#1776=ORIENTED_EDGE('',*,*,#1362,.F.);
#1777=ORIENTED_EDGE('',*,*,#1366,.T.);
#1778=ORIENTED_EDGE('',*,*,#1337,.F.);
#1779=ORIENTED_EDGE('',*,*,#1367,.F.);
#1780=ORIENTED_EDGE('',*,*,#1226,.T.);
#1781=ORIENTED_EDGE('',*,*,#1368,.T.);
#1782=ORIENTED_EDGE('',*,*,#1340,.F.);
#1783=ORIENTED_EDGE('',*,*,#1369,.F.);
#1784=ORIENTED_EDGE('',*,*,#1227,.T.);
#1785=ORIENTED_EDGE('',*,*,#1367,.T.);
#1786=ORIENTED_EDGE('',*,*,#1343,.F.);
#1787=ORIENTED_EDGE('',*,*,#1370,.F.);
#1788=ORIENTED_EDGE('',*,*,#1228,.F.);
#1789=ORIENTED_EDGE('',*,*,#1369,.T.);
#1790=ORIENTED_EDGE('',*,*,#1346,.F.);
#1791=ORIENTED_EDGE('',*,*,#1371,.F.);
#1792=ORIENTED_EDGE('',*,*,#1229,.F.);
#1793=ORIENTED_EDGE('',*,*,#1370,.T.);
#1794=ORIENTED_EDGE('',*,*,#1349,.F.);
#1795=ORIENTED_EDGE('',*,*,#1205,.F.);
#1796=ORIENTED_EDGE('',*,*,#1230,.T.);
#1797=ORIENTED_EDGE('',*,*,#1371,.T.);
#1798=ORIENTED_EDGE('',*,*,#1354,.F.);
#1799=ORIENTED_EDGE('',*,*,#1372,.F.);
#1800=ORIENTED_EDGE('',*,*,#1274,.T.);
#1801=ORIENTED_EDGE('',*,*,#1207,.T.);
#1802=ORIENTED_EDGE('',*,*,#1357,.F.);
#1803=ORIENTED_EDGE('',*,*,#1373,.F.);
#1804=ORIENTED_EDGE('',*,*,#1275,.T.);
#1805=ORIENTED_EDGE('',*,*,#1372,.T.);
#1806=ORIENTED_EDGE('',*,*,#1360,.F.);
#1807=ORIENTED_EDGE('',*,*,#1374,.F.);
#1808=ORIENTED_EDGE('',*,*,#1276,.F.);
#1809=ORIENTED_EDGE('',*,*,#1373,.T.);
#1810=ORIENTED_EDGE('',*,*,#1363,.F.);
#1811=ORIENTED_EDGE('',*,*,#1375,.F.);
#1812=ORIENTED_EDGE('',*,*,#1277,.F.);
#1813=ORIENTED_EDGE('',*,*,#1374,.T.);
#1814=ORIENTED_EDGE('',*,*,#1365,.F.);
#1815=ORIENTED_EDGE('',*,*,#1209,.F.);
#1816=ORIENTED_EDGE('',*,*,#1278,.T.);
#1817=ORIENTED_EDGE('',*,*,#1375,.T.);
#1818=ORIENTED_EDGE('',*,*,#1299,.F.);
#1819=ORIENTED_EDGE('',*,*,#1366,.F.);
#1820=ORIENTED_EDGE('',*,*,#1364,.F.);
#1821=ORIENTED_EDGE('',*,*,#1361,.F.);
#1822=ORIENTED_EDGE('',*,*,#1358,.F.);
#1823=ORIENTED_EDGE('',*,*,#1355,.F.);
#1824=ORIENTED_EDGE('',*,*,#1352,.F.);
#1825=ORIENTED_EDGE('',*,*,#1350,.F.);
#1826=ORIENTED_EDGE('',*,*,#1347,.F.);
#1827=ORIENTED_EDGE('',*,*,#1344,.F.);
#1828=ORIENTED_EDGE('',*,*,#1341,.F.);
#1829=ORIENTED_EDGE('',*,*,#1338,.F.);
#1830=ORIENTED_EDGE('',*,*,#1335,.F.);
#1831=ORIENTED_EDGE('',*,*,#1332,.F.);
#1832=ORIENTED_EDGE('',*,*,#1329,.F.);
#1833=ORIENTED_EDGE('',*,*,#1326,.F.);
#1834=ORIENTED_EDGE('',*,*,#1323,.F.);
#1835=ORIENTED_EDGE('',*,*,#1320,.F.);
#1836=ORIENTED_EDGE('',*,*,#1317,.F.);
#1837=ORIENTED_EDGE('',*,*,#1314,.F.);
#1838=ORIENTED_EDGE('',*,*,#1311,.F.);
#1839=ORIENTED_EDGE('',*,*,#1308,.F.);
#1840=ORIENTED_EDGE('',*,*,#1305,.F.);
#1841=ORIENTED_EDGE('',*,*,#1302,.F.);
#1842=ORIENTED_EDGE('',*,*,#1376,.T.);
#1843=ORIENTED_EDGE('',*,*,#1165,.T.);
#1844=ORIENTED_EDGE('',*,*,#1377,.T.);
#1845=ORIENTED_EDGE('',*,*,#1378,.T.);
#1846=ORIENTED_EDGE('',*,*,#1379,.T.);
#1847=ORIENTED_EDGE('',*,*,#1380,.T.);
#1848=ORIENTED_EDGE('',*,*,#1377,.F.);
#1849=ORIENTED_EDGE('',*,*,#1164,.T.);
#1850=ORIENTED_EDGE('',*,*,#1381,.T.);
#1851=ORIENTED_EDGE('',*,*,#1382,.T.);
#1852=ORIENTED_EDGE('',*,*,#1379,.F.);
#1853=ORIENTED_EDGE('',*,*,#1163,.T.);
#1854=ORIENTED_EDGE('',*,*,#1383,.T.);
#1855=ORIENTED_EDGE('',*,*,#1384,.T.);
#1856=ORIENTED_EDGE('',*,*,#1381,.F.);
#1857=ORIENTED_EDGE('',*,*,#1162,.T.);
#1858=ORIENTED_EDGE('',*,*,#1385,.T.);
#1859=ORIENTED_EDGE('',*,*,#1386,.T.);
#1860=ORIENTED_EDGE('',*,*,#1383,.F.);
#1861=ORIENTED_EDGE('',*,*,#1161,.T.);
#1862=ORIENTED_EDGE('',*,*,#1387,.T.);
#1863=ORIENTED_EDGE('',*,*,#1388,.T.);
#1864=ORIENTED_EDGE('',*,*,#1385,.F.);
#1865=ORIENTED_EDGE('',*,*,#1160,.T.);
#1866=ORIENTED_EDGE('',*,*,#1389,.T.);
#1867=ORIENTED_EDGE('',*,*,#1390,.T.);
#1868=ORIENTED_EDGE('',*,*,#1387,.F.);
#1869=ORIENTED_EDGE('',*,*,#1159,.T.);
#1870=ORIENTED_EDGE('',*,*,#1391,.T.);
#1871=ORIENTED_EDGE('',*,*,#1392,.T.);
#1872=ORIENTED_EDGE('',*,*,#1389,.F.);
#1873=ORIENTED_EDGE('',*,*,#1158,.T.);
#1874=ORIENTED_EDGE('',*,*,#1393,.T.);
#1875=ORIENTED_EDGE('',*,*,#1394,.T.);
#1876=ORIENTED_EDGE('',*,*,#1391,.F.);
#1877=ORIENTED_EDGE('',*,*,#1157,.T.);
#1878=ORIENTED_EDGE('',*,*,#1395,.T.);
#1879=ORIENTED_EDGE('',*,*,#1396,.T.);
#1880=ORIENTED_EDGE('',*,*,#1393,.F.);
#1881=ORIENTED_EDGE('',*,*,#1156,.T.);
#1882=ORIENTED_EDGE('',*,*,#1397,.T.);
#1883=ORIENTED_EDGE('',*,*,#1398,.T.);
#1884=ORIENTED_EDGE('',*,*,#1395,.F.);
#1885=ORIENTED_EDGE('',*,*,#1155,.T.);
#1886=ORIENTED_EDGE('',*,*,#1399,.T.);
#1887=ORIENTED_EDGE('',*,*,#1400,.T.);
#1888=ORIENTED_EDGE('',*,*,#1397,.F.);
#1889=ORIENTED_EDGE('',*,*,#1154,.T.);
#1890=ORIENTED_EDGE('',*,*,#1401,.T.);
#1891=ORIENTED_EDGE('',*,*,#1402,.T.);
#1892=ORIENTED_EDGE('',*,*,#1399,.F.);
#1893=ORIENTED_EDGE('',*,*,#1153,.T.);
#1894=ORIENTED_EDGE('',*,*,#1403,.T.);
#1895=ORIENTED_EDGE('',*,*,#1404,.T.);
#1896=ORIENTED_EDGE('',*,*,#1401,.F.);
#1897=ORIENTED_EDGE('',*,*,#1152,.T.);
#1898=ORIENTED_EDGE('',*,*,#1405,.T.);
#1899=ORIENTED_EDGE('',*,*,#1406,.T.);
#1900=ORIENTED_EDGE('',*,*,#1403,.F.);
#1901=ORIENTED_EDGE('',*,*,#1151,.T.);
#1902=ORIENTED_EDGE('',*,*,#1407,.T.);
#1903=ORIENTED_EDGE('',*,*,#1408,.T.);
#1904=ORIENTED_EDGE('',*,*,#1405,.F.);
#1905=ORIENTED_EDGE('',*,*,#1150,.T.);
#1906=ORIENTED_EDGE('',*,*,#1409,.T.);
#1907=ORIENTED_EDGE('',*,*,#1410,.T.);
#1908=ORIENTED_EDGE('',*,*,#1407,.F.);
#1909=ORIENTED_EDGE('',*,*,#1149,.T.);
#1910=ORIENTED_EDGE('',*,*,#1411,.T.);
#1911=ORIENTED_EDGE('',*,*,#1412,.T.);
#1912=ORIENTED_EDGE('',*,*,#1409,.F.);
#1913=ORIENTED_EDGE('',*,*,#1148,.T.);
#1914=ORIENTED_EDGE('',*,*,#1413,.T.);
#1915=ORIENTED_EDGE('',*,*,#1414,.T.);
#1916=ORIENTED_EDGE('',*,*,#1411,.F.);
#1917=ORIENTED_EDGE('',*,*,#1147,.T.);
#1918=ORIENTED_EDGE('',*,*,#1415,.T.);
#1919=ORIENTED_EDGE('',*,*,#1416,.T.);
#1920=ORIENTED_EDGE('',*,*,#1413,.F.);
#1921=ORIENTED_EDGE('',*,*,#1146,.T.);
#1922=ORIENTED_EDGE('',*,*,#1417,.T.);
#1923=ORIENTED_EDGE('',*,*,#1418,.T.);
#1924=ORIENTED_EDGE('',*,*,#1415,.F.);
#1925=ORIENTED_EDGE('',*,*,#1145,.T.);
#1926=ORIENTED_EDGE('',*,*,#1419,.T.);
#1927=ORIENTED_EDGE('',*,*,#1420,.T.);
#1928=ORIENTED_EDGE('',*,*,#1417,.F.);
#1929=ORIENTED_EDGE('',*,*,#1144,.T.);
#1930=ORIENTED_EDGE('',*,*,#1421,.T.);
#1931=ORIENTED_EDGE('',*,*,#1422,.T.);
#1932=ORIENTED_EDGE('',*,*,#1419,.F.);
#1933=ORIENTED_EDGE('',*,*,#1143,.T.);
#1934=ORIENTED_EDGE('',*,*,#1423,.T.);
#1935=ORIENTED_EDGE('',*,*,#1424,.T.);
#1936=ORIENTED_EDGE('',*,*,#1421,.F.);
#1937=ORIENTED_EDGE('',*,*,#1142,.T.);
#1938=ORIENTED_EDGE('',*,*,#1181,.T.);
#1939=ORIENTED_EDGE('',*,*,#1425,.T.);
#1940=ORIENTED_EDGE('',*,*,#1423,.F.);
#1941=ORIENTED_EDGE('',*,*,#1141,.T.);
#1942=ORIENTED_EDGE('',*,*,#1378,.F.);
#1943=ORIENTED_EDGE('',*,*,#1426,.F.);
#1944=ORIENTED_EDGE('',*,*,#1232,.T.);
#1945=ORIENTED_EDGE('',*,*,#1427,.T.);
#1946=ORIENTED_EDGE('',*,*,#1380,.F.);
#1947=ORIENTED_EDGE('',*,*,#1428,.F.);
#1948=ORIENTED_EDGE('',*,*,#1233,.T.);
#1949=ORIENTED_EDGE('',*,*,#1426,.T.);
#1950=ORIENTED_EDGE('',*,*,#1382,.F.);
#1951=ORIENTED_EDGE('',*,*,#1429,.F.);
#1952=ORIENTED_EDGE('',*,*,#1234,.T.);
#1953=ORIENTED_EDGE('',*,*,#1428,.T.);
#1954=ORIENTED_EDGE('',*,*,#1384,.F.);
#1955=ORIENTED_EDGE('',*,*,#1430,.F.);
#1956=ORIENTED_EDGE('',*,*,#1235,.T.);
#1957=ORIENTED_EDGE('',*,*,#1429,.T.);
#1958=ORIENTED_EDGE('',*,*,#1386,.F.);
#1959=ORIENTED_EDGE('',*,*,#1431,.F.);
#1960=ORIENTED_EDGE('',*,*,#1236,.T.);
#1961=ORIENTED_EDGE('',*,*,#1430,.T.);
#1962=ORIENTED_EDGE('',*,*,#1388,.F.);
#1963=ORIENTED_EDGE('',*,*,#1432,.F.);
#1964=ORIENTED_EDGE('',*,*,#1237,.T.);
#1965=ORIENTED_EDGE('',*,*,#1431,.T.);
#1966=ORIENTED_EDGE('',*,*,#1390,.F.);
#1967=ORIENTED_EDGE('',*,*,#1433,.F.);
#1968=ORIENTED_EDGE('',*,*,#1238,.T.);
#1969=ORIENTED_EDGE('',*,*,#1432,.T.);
#1970=ORIENTED_EDGE('',*,*,#1392,.F.);
#1971=ORIENTED_EDGE('',*,*,#1434,.F.);
#1972=ORIENTED_EDGE('',*,*,#1239,.T.);
#1973=ORIENTED_EDGE('',*,*,#1433,.T.);
#1974=ORIENTED_EDGE('',*,*,#1394,.F.);
#1975=ORIENTED_EDGE('',*,*,#1435,.F.);
#1976=ORIENTED_EDGE('',*,*,#1240,.T.);
#1977=ORIENTED_EDGE('',*,*,#1434,.T.);
#1978=ORIENTED_EDGE('',*,*,#1396,.F.);
#1979=ORIENTED_EDGE('',*,*,#1436,.F.);
#1980=ORIENTED_EDGE('',*,*,#1241,.T.);
#1981=ORIENTED_EDGE('',*,*,#1435,.T.);
#1982=ORIENTED_EDGE('',*,*,#1398,.F.);
#1983=ORIENTED_EDGE('',*,*,#1437,.F.);
#1984=ORIENTED_EDGE('',*,*,#1242,.T.);
#1985=ORIENTED_EDGE('',*,*,#1436,.T.);
#1986=ORIENTED_EDGE('',*,*,#1400,.F.);
#1987=ORIENTED_EDGE('',*,*,#1438,.F.);
#1988=ORIENTED_EDGE('',*,*,#1243,.T.);
#1989=ORIENTED_EDGE('',*,*,#1437,.T.);
#1990=ORIENTED_EDGE('',*,*,#1402,.F.);
#1991=ORIENTED_EDGE('',*,*,#1439,.F.);
#1992=ORIENTED_EDGE('',*,*,#1244,.T.);
#1993=ORIENTED_EDGE('',*,*,#1438,.T.);
#1994=ORIENTED_EDGE('',*,*,#1404,.F.);
#1995=ORIENTED_EDGE('',*,*,#1440,.F.);
#1996=ORIENTED_EDGE('',*,*,#1245,.T.);
#1997=ORIENTED_EDGE('',*,*,#1439,.T.);
#1998=ORIENTED_EDGE('',*,*,#1406,.F.);
#1999=ORIENTED_EDGE('',*,*,#1441,.F.);
#2000=ORIENTED_EDGE('',*,*,#1246,.T.);
#2001=ORIENTED_EDGE('',*,*,#1440,.T.);
#2002=ORIENTED_EDGE('',*,*,#1408,.F.);
#2003=ORIENTED_EDGE('',*,*,#1442,.F.);
#2004=ORIENTED_EDGE('',*,*,#1247,.T.);
#2005=ORIENTED_EDGE('',*,*,#1441,.T.);
#2006=ORIENTED_EDGE('',*,*,#1410,.F.);
#2007=ORIENTED_EDGE('',*,*,#1443,.F.);
#2008=ORIENTED_EDGE('',*,*,#1248,.T.);
#2009=ORIENTED_EDGE('',*,*,#1442,.T.);
#2010=ORIENTED_EDGE('',*,*,#1412,.F.);
#2011=ORIENTED_EDGE('',*,*,#1444,.F.);
#2012=ORIENTED_EDGE('',*,*,#1249,.T.);
#2013=ORIENTED_EDGE('',*,*,#1443,.T.);
#2014=ORIENTED_EDGE('',*,*,#1414,.F.);
#2015=ORIENTED_EDGE('',*,*,#1445,.F.);
#2016=ORIENTED_EDGE('',*,*,#1250,.T.);
#2017=ORIENTED_EDGE('',*,*,#1444,.T.);
#2018=ORIENTED_EDGE('',*,*,#1416,.F.);
#2019=ORIENTED_EDGE('',*,*,#1446,.F.);
#2020=ORIENTED_EDGE('',*,*,#1251,.T.);
#2021=ORIENTED_EDGE('',*,*,#1445,.T.);
#2022=ORIENTED_EDGE('',*,*,#1418,.F.);
#2023=ORIENTED_EDGE('',*,*,#1447,.F.);
#2024=ORIENTED_EDGE('',*,*,#1252,.T.);
#2025=ORIENTED_EDGE('',*,*,#1446,.T.);
#2026=ORIENTED_EDGE('',*,*,#1420,.F.);
#2027=ORIENTED_EDGE('',*,*,#1448,.F.);
#2028=ORIENTED_EDGE('',*,*,#1253,.T.);
#2029=ORIENTED_EDGE('',*,*,#1447,.T.);
#2030=ORIENTED_EDGE('',*,*,#1422,.F.);
#2031=ORIENTED_EDGE('',*,*,#1449,.F.);
#2032=ORIENTED_EDGE('',*,*,#1254,.T.);
#2033=ORIENTED_EDGE('',*,*,#1448,.T.);
#2034=ORIENTED_EDGE('',*,*,#1424,.F.);
#2035=ORIENTED_EDGE('',*,*,#1450,.F.);
#2036=ORIENTED_EDGE('',*,*,#1255,.T.);
#2037=ORIENTED_EDGE('',*,*,#1449,.T.);
#2038=ORIENTED_EDGE('',*,*,#1425,.F.);
#2039=ORIENTED_EDGE('',*,*,#1180,.T.);
#2040=ORIENTED_EDGE('',*,*,#1256,.T.);
#2041=ORIENTED_EDGE('',*,*,#1450,.T.);
#2042=ORIENTED_EDGE('',*,*,#1175,.T.);
#2043=ORIENTED_EDGE('',*,*,#1451,.T.);
#2044=ORIENTED_EDGE('',*,*,#1191,.T.);
#2045=ORIENTED_EDGE('',*,*,#1452,.T.);
#2046=ORIENTED_EDGE('',*,*,#1137,.F.);
#2047=ORIENTED_EDGE('',*,*,#1176,.T.);
#2048=ORIENTED_EDGE('',*,*,#1452,.F.);
#2049=ORIENTED_EDGE('',*,*,#1190,.F.);
#2050=ORIENTED_EDGE('',*,*,#1197,.T.);
#2051=ORIENTED_EDGE('',*,*,#1453,.T.);
#2052=ORIENTED_EDGE('',*,*,#1169,.T.);
#2053=ORIENTED_EDGE('',*,*,#1189,.T.);
#2054=ORIENTED_EDGE('',*,*,#1453,.F.);
#2055=ORIENTED_EDGE('',*,*,#1196,.F.);
#2056=ORIENTED_EDGE('',*,*,#1454,.F.);
#2057=ORIENTED_EDGE('',*,*,#1170,.T.);
#2058=ORIENTED_EDGE('',*,*,#1171,.T.);
#2059=ORIENTED_EDGE('',*,*,#1454,.T.);
#2060=ORIENTED_EDGE('',*,*,#1195,.T.);
#2061=ORIENTED_EDGE('',*,*,#1455,.T.);
#2062=ORIENTED_EDGE('',*,*,#1455,.F.);
#2063=ORIENTED_EDGE('',*,*,#1194,.F.);
#2064=ORIENTED_EDGE('',*,*,#1456,.F.);
#2065=ORIENTED_EDGE('',*,*,#1172,.T.);
#2066=ORIENTED_EDGE('',*,*,#1173,.T.);
#2067=ORIENTED_EDGE('',*,*,#1456,.T.);
#2068=ORIENTED_EDGE('',*,*,#1193,.T.);
#2069=ORIENTED_EDGE('',*,*,#1457,.T.);
#2070=ORIENTED_EDGE('',*,*,#1451,.F.);
#2071=ORIENTED_EDGE('',*,*,#1174,.T.);
#2072=ORIENTED_EDGE('',*,*,#1457,.F.);
#2073=ORIENTED_EDGE('',*,*,#1192,.F.);
#2074=ORIENTED_EDGE('',*,*,#1187,.F.);
#2075=ORIENTED_EDGE('',*,*,#1166,.F.);
#2076=ORIENTED_EDGE('',*,*,#1376,.F.);
#2077=ORIENTED_EDGE('',*,*,#1427,.F.);
#2078=ORIENTED_EDGE('',*,*,#1231,.F.);
#2079=ORIENTED_EDGE('',*,*,#1203,.F.);
#2080=ORIENTED_EDGE('',*,*,#1198,.F.);
#2081=ORIENTED_EDGE('',*,*,#1269,.F.);
#2082=ORIENTED_EDGE('',*,*,#1295,.F.);
#2083=ORIENTED_EDGE('',*,*,#1283,.F.);
#2084=ORIENTED_EDGE('',*,*,#1287,.F.);
#2085=ORIENTED_EDGE('',*,*,#1279,.F.);
#2086=ORIENTED_EDGE('',*,*,#1291,.F.);
#2087=ORIENTED_EDGE('',*,*,#1458,.F.);
#2088=ORIENTED_EDGE('',*,*,#1265,.F.);
#2089=ORIENTED_EDGE('',*,*,#1458,.T.);
#2090=ORIENTED_EDGE('',*,*,#1459,.T.);
#2091=ORIENTED_EDGE('',*,*,#1262,.F.);
#2092=ORIENTED_EDGE('',*,*,#1459,.F.);
#2093=ORIENTED_EDGE('',*,*,#1325,.F.);
#2094=ORIENTED_EDGE('',*,*,#1460,.F.);
#2095=ORIENTED_EDGE('',*,*,#1222,.F.);
#2096=ORIENTED_EDGE('',*,*,#1461,.T.);
#2097=ORIENTED_EDGE('',*,*,#1328,.F.);
#2098=ORIENTED_EDGE('',*,*,#1462,.F.);
#2099=ORIENTED_EDGE('',*,*,#1223,.F.);
#2100=ORIENTED_EDGE('',*,*,#1460,.T.);
#2101=ORIENTED_EDGE('',*,*,#1331,.F.);
#2102=ORIENTED_EDGE('',*,*,#1463,.F.);
#2103=ORIENTED_EDGE('',*,*,#1224,.T.);
#2104=ORIENTED_EDGE('',*,*,#1462,.T.);
#2105=ORIENTED_EDGE('',*,*,#1334,.F.);
#2106=ORIENTED_EDGE('',*,*,#1368,.F.);
#2107=ORIENTED_EDGE('',*,*,#1225,.T.);
#2108=ORIENTED_EDGE('',*,*,#1463,.T.);
#2109=ORIENTED_EDGE('',*,*,#1301,.F.);
#2110=ORIENTED_EDGE('',*,*,#1464,.F.);
#2111=ORIENTED_EDGE('',*,*,#1257,.T.);
#2112=ORIENTED_EDGE('',*,*,#1211,.T.);
#2113=ORIENTED_EDGE('',*,*,#1304,.F.);
#2114=ORIENTED_EDGE('',*,*,#1465,.F.);
#2115=ORIENTED_EDGE('',*,*,#1258,.T.);
#2116=ORIENTED_EDGE('',*,*,#1464,.T.);
#2117=ORIENTED_EDGE('',*,*,#1307,.F.);
#2118=ORIENTED_EDGE('',*,*,#1466,.F.);
#2119=ORIENTED_EDGE('',*,*,#1216,.F.);
#2120=ORIENTED_EDGE('',*,*,#1465,.T.);
#2121=ORIENTED_EDGE('',*,*,#1310,.F.);
#2122=ORIENTED_EDGE('',*,*,#1467,.F.);
#2123=ORIENTED_EDGE('',*,*,#1217,.F.);
#2124=ORIENTED_EDGE('',*,*,#1466,.T.);
#2125=ORIENTED_EDGE('',*,*,#1313,.F.);
#2126=ORIENTED_EDGE('',*,*,#1468,.F.);
#2127=ORIENTED_EDGE('',*,*,#1218,.T.);
#2128=ORIENTED_EDGE('',*,*,#1467,.T.);
#2129=ORIENTED_EDGE('',*,*,#1316,.F.);
#2130=ORIENTED_EDGE('',*,*,#1469,.F.);
#2131=ORIENTED_EDGE('',*,*,#1219,.T.);
#2132=ORIENTED_EDGE('',*,*,#1468,.T.);
#2133=ORIENTED_EDGE('',*,*,#1319,.F.);
#2134=ORIENTED_EDGE('',*,*,#1470,.F.);
#2135=ORIENTED_EDGE('',*,*,#1220,.T.);
#2136=ORIENTED_EDGE('',*,*,#1469,.T.);
#2137=ORIENTED_EDGE('',*,*,#1322,.F.);
#2138=ORIENTED_EDGE('',*,*,#1461,.F.);
#2139=ORIENTED_EDGE('',*,*,#1221,.T.);
#2140=ORIENTED_EDGE('',*,*,#1470,.T.);
#2141=CYLINDRICAL_SURFACE('',#2331,2.);
#2142=CYLINDRICAL_SURFACE('',#2358,2.);
#2143=CYLINDRICAL_SURFACE('',#2361,2.);
#2144=CYLINDRICAL_SURFACE('',#2371,2.);
#2145=CYLINDRICAL_SURFACE('',#2373,22.25);
#2146=CYLINDRICAL_SURFACE('',#2417,1.7);
#2147=CYLINDRICAL_SURFACE('',#2421,1.7);
#2148=CYLINDRICAL_SURFACE('',#2430,1.7);
#2149=CYLINDRICAL_SURFACE('',#2434,1.7);
#2150=CYLINDRICAL_SURFACE('',#2438,1.7);
#2151=CYLINDRICAL_SURFACE('',#2442,1.7);
#2152=CYLINDRICAL_SURFACE('',#2446,1.7);
#2153=CYLINDRICAL_SURFACE('',#2502,1.5);
#2154=CYLINDRICAL_SURFACE('',#2504,4.);
#2155=CYLINDRICAL_SURFACE('',#2506,1.5);
#2156=CYLINDRICAL_SURFACE('',#2507,1.5);
#2157=CYLINDRICAL_SURFACE('',#2509,4.);
#2158=CYLINDRICAL_SURFACE('',#2511,1.5);
#2159=CYLINDRICAL_SURFACE('',#2555,27.5);
#2160=CYLINDRICAL_SURFACE('',#2556,1.5);
#2161=CYLINDRICAL_SURFACE('',#2558,4.);
#2162=CYLINDRICAL_SURFACE('',#2560,1.5);
#2163=CYLINDRICAL_SURFACE('',#2561,27.5);
#2164=CYLINDRICAL_SURFACE('',#2562,1.5);
#2165=CYLINDRICAL_SURFACE('',#2564,4.);
#2166=CYLINDRICAL_SURFACE('',#2566,1.5);
#2167=CYLINDRICAL_SURFACE('',#2567,27.5);
#2168=CYLINDRICAL_SURFACE('',#2568,1.5);
#2169=CYLINDRICAL_SURFACE('',#2570,4.);
#2170=CYLINDRICAL_SURFACE('',#2572,1.5);
#2171=CYLINDRICAL_SURFACE('',#2573,27.5);
#2172=CYLINDRICAL_SURFACE('',#2574,1.5);
#2173=CYLINDRICAL_SURFACE('',#2576,4.);
#2174=CYLINDRICAL_SURFACE('',#2578,1.5);
#2175=CYLINDRICAL_SURFACE('',#2579,27.5);
#2176=CYLINDRICAL_SURFACE('',#2580,2.);
#2177=CYLINDRICAL_SURFACE('',#2582,2.);
#2178=CYLINDRICAL_SURFACE('',#2584,2.);
#2179=CYLINDRICAL_SURFACE('',#2586,2.);
#2180=CYLINDRICAL_SURFACE('',#2598,1.7);
#2181=CYLINDRICAL_SURFACE('',#2599,4.);
#2182=CYLINDRICAL_SURFACE('',#2601,1.5);
#2183=CYLINDRICAL_SURFACE('',#2602,22.25);
#2184=CYLINDRICAL_SURFACE('',#2603,1.5);
#2185=CYLINDRICAL_SURFACE('',#2605,4.);
#2186=CYLINDRICAL_SURFACE('',#2607,1.5);
#2187=CYLINDRICAL_SURFACE('',#2608,22.25);
#2188=CYLINDRICAL_SURFACE('',#2609,1.5);
#2189=ADVANCED_FACE('',(#117),#2141,.T.);
#2190=ADVANCED_FACE('',(#118),#65,.T.);
#2191=ADVANCED_FACE('',(#119),#66,.F.);
#2192=ADVANCED_FACE('',(#120),#2142,.F.);
#2193=ADVANCED_FACE('',(#121),#2143,.T.);
#2194=ADVANCED_FACE('',(#122),#67,.T.);
#2195=ADVANCED_FACE('',(#123),#68,.F.);
#2196=ADVANCED_FACE('',(#124),#2144,.F.);
#2197=ADVANCED_FACE('',(#125),#2145,.T.);
#2198=ADVANCED_FACE('',(#126),#23,.F.);
#2199=ADVANCED_FACE('',(#127,#15,#16,#17,#18,#19,#20,#21),#69,.T.);
#2200=ADVANCED_FACE('',(#128),#2146,.F.);
#2201=ADVANCED_FACE('',(#129),#24,.F.);
#2202=ADVANCED_FACE('',(#130),#2147,.F.);
#2203=ADVANCED_FACE('',(#131),#25,.F.);
#2204=ADVANCED_FACE('',(#132,#22),#70,.T.);
#2205=ADVANCED_FACE('',(#133),#2148,.F.);
#2206=ADVANCED_FACE('',(#134),#26,.F.);
#2207=ADVANCED_FACE('',(#135),#2149,.F.);
#2208=ADVANCED_FACE('',(#136),#27,.F.);
#2209=ADVANCED_FACE('',(#137),#2150,.F.);
#2210=ADVANCED_FACE('',(#138),#28,.F.);
#2211=ADVANCED_FACE('',(#139),#2151,.F.);
#2212=ADVANCED_FACE('',(#140),#29,.F.);
#2213=ADVANCED_FACE('',(#141),#2152,.F.);
#2214=ADVANCED_FACE('',(#142),#30,.T.);
#2215=ADVANCED_FACE('',(#143),#31,.T.);
#2216=ADVANCED_FACE('',(#144),#71,.T.);
#2217=ADVANCED_FACE('',(#145),#32,.F.);
#2218=ADVANCED_FACE('',(#146),#72,.T.);
#2219=ADVANCED_FACE('',(#147),#33,.T.);
#2220=ADVANCED_FACE('',(#148),#34,.T.);
#2221=ADVANCED_FACE('',(#149),#35,.T.);
#2222=ADVANCED_FACE('',(#150),#73,.T.);
#2223=ADVANCED_FACE('',(#151),#36,.F.);
#2224=ADVANCED_FACE('',(#152),#74,.T.);
#2225=ADVANCED_FACE('',(#153),#37,.T.);
#2226=ADVANCED_FACE('',(#154),#38,.T.);
#2227=ADVANCED_FACE('',(#155),#39,.T.);
#2228=ADVANCED_FACE('',(#156),#75,.T.);
#2229=ADVANCED_FACE('',(#157),#40,.F.);
#2230=ADVANCED_FACE('',(#158),#76,.T.);
#2231=ADVANCED_FACE('',(#159),#41,.T.);
#2232=ADVANCED_FACE('',(#160),#42,.T.);
#2233=ADVANCED_FACE('',(#161),#43,.T.);
#2234=ADVANCED_FACE('',(#162),#77,.T.);
#2235=ADVANCED_FACE('',(#163),#44,.F.);
#2236=ADVANCED_FACE('',(#164),#78,.T.);
#2237=ADVANCED_FACE('',(#165),#45,.T.);
#2238=ADVANCED_FACE('',(#166),#2153,.T.);
#2239=ADVANCED_FACE('',(#167),#79,.T.);
#2240=ADVANCED_FACE('',(#168),#2154,.F.);
#2241=ADVANCED_FACE('',(#169),#80,.T.);
#2242=ADVANCED_FACE('',(#170),#2155,.T.);
#2243=ADVANCED_FACE('',(#171),#2156,.T.);
#2244=ADVANCED_FACE('',(#172),#81,.T.);
#2245=ADVANCED_FACE('',(#173),#2157,.F.);
#2246=ADVANCED_FACE('',(#174),#82,.T.);
#2247=ADVANCED_FACE('',(#175),#2158,.T.);
#2248=ADVANCED_FACE('',(#176),#83,.T.);
#2249=ADVANCED_FACE('',(#177),#46,.F.);
#2250=ADVANCED_FACE('',(#178),#47,.T.);
#2251=ADVANCED_FACE('',(#179),#84,.T.);
#2252=ADVANCED_FACE('',(#180),#48,.F.);
#2253=ADVANCED_FACE('',(#181),#85,.T.);
#2254=ADVANCED_FACE('',(#182),#49,.T.);
#2255=ADVANCED_FACE('',(#183),#50,.F.);
#2256=ADVANCED_FACE('',(#184),#51,.T.);
#2257=ADVANCED_FACE('',(#185),#86,.T.);
#2258=ADVANCED_FACE('',(#186),#52,.F.);
#2259=ADVANCED_FACE('',(#187),#87,.T.);
#2260=ADVANCED_FACE('',(#188),#53,.T.);
#2261=ADVANCED_FACE('',(#189),#54,.F.);
#2262=ADVANCED_FACE('',(#190),#55,.T.);
#2263=ADVANCED_FACE('',(#191),#88,.T.);
#2264=ADVANCED_FACE('',(#192),#56,.F.);
#2265=ADVANCED_FACE('',(#193),#89,.T.);
#2266=ADVANCED_FACE('',(#194),#57,.T.);
#2267=ADVANCED_FACE('',(#195),#58,.F.);
#2268=ADVANCED_FACE('',(#196),#59,.T.);
#2269=ADVANCED_FACE('',(#197),#90,.T.);
#2270=ADVANCED_FACE('',(#198),#60,.F.);
#2271=ADVANCED_FACE('',(#199),#91,.T.);
#2272=ADVANCED_FACE('',(#200),#61,.T.);
#2273=ADVANCED_FACE('',(#201),#62,.F.);
#2274=ADVANCED_FACE('',(#202),#2159,.F.);
#2275=ADVANCED_FACE('',(#203),#2160,.T.);
#2276=ADVANCED_FACE('',(#204),#92,.T.);
#2277=ADVANCED_FACE('',(#205),#2161,.F.);
#2278=ADVANCED_FACE('',(#206),#93,.T.);
#2279=ADVANCED_FACE('',(#207),#2162,.T.);
#2280=ADVANCED_FACE('',(#208),#2163,.F.);
#2281=ADVANCED_FACE('',(#209),#2164,.T.);
#2282=ADVANCED_FACE('',(#210),#94,.T.);
#2283=ADVANCED_FACE('',(#211),#2165,.F.);
#2284=ADVANCED_FACE('',(#212),#95,.T.);
#2285=ADVANCED_FACE('',(#213),#2166,.T.);
#2286=ADVANCED_FACE('',(#214),#2167,.F.);
#2287=ADVANCED_FACE('',(#215),#2168,.T.);
#2288=ADVANCED_FACE('',(#216),#96,.T.);
#2289=ADVANCED_FACE('',(#217),#2169,.F.);
#2290=ADVANCED_FACE('',(#218),#97,.T.);
#2291=ADVANCED_FACE('',(#219),#2170,.T.);
#2292=ADVANCED_FACE('',(#220),#2171,.F.);
#2293=ADVANCED_FACE('',(#221),#2172,.T.);
#2294=ADVANCED_FACE('',(#222),#98,.T.);
#2295=ADVANCED_FACE('',(#223),#2173,.F.);
#2296=ADVANCED_FACE('',(#224),#99,.T.);
#2297=ADVANCED_FACE('',(#225),#2174,.T.);
#2298=ADVANCED_FACE('',(#226),#2175,.F.);
#2299=ADVANCED_FACE('',(#227),#2176,.T.);
#2300=ADVANCED_FACE('',(#228),#100,.T.);
#2301=ADVANCED_FACE('',(#229),#2177,.T.);
#2302=ADVANCED_FACE('',(#230),#101,.T.);
#2303=ADVANCED_FACE('',(#231),#2178,.T.);
#2304=ADVANCED_FACE('',(#232),#102,.T.);
#2305=ADVANCED_FACE('',(#233),#2179,.T.);
#2306=ADVANCED_FACE('',(#234),#103,.T.);
#2307=ADVANCED_FACE('',(#235),#104,.F.);
#2308=ADVANCED_FACE('',(#236),#105,.T.);
#2309=ADVANCED_FACE('',(#237),#106,.T.);
#2310=ADVANCED_FACE('',(#238),#107,.T.);
#2311=ADVANCED_FACE('',(#239),#108,.T.);
#2312=ADVANCED_FACE('',(#240),#109,.T.);
#2313=ADVANCED_FACE('',(#241),#110,.T.);
#2314=ADVANCED_FACE('',(#242),#111,.T.);
#2315=ADVANCED_FACE('',(#243),#112,.T.);
#2316=ADVANCED_FACE('',(#244),#2180,.F.);
#2317=ADVANCED_FACE('',(#245),#2181,.F.);
#2318=ADVANCED_FACE('',(#246),#113,.T.);
#2319=ADVANCED_FACE('',(#247),#2182,.T.);
#2320=ADVANCED_FACE('',(#248),#2183,.T.);
#2321=ADVANCED_FACE('',(#249),#2184,.T.);
#2322=ADVANCED_FACE('',(#250),#114,.T.);
#2323=ADVANCED_FACE('',(#251),#2185,.F.);
#2324=ADVANCED_FACE('',(#252),#115,.T.);
#2325=ADVANCED_FACE('',(#253),#2186,.T.);
#2326=ADVANCED_FACE('',(#254),#2187,.T.);
#2327=ADVANCED_FACE('',(#255),#2188,.T.);
#2328=ADVANCED_FACE('',(#256),#116,.T.);
#2329=CLOSED_SHELL('',(#2189,#2190,#2191,#2192,#2193,#2194,#2195,#2196,
#2197,#2198,#2199,#2200,#2201,#2202,#2203,#2204,#2205,#2206,#2207,#2208,
#2209,#2210,#2211,#2212,#2213,#2214,#2215,#2216,#2217,#2218,#2219,#2220,
#2221,#2222,#2223,#2224,#2225,#2226,#2227,#2228,#2229,#2230,#2231,#2232,
#2233,#2234,#2235,#2236,#2237,#2238,#2239,#2240,#2241,#2242,#2243,#2244,
#2245,#2246,#2247,#2248,#2249,#2250,#2251,#2252,#2253,#2254,#2255,#2256,
#2257,#2258,#2259,#2260,#2261,#2262,#2263,#2264,#2265,#2266,#2267,#2268,
#2269,#2270,#2271,#2272,#2273,#2274,#2275,#2276,#2277,#2278,#2279,#2280,
#2281,#2282,#2283,#2284,#2285,#2286,#2287,#2288,#2289,#2290,#2291,#2292,
#2293,#2294,#2295,#2296,#2297,#2298,#2299,#2300,#2301,#2302,#2303,#2304,
#2305,#2306,#2307,#2308,#2309,#2310,#2311,#2312,#2313,#2314,#2315,#2316,
#2317,#2318,#2319,#2320,#2321,#2322,#2323,#2324,#2325,#2326,#2327,#2328));
#2330=AXIS2_PLACEMENT_3D('',#3366,#2611,#2612);
#2331=AXIS2_PLACEMENT_3D('',#3367,#2613,#2614);
#2332=AXIS2_PLACEMENT_3D('',#3370,#2615,#2616);
#2333=AXIS2_PLACEMENT_3D('',#3374,#2618,#2619);
#2334=AXIS2_PLACEMENT_3D('',#3376,#2621,#2622);
#2335=AXIS2_PLACEMENT_3D('',#3380,#2624,#2625);
#2336=AXIS2_PLACEMENT_3D('',#3382,#2626,#2627);
#2337=AXIS2_PLACEMENT_3D('',#3386,#2629,#2630);
#2338=AXIS2_PLACEMENT_3D('',#3390,#2632,#2633);
#2339=AXIS2_PLACEMENT_3D('',#3392,#2634,#2635);
#2340=AXIS2_PLACEMENT_3D('',#3394,#2636,#2637);
#2341=AXIS2_PLACEMENT_3D('',#3398,#2639,#2640);
#2342=AXIS2_PLACEMENT_3D('',#3402,#2642,#2643);
#2343=AXIS2_PLACEMENT_3D('',#3404,#2644,#2645);
#2344=AXIS2_PLACEMENT_3D('',#3406,#2646,#2647);
#2345=AXIS2_PLACEMENT_3D('',#3410,#2649,#2650);
#2346=AXIS2_PLACEMENT_3D('',#3414,#2652,#2653);
#2347=AXIS2_PLACEMENT_3D('',#3416,#2654,#2655);
#2348=AXIS2_PLACEMENT_3D('',#3418,#2656,#2657);
#2349=AXIS2_PLACEMENT_3D('',#3422,#2659,#2660);
#2350=AXIS2_PLACEMENT_3D('',#3426,#2662,#2663);
#2351=AXIS2_PLACEMENT_3D('',#3428,#2664,#2665);
#2352=AXIS2_PLACEMENT_3D('',#3432,#2667,#2668);
#2353=AXIS2_PLACEMENT_3D('',#3436,#2670,#2671);
#2354=AXIS2_PLACEMENT_3D('',#3440,#2673,#2674);
#2355=AXIS2_PLACEMENT_3D('',#3444,#2676,#2677);
#2356=AXIS2_PLACEMENT_3D('',#3448,#2679,#2680);
#2357=AXIS2_PLACEMENT_3D('',#3450,#2682,#2683);
#2358=AXIS2_PLACEMENT_3D('',#3462,#2688,#2689);
#2359=AXIS2_PLACEMENT_3D('',#3464,#2690,#2691);
#2360=AXIS2_PLACEMENT_3D('',#3466,#2692,#2693);
#2361=AXIS2_PLACEMENT_3D('',#3468,#2695,#2696);
#2362=AXIS2_PLACEMENT_3D('',#3471,#2697,#2698);
#2363=AXIS2_PLACEMENT_3D('',#3474,#2701,#2702);
#2364=AXIS2_PLACEMENT_3D('',#3478,#2705,#2706);
#2365=AXIS2_PLACEMENT_3D('',#3482,#2708,#2709);
#2366=AXIS2_PLACEMENT_3D('',#3486,#2711,#2712);
#2367=AXIS2_PLACEMENT_3D('',#3490,#2714,#2715);
#2368=AXIS2_PLACEMENT_3D('',#3493,#2717,#2718);
#2369=AXIS2_PLACEMENT_3D('',#3497,#2720,#2721);
#2370=AXIS2_PLACEMENT_3D('',#3498,#2722,#2723);
#2371=AXIS2_PLACEMENT_3D('',#3499,#2724,#2725);
#2372=AXIS2_PLACEMENT_3D('',#3502,#2726,#2727);
#2373=AXIS2_PLACEMENT_3D('',#3505,#2730,#2731);
#2374=AXIS2_PLACEMENT_3D('',#3507,#2732,#2733);
#2375=AXIS2_PLACEMENT_3D('',#3511,#2735,#2736);
#2376=AXIS2_PLACEMENT_3D('',#3515,#2738,#2739);
#2377=AXIS2_PLACEMENT_3D('',#3519,#2741,#2742);
#2378=AXIS2_PLACEMENT_3D('',#3522,#2744,#2745);
#2379=AXIS2_PLACEMENT_3D('',#3523,#2746,#2747);
#2380=AXIS2_PLACEMENT_3D('',#3525,#2748,#2749);
#2381=AXIS2_PLACEMENT_3D('',#3528,#2751,#2752);
#2382=AXIS2_PLACEMENT_3D('',#3529,#2753,#2754);
#2383=AXIS2_PLACEMENT_3D('',#3532,#2755,#2756);
#2384=AXIS2_PLACEMENT_3D('',#3536,#2758,#2759);
#2385=AXIS2_PLACEMENT_3D('',#3538,#2760,#2761);
#2386=AXIS2_PLACEMENT_3D('',#3540,#2762,#2763);
#2387=AXIS2_PLACEMENT_3D('',#3544,#2765,#2766);
#2388=AXIS2_PLACEMENT_3D('',#3548,#2768,#2769);
#2389=AXIS2_PLACEMENT_3D('',#3550,#2770,#2771);
#2390=AXIS2_PLACEMENT_3D('',#3552,#2772,#2773);
#2391=AXIS2_PLACEMENT_3D('',#3556,#2775,#2776);
#2392=AXIS2_PLACEMENT_3D('',#3559,#2778,#2779);
#2393=AXIS2_PLACEMENT_3D('',#3563,#2781,#2782);
#2394=AXIS2_PLACEMENT_3D('',#3565,#2783,#2784);
#2395=AXIS2_PLACEMENT_3D('',#3569,#2786,#2787);
#2396=AXIS2_PLACEMENT_3D('',#3573,#2789,#2790);
#2397=AXIS2_PLACEMENT_3D('',#3575,#2791,#2792);
#2398=AXIS2_PLACEMENT_3D('',#3577,#2793,#2794);
#2399=AXIS2_PLACEMENT_3D('',#3581,#2796,#2797);
#2400=AXIS2_PLACEMENT_3D('',#3585,#2799,#2800);
#2401=AXIS2_PLACEMENT_3D('',#3587,#2801,#2802);
#2402=AXIS2_PLACEMENT_3D('',#3589,#2803,#2804);
#2403=AXIS2_PLACEMENT_3D('',#3593,#2806,#2807);
#2404=AXIS2_PLACEMENT_3D('',#3597,#2809,#2810);
#2405=AXIS2_PLACEMENT_3D('',#3599,#2811,#2812);
#2406=AXIS2_PLACEMENT_3D('',#3601,#2813,#2814);
#2407=AXIS2_PLACEMENT_3D('',#3605,#2816,#2817);
#2408=AXIS2_PLACEMENT_3D('',#3609,#2819,#2820);
#2409=AXIS2_PLACEMENT_3D('',#3610,#2821,#2822);
#2410=AXIS2_PLACEMENT_3D('',#3612,#2823,#2824);
#2411=AXIS2_PLACEMENT_3D('',#3615,#2826,#2827);
#2412=AXIS2_PLACEMENT_3D('',#3617,#2828,#2829);
#2413=AXIS2_PLACEMENT_3D('',#3619,#2830,#2831);
#2414=AXIS2_PLACEMENT_3D('',#3621,#2832,#2833);
#2415=AXIS2_PLACEMENT_3D('',#3623,#2834,#2835);
#2416=AXIS2_PLACEMENT_3D('',#3625,#2836,#2837);
#2417=AXIS2_PLACEMENT_3D('',#3626,#2838,#2839);
#2418=AXIS2_PLACEMENT_3D('',#3628,#2840,#2841);
#2419=AXIS2_PLACEMENT_3D('',#3630,#2843,#2844);
#2420=AXIS2_PLACEMENT_3D('',#3633,#2846,#2847);
#2421=AXIS2_PLACEMENT_3D('',#3634,#2848,#2849);
#2422=AXIS2_PLACEMENT_3D('',#3636,#2850,#2851);
#2423=AXIS2_PLACEMENT_3D('',#3638,#2853,#2854);
#2424=AXIS2_PLACEMENT_3D('',#3640,#2855,#2856);
#2425=AXIS2_PLACEMENT_3D('',#3643,#2858,#2859);
#2426=AXIS2_PLACEMENT_3D('',#3644,#2860,#2861);
#2427=AXIS2_PLACEMENT_3D('',#3646,#2862,#2863);
#2428=AXIS2_PLACEMENT_3D('',#3650,#2865,#2866);
#2429=AXIS2_PLACEMENT_3D('',#3653,#2868,#2869);
#2430=AXIS2_PLACEMENT_3D('',#3654,#2870,#2871);
#2431=AXIS2_PLACEMENT_3D('',#3656,#2872,#2873);
#2432=AXIS2_PLACEMENT_3D('',#3658,#2875,#2876);
#2433=AXIS2_PLACEMENT_3D('',#3661,#2878,#2879);
#2434=AXIS2_PLACEMENT_3D('',#3662,#2880,#2881);
#2435=AXIS2_PLACEMENT_3D('',#3664,#2882,#2883);
#2436=AXIS2_PLACEMENT_3D('',#3666,#2885,#2886);
#2437=AXIS2_PLACEMENT_3D('',#3669,#2888,#2889);
#2438=AXIS2_PLACEMENT_3D('',#3670,#2890,#2891);
#2439=AXIS2_PLACEMENT_3D('',#3672,#2892,#2893);
#2440=AXIS2_PLACEMENT_3D('',#3674,#2895,#2896);
#2441=AXIS2_PLACEMENT_3D('',#3677,#2898,#2899);
#2442=AXIS2_PLACEMENT_3D('',#3678,#2900,#2901);
#2443=AXIS2_PLACEMENT_3D('',#3680,#2902,#2903);
#2444=AXIS2_PLACEMENT_3D('',#3682,#2905,#2906);
#2445=AXIS2_PLACEMENT_3D('',#3685,#2908,#2909);
#2446=AXIS2_PLACEMENT_3D('',#3686,#2910,#2911);
#2447=AXIS2_PLACEMENT_3D('',#3688,#2912,#2913);
#2448=AXIS2_PLACEMENT_3D('',#3690,#2915,#2916);
#2449=AXIS2_PLACEMENT_3D('',#3695,#2919,#2920);
#2450=AXIS2_PLACEMENT_3D('',#3696,#2921,#2922);
#2451=AXIS2_PLACEMENT_3D('',#3700,#2924,#2925);
#2452=AXIS2_PLACEMENT_3D('',#3701,#2926,#2927);
#2453=AXIS2_PLACEMENT_3D('',#3702,#2928,#2929);
#2454=AXIS2_PLACEMENT_3D('',#3708,#2933,#2934);
#2455=AXIS2_PLACEMENT_3D('',#3712,#2936,#2937);
#2456=AXIS2_PLACEMENT_3D('',#3713,#2938,#2939);
#2457=AXIS2_PLACEMENT_3D('',#3714,#2940,#2941);
#2458=AXIS2_PLACEMENT_3D('',#3720,#2945,#2946);
#2459=AXIS2_PLACEMENT_3D('',#3724,#2948,#2949);
#2460=AXIS2_PLACEMENT_3D('',#3725,#2950,#2951);
#2461=AXIS2_PLACEMENT_3D('',#3726,#2952,#2953);
#2462=AXIS2_PLACEMENT_3D('',#3730,#2955,#2956);
#2463=AXIS2_PLACEMENT_3D('',#3731,#2957,#2958);
#2464=AXIS2_PLACEMENT_3D('',#3732,#2959,#2960);
#2465=AXIS2_PLACEMENT_3D('',#3736,#2962,#2963);
#2466=AXIS2_PLACEMENT_3D('',#3737,#2964,#2965);
#2467=AXIS2_PLACEMENT_3D('',#3738,#2966,#2967);
#2468=AXIS2_PLACEMENT_3D('',#3744,#2971,#2972);
#2469=AXIS2_PLACEMENT_3D('',#3748,#2974,#2975);
#2470=AXIS2_PLACEMENT_3D('',#3749,#2976,#2977);
#2471=AXIS2_PLACEMENT_3D('',#3750,#2978,#2979);
#2472=AXIS2_PLACEMENT_3D('',#3756,#2983,#2984);
#2473=AXIS2_PLACEMENT_3D('',#3760,#2986,#2987);
#2474=AXIS2_PLACEMENT_3D('',#3761,#2988,#2989);
#2475=AXIS2_PLACEMENT_3D('',#3762,#2990,#2991);
#2476=AXIS2_PLACEMENT_3D('',#3766,#2993,#2994);
#2477=AXIS2_PLACEMENT_3D('',#3767,#2995,#2996);
#2478=AXIS2_PLACEMENT_3D('',#3768,#2997,#2998);
#2479=AXIS2_PLACEMENT_3D('',#3772,#3000,#3001);
#2480=AXIS2_PLACEMENT_3D('',#3773,#3002,#3003);
#2481=AXIS2_PLACEMENT_3D('',#3774,#3004,#3005);
#2482=AXIS2_PLACEMENT_3D('',#3780,#3009,#3010);
#2483=AXIS2_PLACEMENT_3D('',#3784,#3012,#3013);
#2484=AXIS2_PLACEMENT_3D('',#3785,#3014,#3015);
#2485=AXIS2_PLACEMENT_3D('',#3786,#3016,#3017);
#2486=AXIS2_PLACEMENT_3D('',#3792,#3021,#3022);
#2487=AXIS2_PLACEMENT_3D('',#3795,#3024,#3025);
#2488=AXIS2_PLACEMENT_3D('',#3796,#3026,#3027);
#2489=AXIS2_PLACEMENT_3D('',#3797,#3028,#3029);
#2490=AXIS2_PLACEMENT_3D('',#3800,#3031,#3032);
#2491=AXIS2_PLACEMENT_3D('',#3801,#3033,#3034);
#2492=AXIS2_PLACEMENT_3D('',#3805,#3036,#3037);
#2493=AXIS2_PLACEMENT_3D('',#3806,#3038,#3039);
#2494=AXIS2_PLACEMENT_3D('',#3807,#3040,#3041);
#2495=AXIS2_PLACEMENT_3D('',#3813,#3045,#3046);
#2496=AXIS2_PLACEMENT_3D('',#3817,#3048,#3049);
#2497=AXIS2_PLACEMENT_3D('',#3818,#3050,#3051);
#2498=AXIS2_PLACEMENT_3D('',#3819,#3052,#3053);
#2499=AXIS2_PLACEMENT_3D('',#3825,#3057,#3058);
#2500=AXIS2_PLACEMENT_3D('',#3826,#3059,#3060);
#2501=AXIS2_PLACEMENT_3D('',#3827,#3061,#3062);
#2502=AXIS2_PLACEMENT_3D('',#3828,#3063,#3064);
#2503=AXIS2_PLACEMENT_3D('',#3831,#3067,#3068);
#2504=AXIS2_PLACEMENT_3D('',#3833,#3070,#3071);
#2505=AXIS2_PLACEMENT_3D('',#3835,#3073,#3074);
#2506=AXIS2_PLACEMENT_3D('',#3837,#3076,#3077);
#2507=AXIS2_PLACEMENT_3D('',#3838,#3078,#3079);
#2508=AXIS2_PLACEMENT_3D('',#3840,#3081,#3082);
#2509=AXIS2_PLACEMENT_3D('',#3842,#3084,#3085);
#2510=AXIS2_PLACEMENT_3D('',#3844,#3087,#3088);
#2511=AXIS2_PLACEMENT_3D('',#3846,#3090,#3091);
#2512=AXIS2_PLACEMENT_3D('',#3847,#3092,#3093);
#2513=AXIS2_PLACEMENT_3D('',#3848,#3094,#3095);
#2514=AXIS2_PLACEMENT_3D('',#3855,#3097,#3098);
#2515=AXIS2_PLACEMENT_3D('',#3856,#3099,#3100);
#2516=AXIS2_PLACEMENT_3D('',#3859,#3102,#3103);
#2517=AXIS2_PLACEMENT_3D('',#3860,#3104,#3105);
#2518=AXIS2_PLACEMENT_3D('',#3864,#3108,#3109);
#2519=AXIS2_PLACEMENT_3D('',#3867,#3111,#3112);
#2520=AXIS2_PLACEMENT_3D('',#3868,#3113,#3114);
#2521=AXIS2_PLACEMENT_3D('',#3872,#3117,#3118);
#2522=AXIS2_PLACEMENT_3D('',#3875,#3120,#3121);
#2523=AXIS2_PLACEMENT_3D('',#3876,#3122,#3123);
#2524=AXIS2_PLACEMENT_3D('',#3879,#3125,#3126);
#2525=AXIS2_PLACEMENT_3D('',#3880,#3127,#3128);
#2526=AXIS2_PLACEMENT_3D('',#3883,#3130,#3131);
#2527=AXIS2_PLACEMENT_3D('',#3884,#3132,#3133);
#2528=AXIS2_PLACEMENT_3D('',#3888,#3136,#3137);
#2529=AXIS2_PLACEMENT_3D('',#3891,#3139,#3140);
#2530=AXIS2_PLACEMENT_3D('',#3892,#3141,#3142);
#2531=AXIS2_PLACEMENT_3D('',#3896,#3145,#3146);
#2532=AXIS2_PLACEMENT_3D('',#3899,#3148,#3149);
#2533=AXIS2_PLACEMENT_3D('',#3900,#3150,#3151);
#2534=AXIS2_PLACEMENT_3D('',#3903,#3153,#3154);
#2535=AXIS2_PLACEMENT_3D('',#3904,#3155,#3156);
#2536=AXIS2_PLACEMENT_3D('',#3907,#3158,#3159);
#2537=AXIS2_PLACEMENT_3D('',#3908,#3160,#3161);
#2538=AXIS2_PLACEMENT_3D('',#3912,#3164,#3165);
#2539=AXIS2_PLACEMENT_3D('',#3915,#3167,#3168);
#2540=AXIS2_PLACEMENT_3D('',#3916,#3169,#3170);
#2541=AXIS2_PLACEMENT_3D('',#3920,#3173,#3174);
#2542=AXIS2_PLACEMENT_3D('',#3923,#3176,#3177);
#2543=AXIS2_PLACEMENT_3D('',#3924,#3178,#3179);
#2544=AXIS2_PLACEMENT_3D('',#3927,#3181,#3182);
#2545=AXIS2_PLACEMENT_3D('',#3928,#3183,#3184);
#2546=AXIS2_PLACEMENT_3D('',#3931,#3186,#3187);
#2547=AXIS2_PLACEMENT_3D('',#3932,#3188,#3189);
#2548=AXIS2_PLACEMENT_3D('',#3936,#3192,#3193);
#2549=AXIS2_PLACEMENT_3D('',#3939,#3195,#3196);
#2550=AXIS2_PLACEMENT_3D('',#3940,#3197,#3198);
#2551=AXIS2_PLACEMENT_3D('',#3944,#3201,#3202);
#2552=AXIS2_PLACEMENT_3D('',#3947,#3204,#3205);
#2553=AXIS2_PLACEMENT_3D('',#3948,#3206,#3207);
#2554=AXIS2_PLACEMENT_3D('',#3949,#3208,#3209);
#2555=AXIS2_PLACEMENT_3D('',#3950,#3210,#3211);
#2556=AXIS2_PLACEMENT_3D('',#3953,#3214,#3215);
#2557=AXIS2_PLACEMENT_3D('',#3955,#3217,#3218);
#2558=AXIS2_PLACEMENT_3D('',#3957,#3220,#3221);
#2559=AXIS2_PLACEMENT_3D('',#3959,#3223,#3224);
#2560=AXIS2_PLACEMENT_3D('',#3961,#3226,#3227);
#2561=AXIS2_PLACEMENT_3D('',#3963,#3229,#3230);
#2562=AXIS2_PLACEMENT_3D('',#3965,#3232,#3233);
#2563=AXIS2_PLACEMENT_3D('',#3967,#3235,#3236);
#2564=AXIS2_PLACEMENT_3D('',#3969,#3238,#3239);
#2565=AXIS2_PLACEMENT_3D('',#3971,#3241,#3242);
#2566=AXIS2_PLACEMENT_3D('',#3973,#3244,#3245);
#2567=AXIS2_PLACEMENT_3D('',#3975,#3247,#3248);
#2568=AXIS2_PLACEMENT_3D('',#3977,#3250,#3251);
#2569=AXIS2_PLACEMENT_3D('',#3979,#3253,#3254);
#2570=AXIS2_PLACEMENT_3D('',#3981,#3256,#3257);
#2571=AXIS2_PLACEMENT_3D('',#3983,#3259,#3260);
#2572=AXIS2_PLACEMENT_3D('',#3985,#3262,#3263);
#2573=AXIS2_PLACEMENT_3D('',#3987,#3265,#3266);
#2574=AXIS2_PLACEMENT_3D('',#3989,#3268,#3269);
#2575=AXIS2_PLACEMENT_3D('',#3991,#3271,#3272);
#2576=AXIS2_PLACEMENT_3D('',#3993,#3274,#3275);
#2577=AXIS2_PLACEMENT_3D('',#3995,#3277,#3278);
#2578=AXIS2_PLACEMENT_3D('',#3997,#3280,#3281);
#2579=AXIS2_PLACEMENT_3D('',#3999,#3283,#3284);
#2580=AXIS2_PLACEMENT_3D('',#4000,#3285,#3286);
#2581=AXIS2_PLACEMENT_3D('',#4003,#3289,#3290);
#2582=AXIS2_PLACEMENT_3D('',#4004,#3291,#3292);
#2583=AXIS2_PLACEMENT_3D('',#4006,#3294,#3295);
#2584=AXIS2_PLACEMENT_3D('',#4008,#3297,#3298);
#2585=AXIS2_PLACEMENT_3D('',#4010,#3300,#3301);
#2586=AXIS2_PLACEMENT_3D('',#4012,#3303,#3304);
#2587=AXIS2_PLACEMENT_3D('',#4014,#3306,#3307);
#2588=AXIS2_PLACEMENT_3D('',#4015,#3308,#3309);
#2589=AXIS2_PLACEMENT_3D('',#4016,#3310,#3311);
#2590=AXIS2_PLACEMENT_3D('',#4017,#3312,#3313);
#2591=AXIS2_PLACEMENT_3D('',#4018,#3314,#3315);
#2592=AXIS2_PLACEMENT_3D('',#4019,#3316,#3317);
#2593=AXIS2_PLACEMENT_3D('',#4020,#3318,#3319);
#2594=AXIS2_PLACEMENT_3D('',#4021,#3320,#3321);
#2595=AXIS2_PLACEMENT_3D('',#4022,#3322,#3323);
#2596=AXIS2_PLACEMENT_3D('',#4024,#3324,#3325);
#2597=AXIS2_PLACEMENT_3D('',#4025,#3326,#3327);
#2598=AXIS2_PLACEMENT_3D('',#4026,#3328,#3329);
#2599=AXIS2_PLACEMENT_3D('',#4028,#3331,#3332);
#2600=AXIS2_PLACEMENT_3D('',#4031,#3335,#3336);
#2601=AXIS2_PLACEMENT_3D('',#4033,#3338,#3339);
#2602=AXIS2_PLACEMENT_3D('',#4035,#3341,#3342);
#2603=AXIS2_PLACEMENT_3D('',#4036,#3343,#3344);
#2604=AXIS2_PLACEMENT_3D('',#4038,#3346,#3347);
#2605=AXIS2_PLACEMENT_3D('',#4040,#3349,#3350);
#2606=AXIS2_PLACEMENT_3D('',#4042,#3352,#3353);
#2607=AXIS2_PLACEMENT_3D('',#4044,#3355,#3356);
#2608=AXIS2_PLACEMENT_3D('',#4046,#3358,#3359);
#2609=AXIS2_PLACEMENT_3D('',#4048,#3361,#3362);
#2610=AXIS2_PLACEMENT_3D('',#4050,#3364,#3365);
#2611=DIRECTION('axis',(0.,0.,1.));
#2612=DIRECTION('refdir',(1.,0.,0.));
#2613=DIRECTION('center_axis',(0.,0.,1.));
#2614=DIRECTION('ref_axis',(-0.707106781186548,0.707106781186548,0.));
#2615=DIRECTION('center_axis',(0.,0.,-1.));
#2616=DIRECTION('ref_axis',(-0.707106781186548,0.707106781186548,0.));
#2617=DIRECTION('',(0.,0.,-1.));
#2618=DIRECTION('center_axis',(0.,0.,1.));
#2619=DIRECTION('ref_axis',(-0.707106781186548,0.707106781186548,0.));
#2620=DIRECTION('',(0.,0.,1.));
#2621=DIRECTION('center_axis',(0.,0.,1.));
#2622=DIRECTION('ref_axis',(1.,0.,0.));
#2623=DIRECTION('',(6.88388849003634E-16,-1.,0.));
#2624=DIRECTION('center_axis',(0.,0.,1.));
#2625=DIRECTION('ref_axis',(1.,0.,0.));
#2626=DIRECTION('center_axis',(0.,0.,-1.));
#2627=DIRECTION('ref_axis',(-0.560166872247462,-0.828379789249168,0.));
#2628=DIRECTION('',(-0.707106781186139,-0.707106781186956,0.));
#2629=DIRECTION('center_axis',(0.,0.,1.));
#2630=DIRECTION('ref_axis',(1.,0.,0.));
#2631=DIRECTION('',(0.707106781186542,0.707106781186553,0.));
#2632=DIRECTION('center_axis',(0.,0.,-1.));
#2633=DIRECTION('ref_axis',(-0.707106781186551,0.707106781186544,0.));
#2634=DIRECTION('center_axis',(0.,0.,1.));
#2635=DIRECTION('ref_axis',(1.,0.,0.));
#2636=DIRECTION('center_axis',(0.,0.,-1.));
#2637=DIRECTION('ref_axis',(-0.828379789249168,0.560166872247462,0.));
#2638=DIRECTION('',(-0.707106781186956,0.707106781186139,0.));
#2639=DIRECTION('center_axis',(0.,0.,1.));
#2640=DIRECTION('ref_axis',(1.,0.,0.));
#2641=DIRECTION('',(0.707106781186553,-0.707106781186542,0.));
#2642=DIRECTION('center_axis',(0.,0.,-1.));
#2643=DIRECTION('ref_axis',(0.707106781186541,0.707106781186554,0.));
#2644=DIRECTION('center_axis',(0.,0.,1.));
#2645=DIRECTION('ref_axis',(1.,0.,0.));
#2646=DIRECTION('center_axis',(0.,0.,-1.));
#2647=DIRECTION('ref_axis',(0.560166872247462,0.828379789249168,0.));
#2648=DIRECTION('',(0.707106781186139,0.707106781186956,0.));
#2649=DIRECTION('center_axis',(0.,0.,1.));
#2650=DIRECTION('ref_axis',(-1.,0.,0.));
#2651=DIRECTION('',(-0.707106781186542,-0.707106781186553,0.));
#2652=DIRECTION('center_axis',(0.,0.,-1.));
#2653=DIRECTION('ref_axis',(0.707106781186552,-0.707106781186543,0.));
#2654=DIRECTION('center_axis',(0.,0.,1.));
#2655=DIRECTION('ref_axis',(-1.,0.,0.));
#2656=DIRECTION('center_axis',(0.,0.,-1.));
#2657=DIRECTION('ref_axis',(0.828379789249168,-0.560166872247461,0.));
#2658=DIRECTION('',(0.707106781186956,-0.707106781186139,0.));
#2659=DIRECTION('center_axis',(0.,0.,1.));
#2660=DIRECTION('ref_axis',(-1.,0.,0.));
#2661=DIRECTION('',(-0.707106781186553,0.707106781186542,0.));
#2662=DIRECTION('center_axis',(0.,0.,-1.));
#2663=DIRECTION('ref_axis',(-0.707106781186543,-0.707106781186552,0.));
#2664=DIRECTION('center_axis',(0.,0.,1.));
#2665=DIRECTION('ref_axis',(-1.,0.,0.));
#2666=DIRECTION('',(-1.03258329495637E-15,1.,0.));
#2667=DIRECTION('center_axis',(0.,0.,-1.));
#2668=DIRECTION('ref_axis',(0.707106781186548,0.707106781186548,0.));
#2669=DIRECTION('',(1.,0.,0.));
#2670=DIRECTION('center_axis',(0.,0.,-1.));
#2671=DIRECTION('ref_axis',(-0.707106781186548,0.707106781186548,0.));
#2672=DIRECTION('',(0.,1.,0.));
#2673=DIRECTION('center_axis',(0.,0.,-1.));
#2674=DIRECTION('ref_axis',(-0.707106781186548,-0.707106781186548,0.));
#2675=DIRECTION('',(-1.,1.50538715203411E-16,0.));
#2676=DIRECTION('center_axis',(0.,0.,-1.));
#2677=DIRECTION('ref_axis',(0.707106781186546,-0.707106781186549,0.));
#2678=DIRECTION('',(0.,-1.,0.));
#2679=DIRECTION('center_axis',(0.,0.,-1.));
#2680=DIRECTION('ref_axis',(0.707106781186548,0.707106781186548,0.));
#2681=DIRECTION('',(1.,0.,0.));
#2682=DIRECTION('center_axis',(1.,6.88388849003634E-16,0.));
#2683=DIRECTION('ref_axis',(6.88388849003634E-16,-1.,0.));
#2684=DIRECTION('',(-6.88388849003634E-16,1.,0.));
#2685=DIRECTION('',(0.,0.,-1.));
#2686=DIRECTION('',(6.88388849003634E-16,-1.,0.));
#2687=DIRECTION('',(0.,0.,-1.));
#2688=DIRECTION('center_axis',(0.,0.,1.));
#2689=DIRECTION('ref_axis',(0.48162097209697,-0.876379620504933,0.));
#2690=DIRECTION('center_axis',(0.,0.,1.));
#2691=DIRECTION('ref_axis',(0.48162097209697,-0.876379620504933,0.));
#2692=DIRECTION('center_axis',(0.,0.,-1.));
#2693=DIRECTION('ref_axis',(0.48162097209697,-0.876379620504933,0.));
#2694=DIRECTION('',(0.,0.,1.));
#2695=DIRECTION('center_axis',(0.,0.,-1.));
#2696=DIRECTION('ref_axis',(0.707106781186548,0.707106781186548,0.));
#2697=DIRECTION('center_axis',(0.,0.,1.));
#2698=DIRECTION('ref_axis',(0.707106781186548,0.707106781186548,0.));
#2699=DIRECTION('',(0.,0.,1.));
#2700=DIRECTION('',(0.,0.,-1.));
#2701=DIRECTION('center_axis',(0.,1.,0.));
#2702=DIRECTION('ref_axis',(-1.,0.,0.));
#2703=DIRECTION('',(1.,0.,0.));
#2704=DIRECTION('',(0.,0.,-1.));
#2705=DIRECTION('center_axis',(0.,0.,1.));
#2706=DIRECTION('ref_axis',(1.,0.,0.));
#2707=DIRECTION('',(1.,0.,0.));
#2708=DIRECTION('center_axis',(0.,0.,1.));
#2709=DIRECTION('ref_axis',(0.707106781186548,0.707106781186548,0.));
#2710=DIRECTION('',(0.,-1.,0.));
#2711=DIRECTION('center_axis',(0.,0.,1.));
#2712=DIRECTION('ref_axis',(0.707106781186546,-0.707106781186549,0.));
#2713=DIRECTION('',(-1.,1.50538715203411E-16,0.));
#2714=DIRECTION('center_axis',(0.,0.,1.));
#2715=DIRECTION('ref_axis',(-0.707106781186548,-0.707106781186548,0.));
#2716=DIRECTION('',(0.,1.,0.));
#2717=DIRECTION('center_axis',(0.,0.,1.));
#2718=DIRECTION('ref_axis',(-0.707106781186548,0.707106781186548,0.));
#2719=DIRECTION('',(1.03258329495637E-15,-1.,0.));
#2720=DIRECTION('center_axis',(0.,0.,-1.));
#2721=DIRECTION('ref_axis',(-0.481620976504934,-0.876379618082503,0.));
#2722=DIRECTION('center_axis',(0.,0.,-1.));
#2723=DIRECTION('ref_axis',(0.674157307269206,0.738587791027941,0.));
#2724=DIRECTION('center_axis',(0.,0.,-1.));
#2725=DIRECTION('ref_axis',(-0.481620976504934,-0.876379618082503,0.));
#2726=DIRECTION('center_axis',(0.,0.,1.));
#2727=DIRECTION('ref_axis',(-0.481620976504934,-0.876379618082503,0.));
#2728=DIRECTION('',(0.,0.,-1.));
#2729=DIRECTION('',(0.,0.,1.));
#2730=DIRECTION('center_axis',(0.,0.,1.));
#2731=DIRECTION('ref_axis',(1.,0.,0.));
#2732=DIRECTION('center_axis',(0.,0.,1.));
#2733=DIRECTION('ref_axis',(1.,0.,0.));
#2734=DIRECTION('',(0.,0.,1.));
#2735=DIRECTION('center_axis',(0.,0.,1.));
#2736=DIRECTION('ref_axis',(-1.,0.,0.));
#2737=DIRECTION('',(0.,0.,1.));
#2738=DIRECTION('center_axis',(0.,0.,1.));
#2739=DIRECTION('ref_axis',(0.674157307269206,0.738587791027941,0.));
#2740=DIRECTION('',(0.,0.,1.));
#2741=DIRECTION('center_axis',(0.,0.,1.));
#2742=DIRECTION('ref_axis',(1.,0.,0.));
#2743=DIRECTION('',(0.,0.,1.));
#2744=DIRECTION('center_axis',(0.,0.,1.));
#2745=DIRECTION('ref_axis',(1.,0.,0.));
#2746=DIRECTION('center_axis',(0.,0.,1.));
#2747=DIRECTION('ref_axis',(1.,0.,0.));
#2748=DIRECTION('center_axis',(0.,0.,1.));
#2749=DIRECTION('ref_axis',(1.,0.,0.));
#2750=DIRECTION('',(0.707106781186546,8.65956056235492E-17,-0.707106781186549));
#2751=DIRECTION('center_axis',(0.,0.,-1.));
#2752=DIRECTION('ref_axis',(1.,0.,0.));
#2753=DIRECTION('center_axis',(0.,0.,1.));
#2754=DIRECTION('ref_axis',(1.,0.,0.));
#2755=DIRECTION('center_axis',(0.,0.,1.));
#2756=DIRECTION('ref_axis',(1.,0.,0.));
#2757=DIRECTION('',(1.,5.13679205315474E-13,0.));
#2758=DIRECTION('center_axis',(0.,0.,1.));
#2759=DIRECTION('ref_axis',(0.96423172361512,-0.265060716014679,0.));
#2760=DIRECTION('center_axis',(0.,0.,1.));
#2761=DIRECTION('ref_axis',(1.,0.,0.));
#2762=DIRECTION('center_axis',(0.,0.,1.));
#2763=DIRECTION('ref_axis',(-1.,6.96627940518131E-12,0.));
#2764=DIRECTION('',(-6.96533662109595E-12,-1.,0.));
#2765=DIRECTION('center_axis',(0.,0.,1.));
#2766=DIRECTION('ref_axis',(1.,0.,0.));
#2767=DIRECTION('',(7.18784627758212E-13,-1.,0.));
#2768=DIRECTION('center_axis',(0.,0.,1.));
#2769=DIRECTION('ref_axis',(-0.265060716014482,-0.964231723615174,0.));
#2770=DIRECTION('center_axis',(0.,0.,1.));
#2771=DIRECTION('ref_axis',(1.,0.,0.));
#2772=DIRECTION('center_axis',(0.,0.,1.));
#2773=DIRECTION('ref_axis',(6.93371286312564E-12,1.,0.));
#2774=DIRECTION('',(-1.,6.93237328228215E-12,0.));
#2775=DIRECTION('center_axis',(0.,0.,1.));
#2776=DIRECTION('ref_axis',(1.,0.,0.));
#2777=DIRECTION('',(-1.,-3.18661184973037E-12,0.));
#2778=DIRECTION('center_axis',(0.,0.,1.));
#2779=DIRECTION('ref_axis',(-0.964231723615113,0.265060716014705,0.));
#2780=DIRECTION('',(-1.03258329495637E-15,1.,0.));
#2781=DIRECTION('center_axis',(0.,0.,-1.));
#2782=DIRECTION('ref_axis',(1.,0.,0.));
#2783=DIRECTION('center_axis',(0.,0.,1.));
#2784=DIRECTION('ref_axis',(-0.707106781186543,-0.707106781186552,0.));
#2785=DIRECTION('',(0.707106781186553,-0.707106781186542,0.));
#2786=DIRECTION('center_axis',(0.,0.,-1.));
#2787=DIRECTION('ref_axis',(1.,0.,0.));
#2788=DIRECTION('',(-0.707106781186956,0.707106781186139,0.));
#2789=DIRECTION('center_axis',(0.,0.,1.));
#2790=DIRECTION('ref_axis',(0.828379789249168,-0.560166872247461,0.));
#2791=DIRECTION('center_axis',(0.,0.,-1.));
#2792=DIRECTION('ref_axis',(1.,0.,0.));
#2793=DIRECTION('center_axis',(0.,0.,1.));
#2794=DIRECTION('ref_axis',(0.707106781186552,-0.707106781186543,0.));
#2795=DIRECTION('',(0.707106781186542,0.707106781186553,0.));
#2796=DIRECTION('center_axis',(0.,0.,-1.));
#2797=DIRECTION('ref_axis',(1.,0.,0.));
#2798=DIRECTION('',(-0.707106781186139,-0.707106781186956,0.));
#2799=DIRECTION('center_axis',(0.,0.,1.));
#2800=DIRECTION('ref_axis',(0.560166872247462,0.828379789249168,0.));
#2801=DIRECTION('center_axis',(0.,0.,-1.));
#2802=DIRECTION('ref_axis',(1.,0.,0.));
#2803=DIRECTION('center_axis',(0.,0.,1.));
#2804=DIRECTION('ref_axis',(0.707106781186541,0.707106781186554,0.));
#2805=DIRECTION('',(-0.707106781186553,0.707106781186542,0.));
#2806=DIRECTION('center_axis',(0.,0.,-1.));
#2807=DIRECTION('ref_axis',(1.,0.,0.));
#2808=DIRECTION('',(0.707106781186956,-0.707106781186139,0.));
#2809=DIRECTION('center_axis',(0.,0.,1.));
#2810=DIRECTION('ref_axis',(-0.828379789249168,0.560166872247462,0.));
#2811=DIRECTION('center_axis',(0.,0.,-1.));
#2812=DIRECTION('ref_axis',(1.,0.,0.));
#2813=DIRECTION('center_axis',(0.,0.,1.));
#2814=DIRECTION('ref_axis',(-0.707106781186551,0.707106781186544,0.));
#2815=DIRECTION('',(-0.707106781186542,-0.707106781186553,0.));
#2816=DIRECTION('center_axis',(0.,0.,-1.));
#2817=DIRECTION('ref_axis',(1.,0.,0.));
#2818=DIRECTION('',(0.707106781186139,0.707106781186956,0.));
#2819=DIRECTION('center_axis',(0.,0.,1.));
#2820=DIRECTION('ref_axis',(-0.560166872247462,-0.828379789249168,0.));
#2821=DIRECTION('center_axis',(0.,0.,-1.));
#2822=DIRECTION('ref_axis',(1.,0.,0.));
#2823=DIRECTION('center_axis',(0.,0.,1.));
#2824=DIRECTION('ref_axis',(-7.04325486822199E-12,-1.,0.));
#2825=DIRECTION('',(1.,-7.04362455078001E-12,0.));
#2826=DIRECTION('center_axis',(0.,0.,1.));
#2827=DIRECTION('ref_axis',(1.,0.,0.));
#2828=DIRECTION('center_axis',(0.,0.,1.));
#2829=DIRECTION('ref_axis',(1.,0.,0.));
#2830=DIRECTION('center_axis',(0.,0.,1.));
#2831=DIRECTION('ref_axis',(1.,0.,0.));
#2832=DIRECTION('center_axis',(0.,0.,-1.));
#2833=DIRECTION('ref_axis',(1.,0.,0.));
#2834=DIRECTION('center_axis',(0.,0.,1.));
#2835=DIRECTION('ref_axis',(1.,0.,0.));
#2836=DIRECTION('center_axis',(0.,0.,1.));
#2837=DIRECTION('ref_axis',(1.,0.,0.));
#2838=DIRECTION('center_axis',(0.,0.,-1.));
#2839=DIRECTION('ref_axis',(1.,0.,0.));
#2840=DIRECTION('center_axis',(0.,0.,-1.));
#2841=DIRECTION('ref_axis',(1.,0.,0.));
#2842=DIRECTION('',(0.,0.,1.));
#2843=DIRECTION('center_axis',(0.,0.,1.));
#2844=DIRECTION('ref_axis',(1.,0.,0.));
#2845=DIRECTION('',(0.707106781186546,8.65956056235492E-17,-0.707106781186549));
#2846=DIRECTION('center_axis',(0.,0.,-1.));
#2847=DIRECTION('ref_axis',(1.,0.,0.));
#2848=DIRECTION('center_axis',(0.,0.,-1.));
#2849=DIRECTION('ref_axis',(1.,0.,0.));
#2850=DIRECTION('center_axis',(0.,0.,-1.));
#2851=DIRECTION('ref_axis',(1.,0.,0.));
#2852=DIRECTION('',(0.,0.,1.));
#2853=DIRECTION('center_axis',(0.,0.,1.));
#2854=DIRECTION('ref_axis',(1.,0.,0.));
#2855=DIRECTION('center_axis',(0.,0.,1.));
#2856=DIRECTION('ref_axis',(1.,0.,0.));
#2857=DIRECTION('',(0.707106781186548,8.65956056235493E-17,-0.707106781186547));
#2858=DIRECTION('center_axis',(0.,0.,-1.));
#2859=DIRECTION('ref_axis',(1.,0.,0.));
#2860=DIRECTION('center_axis',(0.,0.,1.));
#2861=DIRECTION('ref_axis',(1.,0.,0.));
#2862=DIRECTION('center_axis',(0.,0.,1.));
#2863=DIRECTION('ref_axis',(1.,-6.94259464732264E-12,0.));
#2864=DIRECTION('',(6.9432084538372E-12,1.,0.));
#2865=DIRECTION('center_axis',(0.,0.,1.));
#2866=DIRECTION('ref_axis',(1.,0.,0.));
#2867=DIRECTION('',(-1.74736390400072E-12,1.,0.));
#2868=DIRECTION('center_axis',(0.,0.,1.));
#2869=DIRECTION('ref_axis',(0.2650607160147,0.964231723615114,0.));
#2870=DIRECTION('center_axis',(0.,0.,-1.));
#2871=DIRECTION('ref_axis',(1.,0.,0.));
#2872=DIRECTION('center_axis',(0.,0.,-1.));
#2873=DIRECTION('ref_axis',(1.,0.,0.));
#2874=DIRECTION('',(0.,0.,1.));
#2875=DIRECTION('center_axis',(0.,0.,1.));
#2876=DIRECTION('ref_axis',(1.,0.,0.));
#2877=DIRECTION('',(0.707106781186548,8.65956056235494E-17,-0.707106781186547));
#2878=DIRECTION('center_axis',(0.,0.,-1.));
#2879=DIRECTION('ref_axis',(1.,0.,0.));
#2880=DIRECTION('center_axis',(0.,0.,-1.));
#2881=DIRECTION('ref_axis',(1.,0.,0.));
#2882=DIRECTION('center_axis',(0.,0.,-1.));
#2883=DIRECTION('ref_axis',(1.,0.,0.));
#2884=DIRECTION('',(0.,0.,1.));
#2885=DIRECTION('center_axis',(0.,0.,1.));
#2886=DIRECTION('ref_axis',(1.,0.,0.));
#2887=DIRECTION('',(0.707106781186546,8.65956056235492E-17,-0.707106781186549));
#2888=DIRECTION('center_axis',(0.,0.,-1.));
#2889=DIRECTION('ref_axis',(1.,0.,0.));
#2890=DIRECTION('center_axis',(0.,0.,-1.));
#2891=DIRECTION('ref_axis',(1.,0.,0.));
#2892=DIRECTION('center_axis',(0.,0.,-1.));
#2893=DIRECTION('ref_axis',(1.,0.,0.));
#2894=DIRECTION('',(0.,0.,1.));
#2895=DIRECTION('center_axis',(0.,0.,1.));
#2896=DIRECTION('ref_axis',(1.,0.,0.));
#2897=DIRECTION('',(0.707106781186548,8.65956056235493E-17,-0.707106781186547));
#2898=DIRECTION('center_axis',(0.,0.,-1.));
#2899=DIRECTION('ref_axis',(1.,0.,0.));
#2900=DIRECTION('center_axis',(0.,0.,-1.));
#2901=DIRECTION('ref_axis',(1.,0.,0.));
#2902=DIRECTION('center_axis',(0.,0.,-1.));
#2903=DIRECTION('ref_axis',(1.,0.,0.));
#2904=DIRECTION('',(0.,0.,1.));
#2905=DIRECTION('center_axis',(0.,0.,1.));
#2906=DIRECTION('ref_axis',(1.,0.,0.));
#2907=DIRECTION('',(0.707106781186546,8.65956056235492E-17,-0.707106781186549));
#2908=DIRECTION('center_axis',(0.,0.,-1.));
#2909=DIRECTION('ref_axis',(1.,0.,0.));
#2910=DIRECTION('center_axis',(0.,0.,-1.));
#2911=DIRECTION('ref_axis',(1.,0.,0.));
#2912=DIRECTION('center_axis',(0.,0.,-1.));
#2913=DIRECTION('ref_axis',(1.,0.,0.));
#2914=DIRECTION('',(0.,0.,1.));
#2915=DIRECTION('center_axis',(0.,0.,-1.));
#2916=DIRECTION('ref_axis',(1.,0.,0.));
#2917=DIRECTION('',(0.681814975082662,0.187425557897079,-0.707106781186546));
#2918=DIRECTION('',(-0.187426229720155,-0.68181479040344,0.707106781186548));
#2919=DIRECTION('center_axis',(0.,0.,-1.));
#2920=DIRECTION('ref_axis',(1.,0.,0.));
#2921=DIRECTION('center_axis',(0.,0.,-1.));
#2922=DIRECTION('ref_axis',(-7.04325486822199E-12,-1.,0.));
#2923=DIRECTION('',(-4.98033327894492E-12,-0.707106781186549,-0.707106781186546));
#2924=DIRECTION('center_axis',(0.,0.,1.));
#2925=DIRECTION('ref_axis',(-7.04325486822199E-12,-1.,0.));
#2926=DIRECTION('center_axis',(0.,0.,-1.));
#2927=DIRECTION('ref_axis',(-7.04325486822199E-12,-1.,0.));
#2928=DIRECTION('center_axis',(-4.9805946839886E-12,-0.707106781186548,
0.707106781186547));
#2929=DIRECTION('ref_axis',(1.,0.,7.04362455078001E-12));
#2930=DIRECTION('',(-4.98033327894493E-12,-0.707106781186547,-0.707106781186548));
#2931=DIRECTION('',(1.,-7.04362455078001E-12,0.));
#2932=DIRECTION('',(-1.,7.04362455078001E-12,0.));
#2933=DIRECTION('center_axis',(0.,0.,1.));
#2934=DIRECTION('ref_axis',(-1.,0.,0.));
#2935=DIRECTION('',(-9.70317139466572E-13,0.707106781186548,-0.707106781186547));
#2936=DIRECTION('center_axis',(0.,0.,-1.));
#2937=DIRECTION('ref_axis',(-1.,0.,0.));
#2938=DIRECTION('center_axis',(0.,0.,1.));
#2939=DIRECTION('ref_axis',(-1.,0.,0.));
#2940=DIRECTION('center_axis',(-3.63226049433088E-13,0.707106781186548,
0.707106781186547));
#2941=DIRECTION('ref_axis',(1.,0.,5.13679205315474E-13));
#2942=DIRECTION('',(-3.64261450414636E-13,0.707106781186547,-0.707106781186548));
#2943=DIRECTION('',(-1.,-5.13679205315474E-13,0.));
#2944=DIRECTION('',(1.,5.13679205315474E-13,0.));
#2945=DIRECTION('center_axis',(0.,0.,-1.));
#2946=DIRECTION('ref_axis',(0.96423172361512,-0.265060716014679,0.));
#2947=DIRECTION('',(0.681814790403445,-0.187426229720142,-0.707106781186547));
#2948=DIRECTION('center_axis',(0.,0.,1.));
#2949=DIRECTION('ref_axis',(0.96423172361512,-0.265060716014679,0.));
#2950=DIRECTION('center_axis',(0.,0.,-1.));
#2951=DIRECTION('ref_axis',(0.96423172361512,-0.265060716014679,0.));
#2952=DIRECTION('center_axis',(0.,0.,-1.));
#2953=DIRECTION('ref_axis',(1.,0.,0.));
#2954=DIRECTION('',(0.18742555789709,-0.681814975082657,-0.707106781186547));
#2955=DIRECTION('center_axis',(0.,0.,1.));
#2956=DIRECTION('ref_axis',(1.,0.,0.));
#2957=DIRECTION('center_axis',(0.,0.,-1.));
#2958=DIRECTION('ref_axis',(1.,0.,0.));
#2959=DIRECTION('center_axis',(0.,0.,-1.));
#2960=DIRECTION('ref_axis',(-1.,6.96627940518132E-12,0.));
#2961=DIRECTION('',(-0.707106781186548,4.92380995043232E-12,-0.707106781186547));
#2962=DIRECTION('center_axis',(0.,0.,1.));
#2963=DIRECTION('ref_axis',(-1.,6.96627940518131E-12,0.));
#2964=DIRECTION('center_axis',(0.,0.,-1.));
#2965=DIRECTION('ref_axis',(-1.,6.96627940518131E-12,0.));
#2966=DIRECTION('center_axis',(-0.707106781186548,4.92523675802394E-12,
0.707106781186547));
#2967=DIRECTION('ref_axis',(0.707106781186547,0.,0.707106781186548));
#2968=DIRECTION('',(-0.707106781197428,4.92695013527387E-12,-0.707106781175667));
#2969=DIRECTION('',(-6.96533662109595E-12,-1.,0.));
#2970=DIRECTION('',(6.96533662109595E-12,1.,0.));
#2971=DIRECTION('center_axis',(0.,0.,1.));
#2972=DIRECTION('ref_axis',(1.,0.,0.));
#2973=DIRECTION('',(0.707106781186548,0.,-0.707106781186547));
#2974=DIRECTION('center_axis',(0.,0.,-1.));
#2975=DIRECTION('ref_axis',(1.,0.,0.));
#2976=DIRECTION('center_axis',(0.,0.,1.));
#2977=DIRECTION('ref_axis',(1.,0.,0.));
#2978=DIRECTION('center_axis',(0.707106781186547,5.0825748450048E-13,0.707106781186548));
#2979=DIRECTION('ref_axis',(0.707106781186548,0.,-0.707106781186547));
#2980=DIRECTION('',(0.707106781186548,5.08709956613543E-13,-0.707106781186547));
#2981=DIRECTION('',(-7.18784627758212E-13,1.,0.));
#2982=DIRECTION('',(7.18784627758212E-13,-1.,0.));
#2983=DIRECTION('center_axis',(0.,0.,-1.));
#2984=DIRECTION('ref_axis',(-0.265060716014482,-0.964231723615175,0.));
#2985=DIRECTION('',(-0.187426229720002,-0.681814790403483,-0.707106781186547));
#2986=DIRECTION('center_axis',(0.,0.,1.));
#2987=DIRECTION('ref_axis',(-0.265060716014482,-0.964231723615174,0.));
#2988=DIRECTION('center_axis',(0.,0.,-1.));
#2989=DIRECTION('ref_axis',(-0.265060716014482,-0.964231723615174,0.));
#2990=DIRECTION('center_axis',(0.,0.,-1.));
#2991=DIRECTION('ref_axis',(-1.,0.,0.));
#2992=DIRECTION('',(-0.68181497508266,-0.187425557897072,-0.70710678118655));
#2993=DIRECTION('center_axis',(0.,0.,1.));
#2994=DIRECTION('ref_axis',(-1.,0.,0.));
#2995=DIRECTION('center_axis',(0.,0.,-1.));
#2996=DIRECTION('ref_axis',(-1.,0.,0.));
#2997=DIRECTION('center_axis',(0.,0.,-1.));
#2998=DIRECTION('ref_axis',(6.93371286312564E-12,1.,0.));
#2999=DIRECTION('',(4.90496884092811E-12,0.707106781186548,-0.707106781186547));
#3000=DIRECTION('center_axis',(0.,0.,1.));
#3001=DIRECTION('ref_axis',(6.93371286312564E-12,1.,0.));
#3002=DIRECTION('center_axis',(0.,0.,-1.));
#3003=DIRECTION('ref_axis',(6.93371286312564E-12,1.,0.));
#3004=DIRECTION('center_axis',(4.90192815761815E-12,0.707106781186547,0.707106781186548));
#3005=DIRECTION('ref_axis',(1.,0.,-6.93237328228215E-12));
#3006=DIRECTION('',(4.90182865601074E-12,0.707106781186548,-0.707106781186547));
#3007=DIRECTION('',(-1.,6.93237328228215E-12,0.));
#3008=DIRECTION('',(1.,-6.93237328228215E-12,0.));
#3009=DIRECTION('center_axis',(0.,0.,1.));
#3010=DIRECTION('ref_axis',(1.,0.,0.));
#3011=DIRECTION('',(-3.14018491740166E-15,-0.707106781178868,-0.707106781194227));
#3012=DIRECTION('center_axis',(0.,0.,-1.));
#3013=DIRECTION('ref_axis',(1.,0.,0.));
#3014=DIRECTION('center_axis',(0.,0.,1.));
#3015=DIRECTION('ref_axis',(1.,0.,0.));
#3016=DIRECTION('center_axis',(2.25327484795375E-12,-0.707106781186547,
0.707106781186548));
#3017=DIRECTION('ref_axis',(1.,0.,-3.18661184973036E-12));
#3018=DIRECTION('',(2.25465277066989E-12,-0.70710678118655,-0.707106781186545));
#3019=DIRECTION('',(1.,3.18661184973037E-12,0.));
#3020=DIRECTION('',(-1.,-3.18661184973037E-12,0.));
#3021=DIRECTION('center_axis',(0.,0.,-1.));
#3022=DIRECTION('ref_axis',(-0.964231723615113,0.265060716014705,0.));
#3023=DIRECTION('',(-0.68181479040344,0.187426229720161,-0.707106781186547));
#3024=DIRECTION('center_axis',(0.,0.,1.));
#3025=DIRECTION('ref_axis',(-0.964231723615113,0.265060716014705,0.));
#3026=DIRECTION('center_axis',(0.,0.,-1.));
#3027=DIRECTION('ref_axis',(-0.964231723615113,0.265060716014705,0.));
#3028=DIRECTION('center_axis',(0.,0.,-1.));
#3029=DIRECTION('ref_axis',(-1.,0.,0.));
#3030=DIRECTION('',(-0.187425557897079,0.681814975082662,-0.707106781186546));
#3031=DIRECTION('center_axis',(0.,0.,-1.));
#3032=DIRECTION('ref_axis',(-1.,0.,0.));
#3033=DIRECTION('center_axis',(0.,0.,-1.));
#3034=DIRECTION('ref_axis',(1.,-6.94259464732264E-12,0.));
#3035=DIRECTION('',(0.707106781186551,-4.91124921076282E-12,-0.707106781186544));
#3036=DIRECTION('center_axis',(0.,0.,1.));
#3037=DIRECTION('ref_axis',(1.,-6.94259464732264E-12,0.));
#3038=DIRECTION('center_axis',(0.,0.,-1.));
#3039=DIRECTION('ref_axis',(1.,-6.94259464732264E-12,0.));
#3040=DIRECTION('center_axis',(0.707106781186548,-4.90958978090005E-12,
0.707106781186547));
#3041=DIRECTION('ref_axis',(0.707106781186547,0.,-0.707106781186548));
#3042=DIRECTION('',(0.707106781197143,-4.90810902577194E-12,-0.707106781175952));
#3043=DIRECTION('',(6.9432084538372E-12,1.,0.));
#3044=DIRECTION('',(-6.9432084538372E-12,-1.,0.));
#3045=DIRECTION('center_axis',(0.,0.,1.));
#3046=DIRECTION('ref_axis',(1.,0.,0.));
#3047=DIRECTION('',(-0.707106781180717,-4.58466997939442E-13,-0.707106781192377));
#3048=DIRECTION('center_axis',(0.,0.,-1.));
#3049=DIRECTION('ref_axis',(1.,0.,0.));
#3050=DIRECTION('center_axis',(0.,0.,1.));
#3051=DIRECTION('ref_axis',(1.,0.,0.));
#3052=DIRECTION('center_axis',(-0.707106781186548,-1.23557286571951E-12,
0.707106781186547));
#3053=DIRECTION('ref_axis',(0.707106781186547,0.,0.707106781186548));
#3054=DIRECTION('',(-0.707106781186549,-1.23095248760808E-12,-0.707106781186546));
#3055=DIRECTION('',(1.74736390400072E-12,-1.,0.));
#3056=DIRECTION('',(-1.74736390400072E-12,1.,0.));
#3057=DIRECTION('center_axis',(0.,0.,-1.));
#3058=DIRECTION('ref_axis',(0.2650607160147,0.964231723615115,0.));
#3059=DIRECTION('center_axis',(0.,0.,1.));
#3060=DIRECTION('ref_axis',(0.2650607160147,0.964231723615114,0.));
#3061=DIRECTION('center_axis',(0.,0.,-1.));
#3062=DIRECTION('ref_axis',(0.2650607160147,0.964231723615115,0.));
#3063=DIRECTION('center_axis',(0.,0.,1.));
#3064=DIRECTION('ref_axis',(6.93371286312564E-12,1.,0.));
#3065=DIRECTION('',(0.,0.,1.));
#3066=DIRECTION('',(0.,0.,1.));
#3067=DIRECTION('center_axis',(6.93237328228215E-12,1.,0.));
#3068=DIRECTION('ref_axis',(-1.,6.93237328228215E-12,0.));
#3069=DIRECTION('',(0.,0.,1.));
#3070=DIRECTION('center_axis',(0.,0.,1.));
#3071=DIRECTION('ref_axis',(1.,0.,0.));
#3072=DIRECTION('',(0.,0.,1.));
#3073=DIRECTION('center_axis',(3.18661184973037E-12,-1.,0.));
#3074=DIRECTION('ref_axis',(1.,3.18661184973037E-12,0.));
#3075=DIRECTION('',(0.,0.,1.));
#3076=DIRECTION('center_axis',(0.,0.,1.));
#3077=DIRECTION('ref_axis',(-0.964231723615113,0.265060716014705,0.));
#3078=DIRECTION('center_axis',(0.,0.,1.));
#3079=DIRECTION('ref_axis',(1.,-6.94259464732264E-12,0.));
#3080=DIRECTION('',(0.,0.,1.));
#3081=DIRECTION('center_axis',(1.,-6.9432084538372E-12,0.));
#3082=DIRECTION('ref_axis',(6.9432084538372E-12,1.,0.));
#3083=DIRECTION('',(0.,0.,1.));
#3084=DIRECTION('center_axis',(0.,0.,1.));
#3085=DIRECTION('ref_axis',(1.,0.,0.));
#3086=DIRECTION('',(0.,0.,1.));
#3087=DIRECTION('center_axis',(-1.,-1.74736390400072E-12,0.));
#3088=DIRECTION('ref_axis',(1.74736390400072E-12,-1.,0.));
#3089=DIRECTION('',(0.,0.,1.));
#3090=DIRECTION('center_axis',(0.,0.,1.));
#3091=DIRECTION('ref_axis',(0.2650607160147,0.964231723615114,0.));
#3092=DIRECTION('center_axis',(0.,0.,1.));
#3093=DIRECTION('ref_axis',(1.,0.,0.));
#3094=DIRECTION('center_axis',(0.,0.,1.));
#3095=DIRECTION('ref_axis',(-1.,0.,0.));
#3096=DIRECTION('',(0.396097793962199,-0.585752966375999,-0.707106781186546));
#3097=DIRECTION('center_axis',(0.,0.,-1.));
#3098=DIRECTION('ref_axis',(-1.,0.,0.));
#3099=DIRECTION('center_axis',(0.,0.,-1.));
#3100=DIRECTION('ref_axis',(-0.707106781186543,-0.707106781186552,0.));
#3101=DIRECTION('',(-0.499999999999995,-0.500000000000005,-0.707106781186547));
#3102=DIRECTION('center_axis',(0.,0.,1.));
#3103=DIRECTION('ref_axis',(-0.707106781186543,-0.707106781186552,0.));
#3104=DIRECTION('center_axis',(-0.499999999999996,-0.500000000000004,0.707106781186548));
#3105=DIRECTION('ref_axis',(0.816496580927728,0.,0.577350269189623));
#3106=DIRECTION('',(-0.499999999999995,-0.500000000000005,-0.707106781186547));
#3107=DIRECTION('',(0.707106781186553,-0.707106781186542,0.));
#3108=DIRECTION('center_axis',(0.,0.,1.));
#3109=DIRECTION('ref_axis',(-1.,0.,0.));
#3110=DIRECTION('',(0.499999999999999,0.499999999999999,-0.707106781186548));
#3111=DIRECTION('center_axis',(0.,0.,-1.));
#3112=DIRECTION('ref_axis',(-1.,0.,0.));
#3113=DIRECTION('center_axis',(0.499999999999712,0.500000000000289,0.707106781186547));
#3114=DIRECTION('ref_axis',(0.816496580927883,0.,-0.577350269189404));
#3115=DIRECTION('',(0.499999999999705,0.500000000000292,-0.707106781186549));
#3116=DIRECTION('',(-0.707106781186956,0.707106781186139,0.));
#3117=DIRECTION('center_axis',(0.,0.,-1.));
#3118=DIRECTION('ref_axis',(0.828379789249168,-0.560166872247461,0.));
#3119=DIRECTION('',(0.58575296637597,-0.396097793962238,-0.707106781186548));
#3120=DIRECTION('center_axis',(0.,0.,1.));
#3121=DIRECTION('ref_axis',(0.828379789249168,-0.560166872247461,0.));
#3122=DIRECTION('center_axis',(0.,0.,1.));
#3123=DIRECTION('ref_axis',(-1.,0.,0.));
#3124=DIRECTION('',(0.585752966375996,0.396097793962198,-0.707106781186549));
#3125=DIRECTION('center_axis',(0.,0.,-1.));
#3126=DIRECTION('ref_axis',(-1.,0.,0.));
#3127=DIRECTION('center_axis',(0.,0.,-1.));
#3128=DIRECTION('ref_axis',(0.707106781186552,-0.707106781186543,0.));
#3129=DIRECTION('',(0.500000000000005,-0.499999999999995,-0.707106781186547));
#3130=DIRECTION('center_axis',(0.,0.,1.));
#3131=DIRECTION('ref_axis',(0.707106781186552,-0.707106781186543,0.));
#3132=DIRECTION('center_axis',(0.500000000000004,-0.499999999999996,0.707106781186548));
#3133=DIRECTION('ref_axis',(0.816496580927724,0.,-0.577350269189629));
#3134=DIRECTION('',(0.500000000000005,-0.499999999999995,-0.707106781186547));
#3135=DIRECTION('',(0.707106781186542,0.707106781186553,0.));
#3136=DIRECTION('center_axis',(0.,0.,1.));
#3137=DIRECTION('ref_axis',(-1.,0.,0.));
#3138=DIRECTION('',(-0.499999999999999,0.499999999999999,-0.707106781186548));
#3139=DIRECTION('center_axis',(0.,0.,-1.));
#3140=DIRECTION('ref_axis',(-1.,0.,0.));
#3141=DIRECTION('center_axis',(-0.500000000000289,0.499999999999712,0.707106781186547));
#3142=DIRECTION('ref_axis',(0.816496580927568,0.,0.577350269189849));
#3143=DIRECTION('',(-0.500000000000288,0.499999999999711,-0.707106781186548));
#3144=DIRECTION('',(-0.707106781186139,-0.707106781186956,0.));
#3145=DIRECTION('center_axis',(0.,0.,-1.));
#3146=DIRECTION('ref_axis',(0.560166872247462,0.828379789249168,0.));
#3147=DIRECTION('',(0.396097793962239,0.585752966375973,-0.707106781186545));
#3148=DIRECTION('center_axis',(0.,0.,1.));
#3149=DIRECTION('ref_axis',(0.560166872247462,0.828379789249168,0.));
#3150=DIRECTION('center_axis',(0.,0.,1.));
#3151=DIRECTION('ref_axis',(1.,0.,0.));
#3152=DIRECTION('',(-0.396097793962204,0.585752966375997,-0.707106781186544));
#3153=DIRECTION('center_axis',(0.,0.,-1.));
#3154=DIRECTION('ref_axis',(1.,0.,0.));
#3155=DIRECTION('center_axis',(0.,0.,-1.));
#3156=DIRECTION('ref_axis',(0.707106781186541,0.707106781186554,0.));
#3157=DIRECTION('',(0.499999999999995,0.500000000000005,-0.707106781186547));
#3158=DIRECTION('center_axis',(0.,0.,1.));
#3159=DIRECTION('ref_axis',(0.707106781186541,0.707106781186554,0.));
#3160=DIRECTION('center_axis',(0.499999999999995,0.500000000000003,0.707106781186548));
#3161=DIRECTION('ref_axis',(0.816496580927729,0.,-0.577350269189622));
#3162=DIRECTION('',(0.499999999999995,0.500000000000005,-0.707106781186547));
#3163=DIRECTION('',(-0.707106781186553,0.707106781186542,0.));
#3164=DIRECTION('center_axis',(0.,0.,1.));
#3165=DIRECTION('ref_axis',(1.,0.,0.));
#3166=DIRECTION('',(-0.500000000000003,-0.5,-0.707106781186545));
#3167=DIRECTION('center_axis',(0.,0.,-1.));
#3168=DIRECTION('ref_axis',(1.,0.,0.));
#3169=DIRECTION('center_axis',(-0.499999999999712,-0.50000000000029,0.707106781186546));
#3170=DIRECTION('ref_axis',(0.816496580927882,0.,0.577350269189405));
#3171=DIRECTION('',(-0.499999999999711,-0.500000000000286,-0.707106781186549));
#3172=DIRECTION('',(0.707106781186956,-0.707106781186139,0.));
#3173=DIRECTION('center_axis',(0.,0.,-1.));
#3174=DIRECTION('ref_axis',(-0.828379789249168,0.560166872247462,0.));
#3175=DIRECTION('',(-0.58575296637597,0.396097793962238,-0.707106781186548));
#3176=DIRECTION('center_axis',(0.,0.,1.));
#3177=DIRECTION('ref_axis',(-0.828379789249168,0.560166872247462,0.));
#3178=DIRECTION('center_axis',(0.,0.,1.));
#3179=DIRECTION('ref_axis',(1.,0.,0.));
#3180=DIRECTION('',(-0.585752966375994,-0.396097793962203,-0.707106781186547));
#3181=DIRECTION('center_axis',(0.,0.,-1.));
#3182=DIRECTION('ref_axis',(1.,0.,0.));
#3183=DIRECTION('center_axis',(0.,0.,-1.));
#3184=DIRECTION('ref_axis',(-0.707106781186551,0.707106781186544,0.));
#3185=DIRECTION('',(-0.500000000000005,0.499999999999995,-0.707106781186547));
#3186=DIRECTION('center_axis',(0.,0.,1.));
#3187=DIRECTION('ref_axis',(-0.707106781186551,0.707106781186544,0.));
#3188=DIRECTION('center_axis',(-0.500000000000003,0.499999999999995,0.707106781186548));
#3189=DIRECTION('ref_axis',(0.816496580927724,0.,0.577350269189628));
#3190=DIRECTION('',(-0.500000000000005,0.499999999999995,-0.707106781186547));
#3191=DIRECTION('',(-0.707106781186542,-0.707106781186553,0.));
#3192=DIRECTION('center_axis',(0.,0.,1.));
#3193=DIRECTION('ref_axis',(1.,0.,0.));
#3194=DIRECTION('',(0.5,-0.500000000000003,-0.707106781186545));
#3195=DIRECTION('center_axis',(0.,0.,-1.));
#3196=DIRECTION('ref_axis',(1.,0.,0.));
#3197=DIRECTION('center_axis',(0.50000000000029,-0.499999999999712,0.707106781186546));
#3198=DIRECTION('ref_axis',(0.816496580927568,0.,-0.577350269189849));
#3199=DIRECTION('',(0.500000000000286,-0.499999999999711,-0.707106781186549));
#3200=DIRECTION('',(0.707106781186139,0.707106781186956,0.));
#3201=DIRECTION('center_axis',(0.,0.,-1.));
#3202=DIRECTION('ref_axis',(-0.560166872247462,-0.828379789249168,0.));
#3203=DIRECTION('',(-0.396097793962238,-0.58575296637597,-0.707106781186548));
#3204=DIRECTION('center_axis',(0.,0.,1.));
#3205=DIRECTION('ref_axis',(-0.560166872247462,-0.828379789249168,0.));
#3206=DIRECTION('center_axis',(0.,0.,1.));
#3207=DIRECTION('ref_axis',(1.,0.,0.));
#3208=DIRECTION('center_axis',(0.,0.,-1.));
#3209=DIRECTION('ref_axis',(1.,0.,0.));
#3210=DIRECTION('center_axis',(0.,0.,1.));
#3211=DIRECTION('ref_axis',(1.,0.,0.));
#3212=DIRECTION('',(0.,0.,1.));
#3213=DIRECTION('',(0.,0.,1.));
#3214=DIRECTION('center_axis',(0.,0.,1.));
#3215=DIRECTION('ref_axis',(-0.707106781186543,-0.707106781186552,0.));
#3216=DIRECTION('',(0.,0.,1.));
#3217=DIRECTION('center_axis',(-0.707106781186542,-0.707106781186553,0.));
#3218=DIRECTION('ref_axis',(0.707106781186553,-0.707106781186542,0.));
#3219=DIRECTION('',(0.,0.,1.));
#3220=DIRECTION('center_axis',(0.,0.,1.));
#3221=DIRECTION('ref_axis',(-0.707106781186547,0.707106781186548,0.));
#3222=DIRECTION('',(0.,0.,1.));
#3223=DIRECTION('center_axis',(0.707106781186139,0.707106781186956,0.));
#3224=DIRECTION('ref_axis',(-0.707106781186956,0.707106781186139,0.));
#3225=DIRECTION('',(0.,0.,1.));
#3226=DIRECTION('center_axis',(0.,0.,1.));
#3227=DIRECTION('ref_axis',(0.828379789249168,-0.560166872247461,0.));
#3228=DIRECTION('',(0.,0.,1.));
#3229=DIRECTION('center_axis',(0.,0.,1.));
#3230=DIRECTION('ref_axis',(-1.,3.16527985792692E-14,0.));
#3231=DIRECTION('',(0.,0.,1.));
#3232=DIRECTION('center_axis',(0.,0.,1.));
#3233=DIRECTION('ref_axis',(0.707106781186552,-0.707106781186543,0.));
#3234=DIRECTION('',(0.,0.,1.));
#3235=DIRECTION('center_axis',(0.707106781186553,-0.707106781186542,0.));
#3236=DIRECTION('ref_axis',(0.707106781186542,0.707106781186553,0.));
#3237=DIRECTION('',(0.,0.,1.));
#3238=DIRECTION('center_axis',(0.,0.,1.));
#3239=DIRECTION('ref_axis',(-0.707106781186548,-0.707106781186547,0.));
#3240=DIRECTION('',(0.,0.,1.));
#3241=DIRECTION('center_axis',(-0.707106781186956,0.707106781186139,0.));
#3242=DIRECTION('ref_axis',(-0.707106781186139,-0.707106781186956,0.));
#3243=DIRECTION('',(0.,0.,1.));
#3244=DIRECTION('center_axis',(0.,0.,1.));
#3245=DIRECTION('ref_axis',(0.560166872247462,0.828379789249168,0.));
#3246=DIRECTION('',(0.,0.,1.));
#3247=DIRECTION('center_axis',(0.,0.,1.));
#3248=DIRECTION('ref_axis',(1.,0.,0.));
#3249=DIRECTION('',(0.,0.,1.));
#3250=DIRECTION('center_axis',(0.,0.,1.));
#3251=DIRECTION('ref_axis',(0.707106781186541,0.707106781186554,0.));
#3252=DIRECTION('',(0.,0.,1.));
#3253=DIRECTION('center_axis',(0.707106781186542,0.707106781186553,0.));
#3254=DIRECTION('ref_axis',(-0.707106781186553,0.707106781186542,0.));
#3255=DIRECTION('',(0.,0.,1.));
#3256=DIRECTION('center_axis',(0.,0.,1.));
#3257=DIRECTION('ref_axis',(1.,0.,0.));
#3258=DIRECTION('',(0.,0.,1.));
#3259=DIRECTION('center_axis',(-0.707106781186139,-0.707106781186956,0.));
#3260=DIRECTION('ref_axis',(0.707106781186956,-0.707106781186139,0.));
#3261=DIRECTION('',(0.,0.,1.));
#3262=DIRECTION('center_axis',(0.,0.,1.));
#3263=DIRECTION('ref_axis',(-0.828379789249168,0.560166872247462,0.));
#3264=DIRECTION('',(0.,0.,1.));
#3265=DIRECTION('center_axis',(0.,0.,1.));
#3266=DIRECTION('ref_axis',(1.,0.,0.));
#3267=DIRECTION('',(0.,0.,1.));
#3268=DIRECTION('center_axis',(0.,0.,1.));
#3269=DIRECTION('ref_axis',(-0.707106781186551,0.707106781186544,0.));
#3270=DIRECTION('',(0.,0.,1.));
#3271=DIRECTION('center_axis',(-0.707106781186553,0.707106781186542,0.));
#3272=DIRECTION('ref_axis',(-0.707106781186542,-0.707106781186553,0.));
#3273=DIRECTION('',(0.,0.,1.));
#3274=DIRECTION('center_axis',(0.,0.,1.));
#3275=DIRECTION('ref_axis',(1.,0.,0.));
#3276=DIRECTION('',(0.,0.,1.));
#3277=DIRECTION('center_axis',(0.707106781186956,-0.707106781186139,0.));
#3278=DIRECTION('ref_axis',(0.707106781186139,0.707106781186956,0.));
#3279=DIRECTION('',(0.,0.,1.));
#3280=DIRECTION('center_axis',(0.,0.,1.));
#3281=DIRECTION('ref_axis',(-0.560166872247462,-0.828379789249168,0.));
#3282=DIRECTION('',(0.,0.,1.));
#3283=DIRECTION('center_axis',(0.,0.,1.));
#3284=DIRECTION('ref_axis',(1.,0.,0.));
#3285=DIRECTION('center_axis',(0.,0.,1.));
#3286=DIRECTION('ref_axis',(0.707106781186548,0.707106781186548,0.));
#3287=DIRECTION('',(0.,0.,-1.));
#3288=DIRECTION('',(0.,0.,1.));
#3289=DIRECTION('center_axis',(0.,1.,0.));
#3290=DIRECTION('ref_axis',(-1.,0.,0.));
#3291=DIRECTION('center_axis',(0.,0.,-1.));
#3292=DIRECTION('ref_axis',(-0.707106781186548,0.707106781186548,0.));
#3293=DIRECTION('',(0.,0.,1.));
#3294=DIRECTION('center_axis',(-1.,0.,0.));
#3295=DIRECTION('ref_axis',(0.,-1.,0.));
#3296=DIRECTION('',(0.,0.,-1.));
#3297=DIRECTION('center_axis',(0.,0.,1.));
#3298=DIRECTION('ref_axis',(-0.707106781186548,-0.707106781186548,0.));
#3299=DIRECTION('',(0.,0.,1.));
#3300=DIRECTION('center_axis',(-1.50538715203411E-16,-1.,0.));
#3301=DIRECTION('ref_axis',(1.,-1.50538715203411E-16,0.));
#3302=DIRECTION('',(0.,0.,-1.));
#3303=DIRECTION('center_axis',(0.,0.,1.));
#3304=DIRECTION('ref_axis',(0.707106781186546,-0.707106781186549,0.));
#3305=DIRECTION('',(0.,0.,1.));
#3306=DIRECTION('center_axis',(1.,0.,0.));
#3307=DIRECTION('ref_axis',(0.,1.,0.));
#3308=DIRECTION('center_axis',(-1.,-1.03258329495637E-15,0.));
#3309=DIRECTION('ref_axis',(-1.03258329495637E-15,1.,0.));
#3310=DIRECTION('center_axis',(0.,0.,1.));
#3311=DIRECTION('ref_axis',(1.,0.,0.));
#3312=DIRECTION('center_axis',(0.,0.,1.));
#3313=DIRECTION('ref_axis',(1.,0.,0.));
#3314=DIRECTION('center_axis',(0.,0.,1.));
#3315=DIRECTION('ref_axis',(1.,0.,0.));
#3316=DIRECTION('center_axis',(0.,0.,1.));
#3317=DIRECTION('ref_axis',(1.,0.,0.));
#3318=DIRECTION('center_axis',(0.,0.,1.));
#3319=DIRECTION('ref_axis',(1.,0.,0.));
#3320=DIRECTION('center_axis',(0.,0.,1.));
#3321=DIRECTION('ref_axis',(1.,0.,0.));
#3322=DIRECTION('center_axis',(0.,0.,1.));
#3323=DIRECTION('ref_axis',(1.,0.,0.));
#3324=DIRECTION('center_axis',(0.,0.,-1.));
#3325=DIRECTION('ref_axis',(1.,0.,0.));
#3326=DIRECTION('center_axis',(0.,0.,1.));
#3327=DIRECTION('ref_axis',(1.,0.,0.));
#3328=DIRECTION('center_axis',(0.,0.,-1.));
#3329=DIRECTION('ref_axis',(1.,0.,0.));
#3330=DIRECTION('',(0.,0.,1.));
#3331=DIRECTION('center_axis',(0.,0.,1.));
#3332=DIRECTION('ref_axis',(1.,0.,0.));
#3333=DIRECTION('',(0.,0.,1.));
#3334=DIRECTION('',(0.,0.,1.));
#3335=DIRECTION('center_axis',(1.,7.18784627758212E-13,0.));
#3336=DIRECTION('ref_axis',(-7.18784627758212E-13,1.,0.));
#3337=DIRECTION('',(0.,0.,1.));
#3338=DIRECTION('center_axis',(0.,0.,1.));
#3339=DIRECTION('ref_axis',(-0.265060716014482,-0.964231723615174,0.));
#3340=DIRECTION('',(0.,0.,1.));
#3341=DIRECTION('center_axis',(0.,0.,1.));
#3342=DIRECTION('ref_axis',(1.,0.,0.));
#3343=DIRECTION('center_axis',(0.,0.,1.));
#3344=DIRECTION('ref_axis',(-7.04325486822199E-12,-1.,0.));
#3345=DIRECTION('',(0.,0.,1.));
#3346=DIRECTION('center_axis',(-7.04362455078001E-12,-1.,0.));
#3347=DIRECTION('ref_axis',(1.,-7.04362455078001E-12,0.));
#3348=DIRECTION('',(0.,0.,1.));
#3349=DIRECTION('center_axis',(0.,0.,1.));
#3350=DIRECTION('ref_axis',(-1.,-6.85551275328582E-13,0.));
#3351=DIRECTION('',(0.,0.,1.));
#3352=DIRECTION('center_axis',(-5.13679205315474E-13,1.,0.));
#3353=DIRECTION('ref_axis',(-1.,-5.13679205315474E-13,0.));
#3354=DIRECTION('',(0.,0.,1.));
#3355=DIRECTION('center_axis',(0.,0.,1.));
#3356=DIRECTION('ref_axis',(0.96423172361512,-0.265060716014679,0.));
#3357=DIRECTION('',(0.,0.,1.));
#3358=DIRECTION('center_axis',(0.,0.,1.));
#3359=DIRECTION('ref_axis',(1.,0.,0.));
#3360=DIRECTION('',(0.,0.,1.));
#3361=DIRECTION('center_axis',(0.,0.,1.));
#3362=DIRECTION('ref_axis',(-1.,6.96627940518131E-12,0.));
#3363=DIRECTION('',(0.,0.,1.));
#3364=DIRECTION('center_axis',(-1.,6.96533662109595E-12,0.));
#3365=DIRECTION('ref_axis',(-6.96533662109595E-12,-1.,0.));
#3366=CARTESIAN_POINT('',(0.,0.,0.));
#3367=CARTESIAN_POINT('Origin',(17.000000102964,27.5,0.));
#3368=CARTESIAN_POINT('',(15.000000102964,27.5,1.8));
#3369=CARTESIAN_POINT('',(17.000000102964,29.5,1.8));
#3370=CARTESIAN_POINT('Origin',(17.000000102964,27.5,1.8));
#3371=CARTESIAN_POINT('',(17.000000102964,29.5,-10.));
#3372=CARTESIAN_POINT('',(17.000000102964,29.5,0.));
#3373=CARTESIAN_POINT('',(15.000000102964,27.5,-10.));
#3374=CARTESIAN_POINT('Origin',(17.000000102964,27.5,-10.));
#3375=CARTESIAN_POINT('',(15.000000102964,27.5,0.));
#3376=CARTESIAN_POINT('Origin',(0.,0.,1.8));
#3377=CARTESIAN_POINT('',(15.000000102964,23.6431807697501,1.8));
#3378=CARTESIAN_POINT('',(15.000000102964,14.75,1.8));
#3379=CARTESIAN_POINT('',(15.6846724229289,23.1946340989767,1.8));
#3380=CARTESIAN_POINT('Origin',(0.,0.,1.8));
#3381=CARTESIAN_POINT('',(16.9519460763633,23.3159071070397,1.8));
#3382=CARTESIAN_POINT('Origin',(16.2448392951764,24.0230138882259,1.8));
#3383=CARTESIAN_POINT('',(19.0918830920368,25.4558441227157,1.8));
#3384=CARTESIAN_POINT('',(6.88498278051744,13.2489438111822,1.8));
#3385=CARTESIAN_POINT('',(25.4558441227157,19.0918830920368,1.8));
#3386=CARTESIAN_POINT('Origin',(22.2738636073763,22.2738636073762,1.8));
#3387=CARTESIAN_POINT('',(23.3159071070404,16.9519460763614,1.8));
#3388=CARTESIAN_POINT('',(14.3189123190277,7.95495128834857,1.8));
#3389=CARTESIAN_POINT('',(23.1946340989777,15.6846724229274,1.8));
#3390=CARTESIAN_POINT('Origin',(24.0230138882269,16.2448392951748,1.8));
#3391=CARTESIAN_POINT('',(23.1946340989767,-15.6846724229289,1.8));
#3392=CARTESIAN_POINT('Origin',(0.,0.,1.8));
#3393=CARTESIAN_POINT('',(23.3159071070397,-16.9519460763633,1.8));
#3394=CARTESIAN_POINT('Origin',(24.0230138882259,-16.2448392951764,1.8));
#3395=CARTESIAN_POINT('',(25.4558441227157,-19.0918830920368,1.8));
#3396=CARTESIAN_POINT('',(13.2489438111822,-6.88498278051744,1.8));
#3397=CARTESIAN_POINT('',(19.0918830920368,-25.4558441227157,1.8));
#3398=CARTESIAN_POINT('Origin',(22.2738636073762,-22.2738636073763,1.8));
#3399=CARTESIAN_POINT('',(16.9519460763614,-23.3159071070404,1.8));
#3400=CARTESIAN_POINT('',(7.95495128834857,-14.3189123190277,1.8));
#3401=CARTESIAN_POINT('',(15.6846724229274,-23.1946340989777,1.8));
#3402=CARTESIAN_POINT('Origin',(16.2448392951748,-24.0230138882269,1.8));
#3403=CARTESIAN_POINT('',(-15.6846724229289,-23.1946340989767,1.8));
#3404=CARTESIAN_POINT('Origin',(0.,0.,1.8));
#3405=CARTESIAN_POINT('',(-16.9519460763633,-23.3159071070397,1.8));
#3406=CARTESIAN_POINT('Origin',(-16.2448392951764,-24.0230138882259,1.8));
#3407=CARTESIAN_POINT('',(-19.0918830920368,-25.4558441227157,1.8));
#3408=CARTESIAN_POINT('',(-6.88498278051744,-13.2489438111823,1.8));
#3409=CARTESIAN_POINT('',(-25.4558441227157,-19.0918830920368,1.8));
#3410=CARTESIAN_POINT('Origin',(-22.2738636073763,-22.2738636073762,1.8));
#3411=CARTESIAN_POINT('',(-23.3159071070404,-16.9519460763614,1.8));
#3412=CARTESIAN_POINT('',(-14.3189123190277,-7.95495128834858,1.8));
#3413=CARTESIAN_POINT('',(-23.1946340989777,-15.6846724229274,1.8));
#3414=CARTESIAN_POINT('Origin',(-24.0230138882269,-16.2448392951748,1.8));
#3415=CARTESIAN_POINT('',(-23.1946340989767,15.6846724229289,1.8));
#3416=CARTESIAN_POINT('Origin',(0.,0.,1.8));
#3417=CARTESIAN_POINT('',(-23.3159071070397,16.9519460763633,1.8));
#3418=CARTESIAN_POINT('Origin',(-24.0230138882259,16.2448392951764,1.8));
#3419=CARTESIAN_POINT('',(-25.4558441227157,19.0918830920368,1.8));
#3420=CARTESIAN_POINT('',(-13.2489438111823,6.88498278051744,1.8));
#3421=CARTESIAN_POINT('',(-19.0918830920368,25.4558441227157,1.8));
#3422=CARTESIAN_POINT('Origin',(-22.2738636073762,22.2738636073763,1.8));
#3423=CARTESIAN_POINT('',(-16.9519460763614,23.3159071070404,1.8));
#3424=CARTESIAN_POINT('',(-7.95495128834858,14.3189123190277,1.8));
#3425=CARTESIAN_POINT('',(-15.6846724229274,23.1946340989777,1.8));
#3426=CARTESIAN_POINT('Origin',(-16.2448392951748,24.0230138882269,1.8));
#3427=CARTESIAN_POINT('',(-14.999999897036,23.6431809003975,1.8));
#3428=CARTESIAN_POINT('Origin',(0.,0.,1.8));
#3429=CARTESIAN_POINT('',(-14.999999897036,27.5,1.8));
#3430=CARTESIAN_POINT('',(-14.999999897036,11.5244306051201,1.8));
#3431=CARTESIAN_POINT('',(-16.999999897036,29.5,1.8));
#3432=CARTESIAN_POINT('Origin',(-16.999999897036,27.5,1.8));
#3433=CARTESIAN_POINT('',(-27.5,29.5,1.8));
#3434=CARTESIAN_POINT('',(14.75,29.5,1.8));
#3435=CARTESIAN_POINT('',(-29.5,27.5,1.8));
#3436=CARTESIAN_POINT('Origin',(-27.5,27.5,1.8));
#3437=CARTESIAN_POINT('',(-29.5,-27.5,1.8));
#3438=CARTESIAN_POINT('',(-29.5,14.75,1.8));
#3439=CARTESIAN_POINT('',(-27.5,-29.5,1.8));
#3440=CARTESIAN_POINT('Origin',(-27.5,-27.5,1.8));
#3441=CARTESIAN_POINT('',(27.5,-29.5,1.8));
#3442=CARTESIAN_POINT('',(-14.75,-29.5,1.8));
#3443=CARTESIAN_POINT('',(29.5,-27.5,1.8));
#3444=CARTESIAN_POINT('Origin',(27.5,-27.5,1.8));
#3445=CARTESIAN_POINT('',(29.5,27.5,1.8));
#3446=CARTESIAN_POINT('',(29.5,-14.75,1.8));
#3447=CARTESIAN_POINT('',(27.5,29.5,1.8));
#3448=CARTESIAN_POINT('Origin',(27.5,27.5,1.8));
#3449=CARTESIAN_POINT('',(14.75,29.5,1.8));
#3450=CARTESIAN_POINT('Origin',(15.000000102964,29.5,0.));
#3451=CARTESIAN_POINT('',(15.000000102964,20.4710160305476,-10.));
#3452=CARTESIAN_POINT('',(15.000000102964,14.75,-10.));
#3453=CARTESIAN_POINT('',(15.000000102964,20.4710160305476,0.));
#3454=CARTESIAN_POINT('',(15.000000102964,20.4710160305476,0.));
#3455=CARTESIAN_POINT('',(15.000000102964,23.0488610762241,0.));
#3456=CARTESIAN_POINT('',(15.000000102964,14.75,0.));
#3457=CARTESIAN_POINT('',(15.000000102964,23.0488610762241,1.3));
#3458=CARTESIAN_POINT('',(15.000000102964,23.0488610762241,0.));
#3459=CARTESIAN_POINT('Ctrl Pts',(15.000000102964,23.6431807697501,1.8));
#3460=CARTESIAN_POINT('Ctrl Pts',(15.000000102964,23.3433438072507,1.54681787479195));
#3461=CARTESIAN_POINT('Ctrl Pts',(15.000000102964,23.0488610762241,1.3));
#3462=CARTESIAN_POINT('Origin',(13.000000102964,20.4710160305476,0.));
#3463=CARTESIAN_POINT('',(11.9278351460185,18.7826848115333,0.));
#3464=CARTESIAN_POINT('Origin',(13.000000102964,20.4710160305476,0.));
#3465=CARTESIAN_POINT('',(11.9278351460185,18.7826848115333,-10.));
#3466=CARTESIAN_POINT('Origin',(13.000000102964,20.4710160305476,-10.));
#3467=CARTESIAN_POINT('',(11.9278351460185,18.7826848115333,0.));
#3468=CARTESIAN_POINT('Origin',(-16.999999897036,27.5,0.));
#3469=CARTESIAN_POINT('',(-14.999999897036,27.5,-10.));
#3470=CARTESIAN_POINT('',(-16.999999897036,29.5,-10.));
#3471=CARTESIAN_POINT('Origin',(-16.999999897036,27.5,-10.));
#3472=CARTESIAN_POINT('',(-16.999999897036,29.5,0.));
#3473=CARTESIAN_POINT('',(-14.999999897036,27.5,0.));
#3474=CARTESIAN_POINT('Origin',(29.5,29.5,0.));
#3475=CARTESIAN_POINT('',(-27.5,29.5,-10.));
#3476=CARTESIAN_POINT('',(-29.5,29.5,-10.));
#3477=CARTESIAN_POINT('',(-27.5,29.5,0.));
#3478=CARTESIAN_POINT('Origin',(0.,0.,-10.));
#3479=CARTESIAN_POINT('',(27.5,29.5,-10.));
#3480=CARTESIAN_POINT('',(-29.5,29.5,-10.));
#3481=CARTESIAN_POINT('',(29.5,27.5,-10.));
#3482=CARTESIAN_POINT('Origin',(27.5,27.5,-10.));
#3483=CARTESIAN_POINT('',(29.5,-27.5,-10.));
#3484=CARTESIAN_POINT('',(29.5,29.5,-10.));
#3485=CARTESIAN_POINT('',(27.5,-29.5,-10.));
#3486=CARTESIAN_POINT('Origin',(27.5,-27.5,-10.));
#3487=CARTESIAN_POINT('',(-27.5,-29.5,-10.));
#3488=CARTESIAN_POINT('',(29.5,-29.5,-10.));
#3489=CARTESIAN_POINT('',(-29.5,-27.5,-10.));
#3490=CARTESIAN_POINT('Origin',(-27.5,-27.5,-10.));
#3491=CARTESIAN_POINT('',(-29.5,27.5,-10.));
#3492=CARTESIAN_POINT('',(-29.5,-29.5,-10.));
#3493=CARTESIAN_POINT('Origin',(-27.5,27.5,-10.));
#3494=CARTESIAN_POINT('',(-14.999999897036,20.471016161321,-10.));
#3495=CARTESIAN_POINT('',(-14.999999897036,11.5244306051201,-10.));
#3496=CARTESIAN_POINT('',(-11.9278349570743,18.7826849315213,-10.));
#3497=CARTESIAN_POINT('Origin',(-12.999999897036,20.471016161321,-10.));
#3498=CARTESIAN_POINT('Origin',(0.,-2.22044604925031E-15,-10.));
#3499=CARTESIAN_POINT('Origin',(-12.999999897036,20.471016161321,0.));
#3500=CARTESIAN_POINT('',(-14.999999897036,20.471016161321,0.));
#3501=CARTESIAN_POINT('',(-11.9278349570743,18.7826849315213,0.));
#3502=CARTESIAN_POINT('Origin',(-12.999999897036,20.471016161321,0.));
#3503=CARTESIAN_POINT('',(-11.9278349570743,18.7826849315213,0.));
#3504=CARTESIAN_POINT('',(-14.999999897036,20.471016161321,0.));
#3505=CARTESIAN_POINT('Origin',(0.,0.,0.));
#3506=CARTESIAN_POINT('',(-21.4541558504363,5.8976009313272,0.));
#3507=CARTESIAN_POINT('Origin',(0.,0.,0.));
#3508=CARTESIAN_POINT('',(-21.4541558504363,5.8976009313272,1.3));
#3509=CARTESIAN_POINT('',(-21.4541558504363,5.8976009313272,0.));
#3510=CARTESIAN_POINT('',(-5.89757979157299,21.4541616615991,1.3));
#3511=CARTESIAN_POINT('Origin',(0.,0.,1.3));
#3512=CARTESIAN_POINT('',(-5.89757979157299,21.4541616615991,0.));
#3513=CARTESIAN_POINT('',(-5.89757979157299,21.4541616615991,0.));
#3514=CARTESIAN_POINT('',(5.8976009313271,21.4541558504363,0.));
#3515=CARTESIAN_POINT('Origin',(0.,-2.22044604925031E-15,0.));
#3516=CARTESIAN_POINT('',(5.8976009313271,21.4541558504363,1.3));
#3517=CARTESIAN_POINT('',(5.8976009313271,21.4541558504363,0.));
#3518=CARTESIAN_POINT('',(21.4541616615991,5.89757979157302,1.3));
#3519=CARTESIAN_POINT('Origin',(0.,0.,1.3));
#3520=CARTESIAN_POINT('',(21.4541616615991,5.89757979157302,0.));
#3521=CARTESIAN_POINT('',(21.4541616615991,5.89757979157302,0.));
#3522=CARTESIAN_POINT('Origin',(0.,0.,0.));
#3523=CARTESIAN_POINT('Origin',(-22.2738636073762,22.2738636073763,-0.25));
#3524=CARTESIAN_POINT('',(-24.4738636073762,22.2738636073763,0.));
#3525=CARTESIAN_POINT('Origin',(-22.2738636073762,22.2738636073763,0.));
#3526=CARTESIAN_POINT('',(-23.9738636073762,22.2738636073763,-0.5));
#3527=CARTESIAN_POINT('',(-24.2238636073762,22.2738636073763,-0.25));
#3528=CARTESIAN_POINT('Origin',(-22.2738636073762,22.2738636073763,-0.5));
#3529=CARTESIAN_POINT('Origin',(0.,0.,0.));
#3530=CARTESIAN_POINT('',(18.2500000000548,3.99999014271531,0.));
#3531=CARTESIAN_POINT('',(18.2500000000636,-4.00000985729988,0.));
#3532=CARTESIAN_POINT('Origin',(18.2500000000581,-9.85729988009873E-6,0.));
#3533=CARTESIAN_POINT('',(20.007808265013,-4.00000985730461,0.));
#3534=CARTESIAN_POINT('',(18.2500000000636,-4.00000985730551,0.));
#3535=CARTESIAN_POINT('',(21.4541558504364,-5.89760093132663,0.));
#3536=CARTESIAN_POINT('Origin',(20.0078082650137,-5.50000985730461,0.));
#3537=CARTESIAN_POINT('',(5.89757979157338,-21.454161661599,0.));
#3538=CARTESIAN_POINT('Origin',(0.,0.,0.));
#3539=CARTESIAN_POINT('',(3.99999014270326,-20.0078136844021,0.));
#3540=CARTESIAN_POINT('Origin',(5.49999014270326,-20.0078136844126,0.));
#3541=CARTESIAN_POINT('',(3.99999014270012,-18.2500000000636,0.));
#3542=CARTESIAN_POINT('',(3.99999014271551,-18.2500000000546,0.));
#3543=CARTESIAN_POINT('',(-4.00000985729988,-18.2500000000636,0.));
#3544=CARTESIAN_POINT('Origin',(-9.85729987940812E-6,-18.2500000000636,
0.));
#3545=CARTESIAN_POINT('',(-4.0000098573005,-20.0078082650138,0.));
#3546=CARTESIAN_POINT('',(-4.00000985730177,-18.250000000061,0.));
#3547=CARTESIAN_POINT('',(-5.89760093132222,-21.4541558504376,0.));
#3548=CARTESIAN_POINT('Origin',(-5.5000098573005,-20.0078082650149,0.));
#3549=CARTESIAN_POINT('',(-21.4541616615992,-5.8975797915728,0.));
#3550=CARTESIAN_POINT('Origin',(0.,0.,0.));
#3551=CARTESIAN_POINT('',(-20.0078136844023,-3.99999014270272,0.));
#3552=CARTESIAN_POINT('Origin',(-20.0078136844127,-5.49999014270272,0.));
#3553=CARTESIAN_POINT('',(-18.2500000000548,-3.9999901427149,0.));
#3554=CARTESIAN_POINT('',(-18.2500000000548,-3.9999901427149,0.));
#3555=CARTESIAN_POINT('',(-18.2500000000636,4.00000985731074,0.));
#3556=CARTESIAN_POINT('Origin',(-18.2500000000636,9.85729987786376E-6,0.));
#3557=CARTESIAN_POINT('',(-20.0078082650088,4.00000985730514,0.));
#3558=CARTESIAN_POINT('',(-18.2500000000636,4.00000985731074,0.));
#3559=CARTESIAN_POINT('Origin',(-20.0078082650136,5.50000985730514,0.));
#3560=CARTESIAN_POINT('',(-14.999999897036,23.0488612102403,0.));
#3561=CARTESIAN_POINT('',(-14.999999897036,11.5244306051201,0.));
#3562=CARTESIAN_POINT('',(-15.4045889868037,22.7804442043531,0.));
#3563=CARTESIAN_POINT('Origin',(0.,0.,0.));
#3564=CARTESIAN_POINT('',(-17.3054994669547,22.9623537164471,0.));
#3565=CARTESIAN_POINT('Origin',(-16.2448392951748,24.0230138882269,0.));
#3566=CARTESIAN_POINT('',(-19.4454364826301,25.1022907321224,0.));
#3567=CARTESIAN_POINT('',(-19.4454364826301,25.1022907321224,0.));
#3568=CARTESIAN_POINT('',(-25.1022907321224,19.4454364826301,0.));
#3569=CARTESIAN_POINT('Origin',(-22.2738636073762,22.2738636073763,0.));
#3570=CARTESIAN_POINT('',(-22.9623537164467,17.3054994669568,0.));
#3571=CARTESIAN_POINT('',(-25.1022907321224,19.4454364826301,0.));
#3572=CARTESIAN_POINT('',(-22.7804442043521,15.4045889868052,0.));
#3573=CARTESIAN_POINT('Origin',(-24.0230138882259,16.2448392951764,0.));
#3574=CARTESIAN_POINT('',(-22.7804442043531,-15.4045889868037,0.));
#3575=CARTESIAN_POINT('Origin',(0.,0.,0.));
#3576=CARTESIAN_POINT('',(-22.9623537164471,-17.3054994669547,0.));
#3577=CARTESIAN_POINT('Origin',(-24.0230138882269,-16.2448392951748,0.));
#3578=CARTESIAN_POINT('',(-25.1022907321224,-19.4454364826301,0.));
#3579=CARTESIAN_POINT('',(-25.1022907321224,-19.4454364826301,0.));
#3580=CARTESIAN_POINT('',(-19.4454364826301,-25.1022907321224,0.));
#3581=CARTESIAN_POINT('Origin',(-22.2738636073763,-22.2738636073762,0.));
#3582=CARTESIAN_POINT('',(-17.3054994669568,-22.9623537164467,0.));
#3583=CARTESIAN_POINT('',(-19.4454364826301,-25.1022907321224,0.));
#3584=CARTESIAN_POINT('',(-15.4045889868052,-22.7804442043521,0.));
#3585=CARTESIAN_POINT('Origin',(-16.2448392951764,-24.0230138882259,0.));
#3586=CARTESIAN_POINT('',(15.4045889868037,-22.7804442043531,0.));
#3587=CARTESIAN_POINT('Origin',(0.,0.,0.));
#3588=CARTESIAN_POINT('',(17.3054994669547,-22.9623537164471,0.));
#3589=CARTESIAN_POINT('Origin',(16.2448392951748,-24.0230138882269,0.));
#3590=CARTESIAN_POINT('',(19.44543648263,-25.1022907321224,0.));
#3591=CARTESIAN_POINT('',(19.44543648263,-25.1022907321224,0.));
#3592=CARTESIAN_POINT('',(25.1022907321224,-19.4454364826301,0.));
#3593=CARTESIAN_POINT('Origin',(22.2738636073762,-22.2738636073763,0.));
#3594=CARTESIAN_POINT('',(22.9623537164467,-17.3054994669568,0.));
#3595=CARTESIAN_POINT('',(25.1022907321224,-19.4454364826301,0.));
#3596=CARTESIAN_POINT('',(22.7804442043521,-15.4045889868052,0.));
#3597=CARTESIAN_POINT('Origin',(24.0230138882259,-16.2448392951764,0.));
#3598=CARTESIAN_POINT('',(22.7804442043531,15.4045889868037,0.));
#3599=CARTESIAN_POINT('Origin',(0.,0.,0.));
#3600=CARTESIAN_POINT('',(22.9623537164471,17.3054994669547,0.));
#3601=CARTESIAN_POINT('Origin',(24.0230138882269,16.2448392951748,0.));
#3602=CARTESIAN_POINT('',(25.1022907321224,19.44543648263,0.));
#3603=CARTESIAN_POINT('',(25.1022907321224,19.44543648263,0.));
#3604=CARTESIAN_POINT('',(19.4454364826301,25.1022907321224,0.));
#3605=CARTESIAN_POINT('Origin',(22.2738636073763,22.2738636073762,0.));
#3606=CARTESIAN_POINT('',(17.3054994669568,22.9623537164467,0.));
#3607=CARTESIAN_POINT('',(19.4454364826301,25.1022907321224,0.));
#3608=CARTESIAN_POINT('',(15.4045889868052,22.7804442043521,0.));
#3609=CARTESIAN_POINT('Origin',(16.2448392951764,24.0230138882259,0.));
#3610=CARTESIAN_POINT('Origin',(0.,0.,0.));
#3611=CARTESIAN_POINT('',(20.0078136844021,3.99999014270293,0.));
#3612=CARTESIAN_POINT('Origin',(20.0078136844127,5.49999014270293,0.));
#3613=CARTESIAN_POINT('',(18.2500000000548,3.99999014271531,0.));
#3614=CARTESIAN_POINT('',(20.0738636073763,22.2738636073762,0.));
#3615=CARTESIAN_POINT('Origin',(22.2738636073763,22.2738636073762,0.));
#3616=CARTESIAN_POINT('',(-24.4738636073763,-22.2738636073762,0.));
#3617=CARTESIAN_POINT('Origin',(-22.2738636073763,-22.2738636073762,0.));
#3618=CARTESIAN_POINT('',(20.0738636073762,-22.2738636073763,0.));
#3619=CARTESIAN_POINT('Origin',(22.2738636073762,-22.2738636073763,0.));
#3620=CARTESIAN_POINT('',(16.5500000000663,-9.85729988030319E-6,0.));
#3621=CARTESIAN_POINT('Origin',(18.2500000000663,-9.857299880095E-6,0.));
#3622=CARTESIAN_POINT('',(-2.20000985729988,-18.2500000000663,0.));
#3623=CARTESIAN_POINT('Origin',(-9.85729987888088E-6,-18.2500000000663,
0.));
#3624=CARTESIAN_POINT('',(-20.4500000000663,9.85729987740875E-6,0.));
#3625=CARTESIAN_POINT('Origin',(-18.2500000000663,9.85729987767817E-6,0.));
#3626=CARTESIAN_POINT('Origin',(-22.2738636073762,22.2738636073763,0.));
#3627=CARTESIAN_POINT('',(-23.9738636073762,22.2738636073763,-8.));
#3628=CARTESIAN_POINT('Origin',(-22.2738636073762,22.2738636073763,-8.));
#3629=CARTESIAN_POINT('',(-23.9738636073762,22.2738636073763,0.));
#3630=CARTESIAN_POINT('Origin',(22.2738636073763,22.2738636073762,-0.25));
#3631=CARTESIAN_POINT('',(20.5738636073763,22.2738636073762,-0.5));
#3632=CARTESIAN_POINT('',(20.3238636073763,22.2738636073762,-0.25));
#3633=CARTESIAN_POINT('Origin',(22.2738636073763,22.2738636073762,-0.5));
#3634=CARTESIAN_POINT('Origin',(22.2738636073763,22.2738636073762,0.));
#3635=CARTESIAN_POINT('',(20.5738636073763,22.2738636073762,-8.));
#3636=CARTESIAN_POINT('Origin',(22.2738636073763,22.2738636073762,-8.));
#3637=CARTESIAN_POINT('',(20.5738636073763,22.2738636073762,0.));
#3638=CARTESIAN_POINT('Origin',(9.85729987660899E-6,18.2500000000637,-0.25));
#3639=CARTESIAN_POINT('',(-2.19999014270012,18.2500000000637,0.));
#3640=CARTESIAN_POINT('Origin',(9.85729987660899E-6,18.2500000000637,0.));
#3641=CARTESIAN_POINT('',(-1.69999014270012,18.2500000000637,-0.5));
#3642=CARTESIAN_POINT('',(-1.94999014270012,18.2500000000637,-0.25));
#3643=CARTESIAN_POINT('Origin',(9.85729987660899E-6,18.2500000000637,-0.5));
#3644=CARTESIAN_POINT('Origin',(0.,0.,0.));
#3645=CARTESIAN_POINT('',(-3.9999901427029,20.0078136844023,0.));
#3646=CARTESIAN_POINT('Origin',(-5.4999901427029,20.0078136844127,0.));
#3647=CARTESIAN_POINT('',(-3.99999014270012,18.2500000000636,0.));
#3648=CARTESIAN_POINT('',(-3.99999014271511,18.250000000055,0.));
#3649=CARTESIAN_POINT('',(4.00000985730812,18.2500000000662,0.));
#3650=CARTESIAN_POINT('Origin',(9.85729987664493E-6,18.2500000000636,0.));
#3651=CARTESIAN_POINT('',(4.00000985730505,20.007808265011,0.));
#3652=CARTESIAN_POINT('',(4.00000985730812,18.2500000000662,0.));
#3653=CARTESIAN_POINT('Origin',(5.50000985730505,20.0078082650136,0.));
#3654=CARTESIAN_POINT('Origin',(9.85729987660899E-6,18.2500000000637,0.));
#3655=CARTESIAN_POINT('',(-1.69999014270012,18.2500000000637,-8.));
#3656=CARTESIAN_POINT('Origin',(9.85729987660899E-6,18.2500000000637,-8.));
#3657=CARTESIAN_POINT('',(-1.69999014270012,18.2500000000637,0.));
#3658=CARTESIAN_POINT('Origin',(-18.2500000000663,9.85729987767817E-6,-0.25));
#3659=CARTESIAN_POINT('',(-19.9500000000663,9.85729987788636E-6,-0.5));
#3660=CARTESIAN_POINT('',(-20.2000000000663,9.85729987743937E-6,-0.25));
#3661=CARTESIAN_POINT('Origin',(-18.2500000000663,9.85729987767817E-6,-0.5));
#3662=CARTESIAN_POINT('Origin',(-18.2500000000663,9.85729987767817E-6,0.));
#3663=CARTESIAN_POINT('',(-19.9500000000663,9.85729987746998E-6,-8.));
#3664=CARTESIAN_POINT('Origin',(-18.2500000000663,9.85729987767817E-6,-8.));
#3665=CARTESIAN_POINT('',(-19.9500000000663,9.85729987788636E-6,0.));
#3666=CARTESIAN_POINT('Origin',(-22.2738636073763,-22.2738636073762,-0.25));
#3667=CARTESIAN_POINT('',(-23.9738636073763,-22.2738636073762,-0.5));
#3668=CARTESIAN_POINT('',(-24.2238636073763,-22.2738636073762,-0.25));
#3669=CARTESIAN_POINT('Origin',(-22.2738636073763,-22.2738636073762,-0.5));
#3670=CARTESIAN_POINT('Origin',(-22.2738636073763,-22.2738636073762,0.));
#3671=CARTESIAN_POINT('',(-23.9738636073763,-22.2738636073762,-8.));
#3672=CARTESIAN_POINT('Origin',(-22.2738636073763,-22.2738636073762,-8.));
#3673=CARTESIAN_POINT('',(-23.9738636073763,-22.2738636073762,0.));
#3674=CARTESIAN_POINT('Origin',(-9.85729987888088E-6,-18.2500000000663,
-0.25));
#3675=CARTESIAN_POINT('',(-1.70000985729988,-18.2500000000663,-0.5));
#3676=CARTESIAN_POINT('',(-1.95000985729988,-18.2500000000663,-0.25));
#3677=CARTESIAN_POINT('Origin',(-9.85729987888088E-6,-18.2500000000663,
-0.5));
#3678=CARTESIAN_POINT('Origin',(-9.85729987888088E-6,-18.2500000000663,
0.));
#3679=CARTESIAN_POINT('',(-1.70000985729988,-18.2500000000663,-8.));
#3680=CARTESIAN_POINT('Origin',(-9.85729987888088E-6,-18.2500000000663,
-8.));
#3681=CARTESIAN_POINT('',(-1.70000985729988,-18.2500000000663,0.));
#3682=CARTESIAN_POINT('Origin',(22.2738636073762,-22.2738636073763,-0.25));
#3683=CARTESIAN_POINT('',(20.5738636073762,-22.2738636073763,-0.5));
#3684=CARTESIAN_POINT('',(20.3238636073762,-22.2738636073763,-0.25));
#3685=CARTESIAN_POINT('Origin',(22.2738636073762,-22.2738636073763,-0.5));
#3686=CARTESIAN_POINT('Origin',(22.2738636073762,-22.2738636073763,0.));
#3687=CARTESIAN_POINT('',(20.5738636073762,-22.2738636073763,-8.));
#3688=CARTESIAN_POINT('Origin',(22.2738636073762,-22.2738636073763,-8.));
#3689=CARTESIAN_POINT('',(20.5738636073762,-22.2738636073763,0.));
#3690=CARTESIAN_POINT('Origin',(0.,0.,1.55));
#3691=CARTESIAN_POINT('',(20.9720456692036,5.76504990861632,1.8));
#3692=CARTESIAN_POINT('',(20.9720456692036,5.76504990861632,1.8));
#3693=CARTESIAN_POINT('',(5.76507057331975,20.9720399886287,1.8));
#3694=CARTESIAN_POINT('',(5.8976009313271,21.4541558504363,1.3));
#3695=CARTESIAN_POINT('Origin',(0.,0.,1.8));
#3696=CARTESIAN_POINT('Origin',(20.0078136844127,5.49999014270293,1.55));
#3697=CARTESIAN_POINT('',(20.0078136844056,4.49999014270293,1.8));
#3698=CARTESIAN_POINT('',(20.0078136844021,3.99999014270293,1.3));
#3699=CARTESIAN_POINT('',(20.0078136844056,4.49999014270293,1.8));
#3700=CARTESIAN_POINT('Origin',(20.0078136844127,5.49999014270293,1.3));
#3701=CARTESIAN_POINT('Origin',(20.0078136844127,5.49999014270293,1.8));
#3702=CARTESIAN_POINT('Origin',(9.12500000004323,4.24999014277958,1.55));
#3703=CARTESIAN_POINT('',(18.2500000000583,4.49999014271531,1.8));
#3704=CARTESIAN_POINT('',(18.2500000000548,3.99999014271531,1.3));
#3705=CARTESIAN_POINT('',(18.2500000000583,4.49999014271531,1.8));
#3706=CARTESIAN_POINT('',(9.12500000004147,3.99999014277958,1.3));
#3707=CARTESIAN_POINT('',(9.125000000045,4.49999014277958,1.8));
#3708=CARTESIAN_POINT('Origin',(18.2500000000581,-9.85729988009873E-6,1.55));
#3709=CARTESIAN_POINT('',(18.2500000000643,-4.50000985729988,1.8));
#3710=CARTESIAN_POINT('',(18.2500000000636,-4.00000985729988,1.3));
#3711=CARTESIAN_POINT('',(18.2500000000643,-4.50000985729988,1.8));
#3712=CARTESIAN_POINT('Origin',(18.2500000000581,-9.85729988009873E-6,1.3));
#3713=CARTESIAN_POINT('Origin',(18.2500000000581,-9.85729988009873E-6,1.8));
#3714=CARTESIAN_POINT('Origin',(10.0039041325076,-4.25000985730974,1.55));
#3715=CARTESIAN_POINT('',(20.0078082650132,-4.50000985730461,1.8));
#3716=CARTESIAN_POINT('',(20.007808265013,-4.00000985730461,1.3));
#3717=CARTESIAN_POINT('',(20.0078082650132,-4.50000985730461,1.8));
#3718=CARTESIAN_POINT('',(10.0039041325075,-4.00000985730974,1.3));
#3719=CARTESIAN_POINT('',(10.0039041325078,-4.50000985730974,1.8));
#3720=CARTESIAN_POINT('Origin',(20.0078082650137,-5.50000985730461,1.55));
#3721=CARTESIAN_POINT('',(20.9720399886289,-5.76507057331929,1.8));
#3722=CARTESIAN_POINT('',(21.4541558504364,-5.89760093132663,1.3));
#3723=CARTESIAN_POINT('',(20.9720399886289,-5.76507057331929,1.8));
#3724=CARTESIAN_POINT('Origin',(20.0078082650137,-5.50000985730461,1.3));
#3725=CARTESIAN_POINT('Origin',(20.0078082650137,-5.50000985730461,1.8));
#3726=CARTESIAN_POINT('Origin',(0.,0.,1.55));
#3727=CARTESIAN_POINT('',(5.76504990861668,-20.9720456692035,1.8));
#3728=CARTESIAN_POINT('',(5.89757979157338,-21.454161661599,1.3));
#3729=CARTESIAN_POINT('',(5.76504990861668,-20.9720456692035,1.8));
#3730=CARTESIAN_POINT('Origin',(0.,0.,1.3));
#3731=CARTESIAN_POINT('Origin',(0.,0.,1.8));
#3732=CARTESIAN_POINT('Origin',(5.49999014270326,-20.0078136844126,1.55));
#3733=CARTESIAN_POINT('',(4.49999014270326,-20.0078136844056,1.8));
#3734=CARTESIAN_POINT('',(3.99999014270326,-20.0078136844021,1.3));
#3735=CARTESIAN_POINT('',(4.49999014270326,-20.0078136844056,1.8));
#3736=CARTESIAN_POINT('Origin',(5.49999014270326,-20.0078136844126,1.3));
#3737=CARTESIAN_POINT('Origin',(5.49999014270326,-20.0078136844126,1.8));
#3738=CARTESIAN_POINT('Origin',(4.24999014277907,-9.12500000004749,1.55));
#3739=CARTESIAN_POINT('',(4.49999014271551,-18.2500000000671,1.8));
#3740=CARTESIAN_POINT('',(3.99999014270012,-18.2500000000636,1.3));
#3741=CARTESIAN_POINT('',(4.49999014271551,-18.2500000000671,1.8));
#3742=CARTESIAN_POINT('',(3.99999014277907,-9.12500000004575,1.3));
#3743=CARTESIAN_POINT('',(4.49999014277907,-9.12500000004923,1.8));
#3744=CARTESIAN_POINT('Origin',(-9.85729987940812E-6,-18.2500000000636,
1.55));
#3745=CARTESIAN_POINT('',(-4.50000985729988,-18.2500000000636,1.8));
#3746=CARTESIAN_POINT('',(-4.00000985729988,-18.2500000000636,1.3));
#3747=CARTESIAN_POINT('',(-4.50000985729988,-18.2500000000636,1.8));
#3748=CARTESIAN_POINT('Origin',(-9.85729987940812E-6,-18.2500000000636,
1.3));
#3749=CARTESIAN_POINT('Origin',(-9.85729987940812E-6,-18.2500000000636,
1.8));
#3750=CARTESIAN_POINT('Origin',(-4.25000985730769,-10.0039041325085,1.55));
#3751=CARTESIAN_POINT('',(-4.5000098573005,-20.0078082650142,1.8));
#3752=CARTESIAN_POINT('',(-4.0000098573005,-20.0078082650138,1.3));
#3753=CARTESIAN_POINT('',(-4.5000098573005,-20.0078082650142,1.8));
#3754=CARTESIAN_POINT('',(-4.00000985730769,-10.0039041325083,1.3));
#3755=CARTESIAN_POINT('',(-4.50000985730769,-10.0039041325087,1.8));
#3756=CARTESIAN_POINT('Origin',(-5.5000098573005,-20.0078082650149,1.55));
#3757=CARTESIAN_POINT('',(-5.76507057331498,-20.97203998863,1.8));
#3758=CARTESIAN_POINT('',(-5.89760093132222,-21.4541558504376,1.3));
#3759=CARTESIAN_POINT('',(-5.76507057331498,-20.97203998863,1.8));
#3760=CARTESIAN_POINT('Origin',(-5.5000098573005,-20.0078082650149,1.3));
#3761=CARTESIAN_POINT('Origin',(-5.5000098573005,-20.0078082650149,1.8));
#3762=CARTESIAN_POINT('Origin',(0.,0.,1.55));
#3763=CARTESIAN_POINT('',(-20.9720456692037,-5.7650499086161,1.8));
#3764=CARTESIAN_POINT('',(-21.4541616615992,-5.8975797915728,1.3));
#3765=CARTESIAN_POINT('',(-20.9720456692037,-5.7650499086161,1.8));
#3766=CARTESIAN_POINT('Origin',(0.,0.,1.3));
#3767=CARTESIAN_POINT('Origin',(0.,0.,1.8));
#3768=CARTESIAN_POINT('Origin',(-20.0078136844127,-5.49999014270272,1.55));
#3769=CARTESIAN_POINT('',(-20.0078136844058,-4.49999014270272,1.8));
#3770=CARTESIAN_POINT('',(-20.0078136844023,-3.99999014270272,1.3));
#3771=CARTESIAN_POINT('',(-20.0078136844058,-4.49999014270272,1.8));
#3772=CARTESIAN_POINT('Origin',(-20.0078136844127,-5.49999014270272,1.3));
#3773=CARTESIAN_POINT('Origin',(-20.0078136844127,-5.49999014270272,1.8));
#3774=CARTESIAN_POINT('Origin',(-9.12500000004298,-4.24999014277816,1.55));
#3775=CARTESIAN_POINT('',(-18.2500000000582,-4.4999901427149,1.8));
#3776=CARTESIAN_POINT('',(-18.2500000000548,-3.9999901427149,1.3));
#3777=CARTESIAN_POINT('',(-18.2500000000582,-4.4999901427149,1.8));
#3778=CARTESIAN_POINT('',(-9.12500000004125,-3.99999014277816,1.3));
#3779=CARTESIAN_POINT('',(-9.12500000004472,-4.49999014277816,1.8));
#3780=CARTESIAN_POINT('Origin',(-18.2500000000636,9.85729987786376E-6,1.55));
#3781=CARTESIAN_POINT('',(-18.2500000000636,4.50000985729988,1.8));
#3782=CARTESIAN_POINT('',(-18.2500000000636,4.00000985731074,1.3));
#3783=CARTESIAN_POINT('',(-18.2500000000636,4.50000985729988,1.8));
#3784=CARTESIAN_POINT('Origin',(-18.2500000000636,9.85729987786376E-6,1.3));
#3785=CARTESIAN_POINT('Origin',(-18.2500000000636,9.85729987786376E-6,1.8));
#3786=CARTESIAN_POINT('Origin',(-10.0039041325116,4.25000985733702,1.55));
#3787=CARTESIAN_POINT('',(-20.0078082650104,4.50000985730514,1.8));
#3788=CARTESIAN_POINT('',(-20.0078082650088,4.00000985730514,1.3));
#3789=CARTESIAN_POINT('',(-20.0078082650104,4.50000985730514,1.8));
#3790=CARTESIAN_POINT('',(-10.0039041325108,4.00000985733702,1.3));
#3791=CARTESIAN_POINT('',(-10.0039041325124,4.50000985733702,1.8));
#3792=CARTESIAN_POINT('Origin',(-20.0078082650136,5.50000985730514,1.55));
#3793=CARTESIAN_POINT('',(-20.9720399886287,5.76507057331984,1.8));
#3794=CARTESIAN_POINT('',(-20.9720399886287,5.76507057331984,1.8));
#3795=CARTESIAN_POINT('Origin',(-20.0078082650136,5.50000985730514,1.3));
#3796=CARTESIAN_POINT('Origin',(-20.0078082650136,5.50000985730514,1.8));
#3797=CARTESIAN_POINT('Origin',(0.,0.,1.55));
#3798=CARTESIAN_POINT('',(-5.76504990861629,20.9720456692036,1.8));
#3799=CARTESIAN_POINT('',(-5.76504990861629,20.9720456692036,1.8));
#3800=CARTESIAN_POINT('Origin',(0.,0.,1.8));
#3801=CARTESIAN_POINT('Origin',(-5.4999901427029,20.0078136844127,1.55));
#3802=CARTESIAN_POINT('',(-4.49999014270291,20.0078136844057,1.8));
#3803=CARTESIAN_POINT('',(-3.9999901427029,20.0078136844023,1.3));
#3804=CARTESIAN_POINT('',(-4.49999014270291,20.0078136844057,1.8));
#3805=CARTESIAN_POINT('Origin',(-5.4999901427029,20.0078136844127,1.3));
#3806=CARTESIAN_POINT('Origin',(-5.4999901427029,20.0078136844127,1.8));
#3807=CARTESIAN_POINT('Origin',(-4.24999014277846,9.12500000004744,1.55));
#3808=CARTESIAN_POINT('',(-4.49999014271511,18.2500000000671,1.8));
#3809=CARTESIAN_POINT('',(-3.99999014270012,18.2500000000636,1.3));
#3810=CARTESIAN_POINT('',(-4.49999014271511,18.2500000000671,1.8));
#3811=CARTESIAN_POINT('',(-3.99999014277846,9.12500000004571,1.3));
#3812=CARTESIAN_POINT('',(-4.49999014277846,9.12500000004918,1.8));
#3813=CARTESIAN_POINT('Origin',(9.85729987664493E-6,18.2500000000636,1.55));
#3814=CARTESIAN_POINT('',(4.50000985729988,18.2500000000666,1.8));
#3815=CARTESIAN_POINT('',(4.00000985730812,18.2500000000662,1.3));
#3816=CARTESIAN_POINT('',(4.50000985729988,18.2500000000666,1.8));
#3817=CARTESIAN_POINT('Origin',(9.85729987664493E-6,18.2500000000636,1.3));
#3818=CARTESIAN_POINT('Origin',(9.85729987664493E-6,18.2500000000636,1.8));
#3819=CARTESIAN_POINT('Origin',(4.25000985732253,10.0039041325094,1.55));
#3820=CARTESIAN_POINT('',(4.50000985730505,20.0078082650119,1.8));
#3821=CARTESIAN_POINT('',(4.00000985730505,20.007808265011,1.3));
#3822=CARTESIAN_POINT('',(4.50000985730505,20.0078082650119,1.8));
#3823=CARTESIAN_POINT('',(4.00000985732253,10.003904132509,1.3));
#3824=CARTESIAN_POINT('',(4.50000985732253,10.0039041325099,1.8));
#3825=CARTESIAN_POINT('Origin',(5.50000985730505,20.0078082650136,1.55));
#3826=CARTESIAN_POINT('Origin',(5.50000985730505,20.0078082650136,1.3));
#3827=CARTESIAN_POINT('Origin',(5.50000985730505,20.0078082650136,1.8));
#3828=CARTESIAN_POINT('Origin',(-20.0078136844127,-5.49999014270272,0.));
#3829=CARTESIAN_POINT('',(-20.0078136844023,-3.99999014270272,0.));
#3830=CARTESIAN_POINT('',(-21.4541616615992,-5.8975797915728,0.));
#3831=CARTESIAN_POINT('Origin',(-18.2500000000548,-3.9999901427149,0.));
#3832=CARTESIAN_POINT('',(-18.2500000000548,-3.9999901427149,0.));
#3833=CARTESIAN_POINT('Origin',(-18.2500000000636,9.85729987786376E-6,0.));
#3834=CARTESIAN_POINT('',(-18.2500000000636,4.00000985731074,0.));
#3835=CARTESIAN_POINT('Origin',(-20.0078082650088,4.00000985730514,0.));
#3836=CARTESIAN_POINT('',(-20.0078082650088,4.00000985730514,0.));
#3837=CARTESIAN_POINT('Origin',(-20.0078082650136,5.50000985730514,0.));
#3838=CARTESIAN_POINT('Origin',(-5.4999901427029,20.0078136844127,0.));
#3839=CARTESIAN_POINT('',(-3.9999901427029,20.0078136844023,0.));
#3840=CARTESIAN_POINT('Origin',(-3.99999014271511,18.2500000000636,0.));
#3841=CARTESIAN_POINT('',(-3.99999014270012,18.2500000000636,0.));
#3842=CARTESIAN_POINT('Origin',(9.85729987664493E-6,18.2500000000636,0.));
#3843=CARTESIAN_POINT('',(4.00000985730812,18.2500000000662,0.));
#3844=CARTESIAN_POINT('Origin',(4.00000985730505,20.007808265011,0.));
#3845=CARTESIAN_POINT('',(4.00000985730505,20.007808265011,0.));
#3846=CARTESIAN_POINT('Origin',(5.50000985730505,20.0078082650136,0.));
#3847=CARTESIAN_POINT('Origin',(0.,0.,1.8));
#3848=CARTESIAN_POINT('Origin',(0.,0.,1.55));
#3849=CARTESIAN_POINT('',(-14.999999897036,23.0488612102403,1.3));
#3850=CARTESIAN_POINT('Ctrl Pts',(-14.999999897036,23.0488612102403,1.3));
#3851=CARTESIAN_POINT('Ctrl Pts',(-14.999999897036,23.3433439395977,1.54681787482802));
#3852=CARTESIAN_POINT('Ctrl Pts',(-14.999999897036,23.6431809003975,1.8));
#3853=CARTESIAN_POINT('',(-15.4045889868037,22.7804442043531,1.3));
#3854=CARTESIAN_POINT('',(-15.6846724229274,23.1946340989777,1.8));
#3855=CARTESIAN_POINT('Origin',(0.,0.,1.3));
#3856=CARTESIAN_POINT('Origin',(-16.2448392951748,24.0230138882269,1.55));
#3857=CARTESIAN_POINT('',(-17.3054994669547,22.9623537164471,1.3));
#3858=CARTESIAN_POINT('',(-16.9519460763614,23.3159071070404,1.8));
#3859=CARTESIAN_POINT('Origin',(-16.2448392951748,24.0230138882269,1.3));
#3860=CARTESIAN_POINT('Origin',(-8.13172798364522,14.1421356237311,1.55));
#3861=CARTESIAN_POINT('',(-19.4454364826301,25.1022907321224,1.3));
#3862=CARTESIAN_POINT('',(-19.0918830920368,25.4558441227157,1.8));
#3863=CARTESIAN_POINT('',(-8.30850467894185,13.9653589284344,1.3));
#3864=CARTESIAN_POINT('Origin',(-22.2738636073762,22.2738636073763,1.55));
#3865=CARTESIAN_POINT('',(-25.1022907321224,19.4454364826301,1.3));
#3866=CARTESIAN_POINT('',(-25.4558441227157,19.0918830920368,1.8));
#3867=CARTESIAN_POINT('Origin',(-22.2738636073762,22.2738636073763,1.3));
#3868=CARTESIAN_POINT('Origin',(-13.0721671158857,7.06175947581418,1.55));
#3869=CARTESIAN_POINT('',(-22.9623537164467,17.3054994669568,1.3));
#3870=CARTESIAN_POINT('',(-23.3159071070397,16.9519460763633,1.8));
#3871=CARTESIAN_POINT('',(-12.8953904205892,7.23853617111092,1.3));
#3872=CARTESIAN_POINT('Origin',(-24.0230138882259,16.2448392951764,1.55));
#3873=CARTESIAN_POINT('',(-22.7804442043521,15.4045889868052,1.3));
#3874=CARTESIAN_POINT('',(-23.1946340989767,15.6846724229289,1.8));
#3875=CARTESIAN_POINT('Origin',(-24.0230138882259,16.2448392951764,1.3));
#3876=CARTESIAN_POINT('Origin',(0.,0.,1.55));
#3877=CARTESIAN_POINT('',(-22.7804442043531,-15.4045889868037,1.3));
#3878=CARTESIAN_POINT('',(-23.1946340989777,-15.6846724229274,1.8));
#3879=CARTESIAN_POINT('Origin',(0.,0.,1.3));
#3880=CARTESIAN_POINT('Origin',(-24.0230138882269,-16.2448392951748,1.55));
#3881=CARTESIAN_POINT('',(-22.9623537164471,-17.3054994669547,1.3));
#3882=CARTESIAN_POINT('',(-23.3159071070404,-16.9519460763614,1.8));
#3883=CARTESIAN_POINT('Origin',(-24.0230138882269,-16.2448392951748,1.3));
#3884=CARTESIAN_POINT('Origin',(-14.1421356237311,-8.13172798364522,1.55));
#3885=CARTESIAN_POINT('',(-25.1022907321224,-19.4454364826301,1.3));
#3886=CARTESIAN_POINT('',(-25.4558441227157,-19.0918830920368,1.8));
#3887=CARTESIAN_POINT('',(-13.9653589284344,-8.30850467894185,1.3));
#3888=CARTESIAN_POINT('Origin',(-22.2738636073763,-22.2738636073762,1.55));
#3889=CARTESIAN_POINT('',(-19.4454364826301,-25.1022907321224,1.3));
#3890=CARTESIAN_POINT('',(-19.0918830920368,-25.4558441227157,1.8));
#3891=CARTESIAN_POINT('Origin',(-22.2738636073763,-22.2738636073762,1.3));
#3892=CARTESIAN_POINT('Origin',(-7.06175947581418,-13.0721671158857,1.55));
#3893=CARTESIAN_POINT('',(-17.3054994669568,-22.9623537164467,1.3));
#3894=CARTESIAN_POINT('',(-16.9519460763633,-23.3159071070397,1.8));
#3895=CARTESIAN_POINT('',(-7.23853617111092,-12.8953904205892,1.3));
#3896=CARTESIAN_POINT('Origin',(-16.2448392951764,-24.0230138882259,1.55));
#3897=CARTESIAN_POINT('',(-15.4045889868052,-22.7804442043521,1.3));
#3898=CARTESIAN_POINT('',(-15.6846724229289,-23.1946340989767,1.8));
#3899=CARTESIAN_POINT('Origin',(-16.2448392951764,-24.0230138882259,1.3));
#3900=CARTESIAN_POINT('Origin',(0.,0.,1.55));
#3901=CARTESIAN_POINT('',(15.4045889868037,-22.7804442043531,1.3));
#3902=CARTESIAN_POINT('',(15.6846724229274,-23.1946340989777,1.8));
#3903=CARTESIAN_POINT('Origin',(0.,0.,1.3));
#3904=CARTESIAN_POINT('Origin',(16.2448392951748,-24.0230138882269,1.55));
#3905=CARTESIAN_POINT('',(17.3054994669547,-22.9623537164471,1.3));
#3906=CARTESIAN_POINT('',(16.9519460763614,-23.3159071070404,1.8));
#3907=CARTESIAN_POINT('Origin',(16.2448392951748,-24.0230138882269,1.3));
#3908=CARTESIAN_POINT('Origin',(8.13172798364521,-14.1421356237311,1.55));
#3909=CARTESIAN_POINT('',(19.44543648263,-25.1022907321224,1.3));
#3910=CARTESIAN_POINT('',(19.0918830920368,-25.4558441227157,1.8));
#3911=CARTESIAN_POINT('',(8.30850467894185,-13.9653589284344,1.3));
#3912=CARTESIAN_POINT('Origin',(22.2738636073762,-22.2738636073763,1.55));
#3913=CARTESIAN_POINT('',(25.1022907321224,-19.4454364826301,1.3));
#3914=CARTESIAN_POINT('',(25.4558441227157,-19.0918830920368,1.8));
#3915=CARTESIAN_POINT('Origin',(22.2738636073762,-22.2738636073763,1.3));
#3916=CARTESIAN_POINT('Origin',(13.0721671158857,-7.06175947581418,1.55));
#3917=CARTESIAN_POINT('',(22.9623537164467,-17.3054994669568,1.3));
#3918=CARTESIAN_POINT('',(23.3159071070397,-16.9519460763633,1.8));
#3919=CARTESIAN_POINT('',(12.8953904205892,-7.23853617111092,1.3));
#3920=CARTESIAN_POINT('Origin',(24.0230138882259,-16.2448392951764,1.55));
#3921=CARTESIAN_POINT('',(22.7804442043521,-15.4045889868052,1.3));
#3922=CARTESIAN_POINT('',(23.1946340989767,-15.6846724229289,1.8));
#3923=CARTESIAN_POINT('Origin',(24.0230138882259,-16.2448392951764,1.3));
#3924=CARTESIAN_POINT('Origin',(0.,0.,1.55));
#3925=CARTESIAN_POINT('',(22.7804442043531,15.4045889868037,1.3));
#3926=CARTESIAN_POINT('',(23.1946340989777,15.6846724229274,1.8));
#3927=CARTESIAN_POINT('Origin',(0.,0.,1.3));
#3928=CARTESIAN_POINT('Origin',(24.0230138882269,16.2448392951748,1.55));
#3929=CARTESIAN_POINT('',(22.9623537164471,17.3054994669547,1.3));
#3930=CARTESIAN_POINT('',(23.3159071070404,16.9519460763614,1.8));
#3931=CARTESIAN_POINT('Origin',(24.0230138882269,16.2448392951748,1.3));
#3932=CARTESIAN_POINT('Origin',(14.1421356237311,8.13172798364521,1.55));
#3933=CARTESIAN_POINT('',(25.1022907321224,19.44543648263,1.3));
#3934=CARTESIAN_POINT('',(25.4558441227157,19.0918830920368,1.8));
#3935=CARTESIAN_POINT('',(13.9653589284344,8.30850467894185,1.3));
#3936=CARTESIAN_POINT('Origin',(22.2738636073763,22.2738636073762,1.55));
#3937=CARTESIAN_POINT('',(19.4454364826301,25.1022907321224,1.3));
#3938=CARTESIAN_POINT('',(19.0918830920368,25.4558441227157,1.8));
#3939=CARTESIAN_POINT('Origin',(22.2738636073763,22.2738636073762,1.3));
#3940=CARTESIAN_POINT('Origin',(7.06175947581418,13.0721671158857,1.55));
#3941=CARTESIAN_POINT('',(17.3054994669568,22.9623537164467,1.3));
#3942=CARTESIAN_POINT('',(16.9519460763633,23.3159071070397,1.8));
#3943=CARTESIAN_POINT('',(7.23853617111092,12.8953904205892,1.3));
#3944=CARTESIAN_POINT('Origin',(16.2448392951764,24.0230138882259,1.55));
#3945=CARTESIAN_POINT('',(15.4045889868052,22.7804442043521,1.3));
#3946=CARTESIAN_POINT('',(15.6846724229289,23.1946340989767,1.8));
#3947=CARTESIAN_POINT('Origin',(16.2448392951764,24.0230138882259,1.3));
#3948=CARTESIAN_POINT('Origin',(0.,0.,1.55));
#3949=CARTESIAN_POINT('Origin',(0.,0.,1.3));
#3950=CARTESIAN_POINT('Origin',(0.,0.,0.));
#3951=CARTESIAN_POINT('',(-15.4045889868037,22.7804442043531,0.));
#3952=CARTESIAN_POINT('',(-14.999999897036,23.0488612102403,0.));
#3953=CARTESIAN_POINT('Origin',(-16.2448392951748,24.0230138882269,0.));
#3954=CARTESIAN_POINT('',(-17.3054994669547,22.9623537164471,0.));
#3955=CARTESIAN_POINT('Origin',(-19.4454364826301,25.1022907321224,0.));
#3956=CARTESIAN_POINT('',(-19.4454364826301,25.1022907321224,0.));
#3957=CARTESIAN_POINT('Origin',(-22.2738636073762,22.2738636073763,0.));
#3958=CARTESIAN_POINT('',(-25.1022907321224,19.4454364826301,0.));
#3959=CARTESIAN_POINT('Origin',(-22.9623537164467,17.3054994669568,0.));
#3960=CARTESIAN_POINT('',(-22.9623537164467,17.3054994669568,0.));
#3961=CARTESIAN_POINT('Origin',(-24.0230138882259,16.2448392951764,0.));
#3962=CARTESIAN_POINT('',(-22.7804442043521,15.4045889868052,0.));
#3963=CARTESIAN_POINT('Origin',(0.,0.,0.));
#3964=CARTESIAN_POINT('',(-22.7804442043531,-15.4045889868037,0.));
#3965=CARTESIAN_POINT('Origin',(-24.0230138882269,-16.2448392951748,0.));
#3966=CARTESIAN_POINT('',(-22.9623537164471,-17.3054994669547,0.));
#3967=CARTESIAN_POINT('Origin',(-25.1022907321224,-19.4454364826301,0.));
#3968=CARTESIAN_POINT('',(-25.1022907321224,-19.4454364826301,0.));
#3969=CARTESIAN_POINT('Origin',(-22.2738636073763,-22.2738636073762,0.));
#3970=CARTESIAN_POINT('',(-19.4454364826301,-25.1022907321224,0.));
#3971=CARTESIAN_POINT('Origin',(-17.3054994669568,-22.9623537164467,0.));
#3972=CARTESIAN_POINT('',(-17.3054994669568,-22.9623537164467,0.));
#3973=CARTESIAN_POINT('Origin',(-16.2448392951764,-24.0230138882259,0.));
#3974=CARTESIAN_POINT('',(-15.4045889868052,-22.7804442043521,0.));
#3975=CARTESIAN_POINT('Origin',(0.,0.,0.));
#3976=CARTESIAN_POINT('',(15.4045889868037,-22.7804442043531,0.));
#3977=CARTESIAN_POINT('Origin',(16.2448392951748,-24.0230138882269,0.));
#3978=CARTESIAN_POINT('',(17.3054994669547,-22.9623537164471,0.));
#3979=CARTESIAN_POINT('Origin',(19.44543648263,-25.1022907321224,0.));
#3980=CARTESIAN_POINT('',(19.44543648263,-25.1022907321224,0.));
#3981=CARTESIAN_POINT('Origin',(22.2738636073762,-22.2738636073763,0.));
#3982=CARTESIAN_POINT('',(25.1022907321224,-19.4454364826301,0.));
#3983=CARTESIAN_POINT('Origin',(22.9623537164467,-17.3054994669568,0.));
#3984=CARTESIAN_POINT('',(22.9623537164467,-17.3054994669568,0.));
#3985=CARTESIAN_POINT('Origin',(24.0230138882259,-16.2448392951764,0.));
#3986=CARTESIAN_POINT('',(22.7804442043521,-15.4045889868052,0.));
#3987=CARTESIAN_POINT('Origin',(0.,0.,0.));
#3988=CARTESIAN_POINT('',(22.7804442043531,15.4045889868037,0.));
#3989=CARTESIAN_POINT('Origin',(24.0230138882269,16.2448392951748,0.));
#3990=CARTESIAN_POINT('',(22.9623537164471,17.3054994669547,0.));
#3991=CARTESIAN_POINT('Origin',(25.1022907321224,19.44543648263,0.));
#3992=CARTESIAN_POINT('',(25.1022907321224,19.44543648263,0.));
#3993=CARTESIAN_POINT('Origin',(22.2738636073763,22.2738636073762,0.));
#3994=CARTESIAN_POINT('',(19.4454364826301,25.1022907321224,0.));
#3995=CARTESIAN_POINT('Origin',(17.3054994669568,22.9623537164467,0.));
#3996=CARTESIAN_POINT('',(17.3054994669568,22.9623537164467,0.));
#3997=CARTESIAN_POINT('Origin',(16.2448392951764,24.0230138882259,0.));
#3998=CARTESIAN_POINT('',(15.4045889868052,22.7804442043521,0.));
#3999=CARTESIAN_POINT('Origin',(0.,0.,0.));
#4000=CARTESIAN_POINT('Origin',(27.5,27.5,0.));
#4001=CARTESIAN_POINT('',(29.5,27.5,0.));
#4002=CARTESIAN_POINT('',(27.5,29.5,0.));
#4003=CARTESIAN_POINT('Origin',(29.5,29.5,0.));
#4004=CARTESIAN_POINT('Origin',(-27.5,27.5,0.));
#4005=CARTESIAN_POINT('',(-29.5,27.5,0.));
#4006=CARTESIAN_POINT('Origin',(-29.5,29.5,0.));
#4007=CARTESIAN_POINT('',(-29.5,-27.5,0.));
#4008=CARTESIAN_POINT('Origin',(-27.5,-27.5,0.));
#4009=CARTESIAN_POINT('',(-27.5,-29.5,0.));
#4010=CARTESIAN_POINT('Origin',(-29.5,-29.5,0.));
#4011=CARTESIAN_POINT('',(27.5,-29.5,0.));
#4012=CARTESIAN_POINT('Origin',(27.5,-27.5,0.));
#4013=CARTESIAN_POINT('',(29.5,-27.5,0.));
#4014=CARTESIAN_POINT('Origin',(29.5,-29.5,0.));
#4015=CARTESIAN_POINT('Origin',(-14.999999897036,23.0488612102403,0.));
#4016=CARTESIAN_POINT('Origin',(22.2738636073763,22.2738636073762,-8.));
#4017=CARTESIAN_POINT('Origin',(22.2738636073762,-22.2738636073763,-8.));
#4018=CARTESIAN_POINT('Origin',(-18.2500000000663,9.85729987773576E-6,-8.));
#4019=CARTESIAN_POINT('Origin',(-22.2738636073763,-22.2738636073762,-8.));
#4020=CARTESIAN_POINT('Origin',(9.85729987662554E-6,18.2500000000637,-8.));
#4021=CARTESIAN_POINT('Origin',(-9.85729987884598E-6,-18.2500000000663,
-8.));
#4022=CARTESIAN_POINT('Origin',(18.2500000000663,-9.85729988023376E-6,-8.));
#4023=CARTESIAN_POINT('',(16.5500000000663,-9.85729988030319E-6,-8.));
#4024=CARTESIAN_POINT('Origin',(18.2500000000663,-9.857299880095E-6,-8.));
#4025=CARTESIAN_POINT('Origin',(-22.2738636073762,22.2738636073763,-8.));
#4026=CARTESIAN_POINT('Origin',(18.2500000000663,-9.857299880095E-6,0.));
#4027=CARTESIAN_POINT('',(16.5500000000663,-9.85729987988681E-6,0.));
#4028=CARTESIAN_POINT('Origin',(-9.85729987940812E-6,-18.2500000000636,
0.));
#4029=CARTESIAN_POINT('',(-4.00000985729988,-18.2500000000636,0.));
#4030=CARTESIAN_POINT('',(3.99999014270012,-18.2500000000636,0.));
#4031=CARTESIAN_POINT('Origin',(-4.0000098573005,-20.0078082650138,0.));
#4032=CARTESIAN_POINT('',(-4.0000098573005,-20.0078082650138,0.));
#4033=CARTESIAN_POINT('Origin',(-5.5000098573005,-20.0078082650149,0.));
#4034=CARTESIAN_POINT('',(-5.89760093132222,-21.4541558504376,0.));
#4035=CARTESIAN_POINT('Origin',(0.,0.,0.));
#4036=CARTESIAN_POINT('Origin',(20.0078136844127,5.49999014270293,0.));
#4037=CARTESIAN_POINT('',(20.0078136844021,3.99999014270293,0.));
#4038=CARTESIAN_POINT('Origin',(18.2500000000548,3.99999014271531,0.));
#4039=CARTESIAN_POINT('',(18.2500000000548,3.99999014271531,0.));
#4040=CARTESIAN_POINT('Origin',(18.2500000000581,-9.85729988009873E-6,0.));
#4041=CARTESIAN_POINT('',(18.2500000000636,-4.00000985729988,0.));
#4042=CARTESIAN_POINT('Origin',(20.007808265013,-4.00000985730461,0.));
#4043=CARTESIAN_POINT('',(20.007808265013,-4.00000985730461,0.));
#4044=CARTESIAN_POINT('Origin',(20.0078082650137,-5.50000985730461,0.));
#4045=CARTESIAN_POINT('',(21.4541558504364,-5.89760093132663,0.));
#4046=CARTESIAN_POINT('Origin',(0.,0.,0.));
#4047=CARTESIAN_POINT('',(5.89757979157338,-21.454161661599,0.));
#4048=CARTESIAN_POINT('Origin',(5.49999014270326,-20.0078136844126,0.));
#4049=CARTESIAN_POINT('',(3.99999014270326,-20.0078136844021,0.));
#4050=CARTESIAN_POINT('Origin',(3.99999014271551,-18.2500000000636,0.));
#4051=UNCERTAINTY_MEASURE_WITH_UNIT(LENGTH_MEASURE(0.01),#4055,
'DISTANCE_ACCURACY_VALUE',
'Maximum model space distance between geometric entities at asserted c
onnectivities');
#4052=UNCERTAINTY_MEASURE_WITH_UNIT(LENGTH_MEASURE(0.01),#4055,
'DISTANCE_ACCURACY_VALUE',
'Maximum model space distance between geometric entities at asserted c
onnectivities');
#4053=(
GEOMETRIC_REPRESENTATION_CONTEXT(3)
GLOBAL_UNCERTAINTY_ASSIGNED_CONTEXT((#4051))
GLOBAL_UNIT_ASSIGNED_CONTEXT((#4055,#4056,#4057))
REPRESENTATION_CONTEXT('','3D')
);
#4054=(
GEOMETRIC_REPRESENTATION_CONTEXT(3)
GLOBAL_UNCERTAINTY_ASSIGNED_CONTEXT((#4052))
GLOBAL_UNIT_ASSIGNED_CONTEXT((#4055,#4056,#4057))
REPRESENTATION_CONTEXT('','3D')
);
#4055=(
LENGTH_UNIT()
NAMED_UNIT(*)
SI_UNIT(.MILLI.,.METRE.)
);
#4056=(
NAMED_UNIT(*)
PLANE_ANGLE_UNIT()
SI_UNIT($,.RADIAN.)
);
#4057=(
NAMED_UNIT(*)
SI_UNIT($,.STERADIAN.)
SOLID_ANGLE_UNIT()
);
#4058=SHAPE_DEFINITION_REPRESENTATION(#4059,#4060);
#4059=PRODUCT_DEFINITION_SHAPE('',$,#4062);
#4060=SHAPE_REPRESENTATION('',(#2330),#4053);
#4061=PRODUCT_DEFINITION_CONTEXT('part definition',#4066,'design');
#4062=PRODUCT_DEFINITION('2026-09-25-12-47-43-651','LED_Ring_v008',#4063,
#4061);
#4063=PRODUCT_DEFINITION_FORMATION('',$,#4068);
#4064=PRODUCT_RELATED_PRODUCT_CATEGORY('LED_Ring_v008','LED_Ring_v008',
(#4068));
#4065=APPLICATION_PROTOCOL_DEFINITION('international standard',
'automotive_design',2009,#4066);
#4066=APPLICATION_CONTEXT(
'Core Data for Automotive Mechanical Design Process');
#4067=PRODUCT_CONTEXT('part definition',#4066,'mechanical');
#4068=PRODUCT('2026-09-25-12-47-43-651','LED_Ring_v008',$,(#4067));
#4069=PRESENTATION_STYLE_ASSIGNMENT((#4072));
#4070=PRESENTATION_STYLE_ASSIGNMENT((#4073));
#4071=PRESENTATION_STYLE_ASSIGNMENT((#4074));
#4072=SURFACE_STYLE_USAGE(.BOTH.,#4075);
#4073=SURFACE_STYLE_USAGE(.BOTH.,#4076);
#4074=SURFACE_STYLE_USAGE(.BOTH.,#4077);
#4075=SURFACE_SIDE_STYLE('',(#4078));
#4076=SURFACE_SIDE_STYLE('',(#4079));
#4077=SURFACE_SIDE_STYLE('',(#4080));
#4078=SURFACE_STYLE_FILL_AREA(#4081);
#4079=SURFACE_STYLE_FILL_AREA(#4082);
#4080=SURFACE_STYLE_FILL_AREA(#4083);
#4081=FILL_AREA_STYLE('Steel - Satin',(#4084));
#4082=FILL_AREA_STYLE('Gold - Polished',(#4085));
#4083=FILL_AREA_STYLE('Plastic - Matte (Blue)',(#4086));
#4084=FILL_AREA_STYLE_COLOUR('Steel - Satin',#4087);
#4085=FILL_AREA_STYLE_COLOUR('Gold - Polished',#4088);
#4086=FILL_AREA_STYLE_COLOUR('Plastic - Matte (Blue)',#4089);
#4087=COLOUR_RGB('Steel - Satin',0.627450980392157,0.627450980392157,0.627450980392157);
#4088=COLOUR_RGB('Gold - Polished',0.956862745098039,0.898039215686275,
0.654901960784314);
#4089=COLOUR_RGB('Plastic - Matte (Blue)',0.188235294117647,0.231372549019608,
0.588235294117647);
ENDSEC;
END-ISO-10303-21;
