ISO-10303-21;
HEADER;
/* Generated by software containing ST-Developer
 * from STEP Tools, Inc. (www.steptools.com) 
 */

FILE_DESCRIPTION(
/* description */ (''),
/* implementation_level */ '2;1');

FILE_NAME(
/* name */ 'Speaker_Case_v002.step',
/* time_stamp */ '2026-09-19T12:41:49+04:00',
/* author */ (''),
/* organization */ (''),
/* preprocessor_version */ 'ST-DEVELOPER v20.2',
/* originating_system */ 'Autodesk Translation Framework v15.15.0.0',
/* authorisation */ '');

FILE_SCHEMA (('AUTOMOTIVE_DESIGN { 1 0 10303 214 3 1 1 }'));
ENDSEC;

DATA;
#10=MECHANICAL_DESIGN_GEOMETRIC_PRESENTATION_REPRESENTATION('',(#13),#12723);
#11=SHAPE_REPRESENTATION_RELATIONSHIP('SRR','None',#12730,#12);
#12=ADVANCED_BREP_SHAPE_REPRESENTATION('',(#14),#12722);
#13=STYLED_ITEM('',(#12740),#14);
#14=MANIFOLD_SOLID_BREP('Body1',#7310);
#15=SPHERICAL_SURFACE('',#7419,1.);
#16=ELLIPSE('',#7417,1.41421356237309,1.);
#17=ELLIPSE('',#7427,5.70087712549569,3.5);
#18=ELLIPSE('',#7428,5.70087712549569,3.5);
#19=FACE_BOUND('',#1101,.T.);
#20=FACE_BOUND('',#1109,.T.);
#21=FACE_BOUND('',#1110,.T.);
#22=FACE_BOUND('',#1111,.T.);
#23=FACE_BOUND('',#1112,.T.);
#24=FACE_BOUND('',#1325,.T.);
#25=FACE_BOUND('',#1385,.T.);
#26=FACE_BOUND('',#1412,.T.);
#27=FACE_BOUND('',#1467,.T.);
#28=FACE_BOUND('',#1470,.T.);
#29=FACE_BOUND('',#1473,.T.);
#30=FACE_BOUND('',#1474,.T.);
#31=FACE_BOUND('',#1475,.T.);
#32=FACE_BOUND('',#1476,.T.);
#33=FACE_BOUND('',#1477,.T.);
#34=FACE_BOUND('',#1478,.T.);
#35=FACE_BOUND('',#1479,.T.);
#36=FACE_BOUND('',#1480,.T.);
#37=FACE_BOUND('',#1481,.T.);
#38=FACE_BOUND('',#1482,.T.);
#39=FACE_BOUND('',#1483,.T.);
#40=FACE_BOUND('',#1484,.T.);
#41=FACE_BOUND('',#1485,.T.);
#42=CONICAL_SURFACE('',#7370,1.79999999999999,0.785398163397449);
#43=CONICAL_SURFACE('',#7555,1.79999999999999,0.785398163397449);
#44=CONICAL_SURFACE('',#7558,4.6,0.785398163397449);
#45=CONICAL_SURFACE('',#7561,1.79999999999999,0.785398163397447);
#46=CONICAL_SURFACE('',#7566,1.79999999999999,0.785398163397447);
#47=CONICAL_SURFACE('',#7569,4.6,0.785398163397449);
#48=B_SPLINE_SURFACE_WITH_KNOTS('',3,3,((#9063,#9064,#9065,#9066,#9067),
(#9068,#9069,#9070,#9071,#9072),(#9073,#9074,#9075,#9076,#9077),(#9078,
#9079,#9080,#9081,#9082),(#9083,#9084,#9085,#9086,#9087),(#9088,#9089,#9090,
#9091,#9092)),.UNSPECIFIED.,.F.,.F.,.F.,(4,1,1,4),(4,1,4),(0.,0.285714285714286,
0.571428571428571,1.),(5.11492832381608E-15,0.101147977408611,0.202295954817218),
 .UNSPECIFIED.);
#49=B_SPLINE_SURFACE_WITH_KNOTS('',3,3,((#9391,#9392,#9393,#9394,#9395,
#9396),(#9397,#9398,#9399,#9400,#9401,#9402),(#9403,#9404,#9405,#9406,#9407,
#9408),(#9409,#9410,#9411,#9412,#9413,#9414),(#9415,#9416,#9417,#9418,#9419,
#9420)),.UNSPECIFIED.,.F.,.F.,.F.,(4,1,4),(4,1,1,4),(0.,0.571428571428571,
1.),(-1.5707963267949,-0.897597901025655,-0.448798950512828,2.9655230124361E-33),
 .UNSPECIFIED.);
#50=B_SPLINE_SURFACE_WITH_KNOTS('',3,3,((#9431,#9432,#9433,#9434,#9435,
#9436,#9437,#9438),(#9439,#9440,#9441,#9442,#9443,#9444,#9445,#9446),(#9447,
#9448,#9449,#9450,#9451,#9452,#9453,#9454),(#9455,#9456,#9457,#9458,#9459,
#9460,#9461,#9462),(#9463,#9464,#9465,#9466,#9467,#9468,#9469,#9470)),
 .UNSPECIFIED.,.F.,.F.,.F.,(4,1,4),(4,2,1,1,4),(0.,0.571428571428571,1.),
(-0.431733230249186,-0.426144916701962,-0.255686950021177,-0.170457966680785,
0.),.UNSPECIFIED.);
#51=B_SPLINE_SURFACE_WITH_KNOTS('',2,1,((#9604,#9605),(#9606,#9607),(#9608,
#9609)),.UNSPECIFIED.,.F.,.F.,.F.,(3,3),(2,2),(0.,1.),(0.,0.1),
 .UNSPECIFIED.);
#52=B_SPLINE_SURFACE_WITH_KNOTS('',2,1,((#9652,#9653),(#9654,#9655),(#9656,
#9657)),.UNSPECIFIED.,.F.,.F.,.F.,(3,3),(2,2),(0.,1.),(0.,0.1),
 .UNSPECIFIED.);
#53=B_SPLINE_SURFACE_WITH_KNOTS('',2,1,((#9667,#9668),(#9669,#9670),(#9671,
#9672)),.UNSPECIFIED.,.F.,.F.,.F.,(3,3),(2,2),(0.,1.),(0.,0.1),
 .UNSPECIFIED.);
#54=B_SPLINE_SURFACE_WITH_KNOTS('',2,1,((#9682,#9683),(#9684,#9685),(#9686,
#9687)),.UNSPECIFIED.,.F.,.F.,.F.,(3,3),(2,2),(0.,1.),(0.,0.1),
 .UNSPECIFIED.);
#55=B_SPLINE_SURFACE_WITH_KNOTS('',2,1,((#9697,#9698),(#9699,#9700),(#9701,
#9702)),.UNSPECIFIED.,.F.,.F.,.F.,(3,3),(2,2),(0.,1.),(0.,0.1),
 .UNSPECIFIED.);
#56=B_SPLINE_SURFACE_WITH_KNOTS('',2,1,((#9730,#9731),(#9732,#9733),(#9734,
#9735)),.UNSPECIFIED.,.F.,.F.,.F.,(3,3),(2,2),(0.,1.),(0.,0.1),
 .UNSPECIFIED.);
#57=B_SPLINE_SURFACE_WITH_KNOTS('',2,1,((#9745,#9746),(#9747,#9748),(#9749,
#9750)),.UNSPECIFIED.,.F.,.F.,.F.,(3,3),(2,2),(0.,1.),(0.,0.1),
 .UNSPECIFIED.);
#58=B_SPLINE_SURFACE_WITH_KNOTS('',2,1,((#9760,#9761),(#9762,#9763),(#9764,
#9765)),.UNSPECIFIED.,.F.,.F.,.F.,(3,3),(2,2),(0.,1.),(0.,0.1),
 .UNSPECIFIED.);
#59=B_SPLINE_SURFACE_WITH_KNOTS('',2,1,((#9775,#9776),(#9777,#9778),(#9779,
#9780)),.UNSPECIFIED.,.F.,.F.,.F.,(3,3),(2,2),(0.,1.),(0.,0.1),
 .UNSPECIFIED.);
#60=B_SPLINE_SURFACE_WITH_KNOTS('',2,1,((#9867,#9868),(#9869,#9870),(#9871,
#9872)),.UNSPECIFIED.,.F.,.F.,.F.,(3,3),(2,2),(0.,1.),(0.,0.1),
 .UNSPECIFIED.);
#61=B_SPLINE_SURFACE_WITH_KNOTS('',2,1,((#9885,#9886),(#9887,#9888),(#9889,
#9890)),.UNSPECIFIED.,.F.,.F.,.F.,(3,3),(2,2),(0.,1.),(0.,0.1),
 .UNSPECIFIED.);
#62=B_SPLINE_SURFACE_WITH_KNOTS('',2,1,((#9900,#9901),(#9902,#9903),(#9904,
#9905)),.UNSPECIFIED.,.F.,.F.,.F.,(3,3),(2,2),(0.,1.),(0.,0.1),
 .UNSPECIFIED.);
#63=B_SPLINE_SURFACE_WITH_KNOTS('',2,1,((#9915,#9916),(#9917,#9918),(#9919,
#9920)),.UNSPECIFIED.,.F.,.F.,.F.,(3,3),(2,2),(0.,1.),(0.,0.1),
 .UNSPECIFIED.);
#64=B_SPLINE_SURFACE_WITH_KNOTS('',2,1,((#9936,#9937),(#9938,#9939),(#9940,
#9941)),.UNSPECIFIED.,.F.,.F.,.F.,(3,3),(2,2),(0.,1.),(0.,0.1),
 .UNSPECIFIED.);
#65=B_SPLINE_SURFACE_WITH_KNOTS('',2,1,((#9951,#9952),(#9953,#9954),(#9955,
#9956)),.UNSPECIFIED.,.F.,.F.,.F.,(3,3),(2,2),(0.,1.),(0.,0.1),
 .UNSPECIFIED.);
#66=B_SPLINE_SURFACE_WITH_KNOTS('',2,1,((#9966,#9967),(#9968,#9969),(#9970,
#9971)),.UNSPECIFIED.,.F.,.F.,.F.,(3,3),(2,2),(0.,1.),(0.,0.1),
 .UNSPECIFIED.);
#67=B_SPLINE_SURFACE_WITH_KNOTS('',2,1,((#9981,#9982),(#9983,#9984),(#9985,
#9986)),.UNSPECIFIED.,.F.,.F.,.F.,(3,3),(2,2),(0.,1.),(0.,0.1),
 .UNSPECIFIED.);
#68=B_SPLINE_SURFACE_WITH_KNOTS('',2,1,((#9996,#9997),(#9998,#9999),(#10000,
#10001)),.UNSPECIFIED.,.F.,.F.,.F.,(3,3),(2,2),(0.,1.),(0.,0.1),
 .UNSPECIFIED.);
#69=B_SPLINE_SURFACE_WITH_KNOTS('',2,1,((#10011,#10012),(#10013,#10014),
(#10015,#10016)),.UNSPECIFIED.,.F.,.F.,.F.,(3,3),(2,2),(0.,1.),(0.,0.1),
 .UNSPECIFIED.);
#70=B_SPLINE_SURFACE_WITH_KNOTS('',2,1,((#10026,#10027),(#10028,#10029),
(#10030,#10031)),.UNSPECIFIED.,.F.,.F.,.F.,(3,3),(2,2),(0.,1.),(0.,0.1),
 .UNSPECIFIED.);
#71=B_SPLINE_SURFACE_WITH_KNOTS('',2,1,((#10041,#10042),(#10043,#10044),
(#10045,#10046)),.UNSPECIFIED.,.F.,.F.,.F.,(3,3),(2,2),(0.,1.),(0.,0.1),
 .UNSPECIFIED.);
#72=B_SPLINE_SURFACE_WITH_KNOTS('',2,1,((#10056,#10057),(#10058,#10059),
(#10060,#10061)),.UNSPECIFIED.,.F.,.F.,.F.,(3,3),(2,2),(0.,1.),(0.,0.1),
 .UNSPECIFIED.);
#73=B_SPLINE_SURFACE_WITH_KNOTS('',2,1,((#10071,#10072),(#10073,#10074),
(#10075,#10076)),.UNSPECIFIED.,.F.,.F.,.F.,(3,3),(2,2),(0.,1.),(0.,0.1),
 .UNSPECIFIED.);
#74=B_SPLINE_SURFACE_WITH_KNOTS('',2,1,((#10092,#10093),(#10094,#10095),
(#10096,#10097)),.UNSPECIFIED.,.F.,.F.,.F.,(3,3),(2,2),(0.,1.),(0.,0.1),
 .UNSPECIFIED.);
#75=B_SPLINE_SURFACE_WITH_KNOTS('',2,1,((#10107,#10108),(#10109,#10110),
(#10111,#10112)),.UNSPECIFIED.,.F.,.F.,.F.,(3,3),(2,2),(0.,1.),(0.,0.1),
 .UNSPECIFIED.);
#76=B_SPLINE_SURFACE_WITH_KNOTS('',2,1,((#10122,#10123),(#10124,#10125),
(#10126,#10127)),.UNSPECIFIED.,.F.,.F.,.F.,(3,3),(2,2),(0.,1.),(0.,0.1),
 .UNSPECIFIED.);
#77=B_SPLINE_SURFACE_WITH_KNOTS('',2,1,((#10137,#10138),(#10139,#10140),
(#10141,#10142)),.UNSPECIFIED.,.F.,.F.,.F.,(3,3),(2,2),(0.,1.),(0.,0.1),
 .UNSPECIFIED.);
#78=B_SPLINE_SURFACE_WITH_KNOTS('',2,1,((#10152,#10153),(#10154,#10155),
(#10156,#10157)),.UNSPECIFIED.,.F.,.F.,.F.,(3,3),(2,2),(0.,1.),(0.,0.1),
 .UNSPECIFIED.);
#79=B_SPLINE_SURFACE_WITH_KNOTS('',2,1,((#10167,#10168),(#10169,#10170),
(#10171,#10172)),.UNSPECIFIED.,.F.,.F.,.F.,(3,3),(2,2),(0.,1.),(0.,0.1),
 .UNSPECIFIED.);
#80=B_SPLINE_SURFACE_WITH_KNOTS('',2,1,((#10180,#10181),(#10182,#10183),
(#10184,#10185)),.UNSPECIFIED.,.F.,.F.,.F.,(3,3),(2,2),(0.,1.),(0.,0.1),
 .UNSPECIFIED.);
#81=B_SPLINE_SURFACE_WITH_KNOTS('',2,1,((#10228,#10229),(#10230,#10231),
(#10232,#10233)),.UNSPECIFIED.,.F.,.F.,.F.,(3,3),(2,2),(0.,1.),(0.,0.1),
 .UNSPECIFIED.);
#82=B_SPLINE_SURFACE_WITH_KNOTS('',2,1,((#10243,#10244),(#10245,#10246),
(#10247,#10248)),.UNSPECIFIED.,.F.,.F.,.F.,(3,3),(2,2),(0.,1.),(0.,0.1),
 .UNSPECIFIED.);
#83=B_SPLINE_SURFACE_WITH_KNOTS('',2,1,((#10258,#10259),(#10260,#10261),
(#10262,#10263)),.UNSPECIFIED.,.F.,.F.,.F.,(3,3),(2,2),(0.,1.),(0.,0.1),
 .UNSPECIFIED.);
#84=B_SPLINE_SURFACE_WITH_KNOTS('',2,1,((#10273,#10274),(#10275,#10276),
(#10277,#10278)),.UNSPECIFIED.,.F.,.F.,.F.,(3,3),(2,2),(0.,1.),(0.,0.1),
 .UNSPECIFIED.);
#85=B_SPLINE_SURFACE_WITH_KNOTS('',2,1,((#10306,#10307),(#10308,#10309),
(#10310,#10311)),.UNSPECIFIED.,.F.,.F.,.F.,(3,3),(2,2),(0.,1.),(0.,0.1),
 .UNSPECIFIED.);
#86=B_SPLINE_SURFACE_WITH_KNOTS('',2,1,((#10321,#10322),(#10323,#10324),
(#10325,#10326)),.UNSPECIFIED.,.F.,.F.,.F.,(3,3),(2,2),(0.,1.),(0.,0.1),
 .UNSPECIFIED.);
#87=B_SPLINE_SURFACE_WITH_KNOTS('',2,1,((#10336,#10337),(#10338,#10339),
(#10340,#10341)),.UNSPECIFIED.,.F.,.F.,.F.,(3,3),(2,2),(0.,1.),(0.,0.1),
 .UNSPECIFIED.);
#88=B_SPLINE_SURFACE_WITH_KNOTS('',2,1,((#10351,#10352),(#10353,#10354),
(#10355,#10356)),.UNSPECIFIED.,.F.,.F.,.F.,(3,3),(2,2),(0.,1.),(0.,0.1),
 .UNSPECIFIED.);
#89=B_SPLINE_SURFACE_WITH_KNOTS('',2,1,((#10364,#10365),(#10366,#10367),
(#10368,#10369)),.UNSPECIFIED.,.F.,.F.,.F.,(3,3),(2,2),(0.,1.),(0.,0.1),
 .UNSPECIFIED.);
#90=B_SPLINE_SURFACE_WITH_KNOTS('',2,1,((#10412,#10413),(#10414,#10415),
(#10416,#10417)),.UNSPECIFIED.,.F.,.F.,.F.,(3,3),(2,2),(0.,1.),(0.,0.1),
 .UNSPECIFIED.);
#91=B_SPLINE_SURFACE_WITH_KNOTS('',2,1,((#10427,#10428),(#10429,#10430),
(#10431,#10432)),.UNSPECIFIED.,.F.,.F.,.F.,(3,3),(2,2),(0.,1.),(0.,0.1),
 .UNSPECIFIED.);
#92=B_SPLINE_SURFACE_WITH_KNOTS('',2,1,((#10442,#10443),(#10444,#10445),
(#10446,#10447)),.UNSPECIFIED.,.F.,.F.,.F.,(3,3),(2,2),(0.,1.),(0.,0.1),
 .UNSPECIFIED.);
#93=B_SPLINE_SURFACE_WITH_KNOTS('',2,1,((#10457,#10458),(#10459,#10460),
(#10461,#10462)),.UNSPECIFIED.,.F.,.F.,.F.,(3,3),(2,2),(0.,1.),(0.,0.1),
 .UNSPECIFIED.);
#94=B_SPLINE_SURFACE_WITH_KNOTS('',2,1,((#10490,#10491),(#10492,#10493),
(#10494,#10495)),.UNSPECIFIED.,.F.,.F.,.F.,(3,3),(2,2),(0.,1.),(0.,0.1),
 .UNSPECIFIED.);
#95=B_SPLINE_SURFACE_WITH_KNOTS('',2,1,((#10505,#10506),(#10507,#10508),
(#10509,#10510)),.UNSPECIFIED.,.F.,.F.,.F.,(3,3),(2,2),(0.,1.),(0.,0.1),
 .UNSPECIFIED.);
#96=B_SPLINE_SURFACE_WITH_KNOTS('',2,1,((#10520,#10521),(#10522,#10523),
(#10524,#10525)),.UNSPECIFIED.,.F.,.F.,.F.,(3,3),(2,2),(0.,1.),(0.,0.1),
 .UNSPECIFIED.);
#97=B_SPLINE_SURFACE_WITH_KNOTS('',2,1,((#10558,#10559),(#10560,#10561),
(#10562,#10563)),.UNSPECIFIED.,.F.,.F.,.F.,(3,3),(2,2),(0.,1.),(0.,0.1),
 .UNSPECIFIED.);
#98=B_SPLINE_SURFACE_WITH_KNOTS('',2,1,((#10576,#10577),(#10578,#10579),
(#10580,#10581)),.UNSPECIFIED.,.F.,.F.,.F.,(3,3),(2,2),(0.,1.),(0.,0.1),
 .UNSPECIFIED.);
#99=B_SPLINE_SURFACE_WITH_KNOTS('',2,1,((#10591,#10592),(#10593,#10594),
(#10595,#10596)),.UNSPECIFIED.,.F.,.F.,.F.,(3,3),(2,2),(0.,1.),(0.,0.1),
 .UNSPECIFIED.);
#100=B_SPLINE_SURFACE_WITH_KNOTS('',2,1,((#10606,#10607),(#10608,#10609),
(#10610,#10611)),.UNSPECIFIED.,.F.,.F.,.F.,(3,3),(2,2),(0.,1.),(0.,0.1),
 .UNSPECIFIED.);
#101=B_SPLINE_SURFACE_WITH_KNOTS('',2,1,((#10627,#10628),(#10629,#10630),
(#10631,#10632)),.UNSPECIFIED.,.F.,.F.,.F.,(3,3),(2,2),(0.,1.),(0.,0.1),
 .UNSPECIFIED.);
#102=B_SPLINE_SURFACE_WITH_KNOTS('',2,1,((#10642,#10643),(#10644,#10645),
(#10646,#10647)),.UNSPECIFIED.,.F.,.F.,.F.,(3,3),(2,2),(0.,1.),(0.,0.1),
 .UNSPECIFIED.);
#103=B_SPLINE_SURFACE_WITH_KNOTS('',2,1,((#10657,#10658),(#10659,#10660),
(#10661,#10662)),.UNSPECIFIED.,.F.,.F.,.F.,(3,3),(2,2),(0.,1.),(0.,0.1),
 .UNSPECIFIED.);
#104=B_SPLINE_SURFACE_WITH_KNOTS('',2,1,((#10672,#10673),(#10674,#10675),
(#10676,#10677)),.UNSPECIFIED.,.F.,.F.,.F.,(3,3),(2,2),(0.,1.),(0.,0.1),
 .UNSPECIFIED.);
#105=B_SPLINE_SURFACE_WITH_KNOTS('',2,1,((#10687,#10688),(#10689,#10690),
(#10691,#10692)),.UNSPECIFIED.,.F.,.F.,.F.,(3,3),(2,2),(0.,1.),(0.,0.1),
 .UNSPECIFIED.);
#106=B_SPLINE_SURFACE_WITH_KNOTS('',2,1,((#10702,#10703),(#10704,#10705),
(#10706,#10707)),.UNSPECIFIED.,.F.,.F.,.F.,(3,3),(2,2),(0.,1.),(0.,0.1),
 .UNSPECIFIED.);
#107=B_SPLINE_SURFACE_WITH_KNOTS('',2,1,((#10717,#10718),(#10719,#10720),
(#10721,#10722)),.UNSPECIFIED.,.F.,.F.,.F.,(3,3),(2,2),(0.,1.),(0.,0.1),
 .UNSPECIFIED.);
#108=B_SPLINE_SURFACE_WITH_KNOTS('',2,1,((#10732,#10733),(#10734,#10735),
(#10736,#10737)),.UNSPECIFIED.,.F.,.F.,.F.,(3,3),(2,2),(0.,1.),(0.,0.1),
 .UNSPECIFIED.);
#109=B_SPLINE_SURFACE_WITH_KNOTS('',2,1,((#10747,#10748),(#10749,#10750),
(#10751,#10752)),.UNSPECIFIED.,.F.,.F.,.F.,(3,3),(2,2),(0.,1.),(0.,0.1),
 .UNSPECIFIED.);
#110=B_SPLINE_SURFACE_WITH_KNOTS('',2,1,((#10762,#10763),(#10764,#10765),
(#10766,#10767)),.UNSPECIFIED.,.F.,.F.,.F.,(3,3),(2,2),(0.,1.),(0.,0.1),
 .UNSPECIFIED.);
#111=B_SPLINE_SURFACE_WITH_KNOTS('',2,1,((#10783,#10784),(#10785,#10786),
(#10787,#10788)),.UNSPECIFIED.,.F.,.F.,.F.,(3,3),(2,2),(0.,1.),(0.,0.1),
 .UNSPECIFIED.);
#112=B_SPLINE_SURFACE_WITH_KNOTS('',2,1,((#10798,#10799),(#10800,#10801),
(#10802,#10803)),.UNSPECIFIED.,.F.,.F.,.F.,(3,3),(2,2),(0.,1.),(0.,0.1),
 .UNSPECIFIED.);
#113=B_SPLINE_SURFACE_WITH_KNOTS('',2,1,((#10813,#10814),(#10815,#10816),
(#10817,#10818)),.UNSPECIFIED.,.F.,.F.,.F.,(3,3),(2,2),(0.,1.),(0.,0.1),
 .UNSPECIFIED.);
#114=B_SPLINE_SURFACE_WITH_KNOTS('',2,1,((#10828,#10829),(#10830,#10831),
(#10832,#10833)),.UNSPECIFIED.,.F.,.F.,.F.,(3,3),(2,2),(0.,1.),(0.,0.1),
 .UNSPECIFIED.);
#115=B_SPLINE_SURFACE_WITH_KNOTS('',2,1,((#10843,#10844),(#10845,#10846),
(#10847,#10848)),.UNSPECIFIED.,.F.,.F.,.F.,(3,3),(2,2),(0.,1.),(0.,0.1),
 .UNSPECIFIED.);
#116=B_SPLINE_SURFACE_WITH_KNOTS('',2,1,((#10858,#10859),(#10860,#10861),
(#10862,#10863)),.UNSPECIFIED.,.F.,.F.,.F.,(3,3),(2,2),(0.,1.),(0.,0.1),
 .UNSPECIFIED.);
#117=B_SPLINE_SURFACE_WITH_KNOTS('',2,1,((#10871,#10872),(#10873,#10874),
(#10875,#10876)),.UNSPECIFIED.,.F.,.F.,.F.,(3,3),(2,2),(0.,1.),(0.,0.1),
 .UNSPECIFIED.);
#118=B_SPLINE_SURFACE_WITH_KNOTS('',2,1,((#10889,#10890),(#10891,#10892),
(#10893,#10894)),.UNSPECIFIED.,.F.,.F.,.F.,(3,3),(2,2),(0.,1.),(0.,0.1),
 .UNSPECIFIED.);
#119=B_SPLINE_SURFACE_WITH_KNOTS('',2,1,((#10904,#10905),(#10906,#10907),
(#10908,#10909)),.UNSPECIFIED.,.F.,.F.,.F.,(3,3),(2,2),(0.,1.),(0.,0.1),
 .UNSPECIFIED.);
#120=B_SPLINE_SURFACE_WITH_KNOTS('',2,1,((#10919,#10920),(#10921,#10922),
(#10923,#10924)),.UNSPECIFIED.,.F.,.F.,.F.,(3,3),(2,2),(0.,1.),(0.,0.1),
 .UNSPECIFIED.);
#121=B_SPLINE_SURFACE_WITH_KNOTS('',2,1,((#10934,#10935),(#10936,#10937),
(#10938,#10939)),.UNSPECIFIED.,.F.,.F.,.F.,(3,3),(2,2),(0.,1.),(0.,0.1),
 .UNSPECIFIED.);
#122=B_SPLINE_SURFACE_WITH_KNOTS('',2,1,((#10949,#10950),(#10951,#10952),
(#10953,#10954)),.UNSPECIFIED.,.F.,.F.,.F.,(3,3),(2,2),(0.,1.),(0.,0.1),
 .UNSPECIFIED.);
#123=B_SPLINE_SURFACE_WITH_KNOTS('',2,1,((#10964,#10965),(#10966,#10967),
(#10968,#10969)),.UNSPECIFIED.,.F.,.F.,.F.,(3,3),(2,2),(0.,1.),(0.,0.1),
 .UNSPECIFIED.);
#124=B_SPLINE_SURFACE_WITH_KNOTS('',2,1,((#10979,#10980),(#10981,#10982),
(#10983,#10984)),.UNSPECIFIED.,.F.,.F.,.F.,(3,3),(2,2),(0.,1.),(0.,0.1),
 .UNSPECIFIED.);
#125=B_SPLINE_SURFACE_WITH_KNOTS('',2,1,((#10992,#10993),(#10994,#10995),
(#10996,#10997)),.UNSPECIFIED.,.F.,.F.,.F.,(3,3),(2,2),(0.,1.),(0.,0.1),
 .UNSPECIFIED.);
#126=B_SPLINE_SURFACE_WITH_KNOTS('',2,1,((#11010,#11011),(#11012,#11013),
(#11014,#11015)),.UNSPECIFIED.,.F.,.F.,.F.,(3,3),(2,2),(0.,1.),(0.,0.1),
 .UNSPECIFIED.);
#127=B_SPLINE_SURFACE_WITH_KNOTS('',2,1,((#11025,#11026),(#11027,#11028),
(#11029,#11030)),.UNSPECIFIED.,.F.,.F.,.F.,(3,3),(2,2),(0.,1.),(0.,0.1),
 .UNSPECIFIED.);
#128=B_SPLINE_SURFACE_WITH_KNOTS('',2,1,((#11040,#11041),(#11042,#11043),
(#11044,#11045)),.UNSPECIFIED.,.F.,.F.,.F.,(3,3),(2,2),(0.,1.),(0.,0.1),
 .UNSPECIFIED.);
#129=B_SPLINE_SURFACE_WITH_KNOTS('',2,1,((#11055,#11056),(#11057,#11058),
(#11059,#11060)),.UNSPECIFIED.,.F.,.F.,.F.,(3,3),(2,2),(0.,1.),(0.,0.1),
 .UNSPECIFIED.);
#130=B_SPLINE_SURFACE_WITH_KNOTS('',2,1,((#11070,#11071),(#11072,#11073),
(#11074,#11075)),.UNSPECIFIED.,.F.,.F.,.F.,(3,3),(2,2),(0.,1.),(0.,0.1),
 .UNSPECIFIED.);
#131=B_SPLINE_SURFACE_WITH_KNOTS('',2,1,((#11085,#11086),(#11087,#11088),
(#11089,#11090)),.UNSPECIFIED.,.F.,.F.,.F.,(3,3),(2,2),(0.,1.),(0.,0.1),
 .UNSPECIFIED.);
#132=B_SPLINE_SURFACE_WITH_KNOTS('',2,1,((#11100,#11101),(#11102,#11103),
(#11104,#11105)),.UNSPECIFIED.,.F.,.F.,.F.,(3,3),(2,2),(0.,1.),(0.,0.1),
 .UNSPECIFIED.);
#133=B_SPLINE_SURFACE_WITH_KNOTS('',2,1,((#11115,#11116),(#11117,#11118),
(#11119,#11120)),.UNSPECIFIED.,.F.,.F.,.F.,(3,3),(2,2),(0.,1.),(0.,0.1),
 .UNSPECIFIED.);
#134=B_SPLINE_SURFACE_WITH_KNOTS('',2,1,((#11130,#11131),(#11132,#11133),
(#11134,#11135)),.UNSPECIFIED.,.F.,.F.,.F.,(3,3),(2,2),(0.,1.),(0.,0.1),
 .UNSPECIFIED.);
#135=B_SPLINE_SURFACE_WITH_KNOTS('',2,1,((#11145,#11146),(#11147,#11148),
(#11149,#11150)),.UNSPECIFIED.,.F.,.F.,.F.,(3,3),(2,2),(0.,1.),(0.,0.1),
 .UNSPECIFIED.);
#136=B_SPLINE_SURFACE_WITH_KNOTS('',2,1,((#11160,#11161),(#11162,#11163),
(#11164,#11165)),.UNSPECIFIED.,.F.,.F.,.F.,(3,3),(2,2),(0.,1.),(0.,0.1),
 .UNSPECIFIED.);
#137=B_SPLINE_SURFACE_WITH_KNOTS('',2,1,((#11172,#11173),(#11174,#11175),
(#11176,#11177)),.UNSPECIFIED.,.F.,.F.,.F.,(3,3),(2,2),(0.,1.),(0.,0.1),
 .UNSPECIFIED.);
#138=B_SPLINE_SURFACE_WITH_KNOTS('',2,1,((#11190,#11191),(#11192,#11193),
(#11194,#11195)),.UNSPECIFIED.,.F.,.F.,.F.,(3,3),(2,2),(0.,1.),(0.,0.1),
 .UNSPECIFIED.);
#139=B_SPLINE_SURFACE_WITH_KNOTS('',2,1,((#11205,#11206),(#11207,#11208),
(#11209,#11210)),.UNSPECIFIED.,.F.,.F.,.F.,(3,3),(2,2),(0.,1.),(0.,0.1),
 .UNSPECIFIED.);
#140=B_SPLINE_SURFACE_WITH_KNOTS('',2,1,((#11220,#11221),(#11222,#11223),
(#11224,#11225)),.UNSPECIFIED.,.F.,.F.,.F.,(3,3),(2,2),(0.,1.),(0.,0.1),
 .UNSPECIFIED.);
#141=B_SPLINE_SURFACE_WITH_KNOTS('',2,1,((#11265,#11266),(#11267,#11268),
(#11269,#11270)),.UNSPECIFIED.,.F.,.F.,.F.,(3,3),(2,2),(0.,1.),(0.,0.1),
 .UNSPECIFIED.);
#142=B_SPLINE_SURFACE_WITH_KNOTS('',2,1,((#11280,#11281),(#11282,#11283),
(#11284,#11285)),.UNSPECIFIED.,.F.,.F.,.F.,(3,3),(2,2),(0.,1.),(0.,0.1),
 .UNSPECIFIED.);
#143=B_SPLINE_SURFACE_WITH_KNOTS('',2,1,((#11295,#11296),(#11297,#11298),
(#11299,#11300)),.UNSPECIFIED.,.F.,.F.,.F.,(3,3),(2,2),(0.,1.),(0.,0.1),
 .UNSPECIFIED.);
#144=B_SPLINE_SURFACE_WITH_KNOTS('',2,1,((#11310,#11311),(#11312,#11313),
(#11314,#11315)),.UNSPECIFIED.,.F.,.F.,.F.,(3,3),(2,2),(0.,1.),(0.,0.1),
 .UNSPECIFIED.);
#145=B_SPLINE_SURFACE_WITH_KNOTS('',2,1,((#11325,#11326),(#11327,#11328),
(#11329,#11330)),.UNSPECIFIED.,.F.,.F.,.F.,(3,3),(2,2),(0.,1.),(0.,0.1),
 .UNSPECIFIED.);
#146=B_SPLINE_SURFACE_WITH_KNOTS('',2,1,((#11340,#11341),(#11342,#11343),
(#11344,#11345)),.UNSPECIFIED.,.F.,.F.,.F.,(3,3),(2,2),(0.,1.),(0.,0.1),
 .UNSPECIFIED.);
#147=B_SPLINE_SURFACE_WITH_KNOTS('',2,1,((#11353,#11354),(#11355,#11356),
(#11357,#11358)),.UNSPECIFIED.,.F.,.F.,.F.,(3,3),(2,2),(0.,1.),(0.,0.1),
 .UNSPECIFIED.);
#148=B_SPLINE_SURFACE_WITH_KNOTS('',2,1,((#11371,#11372),(#11373,#11374),
(#11375,#11376)),.UNSPECIFIED.,.F.,.F.,.F.,(3,3),(2,2),(0.,1.),(0.,0.1),
 .UNSPECIFIED.);
#149=B_SPLINE_SURFACE_WITH_KNOTS('',2,1,((#11386,#11387),(#11388,#11389),
(#11390,#11391)),.UNSPECIFIED.,.F.,.F.,.F.,(3,3),(2,2),(0.,1.),(0.,0.1),
 .UNSPECIFIED.);
#150=B_SPLINE_SURFACE_WITH_KNOTS('',2,1,((#11401,#11402),(#11403,#11404),
(#11405,#11406)),.UNSPECIFIED.,.F.,.F.,.F.,(3,3),(2,2),(0.,1.),(0.,0.1),
 .UNSPECIFIED.);
#151=B_SPLINE_SURFACE_WITH_KNOTS('',2,1,((#11416,#11417),(#11418,#11419),
(#11420,#11421)),.UNSPECIFIED.,.F.,.F.,.F.,(3,3),(2,2),(0.,1.),(0.,0.1),
 .UNSPECIFIED.);
#152=B_SPLINE_SURFACE_WITH_KNOTS('',2,1,((#11431,#11432),(#11433,#11434),
(#11435,#11436)),.UNSPECIFIED.,.F.,.F.,.F.,(3,3),(2,2),(0.,1.),(0.,0.1),
 .UNSPECIFIED.);
#153=B_SPLINE_SURFACE_WITH_KNOTS('',2,1,((#11446,#11447),(#11448,#11449),
(#11450,#11451)),.UNSPECIFIED.,.F.,.F.,.F.,(3,3),(2,2),(0.,1.),(0.,0.1),
 .UNSPECIFIED.);
#154=B_SPLINE_SURFACE_WITH_KNOTS('',2,1,((#11461,#11462),(#11463,#11464),
(#11465,#11466)),.UNSPECIFIED.,.F.,.F.,.F.,(3,3),(2,2),(0.,1.),(0.,0.1),
 .UNSPECIFIED.);
#155=B_SPLINE_SURFACE_WITH_KNOTS('',2,1,((#11476,#11477),(#11478,#11479),
(#11480,#11481)),.UNSPECIFIED.,.F.,.F.,.F.,(3,3),(2,2),(0.,1.),(0.,0.1),
 .UNSPECIFIED.);
#156=B_SPLINE_SURFACE_WITH_KNOTS('',2,1,((#11491,#11492),(#11493,#11494),
(#11495,#11496)),.UNSPECIFIED.,.F.,.F.,.F.,(3,3),(2,2),(0.,1.),(0.,0.1),
 .UNSPECIFIED.);
#157=B_SPLINE_SURFACE_WITH_KNOTS('',2,1,((#11506,#11507),(#11508,#11509),
(#11510,#11511)),.UNSPECIFIED.,.F.,.F.,.F.,(3,3),(2,2),(0.,1.),(0.,0.1),
 .UNSPECIFIED.);
#158=B_SPLINE_SURFACE_WITH_KNOTS('',2,1,((#11521,#11522),(#11523,#11524),
(#11525,#11526)),.UNSPECIFIED.,.F.,.F.,.F.,(3,3),(2,2),(0.,1.),(0.,0.1),
 .UNSPECIFIED.);
#159=B_SPLINE_SURFACE_WITH_KNOTS('',2,1,((#11542,#11543),(#11544,#11545),
(#11546,#11547)),.UNSPECIFIED.,.F.,.F.,.F.,(3,3),(2,2),(0.,1.),(0.,0.1),
 .UNSPECIFIED.);
#160=B_SPLINE_SURFACE_WITH_KNOTS('',2,1,((#11557,#11558),(#11559,#11560),
(#11561,#11562)),.UNSPECIFIED.,.F.,.F.,.F.,(3,3),(2,2),(0.,1.),(0.,0.1),
 .UNSPECIFIED.);
#161=B_SPLINE_SURFACE_WITH_KNOTS('',2,1,((#11572,#11573),(#11574,#11575),
(#11576,#11577)),.UNSPECIFIED.,.F.,.F.,.F.,(3,3),(2,2),(0.,1.),(0.,0.1),
 .UNSPECIFIED.);
#162=B_SPLINE_SURFACE_WITH_KNOTS('',2,1,((#11587,#11588),(#11589,#11590),
(#11591,#11592)),.UNSPECIFIED.,.F.,.F.,.F.,(3,3),(2,2),(0.,1.),(0.,0.1),
 .UNSPECIFIED.);
#163=B_SPLINE_SURFACE_WITH_KNOTS('',2,1,((#11602,#11603),(#11604,#11605),
(#11606,#11607)),.UNSPECIFIED.,.F.,.F.,.F.,(3,3),(2,2),(0.,1.),(0.,0.1),
 .UNSPECIFIED.);
#164=B_SPLINE_SURFACE_WITH_KNOTS('',2,1,((#11617,#11618),(#11619,#11620),
(#11621,#11622)),.UNSPECIFIED.,.F.,.F.,.F.,(3,3),(2,2),(0.,1.),(0.,0.1),
 .UNSPECIFIED.);
#165=B_SPLINE_SURFACE_WITH_KNOTS('',2,1,((#11632,#11633),(#11634,#11635),
(#11636,#11637)),.UNSPECIFIED.,.F.,.F.,.F.,(3,3),(2,2),(0.,1.),(0.,0.1),
 .UNSPECIFIED.);
#166=B_SPLINE_SURFACE_WITH_KNOTS('',2,1,((#11647,#11648),(#11649,#11650),
(#11651,#11652)),.UNSPECIFIED.,.F.,.F.,.F.,(3,3),(2,2),(0.,1.),(0.,0.1),
 .UNSPECIFIED.);
#167=B_SPLINE_SURFACE_WITH_KNOTS('',2,1,((#11662,#11663),(#11664,#11665),
(#11666,#11667)),.UNSPECIFIED.,.F.,.F.,.F.,(3,3),(2,2),(0.,1.),(0.,0.1),
 .UNSPECIFIED.);
#168=B_SPLINE_SURFACE_WITH_KNOTS('',2,1,((#11677,#11678),(#11679,#11680),
(#11681,#11682)),.UNSPECIFIED.,.F.,.F.,.F.,(3,3),(2,2),(0.,1.),(0.,0.1),
 .UNSPECIFIED.);
#169=B_SPLINE_SURFACE_WITH_KNOTS('',2,1,((#11692,#11693),(#11694,#11695),
(#11696,#11697)),.UNSPECIFIED.,.F.,.F.,.F.,(3,3),(2,2),(0.,1.),(0.,0.1),
 .UNSPECIFIED.);
#170=B_SPLINE_SURFACE_WITH_KNOTS('',2,1,((#11707,#11708),(#11709,#11710),
(#11711,#11712)),.UNSPECIFIED.,.F.,.F.,.F.,(3,3),(2,2),(0.,1.),(0.,0.1),
 .UNSPECIFIED.);
#171=B_SPLINE_SURFACE_WITH_KNOTS('',2,1,((#11722,#11723),(#11724,#11725),
(#11726,#11727)),.UNSPECIFIED.,.F.,.F.,.F.,(3,3),(2,2),(0.,1.),(0.,0.1),
 .UNSPECIFIED.);
#172=B_SPLINE_SURFACE_WITH_KNOTS('',2,1,((#11737,#11738),(#11739,#11740),
(#11741,#11742)),.UNSPECIFIED.,.F.,.F.,.F.,(3,3),(2,2),(0.,1.),(0.,0.1),
 .UNSPECIFIED.);
#173=B_SPLINE_SURFACE_WITH_KNOTS('',2,1,((#11752,#11753),(#11754,#11755),
(#11756,#11757)),.UNSPECIFIED.,.F.,.F.,.F.,(3,3),(2,2),(0.,1.),(0.,0.1),
 .UNSPECIFIED.);
#174=B_SPLINE_SURFACE_WITH_KNOTS('',2,1,((#11773,#11774),(#11775,#11776),
(#11777,#11778)),.UNSPECIFIED.,.F.,.F.,.F.,(3,3),(2,2),(0.,1.),(0.,0.1),
 .UNSPECIFIED.);
#175=B_SPLINE_SURFACE_WITH_KNOTS('',2,1,((#11788,#11789),(#11790,#11791),
(#11792,#11793)),.UNSPECIFIED.,.F.,.F.,.F.,(3,3),(2,2),(0.,1.),(0.,0.1),
 .UNSPECIFIED.);
#176=B_SPLINE_SURFACE_WITH_KNOTS('',2,1,((#11803,#11804),(#11805,#11806),
(#11807,#11808)),.UNSPECIFIED.,.F.,.F.,.F.,(3,3),(2,2),(0.,1.),(0.,0.1),
 .UNSPECIFIED.);
#177=B_SPLINE_SURFACE_WITH_KNOTS('',2,1,((#11816,#11817),(#11818,#11819),
(#11820,#11821)),.UNSPECIFIED.,.F.,.F.,.F.,(3,3),(2,2),(0.,1.),(0.,0.1),
 .UNSPECIFIED.);
#178=B_SPLINE_SURFACE_WITH_KNOTS('',2,1,((#11834,#11835),(#11836,#11837),
(#11838,#11839)),.UNSPECIFIED.,.F.,.F.,.F.,(3,3),(2,2),(0.,1.),(0.,0.1),
 .UNSPECIFIED.);
#179=B_SPLINE_SURFACE_WITH_KNOTS('',2,1,((#11849,#11850),(#11851,#11852),
(#11853,#11854)),.UNSPECIFIED.,.F.,.F.,.F.,(3,3),(2,2),(0.,1.),(0.,0.1),
 .UNSPECIFIED.);
#180=B_SPLINE_SURFACE_WITH_KNOTS('',2,1,((#11864,#11865),(#11866,#11867),
(#11868,#11869)),.UNSPECIFIED.,.F.,.F.,.F.,(3,3),(2,2),(0.,1.),(0.,0.1),
 .UNSPECIFIED.);
#181=B_SPLINE_SURFACE_WITH_KNOTS('',2,1,((#11879,#11880),(#11881,#11882),
(#11883,#11884)),.UNSPECIFIED.,.F.,.F.,.F.,(3,3),(2,2),(0.,1.),(0.,0.1),
 .UNSPECIFIED.);
#182=B_SPLINE_SURFACE_WITH_KNOTS('',2,1,((#11897,#11898),(#11899,#11900),
(#11901,#11902)),.UNSPECIFIED.,.F.,.F.,.F.,(3,3),(2,2),(0.,1.),(0.,0.1),
 .UNSPECIFIED.);
#183=B_SPLINE_SURFACE_WITH_KNOTS('',2,1,((#11915,#11916),(#11917,#11918),
(#11919,#11920)),.UNSPECIFIED.,.F.,.F.,.F.,(3,3),(2,2),(0.,1.),(0.,0.1),
 .UNSPECIFIED.);
#184=B_SPLINE_SURFACE_WITH_KNOTS('',2,1,((#11930,#11931),(#11932,#11933),
(#11934,#11935)),.UNSPECIFIED.,.F.,.F.,.F.,(3,3),(2,2),(0.,1.),(0.,0.1),
 .UNSPECIFIED.);
#185=B_SPLINE_SURFACE_WITH_KNOTS('',2,1,((#11945,#11946),(#11947,#11948),
(#11949,#11950)),.UNSPECIFIED.,.F.,.F.,.F.,(3,3),(2,2),(0.,1.),(0.,0.1),
 .UNSPECIFIED.);
#186=B_SPLINE_SURFACE_WITH_KNOTS('',2,1,((#11960,#11961),(#11962,#11963),
(#11964,#11965)),.UNSPECIFIED.,.F.,.F.,.F.,(3,3),(2,2),(0.,1.),(0.,0.1),
 .UNSPECIFIED.);
#187=B_SPLINE_SURFACE_WITH_KNOTS('',2,1,((#11975,#11976),(#11977,#11978),
(#11979,#11980)),.UNSPECIFIED.,.F.,.F.,.F.,(3,3),(2,2),(0.,1.),(0.,0.1),
 .UNSPECIFIED.);
#188=B_SPLINE_SURFACE_WITH_KNOTS('',2,1,((#11990,#11991),(#11992,#11993),
(#11994,#11995)),.UNSPECIFIED.,.F.,.F.,.F.,(3,3),(2,2),(0.,1.),(0.,0.1),
 .UNSPECIFIED.);
#189=B_SPLINE_SURFACE_WITH_KNOTS('',2,1,((#12005,#12006),(#12007,#12008),
(#12009,#12010)),.UNSPECIFIED.,.F.,.F.,.F.,(3,3),(2,2),(0.,1.),(0.,0.1),
 .UNSPECIFIED.);
#190=B_SPLINE_SURFACE_WITH_KNOTS('',2,1,((#12020,#12021),(#12022,#12023),
(#12024,#12025)),.UNSPECIFIED.,.F.,.F.,.F.,(3,3),(2,2),(0.,1.),(0.,0.1),
 .UNSPECIFIED.);
#191=B_SPLINE_SURFACE_WITH_KNOTS('',2,1,((#12035,#12036),(#12037,#12038),
(#12039,#12040)),.UNSPECIFIED.,.F.,.F.,.F.,(3,3),(2,2),(0.,1.),(0.,0.1),
 .UNSPECIFIED.);
#192=B_SPLINE_SURFACE_WITH_KNOTS('',2,1,((#12056,#12057),(#12058,#12059),
(#12060,#12061)),.UNSPECIFIED.,.F.,.F.,.F.,(3,3),(2,2),(0.,1.),(0.,0.1),
 .UNSPECIFIED.);
#193=B_SPLINE_SURFACE_WITH_KNOTS('',2,1,((#12071,#12072),(#12073,#12074),
(#12075,#12076)),.UNSPECIFIED.,.F.,.F.,.F.,(3,3),(2,2),(0.,1.),(0.,0.1),
 .UNSPECIFIED.);
#194=B_SPLINE_SURFACE_WITH_KNOTS('',2,1,((#12086,#12087),(#12088,#12089),
(#12090,#12091)),.UNSPECIFIED.,.F.,.F.,.F.,(3,3),(2,2),(0.,1.),(0.,0.1),
 .UNSPECIFIED.);
#195=B_SPLINE_SURFACE_WITH_KNOTS('',2,1,((#12101,#12102),(#12103,#12104),
(#12105,#12106)),.UNSPECIFIED.,.F.,.F.,.F.,(3,3),(2,2),(0.,1.),(0.,0.1),
 .UNSPECIFIED.);
#196=B_SPLINE_SURFACE_WITH_KNOTS('',2,1,((#12116,#12117),(#12118,#12119),
(#12120,#12121)),.UNSPECIFIED.,.F.,.F.,.F.,(3,3),(2,2),(0.,1.),(0.,0.1),
 .UNSPECIFIED.);
#197=B_SPLINE_SURFACE_WITH_KNOTS('',2,1,((#12137,#12138),(#12139,#12140),
(#12141,#12142)),.UNSPECIFIED.,.F.,.F.,.F.,(3,3),(2,2),(0.,1.),(0.,0.1),
 .UNSPECIFIED.);
#198=B_SPLINE_SURFACE_WITH_KNOTS('',2,1,((#12152,#12153),(#12154,#12155),
(#12156,#12157)),.UNSPECIFIED.,.F.,.F.,.F.,(3,3),(2,2),(0.,1.),(0.,0.1),
 .UNSPECIFIED.);
#199=B_SPLINE_SURFACE_WITH_KNOTS('',2,1,((#12165,#12166),(#12167,#12168),
(#12169,#12170)),.UNSPECIFIED.,.F.,.F.,.F.,(3,3),(2,2),(0.,1.),(0.,0.1),
 .UNSPECIFIED.);
#200=B_SPLINE_SURFACE_WITH_KNOTS('',2,1,((#12183,#12184),(#12185,#12186),
(#12187,#12188)),.UNSPECIFIED.,.F.,.F.,.F.,(3,3),(2,2),(0.,1.),(0.,0.1),
 .UNSPECIFIED.);
#201=B_SPLINE_SURFACE_WITH_KNOTS('',2,1,((#12198,#12199),(#12200,#12201),
(#12202,#12203)),.UNSPECIFIED.,.F.,.F.,.F.,(3,3),(2,2),(0.,1.),(0.,0.1),
 .UNSPECIFIED.);
#202=B_SPLINE_SURFACE_WITH_KNOTS('',2,1,((#12213,#12214),(#12215,#12216),
(#12217,#12218)),.UNSPECIFIED.,.F.,.F.,.F.,(3,3),(2,2),(0.,1.),(0.,0.1),
 .UNSPECIFIED.);
#203=B_SPLINE_SURFACE_WITH_KNOTS('',2,1,((#12228,#12229),(#12230,#12231),
(#12232,#12233)),.UNSPECIFIED.,.F.,.F.,.F.,(3,3),(2,2),(0.,1.),(0.,0.1),
 .UNSPECIFIED.);
#204=B_SPLINE_SURFACE_WITH_KNOTS('',2,1,((#12246,#12247),(#12248,#12249),
(#12250,#12251)),.UNSPECIFIED.,.F.,.F.,.F.,(3,3),(2,2),(0.,1.),(0.,0.1),
 .UNSPECIFIED.);
#205=B_SPLINE_SURFACE_WITH_KNOTS('',2,1,((#12264,#12265),(#12266,#12267),
(#12268,#12269)),.UNSPECIFIED.,.F.,.F.,.F.,(3,3),(2,2),(0.,1.),(0.,0.1),
 .UNSPECIFIED.);
#206=B_SPLINE_SURFACE_WITH_KNOTS('',2,1,((#12279,#12280),(#12281,#12282),
(#12283,#12284)),.UNSPECIFIED.,.F.,.F.,.F.,(3,3),(2,2),(0.,1.),(0.,0.1),
 .UNSPECIFIED.);
#207=B_SPLINE_SURFACE_WITH_KNOTS('',2,1,((#12294,#12295),(#12296,#12297),
(#12298,#12299)),.UNSPECIFIED.,.F.,.F.,.F.,(3,3),(2,2),(0.,1.),(0.,0.1),
 .UNSPECIFIED.);
#208=B_SPLINE_SURFACE_WITH_KNOTS('',2,1,((#12309,#12310),(#12311,#12312),
(#12313,#12314)),.UNSPECIFIED.,.F.,.F.,.F.,(3,3),(2,2),(0.,1.),(0.,0.1),
 .UNSPECIFIED.);
#209=B_SPLINE_SURFACE_WITH_KNOTS('',2,1,((#12324,#12325),(#12326,#12327),
(#12328,#12329)),.UNSPECIFIED.,.F.,.F.,.F.,(3,3),(2,2),(0.,1.),(0.,0.1),
 .UNSPECIFIED.);
#210=B_SPLINE_SURFACE_WITH_KNOTS('',2,1,((#12339,#12340),(#12341,#12342),
(#12343,#12344)),.UNSPECIFIED.,.F.,.F.,.F.,(3,3),(2,2),(0.,1.),(0.,0.1),
 .UNSPECIFIED.);
#211=B_SPLINE_SURFACE_WITH_KNOTS('',2,1,((#12354,#12355),(#12356,#12357),
(#12358,#12359)),.UNSPECIFIED.,.F.,.F.,.F.,(3,3),(2,2),(0.,1.),(0.,0.1),
 .UNSPECIFIED.);
#212=B_SPLINE_SURFACE_WITH_KNOTS('',2,1,((#12369,#12370),(#12371,#12372),
(#12373,#12374)),.UNSPECIFIED.,.F.,.F.,.F.,(3,3),(2,2),(0.,1.),(0.,0.1),
 .UNSPECIFIED.);
#213=B_SPLINE_SURFACE_WITH_KNOTS('',2,1,((#12384,#12385),(#12386,#12387),
(#12388,#12389)),.UNSPECIFIED.,.F.,.F.,.F.,(3,3),(2,2),(0.,1.),(0.,0.1),
 .UNSPECIFIED.);
#214=B_SPLINE_SURFACE_WITH_KNOTS('',2,1,((#12405,#12406),(#12407,#12408),
(#12409,#12410)),.UNSPECIFIED.,.F.,.F.,.F.,(3,3),(2,2),(0.,1.),(0.,0.1),
 .UNSPECIFIED.);
#215=B_SPLINE_SURFACE_WITH_KNOTS('',2,1,((#12420,#12421),(#12422,#12423),
(#12424,#12425)),.UNSPECIFIED.,.F.,.F.,.F.,(3,3),(2,2),(0.,1.),(0.,0.1),
 .UNSPECIFIED.);
#216=B_SPLINE_SURFACE_WITH_KNOTS('',2,1,((#12435,#12436),(#12437,#12438),
(#12439,#12440)),.UNSPECIFIED.,.F.,.F.,.F.,(3,3),(2,2),(0.,1.),(0.,0.1),
 .UNSPECIFIED.);
#217=B_SPLINE_SURFACE_WITH_KNOTS('',2,1,((#12450,#12451),(#12452,#12453),
(#12454,#12455)),.UNSPECIFIED.,.F.,.F.,.F.,(3,3),(2,2),(0.,1.),(0.,0.1),
 .UNSPECIFIED.);
#218=B_SPLINE_SURFACE_WITH_KNOTS('',2,1,((#12465,#12466),(#12467,#12468),
(#12469,#12470)),.UNSPECIFIED.,.F.,.F.,.F.,(3,3),(2,2),(0.,1.),(0.,0.1),
 .UNSPECIFIED.);
#219=B_SPLINE_SURFACE_WITH_KNOTS('',2,1,((#12486,#12487),(#12488,#12489),
(#12490,#12491)),.UNSPECIFIED.,.F.,.F.,.F.,(3,3),(2,2),(0.,1.),(0.,0.1),
 .UNSPECIFIED.);
#220=B_SPLINE_SURFACE_WITH_KNOTS('',2,1,((#12501,#12502),(#12503,#12504),
(#12505,#12506)),.UNSPECIFIED.,.F.,.F.,.F.,(3,3),(2,2),(0.,1.),(0.,0.1),
 .UNSPECIFIED.);
#221=TOROIDAL_SURFACE('',#7354,1.5,0.5);
#222=TOROIDAL_SURFACE('',#7358,4.,0.5);
#223=TOROIDAL_SURFACE('',#7375,4.,0.5);
#224=TOROIDAL_SURFACE('',#7429,4.5,1.);
#225=TOROIDAL_SURFACE('',#7435,4.5,1.);
#226=B_SPLINE_CURVE_WITH_KNOTS('',3,(#9014,#9015,#9016,#9017,#9018,#9019,
#9020,#9021,#9022,#9023),.UNSPECIFIED.,.F.,.F.,(4,2,2,2,4),(0.267222722206037,
0.289893058775198,0.312563395344358,0.345827802749548,0.379092210154737),
 .UNSPECIFIED.);
#227=B_SPLINE_CURVE_WITH_KNOTS('',3,(#9046,#9047,#9048,#9049,#9050,#9051,
#9052,#9053,#9054,#9055,#9056,#9057),.UNSPECIFIED.,.F.,.F.,(4,2,2,2,2,4),
(0.364273116583659,0.39389075745834,0.423508398333022,0.44920651095968,
0.459938782233452,0.470671053507224),.UNSPECIFIED.);
#228=B_SPLINE_CURVE_WITH_KNOTS('',3,(#9093,#9094,#9095,#9096,#9097),
 .UNSPECIFIED.,.F.,.F.,(4,1,4),(-0.202295954817218,-0.101147977408611,-5.11492832381608E-15),
 .UNSPECIFIED.);
#229=B_SPLINE_CURVE_WITH_KNOTS('',3,(#9098,#9099,#9100,#9101,#9102),
 .UNSPECIFIED.,.F.,.F.,(4,1,4),(5.11492832381608E-15,0.101147977408611,
0.202295954817218),.UNSPECIFIED.);
#230=B_SPLINE_CURVE_WITH_KNOTS('',3,(#9378,#9379,#9380,#9381),
 .UNSPECIFIED.,.F.,.F.,(4,4),(0.,0.288701302460694),.UNSPECIFIED.);
#231=B_SPLINE_CURVE_WITH_KNOTS('',3,(#9475,#9476,#9477,#9478,#9479,#9480,
#9481,#9482),.UNSPECIFIED.,.F.,.F.,(4,1,1,2,4),(0.,0.170457966680785,0.255686950021177,
0.426144916701962,0.431733230249186),.UNSPECIFIED.);
#232=B_SPLINE_CURVE_WITH_KNOTS('',3,(#9483,#9484,#9485,#9486,#9487,#9488,
#9489,#9490),.UNSPECIFIED.,.F.,.F.,(4,2,1,1,4),(-0.431733230249186,-0.426144916701962,
-0.255686950021177,-0.170457966680785,0.),.UNSPECIFIED.);
#233=B_SPLINE_CURVE_WITH_KNOTS('',3,(#9509,#9510,#9511,#9512,#9513,#9514,
#9515,#9516,#9517,#9518,#9519,#9520,#9521,#9522,#9523,#9524,#9525,#9526,
#9527),.UNSPECIFIED.,.F.,.F.,(4,2,2,2,3,2,2,2,4),(-0.539901875530321,-0.413606549201027,
-0.277340832773212,-0.138670416386606,0.,0.138670416386606,0.277340832773212,
0.413606549201028,0.539901875530322),.UNSPECIFIED.);
#234=B_SPLINE_CURVE_WITH_KNOTS('',2,(#9612,#9613,#9614),.UNSPECIFIED.,.F.,
 .F.,(3,3),(0.,1.),.UNSPECIFIED.);
#235=B_SPLINE_CURVE_WITH_KNOTS('',2,(#9618,#9619,#9620),.UNSPECIFIED.,.F.,
 .F.,(3,3),(0.,1.),.UNSPECIFIED.);
#236=B_SPLINE_CURVE_WITH_KNOTS('',2,(#9659,#9660,#9661),.UNSPECIFIED.,.F.,
 .F.,(3,3),(0.,1.),.UNSPECIFIED.);
#237=B_SPLINE_CURVE_WITH_KNOTS('',2,(#9664,#9665,#9666),.UNSPECIFIED.,.F.,
 .F.,(3,3),(0.,1.),.UNSPECIFIED.);
#238=B_SPLINE_CURVE_WITH_KNOTS('',2,(#9674,#9675,#9676),.UNSPECIFIED.,.F.,
 .F.,(3,3),(0.,1.),.UNSPECIFIED.);
#239=B_SPLINE_CURVE_WITH_KNOTS('',2,(#9679,#9680,#9681),.UNSPECIFIED.,.F.,
 .F.,(3,3),(0.,1.),.UNSPECIFIED.);
#240=B_SPLINE_CURVE_WITH_KNOTS('',2,(#9689,#9690,#9691),.UNSPECIFIED.,.F.,
 .F.,(3,3),(0.,1.),.UNSPECIFIED.);
#241=B_SPLINE_CURVE_WITH_KNOTS('',2,(#9694,#9695,#9696),.UNSPECIFIED.,.F.,
 .F.,(3,3),(0.,1.),.UNSPECIFIED.);
#242=B_SPLINE_CURVE_WITH_KNOTS('',2,(#9704,#9705,#9706),.UNSPECIFIED.,.F.,
 .F.,(3,3),(0.,1.),.UNSPECIFIED.);
#243=B_SPLINE_CURVE_WITH_KNOTS('',2,(#9709,#9710,#9711),.UNSPECIFIED.,.F.,
 .F.,(3,3),(0.,1.),.UNSPECIFIED.);
#244=B_SPLINE_CURVE_WITH_KNOTS('',2,(#9737,#9738,#9739),.UNSPECIFIED.,.F.,
 .F.,(3,3),(0.,1.),.UNSPECIFIED.);
#245=B_SPLINE_CURVE_WITH_KNOTS('',2,(#9742,#9743,#9744),.UNSPECIFIED.,.F.,
 .F.,(3,3),(0.,1.),.UNSPECIFIED.);
#246=B_SPLINE_CURVE_WITH_KNOTS('',2,(#9752,#9753,#9754),.UNSPECIFIED.,.F.,
 .F.,(3,3),(0.,1.),.UNSPECIFIED.);
#247=B_SPLINE_CURVE_WITH_KNOTS('',2,(#9757,#9758,#9759),.UNSPECIFIED.,.F.,
 .F.,(3,3),(0.,1.),.UNSPECIFIED.);
#248=B_SPLINE_CURVE_WITH_KNOTS('',2,(#9767,#9768,#9769),.UNSPECIFIED.,.F.,
 .F.,(3,3),(0.,1.),.UNSPECIFIED.);
#249=B_SPLINE_CURVE_WITH_KNOTS('',2,(#9772,#9773,#9774),.UNSPECIFIED.,.F.,
 .F.,(3,3),(0.,1.),.UNSPECIFIED.);
#250=B_SPLINE_CURVE_WITH_KNOTS('',2,(#9781,#9782,#9783),.UNSPECIFIED.,.F.,
 .F.,(3,3),(0.,1.),.UNSPECIFIED.);
#251=B_SPLINE_CURVE_WITH_KNOTS('',2,(#9784,#9785,#9786),.UNSPECIFIED.,.F.,
 .F.,(3,3),(0.,1.),.UNSPECIFIED.);
#252=B_SPLINE_CURVE_WITH_KNOTS('',2,(#9875,#9876,#9877),.UNSPECIFIED.,.F.,
 .F.,(3,3),(0.,1.),.UNSPECIFIED.);
#253=B_SPLINE_CURVE_WITH_KNOTS('',2,(#9881,#9882,#9883),.UNSPECIFIED.,.F.,
 .F.,(3,3),(0.,1.),.UNSPECIFIED.);
#254=B_SPLINE_CURVE_WITH_KNOTS('',2,(#9892,#9893,#9894),.UNSPECIFIED.,.F.,
 .F.,(3,3),(0.,1.),.UNSPECIFIED.);
#255=B_SPLINE_CURVE_WITH_KNOTS('',2,(#9897,#9898,#9899),.UNSPECIFIED.,.F.,
 .F.,(3,3),(0.,1.),.UNSPECIFIED.);
#256=B_SPLINE_CURVE_WITH_KNOTS('',2,(#9907,#9908,#9909),.UNSPECIFIED.,.F.,
 .F.,(3,3),(0.,1.),.UNSPECIFIED.);
#257=B_SPLINE_CURVE_WITH_KNOTS('',2,(#9912,#9913,#9914),.UNSPECIFIED.,.F.,
 .F.,(3,3),(0.,1.),.UNSPECIFIED.);
#258=B_SPLINE_CURVE_WITH_KNOTS('',2,(#9922,#9923,#9924),.UNSPECIFIED.,.F.,
 .F.,(3,3),(0.,1.),.UNSPECIFIED.);
#259=B_SPLINE_CURVE_WITH_KNOTS('',2,(#9927,#9928,#9929),.UNSPECIFIED.,.F.,
 .F.,(3,3),(0.,1.),.UNSPECIFIED.);
#260=B_SPLINE_CURVE_WITH_KNOTS('',2,(#9943,#9944,#9945),.UNSPECIFIED.,.F.,
 .F.,(3,3),(0.,1.),.UNSPECIFIED.);
#261=B_SPLINE_CURVE_WITH_KNOTS('',2,(#9948,#9949,#9950),.UNSPECIFIED.,.F.,
 .F.,(3,3),(0.,1.),.UNSPECIFIED.);
#262=B_SPLINE_CURVE_WITH_KNOTS('',2,(#9958,#9959,#9960),.UNSPECIFIED.,.F.,
 .F.,(3,3),(0.,1.),.UNSPECIFIED.);
#263=B_SPLINE_CURVE_WITH_KNOTS('',2,(#9963,#9964,#9965),.UNSPECIFIED.,.F.,
 .F.,(3,3),(0.,1.),.UNSPECIFIED.);
#264=B_SPLINE_CURVE_WITH_KNOTS('',2,(#9973,#9974,#9975),.UNSPECIFIED.,.F.,
 .F.,(3,3),(0.,1.),.UNSPECIFIED.);
#265=B_SPLINE_CURVE_WITH_KNOTS('',2,(#9978,#9979,#9980),.UNSPECIFIED.,.F.,
 .F.,(3,3),(0.,1.),.UNSPECIFIED.);
#266=B_SPLINE_CURVE_WITH_KNOTS('',2,(#9988,#9989,#9990),.UNSPECIFIED.,.F.,
 .F.,(3,3),(0.,1.),.UNSPECIFIED.);
#267=B_SPLINE_CURVE_WITH_KNOTS('',2,(#9993,#9994,#9995),.UNSPECIFIED.,.F.,
 .F.,(3,3),(0.,1.),.UNSPECIFIED.);
#268=B_SPLINE_CURVE_WITH_KNOTS('',2,(#10003,#10004,#10005),
 .UNSPECIFIED.,.F.,.F.,(3,3),(0.,1.),.UNSPECIFIED.);
#269=B_SPLINE_CURVE_WITH_KNOTS('',2,(#10008,#10009,#10010),
 .UNSPECIFIED.,.F.,.F.,(3,3),(0.,1.),.UNSPECIFIED.);
#270=B_SPLINE_CURVE_WITH_KNOTS('',2,(#10018,#10019,#10020),
 .UNSPECIFIED.,.F.,.F.,(3,3),(0.,1.),.UNSPECIFIED.);
#271=B_SPLINE_CURVE_WITH_KNOTS('',2,(#10023,#10024,#10025),
 .UNSPECIFIED.,.F.,.F.,(3,3),(0.,1.),.UNSPECIFIED.);
#272=B_SPLINE_CURVE_WITH_KNOTS('',2,(#10033,#10034,#10035),
 .UNSPECIFIED.,.F.,.F.,(3,3),(0.,1.),.UNSPECIFIED.);
#273=B_SPLINE_CURVE_WITH_KNOTS('',2,(#10038,#10039,#10040),
 .UNSPECIFIED.,.F.,.F.,(3,3),(0.,1.),.UNSPECIFIED.);
#274=B_SPLINE_CURVE_WITH_KNOTS('',2,(#10048,#10049,#10050),
 .UNSPECIFIED.,.F.,.F.,(3,3),(0.,1.),.UNSPECIFIED.);
#275=B_SPLINE_CURVE_WITH_KNOTS('',2,(#10053,#10054,#10055),
 .UNSPECIFIED.,.F.,.F.,(3,3),(0.,1.),.UNSPECIFIED.);
#276=B_SPLINE_CURVE_WITH_KNOTS('',2,(#10063,#10064,#10065),
 .UNSPECIFIED.,.F.,.F.,(3,3),(0.,1.),.UNSPECIFIED.);
#277=B_SPLINE_CURVE_WITH_KNOTS('',2,(#10068,#10069,#10070),
 .UNSPECIFIED.,.F.,.F.,(3,3),(0.,1.),.UNSPECIFIED.);
#278=B_SPLINE_CURVE_WITH_KNOTS('',2,(#10078,#10079,#10080),
 .UNSPECIFIED.,.F.,.F.,(3,3),(0.,1.),.UNSPECIFIED.);
#279=B_SPLINE_CURVE_WITH_KNOTS('',2,(#10083,#10084,#10085),
 .UNSPECIFIED.,.F.,.F.,(3,3),(0.,1.),.UNSPECIFIED.);
#280=B_SPLINE_CURVE_WITH_KNOTS('',2,(#10099,#10100,#10101),
 .UNSPECIFIED.,.F.,.F.,(3,3),(0.,1.),.UNSPECIFIED.);
#281=B_SPLINE_CURVE_WITH_KNOTS('',2,(#10104,#10105,#10106),
 .UNSPECIFIED.,.F.,.F.,(3,3),(0.,1.),.UNSPECIFIED.);
#282=B_SPLINE_CURVE_WITH_KNOTS('',2,(#10114,#10115,#10116),
 .UNSPECIFIED.,.F.,.F.,(3,3),(0.,1.),.UNSPECIFIED.);
#283=B_SPLINE_CURVE_WITH_KNOTS('',2,(#10119,#10120,#10121),
 .UNSPECIFIED.,.F.,.F.,(3,3),(0.,1.),.UNSPECIFIED.);
#284=B_SPLINE_CURVE_WITH_KNOTS('',2,(#10129,#10130,#10131),
 .UNSPECIFIED.,.F.,.F.,(3,3),(0.,1.),.UNSPECIFIED.);
#285=B_SPLINE_CURVE_WITH_KNOTS('',2,(#10134,#10135,#10136),
 .UNSPECIFIED.,.F.,.F.,(3,3),(0.,1.),.UNSPECIFIED.);
#286=B_SPLINE_CURVE_WITH_KNOTS('',2,(#10144,#10145,#10146),
 .UNSPECIFIED.,.F.,.F.,(3,3),(0.,1.),.UNSPECIFIED.);
#287=B_SPLINE_CURVE_WITH_KNOTS('',2,(#10149,#10150,#10151),
 .UNSPECIFIED.,.F.,.F.,(3,3),(0.,1.),.UNSPECIFIED.);
#288=B_SPLINE_CURVE_WITH_KNOTS('',2,(#10159,#10160,#10161),
 .UNSPECIFIED.,.F.,.F.,(3,3),(0.,1.),.UNSPECIFIED.);
#289=B_SPLINE_CURVE_WITH_KNOTS('',2,(#10164,#10165,#10166),
 .UNSPECIFIED.,.F.,.F.,(3,3),(0.,1.),.UNSPECIFIED.);
#290=B_SPLINE_CURVE_WITH_KNOTS('',2,(#10173,#10174,#10175),
 .UNSPECIFIED.,.F.,.F.,(3,3),(0.,1.),.UNSPECIFIED.);
#291=B_SPLINE_CURVE_WITH_KNOTS('',2,(#10176,#10177,#10178),
 .UNSPECIFIED.,.F.,.F.,(3,3),(0.,1.),.UNSPECIFIED.);
#292=B_SPLINE_CURVE_WITH_KNOTS('',2,(#10188,#10189,#10190),
 .UNSPECIFIED.,.F.,.F.,(3,3),(0.,1.),.UNSPECIFIED.);
#293=B_SPLINE_CURVE_WITH_KNOTS('',2,(#10194,#10195,#10196),
 .UNSPECIFIED.,.F.,.F.,(3,3),(0.,1.),.UNSPECIFIED.);
#294=B_SPLINE_CURVE_WITH_KNOTS('',2,(#10235,#10236,#10237),
 .UNSPECIFIED.,.F.,.F.,(3,3),(0.,1.),.UNSPECIFIED.);
#295=B_SPLINE_CURVE_WITH_KNOTS('',2,(#10240,#10241,#10242),
 .UNSPECIFIED.,.F.,.F.,(3,3),(0.,1.),.UNSPECIFIED.);
#296=B_SPLINE_CURVE_WITH_KNOTS('',2,(#10250,#10251,#10252),
 .UNSPECIFIED.,.F.,.F.,(3,3),(0.,1.),.UNSPECIFIED.);
#297=B_SPLINE_CURVE_WITH_KNOTS('',2,(#10255,#10256,#10257),
 .UNSPECIFIED.,.F.,.F.,(3,3),(0.,1.),.UNSPECIFIED.);
#298=B_SPLINE_CURVE_WITH_KNOTS('',2,(#10265,#10266,#10267),
 .UNSPECIFIED.,.F.,.F.,(3,3),(0.,1.),.UNSPECIFIED.);
#299=B_SPLINE_CURVE_WITH_KNOTS('',2,(#10270,#10271,#10272),
 .UNSPECIFIED.,.F.,.F.,(3,3),(0.,1.),.UNSPECIFIED.);
#300=B_SPLINE_CURVE_WITH_KNOTS('',2,(#10280,#10281,#10282),
 .UNSPECIFIED.,.F.,.F.,(3,3),(0.,1.),.UNSPECIFIED.);
#301=B_SPLINE_CURVE_WITH_KNOTS('',2,(#10285,#10286,#10287),
 .UNSPECIFIED.,.F.,.F.,(3,3),(0.,1.),.UNSPECIFIED.);
#302=B_SPLINE_CURVE_WITH_KNOTS('',2,(#10313,#10314,#10315),
 .UNSPECIFIED.,.F.,.F.,(3,3),(0.,1.),.UNSPECIFIED.);
#303=B_SPLINE_CURVE_WITH_KNOTS('',2,(#10318,#10319,#10320),
 .UNSPECIFIED.,.F.,.F.,(3,3),(0.,1.),.UNSPECIFIED.);
#304=B_SPLINE_CURVE_WITH_KNOTS('',2,(#10328,#10329,#10330),
 .UNSPECIFIED.,.F.,.F.,(3,3),(0.,1.),.UNSPECIFIED.);
#305=B_SPLINE_CURVE_WITH_KNOTS('',2,(#10333,#10334,#10335),
 .UNSPECIFIED.,.F.,.F.,(3,3),(0.,1.),.UNSPECIFIED.);
#306=B_SPLINE_CURVE_WITH_KNOTS('',2,(#10343,#10344,#10345),
 .UNSPECIFIED.,.F.,.F.,(3,3),(0.,1.),.UNSPECIFIED.);
#307=B_SPLINE_CURVE_WITH_KNOTS('',2,(#10348,#10349,#10350),
 .UNSPECIFIED.,.F.,.F.,(3,3),(0.,1.),.UNSPECIFIED.);
#308=B_SPLINE_CURVE_WITH_KNOTS('',2,(#10357,#10358,#10359),
 .UNSPECIFIED.,.F.,.F.,(3,3),(0.,1.),.UNSPECIFIED.);
#309=B_SPLINE_CURVE_WITH_KNOTS('',2,(#10360,#10361,#10362),
 .UNSPECIFIED.,.F.,.F.,(3,3),(0.,1.),.UNSPECIFIED.);
#310=B_SPLINE_CURVE_WITH_KNOTS('',2,(#10372,#10373,#10374),
 .UNSPECIFIED.,.F.,.F.,(3,3),(0.,1.),.UNSPECIFIED.);
#311=B_SPLINE_CURVE_WITH_KNOTS('',2,(#10378,#10379,#10380),
 .UNSPECIFIED.,.F.,.F.,(3,3),(0.,1.),.UNSPECIFIED.);
#312=B_SPLINE_CURVE_WITH_KNOTS('',2,(#10419,#10420,#10421),
 .UNSPECIFIED.,.F.,.F.,(3,3),(0.,1.),.UNSPECIFIED.);
#313=B_SPLINE_CURVE_WITH_KNOTS('',2,(#10424,#10425,#10426),
 .UNSPECIFIED.,.F.,.F.,(3,3),(0.,1.),.UNSPECIFIED.);
#314=B_SPLINE_CURVE_WITH_KNOTS('',2,(#10434,#10435,#10436),
 .UNSPECIFIED.,.F.,.F.,(3,3),(0.,1.),.UNSPECIFIED.);
#315=B_SPLINE_CURVE_WITH_KNOTS('',2,(#10439,#10440,#10441),
 .UNSPECIFIED.,.F.,.F.,(3,3),(0.,1.),.UNSPECIFIED.);
#316=B_SPLINE_CURVE_WITH_KNOTS('',2,(#10449,#10450,#10451),
 .UNSPECIFIED.,.F.,.F.,(3,3),(0.,1.),.UNSPECIFIED.);
#317=B_SPLINE_CURVE_WITH_KNOTS('',2,(#10454,#10455,#10456),
 .UNSPECIFIED.,.F.,.F.,(3,3),(0.,1.),.UNSPECIFIED.);
#318=B_SPLINE_CURVE_WITH_KNOTS('',2,(#10464,#10465,#10466),
 .UNSPECIFIED.,.F.,.F.,(3,3),(0.,1.),.UNSPECIFIED.);
#319=B_SPLINE_CURVE_WITH_KNOTS('',2,(#10469,#10470,#10471),
 .UNSPECIFIED.,.F.,.F.,(3,3),(0.,1.),.UNSPECIFIED.);
#320=B_SPLINE_CURVE_WITH_KNOTS('',2,(#10497,#10498,#10499),
 .UNSPECIFIED.,.F.,.F.,(3,3),(0.,1.),.UNSPECIFIED.);
#321=B_SPLINE_CURVE_WITH_KNOTS('',2,(#10502,#10503,#10504),
 .UNSPECIFIED.,.F.,.F.,(3,3),(0.,1.),.UNSPECIFIED.);
#322=B_SPLINE_CURVE_WITH_KNOTS('',2,(#10512,#10513,#10514),
 .UNSPECIFIED.,.F.,.F.,(3,3),(0.,1.),.UNSPECIFIED.);
#323=B_SPLINE_CURVE_WITH_KNOTS('',2,(#10517,#10518,#10519),
 .UNSPECIFIED.,.F.,.F.,(3,3),(0.,1.),.UNSPECIFIED.);
#324=B_SPLINE_CURVE_WITH_KNOTS('',2,(#10526,#10527,#10528),
 .UNSPECIFIED.,.F.,.F.,(3,3),(0.,1.),.UNSPECIFIED.);
#325=B_SPLINE_CURVE_WITH_KNOTS('',2,(#10529,#10530,#10531),
 .UNSPECIFIED.,.F.,.F.,(3,3),(0.,1.),.UNSPECIFIED.);
#326=B_SPLINE_CURVE_WITH_KNOTS('',2,(#10566,#10567,#10568),
 .UNSPECIFIED.,.F.,.F.,(3,3),(0.,1.),.UNSPECIFIED.);
#327=B_SPLINE_CURVE_WITH_KNOTS('',2,(#10572,#10573,#10574),
 .UNSPECIFIED.,.F.,.F.,(3,3),(0.,1.),.UNSPECIFIED.);
#328=B_SPLINE_CURVE_WITH_KNOTS('',2,(#10583,#10584,#10585),
 .UNSPECIFIED.,.F.,.F.,(3,3),(0.,1.),.UNSPECIFIED.);
#329=B_SPLINE_CURVE_WITH_KNOTS('',2,(#10588,#10589,#10590),
 .UNSPECIFIED.,.F.,.F.,(3,3),(0.,1.),.UNSPECIFIED.);
#330=B_SPLINE_CURVE_WITH_KNOTS('',2,(#10598,#10599,#10600),
 .UNSPECIFIED.,.F.,.F.,(3,3),(0.,1.),.UNSPECIFIED.);
#331=B_SPLINE_CURVE_WITH_KNOTS('',2,(#10603,#10604,#10605),
 .UNSPECIFIED.,.F.,.F.,(3,3),(0.,1.),.UNSPECIFIED.);
#332=B_SPLINE_CURVE_WITH_KNOTS('',2,(#10613,#10614,#10615),
 .UNSPECIFIED.,.F.,.F.,(3,3),(0.,1.),.UNSPECIFIED.);
#333=B_SPLINE_CURVE_WITH_KNOTS('',2,(#10618,#10619,#10620),
 .UNSPECIFIED.,.F.,.F.,(3,3),(0.,1.),.UNSPECIFIED.);
#334=B_SPLINE_CURVE_WITH_KNOTS('',2,(#10634,#10635,#10636),
 .UNSPECIFIED.,.F.,.F.,(3,3),(0.,1.),.UNSPECIFIED.);
#335=B_SPLINE_CURVE_WITH_KNOTS('',2,(#10639,#10640,#10641),
 .UNSPECIFIED.,.F.,.F.,(3,3),(0.,1.),.UNSPECIFIED.);
#336=B_SPLINE_CURVE_WITH_KNOTS('',2,(#10649,#10650,#10651),
 .UNSPECIFIED.,.F.,.F.,(3,3),(0.,1.),.UNSPECIFIED.);
#337=B_SPLINE_CURVE_WITH_KNOTS('',2,(#10654,#10655,#10656),
 .UNSPECIFIED.,.F.,.F.,(3,3),(0.,1.),.UNSPECIFIED.);
#338=B_SPLINE_CURVE_WITH_KNOTS('',2,(#10664,#10665,#10666),
 .UNSPECIFIED.,.F.,.F.,(3,3),(0.,1.),.UNSPECIFIED.);
#339=B_SPLINE_CURVE_WITH_KNOTS('',2,(#10669,#10670,#10671),
 .UNSPECIFIED.,.F.,.F.,(3,3),(0.,1.),.UNSPECIFIED.);
#340=B_SPLINE_CURVE_WITH_KNOTS('',2,(#10679,#10680,#10681),
 .UNSPECIFIED.,.F.,.F.,(3,3),(0.,1.),.UNSPECIFIED.);
#341=B_SPLINE_CURVE_WITH_KNOTS('',2,(#10684,#10685,#10686),
 .UNSPECIFIED.,.F.,.F.,(3,3),(0.,1.),.UNSPECIFIED.);
#342=B_SPLINE_CURVE_WITH_KNOTS('',2,(#10694,#10695,#10696),
 .UNSPECIFIED.,.F.,.F.,(3,3),(0.,1.),.UNSPECIFIED.);
#343=B_SPLINE_CURVE_WITH_KNOTS('',2,(#10699,#10700,#10701),
 .UNSPECIFIED.,.F.,.F.,(3,3),(0.,1.),.UNSPECIFIED.);
#344=B_SPLINE_CURVE_WITH_KNOTS('',2,(#10709,#10710,#10711),
 .UNSPECIFIED.,.F.,.F.,(3,3),(0.,1.),.UNSPECIFIED.);
#345=B_SPLINE_CURVE_WITH_KNOTS('',2,(#10714,#10715,#10716),
 .UNSPECIFIED.,.F.,.F.,(3,3),(0.,1.),.UNSPECIFIED.);
#346=B_SPLINE_CURVE_WITH_KNOTS('',2,(#10724,#10725,#10726),
 .UNSPECIFIED.,.F.,.F.,(3,3),(0.,1.),.UNSPECIFIED.);
#347=B_SPLINE_CURVE_WITH_KNOTS('',2,(#10729,#10730,#10731),
 .UNSPECIFIED.,.F.,.F.,(3,3),(0.,1.),.UNSPECIFIED.);
#348=B_SPLINE_CURVE_WITH_KNOTS('',2,(#10739,#10740,#10741),
 .UNSPECIFIED.,.F.,.F.,(3,3),(0.,1.),.UNSPECIFIED.);
#349=B_SPLINE_CURVE_WITH_KNOTS('',2,(#10744,#10745,#10746),
 .UNSPECIFIED.,.F.,.F.,(3,3),(0.,1.),.UNSPECIFIED.);
#350=B_SPLINE_CURVE_WITH_KNOTS('',2,(#10754,#10755,#10756),
 .UNSPECIFIED.,.F.,.F.,(3,3),(0.,1.),.UNSPECIFIED.);
#351=B_SPLINE_CURVE_WITH_KNOTS('',2,(#10759,#10760,#10761),
 .UNSPECIFIED.,.F.,.F.,(3,3),(0.,1.),.UNSPECIFIED.);
#352=B_SPLINE_CURVE_WITH_KNOTS('',2,(#10769,#10770,#10771),
 .UNSPECIFIED.,.F.,.F.,(3,3),(0.,1.),.UNSPECIFIED.);
#353=B_SPLINE_CURVE_WITH_KNOTS('',2,(#10774,#10775,#10776),
 .UNSPECIFIED.,.F.,.F.,(3,3),(0.,1.),.UNSPECIFIED.);
#354=B_SPLINE_CURVE_WITH_KNOTS('',2,(#10790,#10791,#10792),
 .UNSPECIFIED.,.F.,.F.,(3,3),(0.,1.),.UNSPECIFIED.);
#355=B_SPLINE_CURVE_WITH_KNOTS('',2,(#10795,#10796,#10797),
 .UNSPECIFIED.,.F.,.F.,(3,3),(0.,1.),.UNSPECIFIED.);
#356=B_SPLINE_CURVE_WITH_KNOTS('',2,(#10805,#10806,#10807),
 .UNSPECIFIED.,.F.,.F.,(3,3),(0.,1.),.UNSPECIFIED.);
#357=B_SPLINE_CURVE_WITH_KNOTS('',2,(#10810,#10811,#10812),
 .UNSPECIFIED.,.F.,.F.,(3,3),(0.,1.),.UNSPECIFIED.);
#358=B_SPLINE_CURVE_WITH_KNOTS('',2,(#10820,#10821,#10822),
 .UNSPECIFIED.,.F.,.F.,(3,3),(0.,1.),.UNSPECIFIED.);
#359=B_SPLINE_CURVE_WITH_KNOTS('',2,(#10825,#10826,#10827),
 .UNSPECIFIED.,.F.,.F.,(3,3),(0.,1.),.UNSPECIFIED.);
#360=B_SPLINE_CURVE_WITH_KNOTS('',2,(#10835,#10836,#10837),
 .UNSPECIFIED.,.F.,.F.,(3,3),(0.,1.),.UNSPECIFIED.);
#361=B_SPLINE_CURVE_WITH_KNOTS('',2,(#10840,#10841,#10842),
 .UNSPECIFIED.,.F.,.F.,(3,3),(0.,1.),.UNSPECIFIED.);
#362=B_SPLINE_CURVE_WITH_KNOTS('',2,(#10850,#10851,#10852),
 .UNSPECIFIED.,.F.,.F.,(3,3),(0.,1.),.UNSPECIFIED.);
#363=B_SPLINE_CURVE_WITH_KNOTS('',2,(#10855,#10856,#10857),
 .UNSPECIFIED.,.F.,.F.,(3,3),(0.,1.),.UNSPECIFIED.);
#364=B_SPLINE_CURVE_WITH_KNOTS('',2,(#10864,#10865,#10866),
 .UNSPECIFIED.,.F.,.F.,(3,3),(0.,1.),.UNSPECIFIED.);
#365=B_SPLINE_CURVE_WITH_KNOTS('',2,(#10867,#10868,#10869),
 .UNSPECIFIED.,.F.,.F.,(3,3),(0.,1.),.UNSPECIFIED.);
#366=B_SPLINE_CURVE_WITH_KNOTS('',2,(#10879,#10880,#10881),
 .UNSPECIFIED.,.F.,.F.,(3,3),(0.,1.),.UNSPECIFIED.);
#367=B_SPLINE_CURVE_WITH_KNOTS('',2,(#10885,#10886,#10887),
 .UNSPECIFIED.,.F.,.F.,(3,3),(0.,1.),.UNSPECIFIED.);
#368=B_SPLINE_CURVE_WITH_KNOTS('',2,(#10896,#10897,#10898),
 .UNSPECIFIED.,.F.,.F.,(3,3),(0.,1.),.UNSPECIFIED.);
#369=B_SPLINE_CURVE_WITH_KNOTS('',2,(#10901,#10902,#10903),
 .UNSPECIFIED.,.F.,.F.,(3,3),(0.,1.),.UNSPECIFIED.);
#370=B_SPLINE_CURVE_WITH_KNOTS('',2,(#10911,#10912,#10913),
 .UNSPECIFIED.,.F.,.F.,(3,3),(0.,1.),.UNSPECIFIED.);
#371=B_SPLINE_CURVE_WITH_KNOTS('',2,(#10916,#10917,#10918),
 .UNSPECIFIED.,.F.,.F.,(3,3),(0.,1.),.UNSPECIFIED.);
#372=B_SPLINE_CURVE_WITH_KNOTS('',2,(#10926,#10927,#10928),
 .UNSPECIFIED.,.F.,.F.,(3,3),(0.,1.),.UNSPECIFIED.);
#373=B_SPLINE_CURVE_WITH_KNOTS('',2,(#10931,#10932,#10933),
 .UNSPECIFIED.,.F.,.F.,(3,3),(0.,1.),.UNSPECIFIED.);
#374=B_SPLINE_CURVE_WITH_KNOTS('',2,(#10941,#10942,#10943),
 .UNSPECIFIED.,.F.,.F.,(3,3),(0.,1.),.UNSPECIFIED.);
#375=B_SPLINE_CURVE_WITH_KNOTS('',2,(#10946,#10947,#10948),
 .UNSPECIFIED.,.F.,.F.,(3,3),(0.,1.),.UNSPECIFIED.);
#376=B_SPLINE_CURVE_WITH_KNOTS('',2,(#10956,#10957,#10958),
 .UNSPECIFIED.,.F.,.F.,(3,3),(0.,1.),.UNSPECIFIED.);
#377=B_SPLINE_CURVE_WITH_KNOTS('',2,(#10961,#10962,#10963),
 .UNSPECIFIED.,.F.,.F.,(3,3),(0.,1.),.UNSPECIFIED.);
#378=B_SPLINE_CURVE_WITH_KNOTS('',2,(#10971,#10972,#10973),
 .UNSPECIFIED.,.F.,.F.,(3,3),(0.,1.),.UNSPECIFIED.);
#379=B_SPLINE_CURVE_WITH_KNOTS('',2,(#10976,#10977,#10978),
 .UNSPECIFIED.,.F.,.F.,(3,3),(0.,1.),.UNSPECIFIED.);
#380=B_SPLINE_CURVE_WITH_KNOTS('',2,(#10985,#10986,#10987),
 .UNSPECIFIED.,.F.,.F.,(3,3),(0.,1.),.UNSPECIFIED.);
#381=B_SPLINE_CURVE_WITH_KNOTS('',2,(#10988,#10989,#10990),
 .UNSPECIFIED.,.F.,.F.,(3,3),(0.,1.),.UNSPECIFIED.);
#382=B_SPLINE_CURVE_WITH_KNOTS('',2,(#11000,#11001,#11002),
 .UNSPECIFIED.,.F.,.F.,(3,3),(0.,1.),.UNSPECIFIED.);
#383=B_SPLINE_CURVE_WITH_KNOTS('',2,(#11006,#11007,#11008),
 .UNSPECIFIED.,.F.,.F.,(3,3),(0.,1.),.UNSPECIFIED.);
#384=B_SPLINE_CURVE_WITH_KNOTS('',2,(#11017,#11018,#11019),
 .UNSPECIFIED.,.F.,.F.,(3,3),(0.,1.),.UNSPECIFIED.);
#385=B_SPLINE_CURVE_WITH_KNOTS('',2,(#11022,#11023,#11024),
 .UNSPECIFIED.,.F.,.F.,(3,3),(0.,1.),.UNSPECIFIED.);
#386=B_SPLINE_CURVE_WITH_KNOTS('',2,(#11032,#11033,#11034),
 .UNSPECIFIED.,.F.,.F.,(3,3),(0.,1.),.UNSPECIFIED.);
#387=B_SPLINE_CURVE_WITH_KNOTS('',2,(#11037,#11038,#11039),
 .UNSPECIFIED.,.F.,.F.,(3,3),(0.,1.),.UNSPECIFIED.);
#388=B_SPLINE_CURVE_WITH_KNOTS('',2,(#11047,#11048,#11049),
 .UNSPECIFIED.,.F.,.F.,(3,3),(0.,1.),.UNSPECIFIED.);
#389=B_SPLINE_CURVE_WITH_KNOTS('',2,(#11052,#11053,#11054),
 .UNSPECIFIED.,.F.,.F.,(3,3),(0.,1.),.UNSPECIFIED.);
#390=B_SPLINE_CURVE_WITH_KNOTS('',2,(#11062,#11063,#11064),
 .UNSPECIFIED.,.F.,.F.,(3,3),(0.,1.),.UNSPECIFIED.);
#391=B_SPLINE_CURVE_WITH_KNOTS('',2,(#11067,#11068,#11069),
 .UNSPECIFIED.,.F.,.F.,(3,3),(0.,1.),.UNSPECIFIED.);
#392=B_SPLINE_CURVE_WITH_KNOTS('',2,(#11077,#11078,#11079),
 .UNSPECIFIED.,.F.,.F.,(3,3),(0.,1.),.UNSPECIFIED.);
#393=B_SPLINE_CURVE_WITH_KNOTS('',2,(#11082,#11083,#11084),
 .UNSPECIFIED.,.F.,.F.,(3,3),(0.,1.),.UNSPECIFIED.);
#394=B_SPLINE_CURVE_WITH_KNOTS('',2,(#11092,#11093,#11094),
 .UNSPECIFIED.,.F.,.F.,(3,3),(0.,1.),.UNSPECIFIED.);
#395=B_SPLINE_CURVE_WITH_KNOTS('',2,(#11097,#11098,#11099),
 .UNSPECIFIED.,.F.,.F.,(3,3),(0.,1.),.UNSPECIFIED.);
#396=B_SPLINE_CURVE_WITH_KNOTS('',2,(#11107,#11108,#11109),
 .UNSPECIFIED.,.F.,.F.,(3,3),(0.,1.),.UNSPECIFIED.);
#397=B_SPLINE_CURVE_WITH_KNOTS('',2,(#11112,#11113,#11114),
 .UNSPECIFIED.,.F.,.F.,(3,3),(0.,1.),.UNSPECIFIED.);
#398=B_SPLINE_CURVE_WITH_KNOTS('',2,(#11122,#11123,#11124),
 .UNSPECIFIED.,.F.,.F.,(3,3),(0.,1.),.UNSPECIFIED.);
#399=B_SPLINE_CURVE_WITH_KNOTS('',2,(#11127,#11128,#11129),
 .UNSPECIFIED.,.F.,.F.,(3,3),(0.,1.),.UNSPECIFIED.);
#400=B_SPLINE_CURVE_WITH_KNOTS('',2,(#11137,#11138,#11139),
 .UNSPECIFIED.,.F.,.F.,(3,3),(0.,1.),.UNSPECIFIED.);
#401=B_SPLINE_CURVE_WITH_KNOTS('',2,(#11142,#11143,#11144),
 .UNSPECIFIED.,.F.,.F.,(3,3),(0.,1.),.UNSPECIFIED.);
#402=B_SPLINE_CURVE_WITH_KNOTS('',2,(#11152,#11153,#11154),
 .UNSPECIFIED.,.F.,.F.,(3,3),(0.,1.),.UNSPECIFIED.);
#403=B_SPLINE_CURVE_WITH_KNOTS('',2,(#11157,#11158,#11159),
 .UNSPECIFIED.,.F.,.F.,(3,3),(0.,1.),.UNSPECIFIED.);
#404=B_SPLINE_CURVE_WITH_KNOTS('',2,(#11166,#11167,#11168),
 .UNSPECIFIED.,.F.,.F.,(3,3),(0.,1.),.UNSPECIFIED.);
#405=B_SPLINE_CURVE_WITH_KNOTS('',2,(#11169,#11170,#11171),
 .UNSPECIFIED.,.F.,.F.,(3,3),(0.,1.),.UNSPECIFIED.);
#406=B_SPLINE_CURVE_WITH_KNOTS('',2,(#11180,#11181,#11182),
 .UNSPECIFIED.,.F.,.F.,(3,3),(0.,1.),.UNSPECIFIED.);
#407=B_SPLINE_CURVE_WITH_KNOTS('',2,(#11186,#11187,#11188),
 .UNSPECIFIED.,.F.,.F.,(3,3),(0.,1.),.UNSPECIFIED.);
#408=B_SPLINE_CURVE_WITH_KNOTS('',2,(#11197,#11198,#11199),
 .UNSPECIFIED.,.F.,.F.,(3,3),(0.,1.),.UNSPECIFIED.);
#409=B_SPLINE_CURVE_WITH_KNOTS('',2,(#11202,#11203,#11204),
 .UNSPECIFIED.,.F.,.F.,(3,3),(0.,1.),.UNSPECIFIED.);
#410=B_SPLINE_CURVE_WITH_KNOTS('',2,(#11212,#11213,#11214),
 .UNSPECIFIED.,.F.,.F.,(3,3),(0.,1.),.UNSPECIFIED.);
#411=B_SPLINE_CURVE_WITH_KNOTS('',2,(#11217,#11218,#11219),
 .UNSPECIFIED.,.F.,.F.,(3,3),(0.,1.),.UNSPECIFIED.);
#412=B_SPLINE_CURVE_WITH_KNOTS('',2,(#11227,#11228,#11229),
 .UNSPECIFIED.,.F.,.F.,(3,3),(0.,1.),.UNSPECIFIED.);
#413=B_SPLINE_CURVE_WITH_KNOTS('',2,(#11232,#11233,#11234),
 .UNSPECIFIED.,.F.,.F.,(3,3),(0.,1.),.UNSPECIFIED.);
#414=B_SPLINE_CURVE_WITH_KNOTS('',2,(#11272,#11273,#11274),
 .UNSPECIFIED.,.F.,.F.,(3,3),(0.,1.),.UNSPECIFIED.);
#415=B_SPLINE_CURVE_WITH_KNOTS('',2,(#11277,#11278,#11279),
 .UNSPECIFIED.,.F.,.F.,(3,3),(0.,1.),.UNSPECIFIED.);
#416=B_SPLINE_CURVE_WITH_KNOTS('',2,(#11287,#11288,#11289),
 .UNSPECIFIED.,.F.,.F.,(3,3),(0.,1.),.UNSPECIFIED.);
#417=B_SPLINE_CURVE_WITH_KNOTS('',2,(#11292,#11293,#11294),
 .UNSPECIFIED.,.F.,.F.,(3,3),(0.,1.),.UNSPECIFIED.);
#418=B_SPLINE_CURVE_WITH_KNOTS('',2,(#11302,#11303,#11304),
 .UNSPECIFIED.,.F.,.F.,(3,3),(0.,1.),.UNSPECIFIED.);
#419=B_SPLINE_CURVE_WITH_KNOTS('',2,(#11307,#11308,#11309),
 .UNSPECIFIED.,.F.,.F.,(3,3),(0.,1.),.UNSPECIFIED.);
#420=B_SPLINE_CURVE_WITH_KNOTS('',2,(#11317,#11318,#11319),
 .UNSPECIFIED.,.F.,.F.,(3,3),(0.,1.),.UNSPECIFIED.);
#421=B_SPLINE_CURVE_WITH_KNOTS('',2,(#11322,#11323,#11324),
 .UNSPECIFIED.,.F.,.F.,(3,3),(0.,1.),.UNSPECIFIED.);
#422=B_SPLINE_CURVE_WITH_KNOTS('',2,(#11332,#11333,#11334),
 .UNSPECIFIED.,.F.,.F.,(3,3),(0.,1.),.UNSPECIFIED.);
#423=B_SPLINE_CURVE_WITH_KNOTS('',2,(#11337,#11338,#11339),
 .UNSPECIFIED.,.F.,.F.,(3,3),(0.,1.),.UNSPECIFIED.);
#424=B_SPLINE_CURVE_WITH_KNOTS('',2,(#11346,#11347,#11348),
 .UNSPECIFIED.,.F.,.F.,(3,3),(0.,1.),.UNSPECIFIED.);
#425=B_SPLINE_CURVE_WITH_KNOTS('',2,(#11349,#11350,#11351),
 .UNSPECIFIED.,.F.,.F.,(3,3),(0.,1.),.UNSPECIFIED.);
#426=B_SPLINE_CURVE_WITH_KNOTS('',2,(#11361,#11362,#11363),
 .UNSPECIFIED.,.F.,.F.,(3,3),(0.,1.),.UNSPECIFIED.);
#427=B_SPLINE_CURVE_WITH_KNOTS('',2,(#11367,#11368,#11369),
 .UNSPECIFIED.,.F.,.F.,(3,3),(0.,1.),.UNSPECIFIED.);
#428=B_SPLINE_CURVE_WITH_KNOTS('',2,(#11378,#11379,#11380),
 .UNSPECIFIED.,.F.,.F.,(3,3),(0.,1.),.UNSPECIFIED.);
#429=B_SPLINE_CURVE_WITH_KNOTS('',2,(#11383,#11384,#11385),
 .UNSPECIFIED.,.F.,.F.,(3,3),(0.,1.),.UNSPECIFIED.);
#430=B_SPLINE_CURVE_WITH_KNOTS('',2,(#11393,#11394,#11395),
 .UNSPECIFIED.,.F.,.F.,(3,3),(0.,1.),.UNSPECIFIED.);
#431=B_SPLINE_CURVE_WITH_KNOTS('',2,(#11398,#11399,#11400),
 .UNSPECIFIED.,.F.,.F.,(3,3),(0.,1.),.UNSPECIFIED.);
#432=B_SPLINE_CURVE_WITH_KNOTS('',2,(#11408,#11409,#11410),
 .UNSPECIFIED.,.F.,.F.,(3,3),(0.,1.),.UNSPECIFIED.);
#433=B_SPLINE_CURVE_WITH_KNOTS('',2,(#11413,#11414,#11415),
 .UNSPECIFIED.,.F.,.F.,(3,3),(0.,1.),.UNSPECIFIED.);
#434=B_SPLINE_CURVE_WITH_KNOTS('',2,(#11423,#11424,#11425),
 .UNSPECIFIED.,.F.,.F.,(3,3),(0.,1.),.UNSPECIFIED.);
#435=B_SPLINE_CURVE_WITH_KNOTS('',2,(#11428,#11429,#11430),
 .UNSPECIFIED.,.F.,.F.,(3,3),(0.,1.),.UNSPECIFIED.);
#436=B_SPLINE_CURVE_WITH_KNOTS('',2,(#11438,#11439,#11440),
 .UNSPECIFIED.,.F.,.F.,(3,3),(0.,1.),.UNSPECIFIED.);
#437=B_SPLINE_CURVE_WITH_KNOTS('',2,(#11443,#11444,#11445),
 .UNSPECIFIED.,.F.,.F.,(3,3),(0.,1.),.UNSPECIFIED.);
#438=B_SPLINE_CURVE_WITH_KNOTS('',2,(#11453,#11454,#11455),
 .UNSPECIFIED.,.F.,.F.,(3,3),(0.,1.),.UNSPECIFIED.);
#439=B_SPLINE_CURVE_WITH_KNOTS('',2,(#11458,#11459,#11460),
 .UNSPECIFIED.,.F.,.F.,(3,3),(0.,1.),.UNSPECIFIED.);
#440=B_SPLINE_CURVE_WITH_KNOTS('',2,(#11468,#11469,#11470),
 .UNSPECIFIED.,.F.,.F.,(3,3),(0.,1.),.UNSPECIFIED.);
#441=B_SPLINE_CURVE_WITH_KNOTS('',2,(#11473,#11474,#11475),
 .UNSPECIFIED.,.F.,.F.,(3,3),(0.,1.),.UNSPECIFIED.);
#442=B_SPLINE_CURVE_WITH_KNOTS('',2,(#11483,#11484,#11485),
 .UNSPECIFIED.,.F.,.F.,(3,3),(0.,1.),.UNSPECIFIED.);
#443=B_SPLINE_CURVE_WITH_KNOTS('',2,(#11488,#11489,#11490),
 .UNSPECIFIED.,.F.,.F.,(3,3),(0.,1.),.UNSPECIFIED.);
#444=B_SPLINE_CURVE_WITH_KNOTS('',2,(#11498,#11499,#11500),
 .UNSPECIFIED.,.F.,.F.,(3,3),(0.,1.),.UNSPECIFIED.);
#445=B_SPLINE_CURVE_WITH_KNOTS('',2,(#11503,#11504,#11505),
 .UNSPECIFIED.,.F.,.F.,(3,3),(0.,1.),.UNSPECIFIED.);
#446=B_SPLINE_CURVE_WITH_KNOTS('',2,(#11513,#11514,#11515),
 .UNSPECIFIED.,.F.,.F.,(3,3),(0.,1.),.UNSPECIFIED.);
#447=B_SPLINE_CURVE_WITH_KNOTS('',2,(#11518,#11519,#11520),
 .UNSPECIFIED.,.F.,.F.,(3,3),(0.,1.),.UNSPECIFIED.);
#448=B_SPLINE_CURVE_WITH_KNOTS('',2,(#11528,#11529,#11530),
 .UNSPECIFIED.,.F.,.F.,(3,3),(0.,1.),.UNSPECIFIED.);
#449=B_SPLINE_CURVE_WITH_KNOTS('',2,(#11533,#11534,#11535),
 .UNSPECIFIED.,.F.,.F.,(3,3),(0.,1.),.UNSPECIFIED.);
#450=B_SPLINE_CURVE_WITH_KNOTS('',2,(#11549,#11550,#11551),
 .UNSPECIFIED.,.F.,.F.,(3,3),(0.,1.),.UNSPECIFIED.);
#451=B_SPLINE_CURVE_WITH_KNOTS('',2,(#11554,#11555,#11556),
 .UNSPECIFIED.,.F.,.F.,(3,3),(0.,1.),.UNSPECIFIED.);
#452=B_SPLINE_CURVE_WITH_KNOTS('',2,(#11564,#11565,#11566),
 .UNSPECIFIED.,.F.,.F.,(3,3),(0.,1.),.UNSPECIFIED.);
#453=B_SPLINE_CURVE_WITH_KNOTS('',2,(#11569,#11570,#11571),
 .UNSPECIFIED.,.F.,.F.,(3,3),(0.,1.),.UNSPECIFIED.);
#454=B_SPLINE_CURVE_WITH_KNOTS('',2,(#11579,#11580,#11581),
 .UNSPECIFIED.,.F.,.F.,(3,3),(0.,1.),.UNSPECIFIED.);
#455=B_SPLINE_CURVE_WITH_KNOTS('',2,(#11584,#11585,#11586),
 .UNSPECIFIED.,.F.,.F.,(3,3),(0.,1.),.UNSPECIFIED.);
#456=B_SPLINE_CURVE_WITH_KNOTS('',2,(#11594,#11595,#11596),
 .UNSPECIFIED.,.F.,.F.,(3,3),(0.,1.),.UNSPECIFIED.);
#457=B_SPLINE_CURVE_WITH_KNOTS('',2,(#11599,#11600,#11601),
 .UNSPECIFIED.,.F.,.F.,(3,3),(0.,1.),.UNSPECIFIED.);
#458=B_SPLINE_CURVE_WITH_KNOTS('',2,(#11609,#11610,#11611),
 .UNSPECIFIED.,.F.,.F.,(3,3),(0.,1.),.UNSPECIFIED.);
#459=B_SPLINE_CURVE_WITH_KNOTS('',2,(#11614,#11615,#11616),
 .UNSPECIFIED.,.F.,.F.,(3,3),(0.,1.),.UNSPECIFIED.);
#460=B_SPLINE_CURVE_WITH_KNOTS('',2,(#11624,#11625,#11626),
 .UNSPECIFIED.,.F.,.F.,(3,3),(0.,1.),.UNSPECIFIED.);
#461=B_SPLINE_CURVE_WITH_KNOTS('',2,(#11629,#11630,#11631),
 .UNSPECIFIED.,.F.,.F.,(3,3),(0.,1.),.UNSPECIFIED.);
#462=B_SPLINE_CURVE_WITH_KNOTS('',2,(#11639,#11640,#11641),
 .UNSPECIFIED.,.F.,.F.,(3,3),(0.,1.),.UNSPECIFIED.);
#463=B_SPLINE_CURVE_WITH_KNOTS('',2,(#11644,#11645,#11646),
 .UNSPECIFIED.,.F.,.F.,(3,3),(0.,1.),.UNSPECIFIED.);
#464=B_SPLINE_CURVE_WITH_KNOTS('',2,(#11654,#11655,#11656),
 .UNSPECIFIED.,.F.,.F.,(3,3),(0.,1.),.UNSPECIFIED.);
#465=B_SPLINE_CURVE_WITH_KNOTS('',2,(#11659,#11660,#11661),
 .UNSPECIFIED.,.F.,.F.,(3,3),(0.,1.),.UNSPECIFIED.);
#466=B_SPLINE_CURVE_WITH_KNOTS('',2,(#11669,#11670,#11671),
 .UNSPECIFIED.,.F.,.F.,(3,3),(0.,1.),.UNSPECIFIED.);
#467=B_SPLINE_CURVE_WITH_KNOTS('',2,(#11674,#11675,#11676),
 .UNSPECIFIED.,.F.,.F.,(3,3),(0.,1.),.UNSPECIFIED.);
#468=B_SPLINE_CURVE_WITH_KNOTS('',2,(#11684,#11685,#11686),
 .UNSPECIFIED.,.F.,.F.,(3,3),(0.,1.),.UNSPECIFIED.);
#469=B_SPLINE_CURVE_WITH_KNOTS('',2,(#11689,#11690,#11691),
 .UNSPECIFIED.,.F.,.F.,(3,3),(0.,1.),.UNSPECIFIED.);
#470=B_SPLINE_CURVE_WITH_KNOTS('',2,(#11699,#11700,#11701),
 .UNSPECIFIED.,.F.,.F.,(3,3),(0.,1.),.UNSPECIFIED.);
#471=B_SPLINE_CURVE_WITH_KNOTS('',2,(#11704,#11705,#11706),
 .UNSPECIFIED.,.F.,.F.,(3,3),(0.,1.),.UNSPECIFIED.);
#472=B_SPLINE_CURVE_WITH_KNOTS('',2,(#11714,#11715,#11716),
 .UNSPECIFIED.,.F.,.F.,(3,3),(0.,1.),.UNSPECIFIED.);
#473=B_SPLINE_CURVE_WITH_KNOTS('',2,(#11719,#11720,#11721),
 .UNSPECIFIED.,.F.,.F.,(3,3),(0.,1.),.UNSPECIFIED.);
#474=B_SPLINE_CURVE_WITH_KNOTS('',2,(#11729,#11730,#11731),
 .UNSPECIFIED.,.F.,.F.,(3,3),(0.,1.),.UNSPECIFIED.);
#475=B_SPLINE_CURVE_WITH_KNOTS('',2,(#11734,#11735,#11736),
 .UNSPECIFIED.,.F.,.F.,(3,3),(0.,1.),.UNSPECIFIED.);
#476=B_SPLINE_CURVE_WITH_KNOTS('',2,(#11744,#11745,#11746),
 .UNSPECIFIED.,.F.,.F.,(3,3),(0.,1.),.UNSPECIFIED.);
#477=B_SPLINE_CURVE_WITH_KNOTS('',2,(#11749,#11750,#11751),
 .UNSPECIFIED.,.F.,.F.,(3,3),(0.,1.),.UNSPECIFIED.);
#478=B_SPLINE_CURVE_WITH_KNOTS('',2,(#11759,#11760,#11761),
 .UNSPECIFIED.,.F.,.F.,(3,3),(0.,1.),.UNSPECIFIED.);
#479=B_SPLINE_CURVE_WITH_KNOTS('',2,(#11764,#11765,#11766),
 .UNSPECIFIED.,.F.,.F.,(3,3),(0.,1.),.UNSPECIFIED.);
#480=B_SPLINE_CURVE_WITH_KNOTS('',2,(#11780,#11781,#11782),
 .UNSPECIFIED.,.F.,.F.,(3,3),(0.,1.),.UNSPECIFIED.);
#481=B_SPLINE_CURVE_WITH_KNOTS('',2,(#11785,#11786,#11787),
 .UNSPECIFIED.,.F.,.F.,(3,3),(0.,1.),.UNSPECIFIED.);
#482=B_SPLINE_CURVE_WITH_KNOTS('',2,(#11795,#11796,#11797),
 .UNSPECIFIED.,.F.,.F.,(3,3),(0.,1.),.UNSPECIFIED.);
#483=B_SPLINE_CURVE_WITH_KNOTS('',2,(#11800,#11801,#11802),
 .UNSPECIFIED.,.F.,.F.,(3,3),(0.,1.),.UNSPECIFIED.);
#484=B_SPLINE_CURVE_WITH_KNOTS('',2,(#11809,#11810,#11811),
 .UNSPECIFIED.,.F.,.F.,(3,3),(0.,1.),.UNSPECIFIED.);
#485=B_SPLINE_CURVE_WITH_KNOTS('',2,(#11812,#11813,#11814),
 .UNSPECIFIED.,.F.,.F.,(3,3),(0.,1.),.UNSPECIFIED.);
#486=B_SPLINE_CURVE_WITH_KNOTS('',2,(#11824,#11825,#11826),
 .UNSPECIFIED.,.F.,.F.,(3,3),(0.,1.),.UNSPECIFIED.);
#487=B_SPLINE_CURVE_WITH_KNOTS('',2,(#11830,#11831,#11832),
 .UNSPECIFIED.,.F.,.F.,(3,3),(0.,1.),.UNSPECIFIED.);
#488=B_SPLINE_CURVE_WITH_KNOTS('',2,(#11841,#11842,#11843),
 .UNSPECIFIED.,.F.,.F.,(3,3),(0.,1.),.UNSPECIFIED.);
#489=B_SPLINE_CURVE_WITH_KNOTS('',2,(#11846,#11847,#11848),
 .UNSPECIFIED.,.F.,.F.,(3,3),(0.,1.),.UNSPECIFIED.);
#490=B_SPLINE_CURVE_WITH_KNOTS('',2,(#11856,#11857,#11858),
 .UNSPECIFIED.,.F.,.F.,(3,3),(0.,1.),.UNSPECIFIED.);
#491=B_SPLINE_CURVE_WITH_KNOTS('',2,(#11861,#11862,#11863),
 .UNSPECIFIED.,.F.,.F.,(3,3),(0.,1.),.UNSPECIFIED.);
#492=B_SPLINE_CURVE_WITH_KNOTS('',2,(#11871,#11872,#11873),
 .UNSPECIFIED.,.F.,.F.,(3,3),(0.,1.),.UNSPECIFIED.);
#493=B_SPLINE_CURVE_WITH_KNOTS('',2,(#11876,#11877,#11878),
 .UNSPECIFIED.,.F.,.F.,(3,3),(0.,1.),.UNSPECIFIED.);
#494=B_SPLINE_CURVE_WITH_KNOTS('',2,(#11886,#11887,#11888),
 .UNSPECIFIED.,.F.,.F.,(3,3),(0.,1.),.UNSPECIFIED.);
#495=B_SPLINE_CURVE_WITH_KNOTS('',2,(#11891,#11892,#11893),
 .UNSPECIFIED.,.F.,.F.,(3,3),(0.,1.),.UNSPECIFIED.);
#496=B_SPLINE_CURVE_WITH_KNOTS('',2,(#11905,#11906,#11907),
 .UNSPECIFIED.,.F.,.F.,(3,3),(0.,1.),.UNSPECIFIED.);
#497=B_SPLINE_CURVE_WITH_KNOTS('',2,(#11911,#11912,#11913),
 .UNSPECIFIED.,.F.,.F.,(3,3),(0.,1.),.UNSPECIFIED.);
#498=B_SPLINE_CURVE_WITH_KNOTS('',2,(#11922,#11923,#11924),
 .UNSPECIFIED.,.F.,.F.,(3,3),(0.,1.),.UNSPECIFIED.);
#499=B_SPLINE_CURVE_WITH_KNOTS('',2,(#11927,#11928,#11929),
 .UNSPECIFIED.,.F.,.F.,(3,3),(0.,1.),.UNSPECIFIED.);
#500=B_SPLINE_CURVE_WITH_KNOTS('',2,(#11937,#11938,#11939),
 .UNSPECIFIED.,.F.,.F.,(3,3),(0.,1.),.UNSPECIFIED.);
#501=B_SPLINE_CURVE_WITH_KNOTS('',2,(#11942,#11943,#11944),
 .UNSPECIFIED.,.F.,.F.,(3,3),(0.,1.),.UNSPECIFIED.);
#502=B_SPLINE_CURVE_WITH_KNOTS('',2,(#11952,#11953,#11954),
 .UNSPECIFIED.,.F.,.F.,(3,3),(0.,1.),.UNSPECIFIED.);
#503=B_SPLINE_CURVE_WITH_KNOTS('',2,(#11957,#11958,#11959),
 .UNSPECIFIED.,.F.,.F.,(3,3),(0.,1.),.UNSPECIFIED.);
#504=B_SPLINE_CURVE_WITH_KNOTS('',2,(#11967,#11968,#11969),
 .UNSPECIFIED.,.F.,.F.,(3,3),(0.,1.),.UNSPECIFIED.);
#505=B_SPLINE_CURVE_WITH_KNOTS('',2,(#11972,#11973,#11974),
 .UNSPECIFIED.,.F.,.F.,(3,3),(0.,1.),.UNSPECIFIED.);
#506=B_SPLINE_CURVE_WITH_KNOTS('',2,(#11982,#11983,#11984),
 .UNSPECIFIED.,.F.,.F.,(3,3),(0.,1.),.UNSPECIFIED.);
#507=B_SPLINE_CURVE_WITH_KNOTS('',2,(#11987,#11988,#11989),
 .UNSPECIFIED.,.F.,.F.,(3,3),(0.,1.),.UNSPECIFIED.);
#508=B_SPLINE_CURVE_WITH_KNOTS('',2,(#11997,#11998,#11999),
 .UNSPECIFIED.,.F.,.F.,(3,3),(0.,1.),.UNSPECIFIED.);
#509=B_SPLINE_CURVE_WITH_KNOTS('',2,(#12002,#12003,#12004),
 .UNSPECIFIED.,.F.,.F.,(3,3),(0.,1.),.UNSPECIFIED.);
#510=B_SPLINE_CURVE_WITH_KNOTS('',2,(#12012,#12013,#12014),
 .UNSPECIFIED.,.F.,.F.,(3,3),(0.,1.),.UNSPECIFIED.);
#511=B_SPLINE_CURVE_WITH_KNOTS('',2,(#12017,#12018,#12019),
 .UNSPECIFIED.,.F.,.F.,(3,3),(0.,1.),.UNSPECIFIED.);
#512=B_SPLINE_CURVE_WITH_KNOTS('',2,(#12027,#12028,#12029),
 .UNSPECIFIED.,.F.,.F.,(3,3),(0.,1.),.UNSPECIFIED.);
#513=B_SPLINE_CURVE_WITH_KNOTS('',2,(#12032,#12033,#12034),
 .UNSPECIFIED.,.F.,.F.,(3,3),(0.,1.),.UNSPECIFIED.);
#514=B_SPLINE_CURVE_WITH_KNOTS('',2,(#12042,#12043,#12044),
 .UNSPECIFIED.,.F.,.F.,(3,3),(0.,1.),.UNSPECIFIED.);
#515=B_SPLINE_CURVE_WITH_KNOTS('',2,(#12047,#12048,#12049),
 .UNSPECIFIED.,.F.,.F.,(3,3),(0.,1.),.UNSPECIFIED.);
#516=B_SPLINE_CURVE_WITH_KNOTS('',2,(#12063,#12064,#12065),
 .UNSPECIFIED.,.F.,.F.,(3,3),(0.,1.),.UNSPECIFIED.);
#517=B_SPLINE_CURVE_WITH_KNOTS('',2,(#12068,#12069,#12070),
 .UNSPECIFIED.,.F.,.F.,(3,3),(0.,1.),.UNSPECIFIED.);
#518=B_SPLINE_CURVE_WITH_KNOTS('',2,(#12078,#12079,#12080),
 .UNSPECIFIED.,.F.,.F.,(3,3),(0.,1.),.UNSPECIFIED.);
#519=B_SPLINE_CURVE_WITH_KNOTS('',2,(#12083,#12084,#12085),
 .UNSPECIFIED.,.F.,.F.,(3,3),(0.,1.),.UNSPECIFIED.);
#520=B_SPLINE_CURVE_WITH_KNOTS('',2,(#12093,#12094,#12095),
 .UNSPECIFIED.,.F.,.F.,(3,3),(0.,1.),.UNSPECIFIED.);
#521=B_SPLINE_CURVE_WITH_KNOTS('',2,(#12098,#12099,#12100),
 .UNSPECIFIED.,.F.,.F.,(3,3),(0.,1.),.UNSPECIFIED.);
#522=B_SPLINE_CURVE_WITH_KNOTS('',2,(#12108,#12109,#12110),
 .UNSPECIFIED.,.F.,.F.,(3,3),(0.,1.),.UNSPECIFIED.);
#523=B_SPLINE_CURVE_WITH_KNOTS('',2,(#12113,#12114,#12115),
 .UNSPECIFIED.,.F.,.F.,(3,3),(0.,1.),.UNSPECIFIED.);
#524=B_SPLINE_CURVE_WITH_KNOTS('',2,(#12123,#12124,#12125),
 .UNSPECIFIED.,.F.,.F.,(3,3),(0.,1.),.UNSPECIFIED.);
#525=B_SPLINE_CURVE_WITH_KNOTS('',2,(#12128,#12129,#12130),
 .UNSPECIFIED.,.F.,.F.,(3,3),(0.,1.),.UNSPECIFIED.);
#526=B_SPLINE_CURVE_WITH_KNOTS('',2,(#12144,#12145,#12146),
 .UNSPECIFIED.,.F.,.F.,(3,3),(0.,1.),.UNSPECIFIED.);
#527=B_SPLINE_CURVE_WITH_KNOTS('',2,(#12149,#12150,#12151),
 .UNSPECIFIED.,.F.,.F.,(3,3),(0.,1.),.UNSPECIFIED.);
#528=B_SPLINE_CURVE_WITH_KNOTS('',2,(#12158,#12159,#12160),
 .UNSPECIFIED.,.F.,.F.,(3,3),(0.,1.),.UNSPECIFIED.);
#529=B_SPLINE_CURVE_WITH_KNOTS('',2,(#12161,#12162,#12163),
 .UNSPECIFIED.,.F.,.F.,(3,3),(0.,1.),.UNSPECIFIED.);
#530=B_SPLINE_CURVE_WITH_KNOTS('',2,(#12173,#12174,#12175),
 .UNSPECIFIED.,.F.,.F.,(3,3),(0.,1.),.UNSPECIFIED.);
#531=B_SPLINE_CURVE_WITH_KNOTS('',2,(#12179,#12180,#12181),
 .UNSPECIFIED.,.F.,.F.,(3,3),(0.,1.),.UNSPECIFIED.);
#532=B_SPLINE_CURVE_WITH_KNOTS('',2,(#12190,#12191,#12192),
 .UNSPECIFIED.,.F.,.F.,(3,3),(0.,1.),.UNSPECIFIED.);
#533=B_SPLINE_CURVE_WITH_KNOTS('',2,(#12195,#12196,#12197),
 .UNSPECIFIED.,.F.,.F.,(3,3),(0.,1.),.UNSPECIFIED.);
#534=B_SPLINE_CURVE_WITH_KNOTS('',2,(#12205,#12206,#12207),
 .UNSPECIFIED.,.F.,.F.,(3,3),(0.,1.),.UNSPECIFIED.);
#535=B_SPLINE_CURVE_WITH_KNOTS('',2,(#12210,#12211,#12212),
 .UNSPECIFIED.,.F.,.F.,(3,3),(0.,1.),.UNSPECIFIED.);
#536=B_SPLINE_CURVE_WITH_KNOTS('',2,(#12220,#12221,#12222),
 .UNSPECIFIED.,.F.,.F.,(3,3),(0.,1.),.UNSPECIFIED.);
#537=B_SPLINE_CURVE_WITH_KNOTS('',2,(#12225,#12226,#12227),
 .UNSPECIFIED.,.F.,.F.,(3,3),(0.,1.),.UNSPECIFIED.);
#538=B_SPLINE_CURVE_WITH_KNOTS('',2,(#12235,#12236,#12237),
 .UNSPECIFIED.,.F.,.F.,(3,3),(0.,1.),.UNSPECIFIED.);
#539=B_SPLINE_CURVE_WITH_KNOTS('',2,(#12240,#12241,#12242),
 .UNSPECIFIED.,.F.,.F.,(3,3),(0.,1.),.UNSPECIFIED.);
#540=B_SPLINE_CURVE_WITH_KNOTS('',2,(#12254,#12255,#12256),
 .UNSPECIFIED.,.F.,.F.,(3,3),(0.,1.),.UNSPECIFIED.);
#541=B_SPLINE_CURVE_WITH_KNOTS('',2,(#12260,#12261,#12262),
 .UNSPECIFIED.,.F.,.F.,(3,3),(0.,1.),.UNSPECIFIED.);
#542=B_SPLINE_CURVE_WITH_KNOTS('',2,(#12271,#12272,#12273),
 .UNSPECIFIED.,.F.,.F.,(3,3),(0.,1.),.UNSPECIFIED.);
#543=B_SPLINE_CURVE_WITH_KNOTS('',2,(#12276,#12277,#12278),
 .UNSPECIFIED.,.F.,.F.,(3,3),(0.,1.),.UNSPECIFIED.);
#544=B_SPLINE_CURVE_WITH_KNOTS('',2,(#12286,#12287,#12288),
 .UNSPECIFIED.,.F.,.F.,(3,3),(0.,1.),.UNSPECIFIED.);
#545=B_SPLINE_CURVE_WITH_KNOTS('',2,(#12291,#12292,#12293),
 .UNSPECIFIED.,.F.,.F.,(3,3),(0.,1.),.UNSPECIFIED.);
#546=B_SPLINE_CURVE_WITH_KNOTS('',2,(#12301,#12302,#12303),
 .UNSPECIFIED.,.F.,.F.,(3,3),(0.,1.),.UNSPECIFIED.);
#547=B_SPLINE_CURVE_WITH_KNOTS('',2,(#12306,#12307,#12308),
 .UNSPECIFIED.,.F.,.F.,(3,3),(0.,1.),.UNSPECIFIED.);
#548=B_SPLINE_CURVE_WITH_KNOTS('',2,(#12316,#12317,#12318),
 .UNSPECIFIED.,.F.,.F.,(3,3),(0.,1.),.UNSPECIFIED.);
#549=B_SPLINE_CURVE_WITH_KNOTS('',2,(#12321,#12322,#12323),
 .UNSPECIFIED.,.F.,.F.,(3,3),(0.,1.),.UNSPECIFIED.);
#550=B_SPLINE_CURVE_WITH_KNOTS('',2,(#12331,#12332,#12333),
 .UNSPECIFIED.,.F.,.F.,(3,3),(0.,1.),.UNSPECIFIED.);
#551=B_SPLINE_CURVE_WITH_KNOTS('',2,(#12336,#12337,#12338),
 .UNSPECIFIED.,.F.,.F.,(3,3),(0.,1.),.UNSPECIFIED.);
#552=B_SPLINE_CURVE_WITH_KNOTS('',2,(#12346,#12347,#12348),
 .UNSPECIFIED.,.F.,.F.,(3,3),(0.,1.),.UNSPECIFIED.);
#553=B_SPLINE_CURVE_WITH_KNOTS('',2,(#12351,#12352,#12353),
 .UNSPECIFIED.,.F.,.F.,(3,3),(0.,1.),.UNSPECIFIED.);
#554=B_SPLINE_CURVE_WITH_KNOTS('',2,(#12361,#12362,#12363),
 .UNSPECIFIED.,.F.,.F.,(3,3),(0.,1.),.UNSPECIFIED.);
#555=B_SPLINE_CURVE_WITH_KNOTS('',2,(#12366,#12367,#12368),
 .UNSPECIFIED.,.F.,.F.,(3,3),(0.,1.),.UNSPECIFIED.);
#556=B_SPLINE_CURVE_WITH_KNOTS('',2,(#12376,#12377,#12378),
 .UNSPECIFIED.,.F.,.F.,(3,3),(0.,1.),.UNSPECIFIED.);
#557=B_SPLINE_CURVE_WITH_KNOTS('',2,(#12381,#12382,#12383),
 .UNSPECIFIED.,.F.,.F.,(3,3),(0.,1.),.UNSPECIFIED.);
#558=B_SPLINE_CURVE_WITH_KNOTS('',2,(#12391,#12392,#12393),
 .UNSPECIFIED.,.F.,.F.,(3,3),(0.,1.),.UNSPECIFIED.);
#559=B_SPLINE_CURVE_WITH_KNOTS('',2,(#12396,#12397,#12398),
 .UNSPECIFIED.,.F.,.F.,(3,3),(0.,1.),.UNSPECIFIED.);
#560=B_SPLINE_CURVE_WITH_KNOTS('',2,(#12412,#12413,#12414),
 .UNSPECIFIED.,.F.,.F.,(3,3),(0.,1.),.UNSPECIFIED.);
#561=B_SPLINE_CURVE_WITH_KNOTS('',2,(#12417,#12418,#12419),
 .UNSPECIFIED.,.F.,.F.,(3,3),(0.,1.),.UNSPECIFIED.);
#562=B_SPLINE_CURVE_WITH_KNOTS('',2,(#12427,#12428,#12429),
 .UNSPECIFIED.,.F.,.F.,(3,3),(0.,1.),.UNSPECIFIED.);
#563=B_SPLINE_CURVE_WITH_KNOTS('',2,(#12432,#12433,#12434),
 .UNSPECIFIED.,.F.,.F.,(3,3),(0.,1.),.UNSPECIFIED.);
#564=B_SPLINE_CURVE_WITH_KNOTS('',2,(#12442,#12443,#12444),
 .UNSPECIFIED.,.F.,.F.,(3,3),(0.,1.),.UNSPECIFIED.);
#565=B_SPLINE_CURVE_WITH_KNOTS('',2,(#12447,#12448,#12449),
 .UNSPECIFIED.,.F.,.F.,(3,3),(0.,1.),.UNSPECIFIED.);
#566=B_SPLINE_CURVE_WITH_KNOTS('',2,(#12457,#12458,#12459),
 .UNSPECIFIED.,.F.,.F.,(3,3),(0.,1.),.UNSPECIFIED.);
#567=B_SPLINE_CURVE_WITH_KNOTS('',2,(#12462,#12463,#12464),
 .UNSPECIFIED.,.F.,.F.,(3,3),(0.,1.),.UNSPECIFIED.);
#568=B_SPLINE_CURVE_WITH_KNOTS('',2,(#12472,#12473,#12474),
 .UNSPECIFIED.,.F.,.F.,(3,3),(0.,1.),.UNSPECIFIED.);
#569=B_SPLINE_CURVE_WITH_KNOTS('',2,(#12477,#12478,#12479),
 .UNSPECIFIED.,.F.,.F.,(3,3),(0.,1.),.UNSPECIFIED.);
#570=B_SPLINE_CURVE_WITH_KNOTS('',2,(#12493,#12494,#12495),
 .UNSPECIFIED.,.F.,.F.,(3,3),(0.,1.),.UNSPECIFIED.);
#571=B_SPLINE_CURVE_WITH_KNOTS('',2,(#12498,#12499,#12500),
 .UNSPECIFIED.,.F.,.F.,(3,3),(0.,1.),.UNSPECIFIED.);
#572=B_SPLINE_CURVE_WITH_KNOTS('',2,(#12507,#12508,#12509),
 .UNSPECIFIED.,.F.,.F.,(3,3),(0.,1.),.UNSPECIFIED.);
#573=B_SPLINE_CURVE_WITH_KNOTS('',2,(#12510,#12511,#12512),
 .UNSPECIFIED.,.F.,.F.,(3,3),(0.,1.),.UNSPECIFIED.);
#574=CIRCLE('',#7353,0.5);
#575=CIRCLE('',#7355,0.5);
#576=CIRCLE('',#7356,1.5);
#577=CIRCLE('',#7357,1.);
#578=CIRCLE('',#7359,0.499999999999998);
#579=CIRCLE('',#7360,3.5);
#580=CIRCLE('',#7361,0.499999999999999);
#581=CIRCLE('',#7362,4.);
#582=CIRCLE('',#7365,0.500000000000001);
#583=CIRCLE('',#7368,2.29999999999999);
#584=CIRCLE('',#7369,2.29999999999999);
#585=CIRCLE('',#7371,1.29999999999999);
#586=CIRCLE('',#7373,0.5);
#587=CIRCLE('',#7374,0.499999999999999);
#588=CIRCLE('',#7376,0.500000299517565);
#589=CIRCLE('',#7377,4.);
#590=CIRCLE('',#7378,3.5);
#591=CIRCLE('',#7380,0.5);
#592=CIRCLE('',#7389,5.);
#593=CIRCLE('',#7390,5.);
#594=CIRCLE('',#7391,5.);
#595=CIRCLE('',#7392,5.);
#596=CIRCLE('',#7393,1.29999999999999);
#597=CIRCLE('',#7394,5.1);
#598=CIRCLE('',#7395,1.29999999999999);
#599=CIRCLE('',#7396,1.29999999999999);
#600=CIRCLE('',#7397,5.1);
#601=CIRCLE('',#7414,0.999999999999996);
#602=CIRCLE('',#7415,1.);
#603=CIRCLE('',#7418,1.);
#604=CIRCLE('',#7420,1.);
#605=CIRCLE('',#7423,0.999999999999999);
#606=CIRCLE('',#7425,4.5);
#607=CIRCLE('',#7426,1.);
#608=CIRCLE('',#7430,3.5);
#609=CIRCLE('',#7432,0.999999999999999);
#610=CIRCLE('',#7436,4.5);
#611=CIRCLE('',#7437,3.5);
#612=CIRCLE('',#7438,3.5);
#613=CIRCLE('',#7441,3.5);
#614=CIRCLE('',#7442,3.5);
#615=CIRCLE('',#7556,2.3);
#616=CIRCLE('',#7559,4.1);
#617=CIRCLE('',#7562,2.29999999999999);
#618=CIRCLE('',#7567,2.29999999999999);
#619=CIRCLE('',#7570,4.1);
#620=CIRCLE('',#7574,4.1);
#621=CIRCLE('',#7577,2.29999999999999);
#622=CIRCLE('',#7580,2.29999999999999);
#623=CIRCLE('',#7583,4.1);
#624=CIRCLE('',#7586,2.3);
#625=CIRCLE('',#7590,5.);
#626=CIRCLE('',#7593,5.);
#627=CIRCLE('',#7595,5.);
#628=CIRCLE('',#7597,5.);
#629=CIRCLE('',#7605,1.45);
#630=CIRCLE('',#7607,1.45);
#631=CIRCLE('',#7609,1.45);
#632=CIRCLE('',#7612,1.45);
#633=CYLINDRICAL_SURFACE('',#7352,0.5);
#634=CYLINDRICAL_SURFACE('',#7363,0.5);
#635=CYLINDRICAL_SURFACE('',#7364,0.5);
#636=CYLINDRICAL_SURFACE('',#7367,2.29999999999999);
#637=CYLINDRICAL_SURFACE('',#7372,0.5);
#638=CYLINDRICAL_SURFACE('',#7379,0.5);
#639=CYLINDRICAL_SURFACE('',#7413,1.);
#640=CYLINDRICAL_SURFACE('',#7416,1.);
#641=CYLINDRICAL_SURFACE('',#7422,1.);
#642=CYLINDRICAL_SURFACE('',#7431,3.5);
#643=CYLINDRICAL_SURFACE('',#7433,1.);
#644=CYLINDRICAL_SURFACE('',#7440,3.5);
#645=CYLINDRICAL_SURFACE('',#7573,4.1);
#646=CYLINDRICAL_SURFACE('',#7576,2.29999999999999);
#647=CYLINDRICAL_SURFACE('',#7579,2.29999999999999);
#648=CYLINDRICAL_SURFACE('',#7582,4.1);
#649=CYLINDRICAL_SURFACE('',#7585,2.3);
#650=CYLINDRICAL_SURFACE('',#7589,5.);
#651=CYLINDRICAL_SURFACE('',#7592,5.);
#652=CYLINDRICAL_SURFACE('',#7594,5.);
#653=CYLINDRICAL_SURFACE('',#7596,5.);
#654=CYLINDRICAL_SURFACE('',#7608,1.45);
#655=CYLINDRICAL_SURFACE('',#7611,1.45);
#656=FACE_OUTER_BOUND('',#1060,.T.);
#657=FACE_OUTER_BOUND('',#1061,.T.);
#658=FACE_OUTER_BOUND('',#1062,.T.);
#659=FACE_OUTER_BOUND('',#1063,.T.);
#660=FACE_OUTER_BOUND('',#1064,.T.);
#661=FACE_OUTER_BOUND('',#1065,.T.);
#662=FACE_OUTER_BOUND('',#1066,.T.);
#663=FACE_OUTER_BOUND('',#1067,.T.);
#664=FACE_OUTER_BOUND('',#1068,.T.);
#665=FACE_OUTER_BOUND('',#1069,.T.);
#666=FACE_OUTER_BOUND('',#1070,.T.);
#667=FACE_OUTER_BOUND('',#1071,.T.);
#668=FACE_OUTER_BOUND('',#1072,.T.);
#669=FACE_OUTER_BOUND('',#1073,.T.);
#670=FACE_OUTER_BOUND('',#1074,.T.);
#671=FACE_OUTER_BOUND('',#1075,.T.);
#672=FACE_OUTER_BOUND('',#1076,.T.);
#673=FACE_OUTER_BOUND('',#1077,.T.);
#674=FACE_OUTER_BOUND('',#1078,.T.);
#675=FACE_OUTER_BOUND('',#1079,.T.);
#676=FACE_OUTER_BOUND('',#1080,.T.);
#677=FACE_OUTER_BOUND('',#1081,.T.);
#678=FACE_OUTER_BOUND('',#1082,.T.);
#679=FACE_OUTER_BOUND('',#1083,.T.);
#680=FACE_OUTER_BOUND('',#1084,.T.);
#681=FACE_OUTER_BOUND('',#1085,.T.);
#682=FACE_OUTER_BOUND('',#1086,.T.);
#683=FACE_OUTER_BOUND('',#1087,.T.);
#684=FACE_OUTER_BOUND('',#1088,.T.);
#685=FACE_OUTER_BOUND('',#1089,.T.);
#686=FACE_OUTER_BOUND('',#1090,.T.);
#687=FACE_OUTER_BOUND('',#1091,.T.);
#688=FACE_OUTER_BOUND('',#1092,.T.);
#689=FACE_OUTER_BOUND('',#1093,.T.);
#690=FACE_OUTER_BOUND('',#1094,.T.);
#691=FACE_OUTER_BOUND('',#1095,.T.);
#692=FACE_OUTER_BOUND('',#1096,.T.);
#693=FACE_OUTER_BOUND('',#1097,.T.);
#694=FACE_OUTER_BOUND('',#1098,.T.);
#695=FACE_OUTER_BOUND('',#1099,.T.);
#696=FACE_OUTER_BOUND('',#1100,.T.);
#697=FACE_OUTER_BOUND('',#1102,.T.);
#698=FACE_OUTER_BOUND('',#1103,.T.);
#699=FACE_OUTER_BOUND('',#1104,.T.);
#700=FACE_OUTER_BOUND('',#1105,.T.);
#701=FACE_OUTER_BOUND('',#1106,.T.);
#702=FACE_OUTER_BOUND('',#1107,.T.);
#703=FACE_OUTER_BOUND('',#1108,.T.);
#704=FACE_OUTER_BOUND('',#1113,.T.);
#705=FACE_OUTER_BOUND('',#1114,.T.);
#706=FACE_OUTER_BOUND('',#1115,.T.);
#707=FACE_OUTER_BOUND('',#1116,.T.);
#708=FACE_OUTER_BOUND('',#1117,.T.);
#709=FACE_OUTER_BOUND('',#1118,.T.);
#710=FACE_OUTER_BOUND('',#1119,.T.);
#711=FACE_OUTER_BOUND('',#1120,.T.);
#712=FACE_OUTER_BOUND('',#1121,.T.);
#713=FACE_OUTER_BOUND('',#1122,.T.);
#714=FACE_OUTER_BOUND('',#1123,.T.);
#715=FACE_OUTER_BOUND('',#1124,.T.);
#716=FACE_OUTER_BOUND('',#1125,.T.);
#717=FACE_OUTER_BOUND('',#1126,.T.);
#718=FACE_OUTER_BOUND('',#1127,.T.);
#719=FACE_OUTER_BOUND('',#1128,.T.);
#720=FACE_OUTER_BOUND('',#1129,.T.);
#721=FACE_OUTER_BOUND('',#1130,.T.);
#722=FACE_OUTER_BOUND('',#1131,.T.);
#723=FACE_OUTER_BOUND('',#1132,.T.);
#724=FACE_OUTER_BOUND('',#1133,.T.);
#725=FACE_OUTER_BOUND('',#1134,.T.);
#726=FACE_OUTER_BOUND('',#1135,.T.);
#727=FACE_OUTER_BOUND('',#1136,.T.);
#728=FACE_OUTER_BOUND('',#1137,.T.);
#729=FACE_OUTER_BOUND('',#1138,.T.);
#730=FACE_OUTER_BOUND('',#1139,.T.);
#731=FACE_OUTER_BOUND('',#1140,.T.);
#732=FACE_OUTER_BOUND('',#1141,.T.);
#733=FACE_OUTER_BOUND('',#1142,.T.);
#734=FACE_OUTER_BOUND('',#1143,.T.);
#735=FACE_OUTER_BOUND('',#1144,.T.);
#736=FACE_OUTER_BOUND('',#1145,.T.);
#737=FACE_OUTER_BOUND('',#1146,.T.);
#738=FACE_OUTER_BOUND('',#1147,.T.);
#739=FACE_OUTER_BOUND('',#1148,.T.);
#740=FACE_OUTER_BOUND('',#1149,.T.);
#741=FACE_OUTER_BOUND('',#1150,.T.);
#742=FACE_OUTER_BOUND('',#1151,.T.);
#743=FACE_OUTER_BOUND('',#1152,.T.);
#744=FACE_OUTER_BOUND('',#1153,.T.);
#745=FACE_OUTER_BOUND('',#1154,.T.);
#746=FACE_OUTER_BOUND('',#1155,.T.);
#747=FACE_OUTER_BOUND('',#1156,.T.);
#748=FACE_OUTER_BOUND('',#1157,.T.);
#749=FACE_OUTER_BOUND('',#1158,.T.);
#750=FACE_OUTER_BOUND('',#1159,.T.);
#751=FACE_OUTER_BOUND('',#1160,.T.);
#752=FACE_OUTER_BOUND('',#1161,.T.);
#753=FACE_OUTER_BOUND('',#1162,.T.);
#754=FACE_OUTER_BOUND('',#1163,.T.);
#755=FACE_OUTER_BOUND('',#1164,.T.);
#756=FACE_OUTER_BOUND('',#1165,.T.);
#757=FACE_OUTER_BOUND('',#1166,.T.);
#758=FACE_OUTER_BOUND('',#1167,.T.);
#759=FACE_OUTER_BOUND('',#1168,.T.);
#760=FACE_OUTER_BOUND('',#1169,.T.);
#761=FACE_OUTER_BOUND('',#1170,.T.);
#762=FACE_OUTER_BOUND('',#1171,.T.);
#763=FACE_OUTER_BOUND('',#1172,.T.);
#764=FACE_OUTER_BOUND('',#1173,.T.);
#765=FACE_OUTER_BOUND('',#1174,.T.);
#766=FACE_OUTER_BOUND('',#1175,.T.);
#767=FACE_OUTER_BOUND('',#1176,.T.);
#768=FACE_OUTER_BOUND('',#1177,.T.);
#769=FACE_OUTER_BOUND('',#1178,.T.);
#770=FACE_OUTER_BOUND('',#1179,.T.);
#771=FACE_OUTER_BOUND('',#1180,.T.);
#772=FACE_OUTER_BOUND('',#1181,.T.);
#773=FACE_OUTER_BOUND('',#1182,.T.);
#774=FACE_OUTER_BOUND('',#1183,.T.);
#775=FACE_OUTER_BOUND('',#1184,.T.);
#776=FACE_OUTER_BOUND('',#1185,.T.);
#777=FACE_OUTER_BOUND('',#1186,.T.);
#778=FACE_OUTER_BOUND('',#1187,.T.);
#779=FACE_OUTER_BOUND('',#1188,.T.);
#780=FACE_OUTER_BOUND('',#1189,.T.);
#781=FACE_OUTER_BOUND('',#1190,.T.);
#782=FACE_OUTER_BOUND('',#1191,.T.);
#783=FACE_OUTER_BOUND('',#1192,.T.);
#784=FACE_OUTER_BOUND('',#1193,.T.);
#785=FACE_OUTER_BOUND('',#1194,.T.);
#786=FACE_OUTER_BOUND('',#1195,.T.);
#787=FACE_OUTER_BOUND('',#1196,.T.);
#788=FACE_OUTER_BOUND('',#1197,.T.);
#789=FACE_OUTER_BOUND('',#1198,.T.);
#790=FACE_OUTER_BOUND('',#1199,.T.);
#791=FACE_OUTER_BOUND('',#1200,.T.);
#792=FACE_OUTER_BOUND('',#1201,.T.);
#793=FACE_OUTER_BOUND('',#1202,.T.);
#794=FACE_OUTER_BOUND('',#1203,.T.);
#795=FACE_OUTER_BOUND('',#1204,.T.);
#796=FACE_OUTER_BOUND('',#1205,.T.);
#797=FACE_OUTER_BOUND('',#1206,.T.);
#798=FACE_OUTER_BOUND('',#1207,.T.);
#799=FACE_OUTER_BOUND('',#1208,.T.);
#800=FACE_OUTER_BOUND('',#1209,.T.);
#801=FACE_OUTER_BOUND('',#1210,.T.);
#802=FACE_OUTER_BOUND('',#1211,.T.);
#803=FACE_OUTER_BOUND('',#1212,.T.);
#804=FACE_OUTER_BOUND('',#1213,.T.);
#805=FACE_OUTER_BOUND('',#1214,.T.);
#806=FACE_OUTER_BOUND('',#1215,.T.);
#807=FACE_OUTER_BOUND('',#1216,.T.);
#808=FACE_OUTER_BOUND('',#1217,.T.);
#809=FACE_OUTER_BOUND('',#1218,.T.);
#810=FACE_OUTER_BOUND('',#1219,.T.);
#811=FACE_OUTER_BOUND('',#1220,.T.);
#812=FACE_OUTER_BOUND('',#1221,.T.);
#813=FACE_OUTER_BOUND('',#1222,.T.);
#814=FACE_OUTER_BOUND('',#1223,.T.);
#815=FACE_OUTER_BOUND('',#1224,.T.);
#816=FACE_OUTER_BOUND('',#1225,.T.);
#817=FACE_OUTER_BOUND('',#1226,.T.);
#818=FACE_OUTER_BOUND('',#1227,.T.);
#819=FACE_OUTER_BOUND('',#1228,.T.);
#820=FACE_OUTER_BOUND('',#1229,.T.);
#821=FACE_OUTER_BOUND('',#1230,.T.);
#822=FACE_OUTER_BOUND('',#1231,.T.);
#823=FACE_OUTER_BOUND('',#1232,.T.);
#824=FACE_OUTER_BOUND('',#1233,.T.);
#825=FACE_OUTER_BOUND('',#1234,.T.);
#826=FACE_OUTER_BOUND('',#1235,.T.);
#827=FACE_OUTER_BOUND('',#1236,.T.);
#828=FACE_OUTER_BOUND('',#1237,.T.);
#829=FACE_OUTER_BOUND('',#1238,.T.);
#830=FACE_OUTER_BOUND('',#1239,.T.);
#831=FACE_OUTER_BOUND('',#1240,.T.);
#832=FACE_OUTER_BOUND('',#1241,.T.);
#833=FACE_OUTER_BOUND('',#1242,.T.);
#834=FACE_OUTER_BOUND('',#1243,.T.);
#835=FACE_OUTER_BOUND('',#1244,.T.);
#836=FACE_OUTER_BOUND('',#1245,.T.);
#837=FACE_OUTER_BOUND('',#1246,.T.);
#838=FACE_OUTER_BOUND('',#1247,.T.);
#839=FACE_OUTER_BOUND('',#1248,.T.);
#840=FACE_OUTER_BOUND('',#1249,.T.);
#841=FACE_OUTER_BOUND('',#1250,.T.);
#842=FACE_OUTER_BOUND('',#1251,.T.);
#843=FACE_OUTER_BOUND('',#1252,.T.);
#844=FACE_OUTER_BOUND('',#1253,.T.);
#845=FACE_OUTER_BOUND('',#1254,.T.);
#846=FACE_OUTER_BOUND('',#1255,.T.);
#847=FACE_OUTER_BOUND('',#1256,.T.);
#848=FACE_OUTER_BOUND('',#1257,.T.);
#849=FACE_OUTER_BOUND('',#1258,.T.);
#850=FACE_OUTER_BOUND('',#1259,.T.);
#851=FACE_OUTER_BOUND('',#1260,.T.);
#852=FACE_OUTER_BOUND('',#1261,.T.);
#853=FACE_OUTER_BOUND('',#1262,.T.);
#854=FACE_OUTER_BOUND('',#1263,.T.);
#855=FACE_OUTER_BOUND('',#1264,.T.);
#856=FACE_OUTER_BOUND('',#1265,.T.);
#857=FACE_OUTER_BOUND('',#1266,.T.);
#858=FACE_OUTER_BOUND('',#1267,.T.);
#859=FACE_OUTER_BOUND('',#1268,.T.);
#860=FACE_OUTER_BOUND('',#1269,.T.);
#861=FACE_OUTER_BOUND('',#1270,.T.);
#862=FACE_OUTER_BOUND('',#1271,.T.);
#863=FACE_OUTER_BOUND('',#1272,.T.);
#864=FACE_OUTER_BOUND('',#1273,.T.);
#865=FACE_OUTER_BOUND('',#1274,.T.);
#866=FACE_OUTER_BOUND('',#1275,.T.);
#867=FACE_OUTER_BOUND('',#1276,.T.);
#868=FACE_OUTER_BOUND('',#1277,.T.);
#869=FACE_OUTER_BOUND('',#1278,.T.);
#870=FACE_OUTER_BOUND('',#1279,.T.);
#871=FACE_OUTER_BOUND('',#1280,.T.);
#872=FACE_OUTER_BOUND('',#1281,.T.);
#873=FACE_OUTER_BOUND('',#1282,.T.);
#874=FACE_OUTER_BOUND('',#1283,.T.);
#875=FACE_OUTER_BOUND('',#1284,.T.);
#876=FACE_OUTER_BOUND('',#1285,.T.);
#877=FACE_OUTER_BOUND('',#1286,.T.);
#878=FACE_OUTER_BOUND('',#1287,.T.);
#879=FACE_OUTER_BOUND('',#1288,.T.);
#880=FACE_OUTER_BOUND('',#1289,.T.);
#881=FACE_OUTER_BOUND('',#1290,.T.);
#882=FACE_OUTER_BOUND('',#1291,.T.);
#883=FACE_OUTER_BOUND('',#1292,.T.);
#884=FACE_OUTER_BOUND('',#1293,.T.);
#885=FACE_OUTER_BOUND('',#1294,.T.);
#886=FACE_OUTER_BOUND('',#1295,.T.);
#887=FACE_OUTER_BOUND('',#1296,.T.);
#888=FACE_OUTER_BOUND('',#1297,.T.);
#889=FACE_OUTER_BOUND('',#1298,.T.);
#890=FACE_OUTER_BOUND('',#1299,.T.);
#891=FACE_OUTER_BOUND('',#1300,.T.);
#892=FACE_OUTER_BOUND('',#1301,.T.);
#893=FACE_OUTER_BOUND('',#1302,.T.);
#894=FACE_OUTER_BOUND('',#1303,.T.);
#895=FACE_OUTER_BOUND('',#1304,.T.);
#896=FACE_OUTER_BOUND('',#1305,.T.);
#897=FACE_OUTER_BOUND('',#1306,.T.);
#898=FACE_OUTER_BOUND('',#1307,.T.);
#899=FACE_OUTER_BOUND('',#1308,.T.);
#900=FACE_OUTER_BOUND('',#1309,.T.);
#901=FACE_OUTER_BOUND('',#1310,.T.);
#902=FACE_OUTER_BOUND('',#1311,.T.);
#903=FACE_OUTER_BOUND('',#1312,.T.);
#904=FACE_OUTER_BOUND('',#1313,.T.);
#905=FACE_OUTER_BOUND('',#1314,.T.);
#906=FACE_OUTER_BOUND('',#1315,.T.);
#907=FACE_OUTER_BOUND('',#1316,.T.);
#908=FACE_OUTER_BOUND('',#1317,.T.);
#909=FACE_OUTER_BOUND('',#1318,.T.);
#910=FACE_OUTER_BOUND('',#1319,.T.);
#911=FACE_OUTER_BOUND('',#1320,.T.);
#912=FACE_OUTER_BOUND('',#1321,.T.);
#913=FACE_OUTER_BOUND('',#1322,.T.);
#914=FACE_OUTER_BOUND('',#1323,.T.);
#915=FACE_OUTER_BOUND('',#1324,.T.);
#916=FACE_OUTER_BOUND('',#1326,.T.);
#917=FACE_OUTER_BOUND('',#1327,.T.);
#918=FACE_OUTER_BOUND('',#1328,.T.);
#919=FACE_OUTER_BOUND('',#1329,.T.);
#920=FACE_OUTER_BOUND('',#1330,.T.);
#921=FACE_OUTER_BOUND('',#1331,.T.);
#922=FACE_OUTER_BOUND('',#1332,.T.);
#923=FACE_OUTER_BOUND('',#1333,.T.);
#924=FACE_OUTER_BOUND('',#1334,.T.);
#925=FACE_OUTER_BOUND('',#1335,.T.);
#926=FACE_OUTER_BOUND('',#1336,.T.);
#927=FACE_OUTER_BOUND('',#1337,.T.);
#928=FACE_OUTER_BOUND('',#1338,.T.);
#929=FACE_OUTER_BOUND('',#1339,.T.);
#930=FACE_OUTER_BOUND('',#1340,.T.);
#931=FACE_OUTER_BOUND('',#1341,.T.);
#932=FACE_OUTER_BOUND('',#1342,.T.);
#933=FACE_OUTER_BOUND('',#1343,.T.);
#934=FACE_OUTER_BOUND('',#1344,.T.);
#935=FACE_OUTER_BOUND('',#1345,.T.);
#936=FACE_OUTER_BOUND('',#1346,.T.);
#937=FACE_OUTER_BOUND('',#1347,.T.);
#938=FACE_OUTER_BOUND('',#1348,.T.);
#939=FACE_OUTER_BOUND('',#1349,.T.);
#940=FACE_OUTER_BOUND('',#1350,.T.);
#941=FACE_OUTER_BOUND('',#1351,.T.);
#942=FACE_OUTER_BOUND('',#1352,.T.);
#943=FACE_OUTER_BOUND('',#1353,.T.);
#944=FACE_OUTER_BOUND('',#1354,.T.);
#945=FACE_OUTER_BOUND('',#1355,.T.);
#946=FACE_OUTER_BOUND('',#1356,.T.);
#947=FACE_OUTER_BOUND('',#1357,.T.);
#948=FACE_OUTER_BOUND('',#1358,.T.);
#949=FACE_OUTER_BOUND('',#1359,.T.);
#950=FACE_OUTER_BOUND('',#1360,.T.);
#951=FACE_OUTER_BOUND('',#1361,.T.);
#952=FACE_OUTER_BOUND('',#1362,.T.);
#953=FACE_OUTER_BOUND('',#1363,.T.);
#954=FACE_OUTER_BOUND('',#1364,.T.);
#955=FACE_OUTER_BOUND('',#1365,.T.);
#956=FACE_OUTER_BOUND('',#1366,.T.);
#957=FACE_OUTER_BOUND('',#1367,.T.);
#958=FACE_OUTER_BOUND('',#1368,.T.);
#959=FACE_OUTER_BOUND('',#1369,.T.);
#960=FACE_OUTER_BOUND('',#1370,.T.);
#961=FACE_OUTER_BOUND('',#1371,.T.);
#962=FACE_OUTER_BOUND('',#1372,.T.);
#963=FACE_OUTER_BOUND('',#1373,.T.);
#964=FACE_OUTER_BOUND('',#1374,.T.);
#965=FACE_OUTER_BOUND('',#1375,.T.);
#966=FACE_OUTER_BOUND('',#1376,.T.);
#967=FACE_OUTER_BOUND('',#1377,.T.);
#968=FACE_OUTER_BOUND('',#1378,.T.);
#969=FACE_OUTER_BOUND('',#1379,.T.);
#970=FACE_OUTER_BOUND('',#1380,.T.);
#971=FACE_OUTER_BOUND('',#1381,.T.);
#972=FACE_OUTER_BOUND('',#1382,.T.);
#973=FACE_OUTER_BOUND('',#1383,.T.);
#974=FACE_OUTER_BOUND('',#1384,.T.);
#975=FACE_OUTER_BOUND('',#1386,.T.);
#976=FACE_OUTER_BOUND('',#1387,.T.);
#977=FACE_OUTER_BOUND('',#1388,.T.);
#978=FACE_OUTER_BOUND('',#1389,.T.);
#979=FACE_OUTER_BOUND('',#1390,.T.);
#980=FACE_OUTER_BOUND('',#1391,.T.);
#981=FACE_OUTER_BOUND('',#1392,.T.);
#982=FACE_OUTER_BOUND('',#1393,.T.);
#983=FACE_OUTER_BOUND('',#1394,.T.);
#984=FACE_OUTER_BOUND('',#1395,.T.);
#985=FACE_OUTER_BOUND('',#1396,.T.);
#986=FACE_OUTER_BOUND('',#1397,.T.);
#987=FACE_OUTER_BOUND('',#1398,.T.);
#988=FACE_OUTER_BOUND('',#1399,.T.);
#989=FACE_OUTER_BOUND('',#1400,.T.);
#990=FACE_OUTER_BOUND('',#1401,.T.);
#991=FACE_OUTER_BOUND('',#1402,.T.);
#992=FACE_OUTER_BOUND('',#1403,.T.);
#993=FACE_OUTER_BOUND('',#1404,.T.);
#994=FACE_OUTER_BOUND('',#1405,.T.);
#995=FACE_OUTER_BOUND('',#1406,.T.);
#996=FACE_OUTER_BOUND('',#1407,.T.);
#997=FACE_OUTER_BOUND('',#1408,.T.);
#998=FACE_OUTER_BOUND('',#1409,.T.);
#999=FACE_OUTER_BOUND('',#1410,.T.);
#1000=FACE_OUTER_BOUND('',#1411,.T.);
#1001=FACE_OUTER_BOUND('',#1413,.T.);
#1002=FACE_OUTER_BOUND('',#1414,.T.);
#1003=FACE_OUTER_BOUND('',#1415,.T.);
#1004=FACE_OUTER_BOUND('',#1416,.T.);
#1005=FACE_OUTER_BOUND('',#1417,.T.);
#1006=FACE_OUTER_BOUND('',#1418,.T.);
#1007=FACE_OUTER_BOUND('',#1419,.T.);
#1008=FACE_OUTER_BOUND('',#1420,.T.);
#1009=FACE_OUTER_BOUND('',#1421,.T.);
#1010=FACE_OUTER_BOUND('',#1422,.T.);
#1011=FACE_OUTER_BOUND('',#1423,.T.);
#1012=FACE_OUTER_BOUND('',#1424,.T.);
#1013=FACE_OUTER_BOUND('',#1425,.T.);
#1014=FACE_OUTER_BOUND('',#1426,.T.);
#1015=FACE_OUTER_BOUND('',#1427,.T.);
#1016=FACE_OUTER_BOUND('',#1428,.T.);
#1017=FACE_OUTER_BOUND('',#1429,.T.);
#1018=FACE_OUTER_BOUND('',#1430,.T.);
#1019=FACE_OUTER_BOUND('',#1431,.T.);
#1020=FACE_OUTER_BOUND('',#1432,.T.);
#1021=FACE_OUTER_BOUND('',#1433,.T.);
#1022=FACE_OUTER_BOUND('',#1434,.T.);
#1023=FACE_OUTER_BOUND('',#1435,.T.);
#1024=FACE_OUTER_BOUND('',#1436,.T.);
#1025=FACE_OUTER_BOUND('',#1437,.T.);
#1026=FACE_OUTER_BOUND('',#1438,.T.);
#1027=FACE_OUTER_BOUND('',#1439,.T.);
#1028=FACE_OUTER_BOUND('',#1440,.T.);
#1029=FACE_OUTER_BOUND('',#1441,.T.);
#1030=FACE_OUTER_BOUND('',#1442,.T.);
#1031=FACE_OUTER_BOUND('',#1443,.T.);
#1032=FACE_OUTER_BOUND('',#1444,.T.);
#1033=FACE_OUTER_BOUND('',#1445,.T.);
#1034=FACE_OUTER_BOUND('',#1446,.T.);
#1035=FACE_OUTER_BOUND('',#1447,.T.);
#1036=FACE_OUTER_BOUND('',#1448,.T.);
#1037=FACE_OUTER_BOUND('',#1449,.T.);
#1038=FACE_OUTER_BOUND('',#1450,.T.);
#1039=FACE_OUTER_BOUND('',#1451,.T.);
#1040=FACE_OUTER_BOUND('',#1452,.T.);
#1041=FACE_OUTER_BOUND('',#1453,.T.);
#1042=FACE_OUTER_BOUND('',#1454,.T.);
#1043=FACE_OUTER_BOUND('',#1455,.T.);
#1044=FACE_OUTER_BOUND('',#1456,.T.);
#1045=FACE_OUTER_BOUND('',#1457,.T.);
#1046=FACE_OUTER_BOUND('',#1458,.T.);
#1047=FACE_OUTER_BOUND('',#1459,.T.);
#1048=FACE_OUTER_BOUND('',#1460,.T.);
#1049=FACE_OUTER_BOUND('',#1461,.T.);
#1050=FACE_OUTER_BOUND('',#1462,.T.);
#1051=FACE_OUTER_BOUND('',#1463,.T.);
#1052=FACE_OUTER_BOUND('',#1464,.T.);
#1053=FACE_OUTER_BOUND('',#1465,.T.);
#1054=FACE_OUTER_BOUND('',#1466,.T.);
#1055=FACE_OUTER_BOUND('',#1468,.T.);
#1056=FACE_OUTER_BOUND('',#1469,.T.);
#1057=FACE_OUTER_BOUND('',#1471,.T.);
#1058=FACE_OUTER_BOUND('',#1472,.T.);
#1059=FACE_OUTER_BOUND('',#1486,.T.);
#1060=EDGE_LOOP('',(#4568,#4569,#4570,#4571));
#1061=EDGE_LOOP('',(#4572,#4573,#4574,#4575));
#1062=EDGE_LOOP('',(#4576,#4577,#4578,#4579));
#1063=EDGE_LOOP('',(#4580,#4581,#4582,#4583));
#1064=EDGE_LOOP('',(#4584,#4585,#4586,#4587));
#1065=EDGE_LOOP('',(#4588,#4589,#4590,#4591));
#1066=EDGE_LOOP('',(#4592,#4593,#4594,#4595));
#1067=EDGE_LOOP('',(#4596,#4597,#4598,#4599));
#1068=EDGE_LOOP('',(#4600,#4601,#4602,#4603));
#1069=EDGE_LOOP('',(#4604,#4605,#4606,#4607));
#1070=EDGE_LOOP('',(#4608,#4609,#4610,#4611));
#1071=EDGE_LOOP('',(#4612,#4613,#4614,#4615));
#1072=EDGE_LOOP('',(#4616,#4617,#4618,#4619));
#1073=EDGE_LOOP('',(#4620,#4621,#4622,#4623));
#1074=EDGE_LOOP('',(#4624,#4625,#4626,#4627));
#1075=EDGE_LOOP('',(#4628,#4629,#4630,#4631));
#1076=EDGE_LOOP('',(#4632,#4633,#4634,#4635));
#1077=EDGE_LOOP('',(#4636,#4637,#4638,#4639));
#1078=EDGE_LOOP('',(#4640,#4641,#4642,#4643));
#1079=EDGE_LOOP('',(#4644,#4645,#4646,#4647));
#1080=EDGE_LOOP('',(#4648,#4649,#4650,#4651));
#1081=EDGE_LOOP('',(#4652,#4653,#4654,#4655));
#1082=EDGE_LOOP('',(#4656,#4657,#4658,#4659));
#1083=EDGE_LOOP('',(#4660,#4661,#4662,#4663));
#1084=EDGE_LOOP('',(#4664,#4665,#4666,#4667));
#1085=EDGE_LOOP('',(#4668,#4669,#4670,#4671));
#1086=EDGE_LOOP('',(#4672,#4673,#4674,#4675));
#1087=EDGE_LOOP('',(#4676,#4677,#4678,#4679));
#1088=EDGE_LOOP('',(#4680,#4681,#4682,#4683));
#1089=EDGE_LOOP('',(#4684,#4685,#4686,#4687));
#1090=EDGE_LOOP('',(#4688,#4689,#4690,#4691));
#1091=EDGE_LOOP('',(#4692,#4693,#4694,#4695));
#1092=EDGE_LOOP('',(#4696,#4697,#4698,#4699));
#1093=EDGE_LOOP('',(#4700,#4701,#4702,#4703));
#1094=EDGE_LOOP('',(#4704,#4705,#4706,#4707,#4708,#4709,#4710,#4711,#4712,
#4713,#4714,#4715,#4716,#4717,#4718,#4719,#4720,#4721));
#1095=EDGE_LOOP('',(#4722,#4723,#4724,#4725,#4726,#4727));
#1096=EDGE_LOOP('',(#4728,#4729,#4730,#4731,#4732));
#1097=EDGE_LOOP('',(#4733,#4734,#4735,#4736));
#1098=EDGE_LOOP('',(#4737,#4738,#4739,#4740));
#1099=EDGE_LOOP('',(#4741,#4742,#4743,#4744));
#1100=EDGE_LOOP('',(#4745,#4746,#4747,#4748,#4749,#4750,#4751,#4752));
#1101=EDGE_LOOP('',(#4753,#4754,#4755,#4756));
#1102=EDGE_LOOP('',(#4757,#4758,#4759,#4760));
#1103=EDGE_LOOP('',(#4761,#4762,#4763,#4764));
#1104=EDGE_LOOP('',(#4765,#4766,#4767,#4768));
#1105=EDGE_LOOP('',(#4769,#4770,#4771,#4772));
#1106=EDGE_LOOP('',(#4773,#4774,#4775,#4776));
#1107=EDGE_LOOP('',(#4777,#4778,#4779,#4780,#4781,#4782));
#1108=EDGE_LOOP('',(#4783,#4784,#4785,#4786,#4787,#4788,#4789,#4790,#4791,
#4792,#4793,#4794,#4795,#4796,#4797,#4798,#4799,#4800,#4801,#4802,#4803,
#4804,#4805,#4806,#4807,#4808,#4809,#4810,#4811));
#1109=EDGE_LOOP('',(#4812,#4813,#4814,#4815));
#1110=EDGE_LOOP('',(#4816,#4817,#4818,#4819));
#1111=EDGE_LOOP('',(#4820,#4821,#4822,#4823));
#1112=EDGE_LOOP('',(#4824,#4825,#4826,#4827));
#1113=EDGE_LOOP('',(#4828,#4829,#4830,#4831));
#1114=EDGE_LOOP('',(#4832,#4833,#4834,#4835));
#1115=EDGE_LOOP('',(#4836,#4837,#4838,#4839));
#1116=EDGE_LOOP('',(#4840,#4841,#4842,#4843));
#1117=EDGE_LOOP('',(#4844,#4845,#4846,#4847));
#1118=EDGE_LOOP('',(#4848,#4849,#4850,#4851,#4852,#4853));
#1119=EDGE_LOOP('',(#4854,#4855,#4856,#4857));
#1120=EDGE_LOOP('',(#4858,#4859,#4860,#4861));
#1121=EDGE_LOOP('',(#4862,#4863,#4864,#4865));
#1122=EDGE_LOOP('',(#4866,#4867,#4868,#4869));
#1123=EDGE_LOOP('',(#4870,#4871,#4872,#4873));
#1124=EDGE_LOOP('',(#4874,#4875,#4876,#4877,#4878,#4879));
#1125=EDGE_LOOP('',(#4880,#4881,#4882,#4883));
#1126=EDGE_LOOP('',(#4884,#4885,#4886,#4887));
#1127=EDGE_LOOP('',(#4888,#4889,#4890,#4891));
#1128=EDGE_LOOP('',(#4892,#4893,#4894,#4895,#4896));
#1129=EDGE_LOOP('',(#4897,#4898,#4899,#4900));
#1130=EDGE_LOOP('',(#4901,#4902,#4903));
#1131=EDGE_LOOP('',(#4904,#4905,#4906,#4907,#4908));
#1132=EDGE_LOOP('',(#4909,#4910,#4911,#4912));
#1133=EDGE_LOOP('',(#4913,#4914,#4915,#4916,#4917,#4918));
#1134=EDGE_LOOP('',(#4919,#4920,#4921));
#1135=EDGE_LOOP('',(#4922,#4923,#4924,#4925));
#1136=EDGE_LOOP('',(#4926,#4927,#4928,#4929,#4930,#4931,#4932));
#1137=EDGE_LOOP('',(#4933,#4934,#4935));
#1138=EDGE_LOOP('',(#4936,#4937,#4938,#4939));
#1139=EDGE_LOOP('',(#4940,#4941,#4942,#4943,#4944,#4945));
#1140=EDGE_LOOP('',(#4946,#4947,#4948,#4949,#4950));
#1141=EDGE_LOOP('',(#4951,#4952,#4953,#4954,#4955));
#1142=EDGE_LOOP('',(#4956,#4957,#4958,#4959,#4960,#4961,#4962,#4963,#4964,
#4965,#4966,#4967));
#1143=EDGE_LOOP('',(#4968,#4969,#4970,#4971,#4972,#4973,#4974));
#1144=EDGE_LOOP('',(#4975,#4976,#4977,#4978));
#1145=EDGE_LOOP('',(#4979,#4980,#4981,#4982));
#1146=EDGE_LOOP('',(#4983,#4984,#4985,#4986));
#1147=EDGE_LOOP('',(#4987,#4988,#4989,#4990));
#1148=EDGE_LOOP('',(#4991,#4992,#4993,#4994));
#1149=EDGE_LOOP('',(#4995,#4996,#4997,#4998));
#1150=EDGE_LOOP('',(#4999,#5000,#5001,#5002));
#1151=EDGE_LOOP('',(#5003,#5004,#5005,#5006));
#1152=EDGE_LOOP('',(#5007,#5008,#5009,#5010));
#1153=EDGE_LOOP('',(#5011,#5012,#5013,#5014));
#1154=EDGE_LOOP('',(#5015,#5016,#5017,#5018));
#1155=EDGE_LOOP('',(#5019,#5020,#5021,#5022));
#1156=EDGE_LOOP('',(#5023,#5024,#5025,#5026));
#1157=EDGE_LOOP('',(#5027,#5028,#5029,#5030));
#1158=EDGE_LOOP('',(#5031,#5032,#5033,#5034));
#1159=EDGE_LOOP('',(#5035,#5036,#5037,#5038,#5039,#5040));
#1160=EDGE_LOOP('',(#5041,#5042,#5043,#5044));
#1161=EDGE_LOOP('',(#5045,#5046,#5047,#5048));
#1162=EDGE_LOOP('',(#5049,#5050,#5051,#5052));
#1163=EDGE_LOOP('',(#5053,#5054,#5055,#5056,#5057,#5058));
#1164=EDGE_LOOP('',(#5059,#5060,#5061,#5062));
#1165=EDGE_LOOP('',(#5063,#5064,#5065,#5066,#5067,#5068));
#1166=EDGE_LOOP('',(#5069,#5070,#5071,#5072));
#1167=EDGE_LOOP('',(#5073,#5074,#5075,#5076,#5077,#5078));
#1168=EDGE_LOOP('',(#5079,#5080,#5081,#5082));
#1169=EDGE_LOOP('',(#5083,#5084,#5085,#5086,#5087,#5088,#5089,#5090));
#1170=EDGE_LOOP('',(#5091,#5092,#5093,#5094));
#1171=EDGE_LOOP('',(#5095,#5096,#5097,#5098));
#1172=EDGE_LOOP('',(#5099,#5100,#5101,#5102));
#1173=EDGE_LOOP('',(#5103,#5104,#5105,#5106));
#1174=EDGE_LOOP('',(#5107,#5108,#5109,#5110));
#1175=EDGE_LOOP('',(#5111,#5112,#5113,#5114));
#1176=EDGE_LOOP('',(#5115,#5116,#5117,#5118));
#1177=EDGE_LOOP('',(#5119,#5120,#5121,#5122));
#1178=EDGE_LOOP('',(#5123,#5124,#5125,#5126));
#1179=EDGE_LOOP('',(#5127,#5128,#5129,#5130));
#1180=EDGE_LOOP('',(#5131,#5132,#5133,#5134));
#1181=EDGE_LOOP('',(#5135,#5136,#5137,#5138));
#1182=EDGE_LOOP('',(#5139,#5140,#5141,#5142));
#1183=EDGE_LOOP('',(#5143,#5144,#5145,#5146));
#1184=EDGE_LOOP('',(#5147,#5148,#5149,#5150));
#1185=EDGE_LOOP('',(#5151,#5152,#5153,#5154));
#1186=EDGE_LOOP('',(#5155,#5156,#5157,#5158));
#1187=EDGE_LOOP('',(#5159,#5160,#5161,#5162,#5163,#5164,#5165,#5166,#5167,
#5168,#5169,#5170,#5171,#5172,#5173,#5174,#5175));
#1188=EDGE_LOOP('',(#5176,#5177,#5178,#5179));
#1189=EDGE_LOOP('',(#5180,#5181,#5182,#5183));
#1190=EDGE_LOOP('',(#5184,#5185,#5186,#5187));
#1191=EDGE_LOOP('',(#5188,#5189,#5190,#5191));
#1192=EDGE_LOOP('',(#5192,#5193,#5194,#5195));
#1193=EDGE_LOOP('',(#5196,#5197,#5198,#5199));
#1194=EDGE_LOOP('',(#5200,#5201,#5202,#5203));
#1195=EDGE_LOOP('',(#5204,#5205,#5206,#5207));
#1196=EDGE_LOOP('',(#5208,#5209,#5210,#5211));
#1197=EDGE_LOOP('',(#5212,#5213,#5214,#5215));
#1198=EDGE_LOOP('',(#5216,#5217,#5218,#5219));
#1199=EDGE_LOOP('',(#5220,#5221,#5222,#5223));
#1200=EDGE_LOOP('',(#5224,#5225,#5226,#5227));
#1201=EDGE_LOOP('',(#5228,#5229,#5230,#5231,#5232,#5233,#5234,#5235,#5236,
#5237,#5238,#5239,#5240));
#1202=EDGE_LOOP('',(#5241,#5242,#5243,#5244));
#1203=EDGE_LOOP('',(#5245,#5246,#5247,#5248));
#1204=EDGE_LOOP('',(#5249,#5250,#5251,#5252));
#1205=EDGE_LOOP('',(#5253,#5254,#5255,#5256));
#1206=EDGE_LOOP('',(#5257,#5258,#5259,#5260));
#1207=EDGE_LOOP('',(#5261,#5262,#5263,#5264));
#1208=EDGE_LOOP('',(#5265,#5266,#5267,#5268));
#1209=EDGE_LOOP('',(#5269,#5270,#5271,#5272));
#1210=EDGE_LOOP('',(#5273,#5274,#5275,#5276));
#1211=EDGE_LOOP('',(#5277,#5278,#5279,#5280));
#1212=EDGE_LOOP('',(#5281,#5282,#5283,#5284));
#1213=EDGE_LOOP('',(#5285,#5286,#5287,#5288));
#1214=EDGE_LOOP('',(#5289,#5290,#5291,#5292));
#1215=EDGE_LOOP('',(#5293,#5294,#5295,#5296));
#1216=EDGE_LOOP('',(#5297,#5298,#5299,#5300));
#1217=EDGE_LOOP('',(#5301,#5302,#5303,#5304));
#1218=EDGE_LOOP('',(#5305,#5306,#5307,#5308));
#1219=EDGE_LOOP('',(#5309,#5310,#5311,#5312));
#1220=EDGE_LOOP('',(#5313,#5314,#5315,#5316));
#1221=EDGE_LOOP('',(#5317,#5318,#5319,#5320));
#1222=EDGE_LOOP('',(#5321,#5322,#5323,#5324));
#1223=EDGE_LOOP('',(#5325,#5326,#5327,#5328));
#1224=EDGE_LOOP('',(#5329,#5330,#5331,#5332,#5333,#5334,#5335,#5336,#5337,
#5338,#5339,#5340,#5341,#5342,#5343,#5344,#5345,#5346,#5347,#5348,#5349,
#5350));
#1225=EDGE_LOOP('',(#5351,#5352,#5353,#5354));
#1226=EDGE_LOOP('',(#5355,#5356,#5357,#5358));
#1227=EDGE_LOOP('',(#5359,#5360,#5361,#5362));
#1228=EDGE_LOOP('',(#5363,#5364,#5365,#5366));
#1229=EDGE_LOOP('',(#5367,#5368,#5369,#5370));
#1230=EDGE_LOOP('',(#5371,#5372,#5373,#5374));
#1231=EDGE_LOOP('',(#5375,#5376,#5377,#5378));
#1232=EDGE_LOOP('',(#5379,#5380,#5381,#5382));
#1233=EDGE_LOOP('',(#5383,#5384,#5385,#5386));
#1234=EDGE_LOOP('',(#5387,#5388,#5389,#5390));
#1235=EDGE_LOOP('',(#5391,#5392,#5393,#5394));
#1236=EDGE_LOOP('',(#5395,#5396,#5397,#5398));
#1237=EDGE_LOOP('',(#5399,#5400,#5401,#5402));
#1238=EDGE_LOOP('',(#5403,#5404,#5405,#5406));
#1239=EDGE_LOOP('',(#5407,#5408,#5409,#5410));
#1240=EDGE_LOOP('',(#5411,#5412,#5413,#5414));
#1241=EDGE_LOOP('',(#5415,#5416,#5417,#5418));
#1242=EDGE_LOOP('',(#5419,#5420,#5421,#5422,#5423,#5424,#5425,#5426,#5427,
#5428,#5429,#5430,#5431,#5432,#5433,#5434,#5435));
#1243=EDGE_LOOP('',(#5436,#5437,#5438,#5439));
#1244=EDGE_LOOP('',(#5440,#5441,#5442,#5443));
#1245=EDGE_LOOP('',(#5444,#5445,#5446,#5447));
#1246=EDGE_LOOP('',(#5448,#5449,#5450,#5451));
#1247=EDGE_LOOP('',(#5452,#5453,#5454,#5455));
#1248=EDGE_LOOP('',(#5456,#5457,#5458,#5459));
#1249=EDGE_LOOP('',(#5460,#5461,#5462,#5463));
#1250=EDGE_LOOP('',(#5464,#5465,#5466,#5467));
#1251=EDGE_LOOP('',(#5468,#5469,#5470,#5471));
#1252=EDGE_LOOP('',(#5472,#5473,#5474,#5475));
#1253=EDGE_LOOP('',(#5476,#5477,#5478,#5479));
#1254=EDGE_LOOP('',(#5480,#5481,#5482,#5483));
#1255=EDGE_LOOP('',(#5484,#5485,#5486,#5487));
#1256=EDGE_LOOP('',(#5488,#5489,#5490,#5491));
#1257=EDGE_LOOP('',(#5492,#5493,#5494,#5495));
#1258=EDGE_LOOP('',(#5496,#5497,#5498,#5499));
#1259=EDGE_LOOP('',(#5500,#5501,#5502,#5503,#5504,#5505,#5506,#5507,#5508,
#5509,#5510,#5511,#5512,#5513,#5514,#5515));
#1260=EDGE_LOOP('',(#5516,#5517,#5518,#5519));
#1261=EDGE_LOOP('',(#5520,#5521,#5522,#5523));
#1262=EDGE_LOOP('',(#5524,#5525,#5526,#5527));
#1263=EDGE_LOOP('',(#5528,#5529,#5530,#5531));
#1264=EDGE_LOOP('',(#5532,#5533,#5534,#5535));
#1265=EDGE_LOOP('',(#5536,#5537,#5538,#5539));
#1266=EDGE_LOOP('',(#5540,#5541,#5542,#5543));
#1267=EDGE_LOOP('',(#5544,#5545,#5546,#5547));
#1268=EDGE_LOOP('',(#5548,#5549,#5550,#5551));
#1269=EDGE_LOOP('',(#5552,#5553,#5554,#5555));
#1270=EDGE_LOOP('',(#5556,#5557,#5558,#5559));
#1271=EDGE_LOOP('',(#5560,#5561,#5562,#5563));
#1272=EDGE_LOOP('',(#5564,#5565,#5566,#5567));
#1273=EDGE_LOOP('',(#5568,#5569,#5570,#5571));
#1274=EDGE_LOOP('',(#5572,#5573,#5574,#5575));
#1275=EDGE_LOOP('',(#5576,#5577,#5578,#5579));
#1276=EDGE_LOOP('',(#5580,#5581,#5582,#5583));
#1277=EDGE_LOOP('',(#5584,#5585,#5586,#5587));
#1278=EDGE_LOOP('',(#5588,#5589,#5590,#5591));
#1279=EDGE_LOOP('',(#5592,#5593,#5594,#5595));
#1280=EDGE_LOOP('',(#5596,#5597,#5598,#5599));
#1281=EDGE_LOOP('',(#5600,#5601,#5602,#5603));
#1282=EDGE_LOOP('',(#5604,#5605,#5606,#5607));
#1283=EDGE_LOOP('',(#5608,#5609,#5610,#5611));
#1284=EDGE_LOOP('',(#5612,#5613,#5614,#5615));
#1285=EDGE_LOOP('',(#5616,#5617,#5618,#5619));
#1286=EDGE_LOOP('',(#5620,#5621,#5622,#5623));
#1287=EDGE_LOOP('',(#5624,#5625,#5626,#5627,#5628,#5629,#5630,#5631,#5632,
#5633,#5634,#5635,#5636,#5637,#5638,#5639,#5640,#5641,#5642,#5643,#5644,
#5645));
#1288=EDGE_LOOP('',(#5646,#5647,#5648,#5649));
#1289=EDGE_LOOP('',(#5650,#5651,#5652,#5653));
#1290=EDGE_LOOP('',(#5654,#5655,#5656,#5657));
#1291=EDGE_LOOP('',(#5658,#5659,#5660,#5661));
#1292=EDGE_LOOP('',(#5662,#5663,#5664,#5665));
#1293=EDGE_LOOP('',(#5666,#5667,#5668,#5669));
#1294=EDGE_LOOP('',(#5670,#5671,#5672,#5673));
#1295=EDGE_LOOP('',(#5674,#5675,#5676,#5677));
#1296=EDGE_LOOP('',(#5678,#5679,#5680,#5681,#5682,#5683,#5684,#5685));
#1297=EDGE_LOOP('',(#5686,#5687,#5688,#5689));
#1298=EDGE_LOOP('',(#5690,#5691,#5692,#5693));
#1299=EDGE_LOOP('',(#5694,#5695,#5696,#5697));
#1300=EDGE_LOOP('',(#5698,#5699,#5700,#5701));
#1301=EDGE_LOOP('',(#5702,#5703,#5704,#5705));
#1302=EDGE_LOOP('',(#5706,#5707,#5708,#5709));
#1303=EDGE_LOOP('',(#5710,#5711,#5712,#5713));
#1304=EDGE_LOOP('',(#5714,#5715,#5716,#5717));
#1305=EDGE_LOOP('',(#5718,#5719,#5720,#5721));
#1306=EDGE_LOOP('',(#5722,#5723,#5724,#5725));
#1307=EDGE_LOOP('',(#5726,#5727,#5728,#5729));
#1308=EDGE_LOOP('',(#5730,#5731,#5732,#5733));
#1309=EDGE_LOOP('',(#5734,#5735,#5736,#5737));
#1310=EDGE_LOOP('',(#5738,#5739,#5740,#5741));
#1311=EDGE_LOOP('',(#5742,#5743,#5744,#5745));
#1312=EDGE_LOOP('',(#5746,#5747,#5748,#5749));
#1313=EDGE_LOOP('',(#5750,#5751,#5752,#5753));
#1314=EDGE_LOOP('',(#5754,#5755,#5756,#5757));
#1315=EDGE_LOOP('',(#5758,#5759,#5760,#5761));
#1316=EDGE_LOOP('',(#5762,#5763,#5764,#5765));
#1317=EDGE_LOOP('',(#5766,#5767,#5768,#5769));
#1318=EDGE_LOOP('',(#5770,#5771,#5772,#5773));
#1319=EDGE_LOOP('',(#5774,#5775,#5776,#5777));
#1320=EDGE_LOOP('',(#5778,#5779,#5780,#5781));
#1321=EDGE_LOOP('',(#5782,#5783,#5784,#5785));
#1322=EDGE_LOOP('',(#5786,#5787,#5788,#5789));
#1323=EDGE_LOOP('',(#5790,#5791,#5792,#5793));
#1324=EDGE_LOOP('',(#5794,#5795,#5796,#5797,#5798,#5799,#5800,#5801,#5802,
#5803,#5804,#5805,#5806,#5807,#5808));
#1325=EDGE_LOOP('',(#5809,#5810,#5811,#5812,#5813,#5814,#5815,#5816,#5817,
#5818,#5819,#5820));
#1326=EDGE_LOOP('',(#5821,#5822,#5823,#5824));
#1327=EDGE_LOOP('',(#5825,#5826,#5827,#5828));
#1328=EDGE_LOOP('',(#5829,#5830,#5831,#5832));
#1329=EDGE_LOOP('',(#5833,#5834,#5835,#5836));
#1330=EDGE_LOOP('',(#5837,#5838,#5839,#5840));
#1331=EDGE_LOOP('',(#5841,#5842,#5843,#5844));
#1332=EDGE_LOOP('',(#5845,#5846,#5847,#5848));
#1333=EDGE_LOOP('',(#5849,#5850,#5851,#5852));
#1334=EDGE_LOOP('',(#5853,#5854,#5855,#5856));
#1335=EDGE_LOOP('',(#5857,#5858,#5859,#5860));
#1336=EDGE_LOOP('',(#5861,#5862,#5863,#5864));
#1337=EDGE_LOOP('',(#5865,#5866,#5867,#5868));
#1338=EDGE_LOOP('',(#5869,#5870,#5871,#5872));
#1339=EDGE_LOOP('',(#5873,#5874,#5875,#5876));
#1340=EDGE_LOOP('',(#5877,#5878,#5879,#5880));
#1341=EDGE_LOOP('',(#5881,#5882,#5883,#5884));
#1342=EDGE_LOOP('',(#5885,#5886,#5887,#5888));
#1343=EDGE_LOOP('',(#5889,#5890,#5891,#5892));
#1344=EDGE_LOOP('',(#5893,#5894,#5895,#5896));
#1345=EDGE_LOOP('',(#5897,#5898,#5899,#5900));
#1346=EDGE_LOOP('',(#5901,#5902,#5903,#5904));
#1347=EDGE_LOOP('',(#5905,#5906,#5907,#5908));
#1348=EDGE_LOOP('',(#5909,#5910,#5911,#5912));
#1349=EDGE_LOOP('',(#5913,#5914,#5915,#5916));
#1350=EDGE_LOOP('',(#5917,#5918,#5919,#5920));
#1351=EDGE_LOOP('',(#5921,#5922,#5923,#5924));
#1352=EDGE_LOOP('',(#5925,#5926,#5927,#5928));
#1353=EDGE_LOOP('',(#5929,#5930,#5931,#5932));
#1354=EDGE_LOOP('',(#5933,#5934,#5935,#5936));
#1355=EDGE_LOOP('',(#5937,#5938,#5939,#5940));
#1356=EDGE_LOOP('',(#5941,#5942,#5943,#5944));
#1357=EDGE_LOOP('',(#5945,#5946,#5947,#5948));
#1358=EDGE_LOOP('',(#5949,#5950,#5951,#5952,#5953,#5954,#5955,#5956,#5957,
#5958,#5959,#5960,#5961,#5962,#5963,#5964,#5965,#5966,#5967,#5968,#5969,
#5970,#5971,#5972,#5973,#5974,#5975,#5976,#5977,#5978,#5979,#5980));
#1359=EDGE_LOOP('',(#5981,#5982,#5983,#5984));
#1360=EDGE_LOOP('',(#5985,#5986,#5987,#5988));
#1361=EDGE_LOOP('',(#5989,#5990,#5991,#5992));
#1362=EDGE_LOOP('',(#5993,#5994,#5995,#5996));
#1363=EDGE_LOOP('',(#5997,#5998,#5999,#6000));
#1364=EDGE_LOOP('',(#6001,#6002,#6003,#6004));
#1365=EDGE_LOOP('',(#6005,#6006,#6007,#6008));
#1366=EDGE_LOOP('',(#6009,#6010,#6011,#6012));
#1367=EDGE_LOOP('',(#6013,#6014,#6015,#6016));
#1368=EDGE_LOOP('',(#6017,#6018,#6019,#6020));
#1369=EDGE_LOOP('',(#6021,#6022,#6023,#6024));
#1370=EDGE_LOOP('',(#6025,#6026,#6027,#6028));
#1371=EDGE_LOOP('',(#6029,#6030,#6031,#6032));
#1372=EDGE_LOOP('',(#6033,#6034,#6035,#6036));
#1373=EDGE_LOOP('',(#6037,#6038,#6039,#6040));
#1374=EDGE_LOOP('',(#6041,#6042,#6043,#6044));
#1375=EDGE_LOOP('',(#6045,#6046,#6047,#6048));
#1376=EDGE_LOOP('',(#6049,#6050,#6051,#6052));
#1377=EDGE_LOOP('',(#6053,#6054,#6055,#6056));
#1378=EDGE_LOOP('',(#6057,#6058,#6059,#6060));
#1379=EDGE_LOOP('',(#6061,#6062,#6063,#6064));
#1380=EDGE_LOOP('',(#6065,#6066,#6067,#6068));
#1381=EDGE_LOOP('',(#6069,#6070,#6071,#6072));
#1382=EDGE_LOOP('',(#6073,#6074,#6075,#6076));
#1383=EDGE_LOOP('',(#6077,#6078,#6079,#6080));
#1384=EDGE_LOOP('',(#6081,#6082,#6083,#6084,#6085,#6086,#6087,#6088,#6089,
#6090,#6091,#6092,#6093,#6094,#6095,#6096,#6097,#6098,#6099));
#1385=EDGE_LOOP('',(#6100,#6101,#6102,#6103,#6104,#6105));
#1386=EDGE_LOOP('',(#6106,#6107,#6108,#6109));
#1387=EDGE_LOOP('',(#6110,#6111,#6112,#6113));
#1388=EDGE_LOOP('',(#6114,#6115,#6116,#6117));
#1389=EDGE_LOOP('',(#6118,#6119,#6120,#6121));
#1390=EDGE_LOOP('',(#6122,#6123,#6124,#6125));
#1391=EDGE_LOOP('',(#6126,#6127,#6128,#6129));
#1392=EDGE_LOOP('',(#6130,#6131,#6132,#6133));
#1393=EDGE_LOOP('',(#6134,#6135,#6136,#6137));
#1394=EDGE_LOOP('',(#6138,#6139,#6140,#6141));
#1395=EDGE_LOOP('',(#6142,#6143,#6144,#6145));
#1396=EDGE_LOOP('',(#6146,#6147,#6148,#6149));
#1397=EDGE_LOOP('',(#6150,#6151,#6152,#6153));
#1398=EDGE_LOOP('',(#6154,#6155,#6156,#6157));
#1399=EDGE_LOOP('',(#6158,#6159,#6160,#6161));
#1400=EDGE_LOOP('',(#6162,#6163,#6164,#6165));
#1401=EDGE_LOOP('',(#6166,#6167,#6168,#6169));
#1402=EDGE_LOOP('',(#6170,#6171,#6172,#6173));
#1403=EDGE_LOOP('',(#6174,#6175,#6176,#6177));
#1404=EDGE_LOOP('',(#6178,#6179,#6180,#6181));
#1405=EDGE_LOOP('',(#6182,#6183,#6184,#6185));
#1406=EDGE_LOOP('',(#6186,#6187,#6188,#6189));
#1407=EDGE_LOOP('',(#6190,#6191,#6192,#6193));
#1408=EDGE_LOOP('',(#6194,#6195,#6196,#6197));
#1409=EDGE_LOOP('',(#6198,#6199,#6200,#6201));
#1410=EDGE_LOOP('',(#6202,#6203,#6204,#6205));
#1411=EDGE_LOOP('',(#6206,#6207,#6208,#6209,#6210,#6211,#6212,#6213,#6214,
#6215,#6216,#6217,#6218,#6219,#6220,#6221,#6222,#6223,#6224));
#1412=EDGE_LOOP('',(#6225,#6226,#6227,#6228,#6229,#6230));
#1413=EDGE_LOOP('',(#6231,#6232,#6233,#6234));
#1414=EDGE_LOOP('',(#6235,#6236,#6237,#6238));
#1415=EDGE_LOOP('',(#6239,#6240,#6241,#6242));
#1416=EDGE_LOOP('',(#6243,#6244,#6245,#6246));
#1417=EDGE_LOOP('',(#6247,#6248,#6249,#6250));
#1418=EDGE_LOOP('',(#6251,#6252,#6253,#6254));
#1419=EDGE_LOOP('',(#6255,#6256,#6257,#6258));
#1420=EDGE_LOOP('',(#6259,#6260,#6261,#6262));
#1421=EDGE_LOOP('',(#6263,#6264,#6265,#6266,#6267,#6268,#6269,#6270));
#1422=EDGE_LOOP('',(#6271,#6272,#6273,#6274,#6275,#6276));
#1423=EDGE_LOOP('',(#6277,#6278,#6279,#6280,#6281,#6282));
#1424=EDGE_LOOP('',(#6283,#6284,#6285,#6286,#6287,#6288,#6289,#6290,#6291,
#6292,#6293,#6294));
#1425=EDGE_LOOP('',(#6295,#6296,#6297,#6298));
#1426=EDGE_LOOP('',(#6299,#6300,#6301,#6302));
#1427=EDGE_LOOP('',(#6303,#6304,#6305,#6306));
#1428=EDGE_LOOP('',(#6307,#6308,#6309,#6310));
#1429=EDGE_LOOP('',(#6311,#6312,#6313,#6314));
#1430=EDGE_LOOP('',(#6315,#6316,#6317,#6318));
#1431=EDGE_LOOP('',(#6319,#6320,#6321,#6322));
#1432=EDGE_LOOP('',(#6323,#6324,#6325,#6326));
#1433=EDGE_LOOP('',(#6327,#6328,#6329,#6330));
#1434=EDGE_LOOP('',(#6331,#6332,#6333,#6334));
#1435=EDGE_LOOP('',(#6335,#6336,#6337,#6338));
#1436=EDGE_LOOP('',(#6339,#6340,#6341,#6342));
#1437=EDGE_LOOP('',(#6343,#6344,#6345,#6346));
#1438=EDGE_LOOP('',(#6347,#6348,#6349,#6350));
#1439=EDGE_LOOP('',(#6351,#6352,#6353,#6354));
#1440=EDGE_LOOP('',(#6355,#6356,#6357,#6358));
#1441=EDGE_LOOP('',(#6359,#6360,#6361,#6362));
#1442=EDGE_LOOP('',(#6363,#6364,#6365,#6366));
#1443=EDGE_LOOP('',(#6367,#6368,#6369,#6370));
#1444=EDGE_LOOP('',(#6371,#6372,#6373,#6374));
#1445=EDGE_LOOP('',(#6375,#6376,#6377,#6378));
#1446=EDGE_LOOP('',(#6379,#6380,#6381,#6382));
#1447=EDGE_LOOP('',(#6383,#6384,#6385,#6386));
#1448=EDGE_LOOP('',(#6387,#6388,#6389,#6390));
#1449=EDGE_LOOP('',(#6391,#6392,#6393,#6394));
#1450=EDGE_LOOP('',(#6395,#6396,#6397,#6398,#6399,#6400,#6401,#6402));
#1451=EDGE_LOOP('',(#6403,#6404,#6405,#6406));
#1452=EDGE_LOOP('',(#6407,#6408,#6409,#6410));
#1453=EDGE_LOOP('',(#6411,#6412,#6413,#6414));
#1454=EDGE_LOOP('',(#6415,#6416,#6417,#6418));
#1455=EDGE_LOOP('',(#6419,#6420,#6421,#6422,#6423,#6424));
#1456=EDGE_LOOP('',(#6425,#6426,#6427,#6428));
#1457=EDGE_LOOP('',(#6429,#6430,#6431,#6432));
#1458=EDGE_LOOP('',(#6433,#6434,#6435,#6436));
#1459=EDGE_LOOP('',(#6437,#6438,#6439,#6440,#6441));
#1460=EDGE_LOOP('',(#6442,#6443,#6444,#6445));
#1461=EDGE_LOOP('',(#6446,#6447,#6448,#6449,#6450));
#1462=EDGE_LOOP('',(#6451,#6452,#6453,#6454,#6455));
#1463=EDGE_LOOP('',(#6456));
#1464=EDGE_LOOP('',(#6457));
#1465=EDGE_LOOP('',(#6458,#6459,#6460,#6461));
#1466=EDGE_LOOP('',(#6462,#6463,#6464,#6465,#6466,#6467));
#1467=EDGE_LOOP('',(#6468));
#1468=EDGE_LOOP('',(#6469,#6470,#6471,#6472));
#1469=EDGE_LOOP('',(#6473,#6474,#6475,#6476,#6477,#6478));
#1470=EDGE_LOOP('',(#6479));
#1471=EDGE_LOOP('',(#6480,#6481,#6482,#6483,#6484,#6485));
#1472=EDGE_LOOP('',(#6486,#6487,#6488,#6489));
#1473=EDGE_LOOP('',(#6490,#6491,#6492,#6493,#6494,#6495,#6496,#6497));
#1474=EDGE_LOOP('',(#6498,#6499,#6500,#6501,#6502,#6503,#6504,#6505,#6506,
#6507,#6508,#6509,#6510,#6511,#6512,#6513,#6514,#6515,#6516));
#1475=EDGE_LOOP('',(#6517,#6518,#6519,#6520,#6521,#6522,#6523,#6524,#6525,
#6526,#6527,#6528,#6529,#6530,#6531,#6532,#6533,#6534,#6535));
#1476=EDGE_LOOP('',(#6536,#6537,#6538,#6539,#6540,#6541,#6542,#6543,#6544,
#6545,#6546,#6547,#6548,#6549,#6550,#6551,#6552,#6553,#6554,#6555,#6556,
#6557,#6558,#6559,#6560,#6561,#6562,#6563,#6564,#6565,#6566,#6567));
#1477=EDGE_LOOP('',(#6568,#6569,#6570,#6571,#6572,#6573,#6574,#6575,#6576,
#6577,#6578,#6579,#6580,#6581,#6582));
#1478=EDGE_LOOP('',(#6583,#6584,#6585,#6586,#6587,#6588,#6589,#6590));
#1479=EDGE_LOOP('',(#6591,#6592,#6593,#6594,#6595,#6596,#6597,#6598,#6599,
#6600,#6601,#6602,#6603,#6604,#6605,#6606,#6607,#6608,#6609,#6610,#6611,
#6612));
#1480=EDGE_LOOP('',(#6613,#6614,#6615,#6616));
#1481=EDGE_LOOP('',(#6617,#6618,#6619,#6620,#6621,#6622,#6623,#6624,#6625,
#6626,#6627,#6628,#6629,#6630,#6631,#6632));
#1482=EDGE_LOOP('',(#6633,#6634,#6635,#6636,#6637,#6638,#6639,#6640,#6641,
#6642,#6643,#6644,#6645,#6646,#6647,#6648,#6649));
#1483=EDGE_LOOP('',(#6650,#6651,#6652,#6653,#6654,#6655,#6656,#6657,#6658,
#6659,#6660,#6661,#6662,#6663,#6664,#6665,#6666,#6667,#6668,#6669,#6670,
#6671));
#1484=EDGE_LOOP('',(#6672,#6673,#6674,#6675,#6676,#6677,#6678,#6679,#6680,
#6681,#6682,#6683,#6684));
#1485=EDGE_LOOP('',(#6685,#6686,#6687,#6688,#6689,#6690,#6691,#6692,#6693,
#6694,#6695,#6696,#6697,#6698,#6699,#6700,#6701));
#1486=EDGE_LOOP('',(#6702,#6703,#6704,#6705,#6706,#6707,#6708,#6709));
#1487=LINE('',#8870,#2148);
#1488=LINE('',#8872,#2149);
#1489=LINE('',#8874,#2150);
#1490=LINE('',#8875,#2151);
#1491=LINE('',#8878,#2152);
#1492=LINE('',#8880,#2153);
#1493=LINE('',#8881,#2154);
#1494=LINE('',#8884,#2155);
#1495=LINE('',#8886,#2156);
#1496=LINE('',#8887,#2157);
#1497=LINE('',#8889,#2158);
#1498=LINE('',#8890,#2159);
#1499=LINE('',#8893,#2160);
#1500=LINE('',#8895,#2161);
#1501=LINE('',#8896,#2162);
#1502=LINE('',#8899,#2163);
#1503=LINE('',#8900,#2164);
#1504=LINE('',#8905,#2165);
#1505=LINE('',#8907,#2166);
#1506=LINE('',#8909,#2167);
#1507=LINE('',#8910,#2168);
#1508=LINE('',#8913,#2169);
#1509=LINE('',#8915,#2170);
#1510=LINE('',#8916,#2171);
#1511=LINE('',#8919,#2172);
#1512=LINE('',#8921,#2173);
#1513=LINE('',#8922,#2174);
#1514=LINE('',#8924,#2175);
#1515=LINE('',#8925,#2176);
#1516=LINE('',#8928,#2177);
#1517=LINE('',#8930,#2178);
#1518=LINE('',#8931,#2179);
#1519=LINE('',#8934,#2180);
#1520=LINE('',#8935,#2181);
#1521=LINE('',#8940,#2182);
#1522=LINE('',#8942,#2183);
#1523=LINE('',#8944,#2184);
#1524=LINE('',#8945,#2185);
#1525=LINE('',#8948,#2186);
#1526=LINE('',#8950,#2187);
#1527=LINE('',#8951,#2188);
#1528=LINE('',#8954,#2189);
#1529=LINE('',#8956,#2190);
#1530=LINE('',#8957,#2191);
#1531=LINE('',#8959,#2192);
#1532=LINE('',#8960,#2193);
#1533=LINE('',#8963,#2194);
#1534=LINE('',#8965,#2195);
#1535=LINE('',#8966,#2196);
#1536=LINE('',#8969,#2197);
#1537=LINE('',#8970,#2198);
#1538=LINE('',#8975,#2199);
#1539=LINE('',#8977,#2200);
#1540=LINE('',#8979,#2201);
#1541=LINE('',#8980,#2202);
#1542=LINE('',#8983,#2203);
#1543=LINE('',#8985,#2204);
#1544=LINE('',#8986,#2205);
#1545=LINE('',#8989,#2206);
#1546=LINE('',#8991,#2207);
#1547=LINE('',#8992,#2208);
#1548=LINE('',#8994,#2209);
#1549=LINE('',#8995,#2210);
#1550=LINE('',#8998,#2211);
#1551=LINE('',#9000,#2212);
#1552=LINE('',#9001,#2213);
#1553=LINE('',#9004,#2214);
#1554=LINE('',#9005,#2215);
#1555=LINE('',#9012,#2216);
#1556=LINE('',#9024,#2217);
#1557=LINE('',#9041,#2218);
#1558=LINE('',#9042,#2219);
#1559=LINE('',#9059,#2220);
#1560=LINE('',#9062,#2221);
#1561=LINE('',#9105,#2222);
#1562=LINE('',#9107,#2223);
#1563=LINE('',#9109,#2224);
#1564=LINE('',#9111,#2225);
#1565=LINE('',#9113,#2226);
#1566=LINE('',#9115,#2227);
#1567=LINE('',#9117,#2228);
#1568=LINE('',#9119,#2229);
#1569=LINE('',#9121,#2230);
#1570=LINE('',#9123,#2231);
#1571=LINE('',#9125,#2232);
#1572=LINE('',#9127,#2233);
#1573=LINE('',#9129,#2234);
#1574=LINE('',#9130,#2235);
#1575=LINE('',#9135,#2236);
#1576=LINE('',#9139,#2237);
#1577=LINE('',#9142,#2238);
#1578=LINE('',#9148,#2239);
#1579=LINE('',#9151,#2240);
#1580=LINE('',#9162,#2241);
#1581=LINE('',#9163,#2242);
#1582=LINE('',#9166,#2243);
#1583=LINE('',#9168,#2244);
#1584=LINE('',#9170,#2245);
#1585=LINE('',#9172,#2246);
#1586=LINE('',#9173,#2247);
#1587=LINE('',#9176,#2248);
#1588=LINE('',#9178,#2249);
#1589=LINE('',#9180,#2250);
#1590=LINE('',#9181,#2251);
#1591=LINE('',#9185,#2252);
#1592=LINE('',#9187,#2253);
#1593=LINE('',#9189,#2254);
#1594=LINE('',#9190,#2255);
#1595=LINE('',#9193,#2256);
#1596=LINE('',#9195,#2257);
#1597=LINE('',#9196,#2258);
#1598=LINE('',#9199,#2259);
#1599=LINE('',#9201,#2260);
#1600=LINE('',#9202,#2261);
#1601=LINE('',#9204,#2262);
#1602=LINE('',#9205,#2263);
#1603=LINE('',#9208,#2264);
#1604=LINE('',#9210,#2265);
#1605=LINE('',#9211,#2266);
#1606=LINE('',#9214,#2267);
#1607=LINE('',#9216,#2268);
#1608=LINE('',#9217,#2269);
#1609=LINE('',#9218,#2270);
#1610=LINE('',#9223,#2271);
#1611=LINE('',#9227,#2272);
#1612=LINE('',#9231,#2273);
#1613=LINE('',#9234,#2274);
#1614=LINE('',#9236,#2275);
#1615=LINE('',#9238,#2276);
#1616=LINE('',#9240,#2277);
#1617=LINE('',#9244,#2278);
#1618=LINE('',#9248,#2279);
#1619=LINE('',#9252,#2280);
#1620=LINE('',#9254,#2281);
#1621=LINE('',#9256,#2282);
#1622=LINE('',#9260,#2283);
#1623=LINE('',#9263,#2284);
#1624=LINE('',#9264,#2285);
#1625=LINE('',#9267,#2286);
#1626=LINE('',#9269,#2287);
#1627=LINE('',#9271,#2288);
#1628=LINE('',#9272,#2289);
#1629=LINE('',#9275,#2290);
#1630=LINE('',#9277,#2291);
#1631=LINE('',#9279,#2292);
#1632=LINE('',#9280,#2293);
#1633=LINE('',#9283,#2294);
#1634=LINE('',#9285,#2295);
#1635=LINE('',#9287,#2296);
#1636=LINE('',#9288,#2297);
#1637=LINE('',#9291,#2298);
#1638=LINE('',#9293,#2299);
#1639=LINE('',#9294,#2300);
#1640=LINE('',#9297,#2301);
#1641=LINE('',#9298,#2302);
#1642=LINE('',#9301,#2303);
#1643=LINE('',#9302,#2304);
#1644=LINE('',#9304,#2305);
#1645=LINE('',#9307,#2306);
#1646=LINE('',#9309,#2307);
#1647=LINE('',#9310,#2308);
#1648=LINE('',#9313,#2309);
#1649=LINE('',#9314,#2310);
#1650=LINE('',#9315,#2311);
#1651=LINE('',#9318,#2312);
#1652=LINE('',#9320,#2313);
#1653=LINE('',#9321,#2314);
#1654=LINE('',#9324,#2315);
#1655=LINE('',#9326,#2316);
#1656=LINE('',#9327,#2317);
#1657=LINE('',#9329,#2318);
#1658=LINE('',#9331,#2319);
#1659=LINE('',#9334,#2320);
#1660=LINE('',#9336,#2321);
#1661=LINE('',#9337,#2322);
#1662=LINE('',#9340,#2323);
#1663=LINE('',#9342,#2324);
#1664=LINE('',#9343,#2325);
#1665=LINE('',#9344,#2326);
#1666=LINE('',#9347,#2327);
#1667=LINE('',#9349,#2328);
#1668=LINE('',#9350,#2329);
#1669=LINE('',#9353,#2330);
#1670=LINE('',#9354,#2331);
#1671=LINE('',#9357,#2332);
#1672=LINE('',#9358,#2333);
#1673=LINE('',#9363,#2334);
#1674=LINE('',#9368,#2335);
#1675=LINE('',#9374,#2336);
#1676=LINE('',#9376,#2337);
#1677=LINE('',#9382,#2338);
#1678=LINE('',#9385,#2339);
#1679=LINE('',#9389,#2340);
#1680=LINE('',#9429,#2341);
#1681=LINE('',#9430,#2342);
#1682=LINE('',#9492,#2343);
#1683=LINE('',#9493,#2344);
#1684=LINE('',#9496,#2345);
#1685=LINE('',#9497,#2346);
#1686=LINE('',#9529,#2347);
#1687=LINE('',#9531,#2348);
#1688=LINE('',#9533,#2349);
#1689=LINE('',#9535,#2350);
#1690=LINE('',#9536,#2351);
#1691=LINE('',#9539,#2352);
#1692=LINE('',#9540,#2353);
#1693=LINE('',#9542,#2354);
#1694=LINE('',#9545,#2355);
#1695=LINE('',#9546,#2356);
#1696=LINE('',#9549,#2357);
#1697=LINE('',#9550,#2358);
#1698=LINE('',#9552,#2359);
#1699=LINE('',#9555,#2360);
#1700=LINE('',#9557,#2361);
#1701=LINE('',#9558,#2362);
#1702=LINE('',#9561,#2363);
#1703=LINE('',#9563,#2364);
#1704=LINE('',#9564,#2365);
#1705=LINE('',#9566,#2366);
#1706=LINE('',#9567,#2367);
#1707=LINE('',#9570,#2368);
#1708=LINE('',#9573,#2369);
#1709=LINE('',#9574,#2370);
#1710=LINE('',#9576,#2371);
#1711=LINE('',#9577,#2372);
#1712=LINE('',#9580,#2373);
#1713=LINE('',#9583,#2374);
#1714=LINE('',#9584,#2375);
#1715=LINE('',#9586,#2376);
#1716=LINE('',#9589,#2377);
#1717=LINE('',#9591,#2378);
#1718=LINE('',#9594,#2379);
#1719=LINE('',#9597,#2380);
#1720=LINE('',#9598,#2381);
#1721=LINE('',#9600,#2382);
#1722=LINE('',#9602,#2383);
#1723=LINE('',#9616,#2384);
#1724=LINE('',#9621,#2385);
#1725=LINE('',#9624,#2386);
#1726=LINE('',#9626,#2387);
#1727=LINE('',#9627,#2388);
#1728=LINE('',#9630,#2389);
#1729=LINE('',#9632,#2390);
#1730=LINE('',#9633,#2391);
#1731=LINE('',#9636,#2392);
#1732=LINE('',#9638,#2393);
#1733=LINE('',#9639,#2394);
#1734=LINE('',#9642,#2395);
#1735=LINE('',#9644,#2396);
#1736=LINE('',#9645,#2397);
#1737=LINE('',#9648,#2398);
#1738=LINE('',#9650,#2399);
#1739=LINE('',#9651,#2400);
#1740=LINE('',#9663,#2401);
#1741=LINE('',#9678,#2402);
#1742=LINE('',#9693,#2403);
#1743=LINE('',#9708,#2404);
#1744=LINE('',#9714,#2405);
#1745=LINE('',#9716,#2406);
#1746=LINE('',#9717,#2407);
#1747=LINE('',#9720,#2408);
#1748=LINE('',#9722,#2409);
#1749=LINE('',#9723,#2410);
#1750=LINE('',#9726,#2411);
#1751=LINE('',#9728,#2412);
#1752=LINE('',#9729,#2413);
#1753=LINE('',#9741,#2414);
#1754=LINE('',#9756,#2415);
#1755=LINE('',#9771,#2416);
#1756=LINE('',#9791,#2417);
#1757=LINE('',#9793,#2418);
#1758=LINE('',#9795,#2419);
#1759=LINE('',#9796,#2420);
#1760=LINE('',#9799,#2421);
#1761=LINE('',#9801,#2422);
#1762=LINE('',#9802,#2423);
#1763=LINE('',#9805,#2424);
#1764=LINE('',#9807,#2425);
#1765=LINE('',#9808,#2426);
#1766=LINE('',#9811,#2427);
#1767=LINE('',#9813,#2428);
#1768=LINE('',#9814,#2429);
#1769=LINE('',#9817,#2430);
#1770=LINE('',#9819,#2431);
#1771=LINE('',#9820,#2432);
#1772=LINE('',#9823,#2433);
#1773=LINE('',#9825,#2434);
#1774=LINE('',#9826,#2435);
#1775=LINE('',#9829,#2436);
#1776=LINE('',#9831,#2437);
#1777=LINE('',#9832,#2438);
#1778=LINE('',#9835,#2439);
#1779=LINE('',#9837,#2440);
#1780=LINE('',#9838,#2441);
#1781=LINE('',#9841,#2442);
#1782=LINE('',#9843,#2443);
#1783=LINE('',#9844,#2444);
#1784=LINE('',#9847,#2445);
#1785=LINE('',#9849,#2446);
#1786=LINE('',#9850,#2447);
#1787=LINE('',#9853,#2448);
#1788=LINE('',#9855,#2449);
#1789=LINE('',#9856,#2450);
#1790=LINE('',#9859,#2451);
#1791=LINE('',#9861,#2452);
#1792=LINE('',#9862,#2453);
#1793=LINE('',#9864,#2454);
#1794=LINE('',#9865,#2455);
#1795=LINE('',#9879,#2456);
#1796=LINE('',#9884,#2457);
#1797=LINE('',#9896,#2458);
#1798=LINE('',#9911,#2459);
#1799=LINE('',#9926,#2460);
#1800=LINE('',#9932,#2461);
#1801=LINE('',#9934,#2462);
#1802=LINE('',#9935,#2463);
#1803=LINE('',#9947,#2464);
#1804=LINE('',#9962,#2465);
#1805=LINE('',#9977,#2466);
#1806=LINE('',#9992,#2467);
#1807=LINE('',#10007,#2468);
#1808=LINE('',#10022,#2469);
#1809=LINE('',#10037,#2470);
#1810=LINE('',#10052,#2471);
#1811=LINE('',#10067,#2472);
#1812=LINE('',#10082,#2473);
#1813=LINE('',#10088,#2474);
#1814=LINE('',#10090,#2475);
#1815=LINE('',#10091,#2476);
#1816=LINE('',#10103,#2477);
#1817=LINE('',#10118,#2478);
#1818=LINE('',#10133,#2479);
#1819=LINE('',#10148,#2480);
#1820=LINE('',#10163,#2481);
#1821=LINE('',#10192,#2482);
#1822=LINE('',#10197,#2483);
#1823=LINE('',#10200,#2484);
#1824=LINE('',#10202,#2485);
#1825=LINE('',#10203,#2486);
#1826=LINE('',#10206,#2487);
#1827=LINE('',#10208,#2488);
#1828=LINE('',#10209,#2489);
#1829=LINE('',#10212,#2490);
#1830=LINE('',#10214,#2491);
#1831=LINE('',#10215,#2492);
#1832=LINE('',#10218,#2493);
#1833=LINE('',#10220,#2494);
#1834=LINE('',#10221,#2495);
#1835=LINE('',#10224,#2496);
#1836=LINE('',#10226,#2497);
#1837=LINE('',#10227,#2498);
#1838=LINE('',#10239,#2499);
#1839=LINE('',#10254,#2500);
#1840=LINE('',#10269,#2501);
#1841=LINE('',#10284,#2502);
#1842=LINE('',#10290,#2503);
#1843=LINE('',#10292,#2504);
#1844=LINE('',#10293,#2505);
#1845=LINE('',#10296,#2506);
#1846=LINE('',#10298,#2507);
#1847=LINE('',#10299,#2508);
#1848=LINE('',#10302,#2509);
#1849=LINE('',#10304,#2510);
#1850=LINE('',#10305,#2511);
#1851=LINE('',#10317,#2512);
#1852=LINE('',#10332,#2513);
#1853=LINE('',#10347,#2514);
#1854=LINE('',#10376,#2515);
#1855=LINE('',#10381,#2516);
#1856=LINE('',#10384,#2517);
#1857=LINE('',#10386,#2518);
#1858=LINE('',#10387,#2519);
#1859=LINE('',#10390,#2520);
#1860=LINE('',#10392,#2521);
#1861=LINE('',#10393,#2522);
#1862=LINE('',#10396,#2523);
#1863=LINE('',#10398,#2524);
#1864=LINE('',#10399,#2525);
#1865=LINE('',#10402,#2526);
#1866=LINE('',#10404,#2527);
#1867=LINE('',#10405,#2528);
#1868=LINE('',#10408,#2529);
#1869=LINE('',#10410,#2530);
#1870=LINE('',#10411,#2531);
#1871=LINE('',#10423,#2532);
#1872=LINE('',#10438,#2533);
#1873=LINE('',#10453,#2534);
#1874=LINE('',#10468,#2535);
#1875=LINE('',#10474,#2536);
#1876=LINE('',#10476,#2537);
#1877=LINE('',#10477,#2538);
#1878=LINE('',#10480,#2539);
#1879=LINE('',#10482,#2540);
#1880=LINE('',#10483,#2541);
#1881=LINE('',#10486,#2542);
#1882=LINE('',#10488,#2543);
#1883=LINE('',#10489,#2544);
#1884=LINE('',#10501,#2545);
#1885=LINE('',#10516,#2546);
#1886=LINE('',#10536,#2547);
#1887=LINE('',#10538,#2548);
#1888=LINE('',#10540,#2549);
#1889=LINE('',#10541,#2550);
#1890=LINE('',#10544,#2551);
#1891=LINE('',#10546,#2552);
#1892=LINE('',#10547,#2553);
#1893=LINE('',#10550,#2554);
#1894=LINE('',#10552,#2555);
#1895=LINE('',#10553,#2556);
#1896=LINE('',#10555,#2557);
#1897=LINE('',#10556,#2558);
#1898=LINE('',#10570,#2559);
#1899=LINE('',#10575,#2560);
#1900=LINE('',#10587,#2561);
#1901=LINE('',#10602,#2562);
#1902=LINE('',#10617,#2563);
#1903=LINE('',#10623,#2564);
#1904=LINE('',#10625,#2565);
#1905=LINE('',#10626,#2566);
#1906=LINE('',#10638,#2567);
#1907=LINE('',#10653,#2568);
#1908=LINE('',#10668,#2569);
#1909=LINE('',#10683,#2570);
#1910=LINE('',#10698,#2571);
#1911=LINE('',#10713,#2572);
#1912=LINE('',#10728,#2573);
#1913=LINE('',#10743,#2574);
#1914=LINE('',#10758,#2575);
#1915=LINE('',#10773,#2576);
#1916=LINE('',#10779,#2577);
#1917=LINE('',#10781,#2578);
#1918=LINE('',#10782,#2579);
#1919=LINE('',#10794,#2580);
#1920=LINE('',#10809,#2581);
#1921=LINE('',#10824,#2582);
#1922=LINE('',#10839,#2583);
#1923=LINE('',#10854,#2584);
#1924=LINE('',#10883,#2585);
#1925=LINE('',#10888,#2586);
#1926=LINE('',#10900,#2587);
#1927=LINE('',#10915,#2588);
#1928=LINE('',#10930,#2589);
#1929=LINE('',#10945,#2590);
#1930=LINE('',#10960,#2591);
#1931=LINE('',#10975,#2592);
#1932=LINE('',#11004,#2593);
#1933=LINE('',#11009,#2594);
#1934=LINE('',#11021,#2595);
#1935=LINE('',#11036,#2596);
#1936=LINE('',#11051,#2597);
#1937=LINE('',#11066,#2598);
#1938=LINE('',#11081,#2599);
#1939=LINE('',#11096,#2600);
#1940=LINE('',#11111,#2601);
#1941=LINE('',#11126,#2602);
#1942=LINE('',#11141,#2603);
#1943=LINE('',#11156,#2604);
#1944=LINE('',#11184,#2605);
#1945=LINE('',#11189,#2606);
#1946=LINE('',#11201,#2607);
#1947=LINE('',#11216,#2608);
#1948=LINE('',#11231,#2609);
#1949=LINE('',#11237,#2610);
#1950=LINE('',#11239,#2611);
#1951=LINE('',#11240,#2612);
#1952=LINE('',#11243,#2613);
#1953=LINE('',#11245,#2614);
#1954=LINE('',#11246,#2615);
#1955=LINE('',#11249,#2616);
#1956=LINE('',#11251,#2617);
#1957=LINE('',#11252,#2618);
#1958=LINE('',#11255,#2619);
#1959=LINE('',#11257,#2620);
#1960=LINE('',#11258,#2621);
#1961=LINE('',#11261,#2622);
#1962=LINE('',#11263,#2623);
#1963=LINE('',#11264,#2624);
#1964=LINE('',#11276,#2625);
#1965=LINE('',#11291,#2626);
#1966=LINE('',#11306,#2627);
#1967=LINE('',#11321,#2628);
#1968=LINE('',#11336,#2629);
#1969=LINE('',#11365,#2630);
#1970=LINE('',#11370,#2631);
#1971=LINE('',#11382,#2632);
#1972=LINE('',#11397,#2633);
#1973=LINE('',#11412,#2634);
#1974=LINE('',#11427,#2635);
#1975=LINE('',#11442,#2636);
#1976=LINE('',#11457,#2637);
#1977=LINE('',#11472,#2638);
#1978=LINE('',#11487,#2639);
#1979=LINE('',#11502,#2640);
#1980=LINE('',#11517,#2641);
#1981=LINE('',#11532,#2642);
#1982=LINE('',#11538,#2643);
#1983=LINE('',#11540,#2644);
#1984=LINE('',#11541,#2645);
#1985=LINE('',#11553,#2646);
#1986=LINE('',#11568,#2647);
#1987=LINE('',#11583,#2648);
#1988=LINE('',#11598,#2649);
#1989=LINE('',#11613,#2650);
#1990=LINE('',#11628,#2651);
#1991=LINE('',#11643,#2652);
#1992=LINE('',#11658,#2653);
#1993=LINE('',#11673,#2654);
#1994=LINE('',#11688,#2655);
#1995=LINE('',#11703,#2656);
#1996=LINE('',#11718,#2657);
#1997=LINE('',#11733,#2658);
#1998=LINE('',#11748,#2659);
#1999=LINE('',#11763,#2660);
#2000=LINE('',#11769,#2661);
#2001=LINE('',#11771,#2662);
#2002=LINE('',#11772,#2663);
#2003=LINE('',#11784,#2664);
#2004=LINE('',#11799,#2665);
#2005=LINE('',#11828,#2666);
#2006=LINE('',#11833,#2667);
#2007=LINE('',#11845,#2668);
#2008=LINE('',#11860,#2669);
#2009=LINE('',#11875,#2670);
#2010=LINE('',#11890,#2671);
#2011=LINE('',#11895,#2672);
#2012=LINE('',#11896,#2673);
#2013=LINE('',#11909,#2674);
#2014=LINE('',#11914,#2675);
#2015=LINE('',#11926,#2676);
#2016=LINE('',#11941,#2677);
#2017=LINE('',#11956,#2678);
#2018=LINE('',#11971,#2679);
#2019=LINE('',#11986,#2680);
#2020=LINE('',#12001,#2681);
#2021=LINE('',#12016,#2682);
#2022=LINE('',#12031,#2683);
#2023=LINE('',#12046,#2684);
#2024=LINE('',#12052,#2685);
#2025=LINE('',#12054,#2686);
#2026=LINE('',#12055,#2687);
#2027=LINE('',#12067,#2688);
#2028=LINE('',#12082,#2689);
#2029=LINE('',#12097,#2690);
#2030=LINE('',#12112,#2691);
#2031=LINE('',#12127,#2692);
#2032=LINE('',#12133,#2693);
#2033=LINE('',#12135,#2694);
#2034=LINE('',#12136,#2695);
#2035=LINE('',#12148,#2696);
#2036=LINE('',#12177,#2697);
#2037=LINE('',#12182,#2698);
#2038=LINE('',#12194,#2699);
#2039=LINE('',#12209,#2700);
#2040=LINE('',#12224,#2701);
#2041=LINE('',#12239,#2702);
#2042=LINE('',#12244,#2703);
#2043=LINE('',#12245,#2704);
#2044=LINE('',#12258,#2705);
#2045=LINE('',#12263,#2706);
#2046=LINE('',#12275,#2707);
#2047=LINE('',#12290,#2708);
#2048=LINE('',#12305,#2709);
#2049=LINE('',#12320,#2710);
#2050=LINE('',#12335,#2711);
#2051=LINE('',#12350,#2712);
#2052=LINE('',#12365,#2713);
#2053=LINE('',#12380,#2714);
#2054=LINE('',#12395,#2715);
#2055=LINE('',#12401,#2716);
#2056=LINE('',#12403,#2717);
#2057=LINE('',#12404,#2718);
#2058=LINE('',#12416,#2719);
#2059=LINE('',#12431,#2720);
#2060=LINE('',#12446,#2721);
#2061=LINE('',#12461,#2722);
#2062=LINE('',#12476,#2723);
#2063=LINE('',#12482,#2724);
#2064=LINE('',#12484,#2725);
#2065=LINE('',#12485,#2726);
#2066=LINE('',#12497,#2727);
#2067=LINE('',#12517,#2728);
#2068=LINE('',#12519,#2729);
#2069=LINE('',#12521,#2730);
#2070=LINE('',#12522,#2731);
#2071=LINE('',#12525,#2732);
#2072=LINE('',#12527,#2733);
#2073=LINE('',#12528,#2734);
#2074=LINE('',#12531,#2735);
#2075=LINE('',#12533,#2736);
#2076=LINE('',#12534,#2737);
#2077=LINE('',#12537,#2738);
#2078=LINE('',#12539,#2739);
#2079=LINE('',#12540,#2740);
#2080=LINE('',#12543,#2741);
#2081=LINE('',#12545,#2742);
#2082=LINE('',#12546,#2743);
#2083=LINE('',#12549,#2744);
#2084=LINE('',#12551,#2745);
#2085=LINE('',#12552,#2746);
#2086=LINE('',#12555,#2747);
#2087=LINE('',#12557,#2748);
#2088=LINE('',#12558,#2749);
#2089=LINE('',#12560,#2750);
#2090=LINE('',#12561,#2751);
#2091=LINE('',#12567,#2752);
#2092=LINE('',#12570,#2753);
#2093=LINE('',#12571,#2754);
#2094=LINE('',#12574,#2755);
#2095=LINE('',#12575,#2756);
#2096=LINE('',#12578,#2757);
#2097=LINE('',#12582,#2758);
#2098=LINE('',#12583,#2759);
#2099=LINE('',#12586,#2760);
#2100=LINE('',#12590,#2761);
#2101=LINE('',#12591,#2762);
#2102=LINE('',#12594,#2763);
#2103=LINE('',#12598,#2764);
#2104=LINE('',#12599,#2765);
#2105=LINE('',#12601,#2766);
#2106=LINE('',#12602,#2767);
#2107=LINE('',#12604,#2768);
#2108=LINE('',#12607,#2769);
#2109=LINE('',#12611,#2770);
#2110=LINE('',#12612,#2771);
#2111=LINE('',#12615,#2772);
#2112=LINE('',#12618,#2773);
#2113=LINE('',#12621,#2774);
#2114=LINE('',#12622,#2775);
#2115=LINE('',#12625,#2776);
#2116=LINE('',#12629,#2777);
#2117=LINE('',#12630,#2778);
#2118=LINE('',#12635,#2779);
#2119=LINE('',#12636,#2780);
#2120=LINE('',#12639,#2781);
#2121=LINE('',#12642,#2782);
#2122=LINE('',#12645,#2783);
#2123=LINE('',#12646,#2784);
#2124=LINE('',#12649,#2785);
#2125=LINE('',#12653,#2786);
#2126=LINE('',#12654,#2787);
#2127=LINE('',#12657,#2788);
#2128=LINE('',#12660,#2789);
#2129=LINE('',#12662,#2790);
#2130=LINE('',#12663,#2791);
#2131=LINE('',#12665,#2792);
#2132=LINE('',#12670,#2793);
#2133=LINE('',#12671,#2794);
#2134=LINE('',#12674,#2795);
#2135=LINE('',#12675,#2796);
#2136=LINE('',#12683,#2797);
#2137=LINE('',#12685,#2798);
#2138=LINE('',#12687,#2799);
#2139=LINE('',#12689,#2800);
#2140=LINE('',#12690,#2801);
#2141=LINE('',#12692,#2802);
#2142=LINE('',#12693,#2803);
#2143=LINE('',#12695,#2804);
#2144=LINE('',#12697,#2805);
#2145=LINE('',#12708,#2806);
#2146=LINE('',#12713,#2807);
#2147=LINE('',#12718,#2808);
#2148=VECTOR('',#7621,10.);
#2149=VECTOR('',#7622,10.);
#2150=VECTOR('',#7623,10.);
#2151=VECTOR('',#7624,10.);
#2152=VECTOR('',#7627,10.);
#2153=VECTOR('',#7628,10.);
#2154=VECTOR('',#7629,10.);
#2155=VECTOR('',#7632,10.);
#2156=VECTOR('',#7633,10.);
#2157=VECTOR('',#7634,10.);
#2158=VECTOR('',#7637,10.);
#2159=VECTOR('',#7638,10.);
#2160=VECTOR('',#7641,10.);
#2161=VECTOR('',#7642,10.);
#2162=VECTOR('',#7643,10.);
#2163=VECTOR('',#7646,10.);
#2164=VECTOR('',#7647,10.);
#2165=VECTOR('',#7652,10.);
#2166=VECTOR('',#7653,10.);
#2167=VECTOR('',#7654,10.);
#2168=VECTOR('',#7655,10.);
#2169=VECTOR('',#7658,10.);
#2170=VECTOR('',#7659,10.);
#2171=VECTOR('',#7660,10.);
#2172=VECTOR('',#7663,10.);
#2173=VECTOR('',#7664,10.);
#2174=VECTOR('',#7665,10.);
#2175=VECTOR('',#7668,10.);
#2176=VECTOR('',#7669,10.);
#2177=VECTOR('',#7672,10.);
#2178=VECTOR('',#7673,10.);
#2179=VECTOR('',#7674,10.);
#2180=VECTOR('',#7677,10.);
#2181=VECTOR('',#7678,10.);
#2182=VECTOR('',#7683,10.);
#2183=VECTOR('',#7684,10.);
#2184=VECTOR('',#7685,10.);
#2185=VECTOR('',#7686,10.);
#2186=VECTOR('',#7689,10.);
#2187=VECTOR('',#7690,10.);
#2188=VECTOR('',#7691,10.);
#2189=VECTOR('',#7694,10.);
#2190=VECTOR('',#7695,10.);
#2191=VECTOR('',#7696,10.);
#2192=VECTOR('',#7699,10.);
#2193=VECTOR('',#7700,10.);
#2194=VECTOR('',#7703,10.);
#2195=VECTOR('',#7704,10.);
#2196=VECTOR('',#7705,10.);
#2197=VECTOR('',#7708,10.);
#2198=VECTOR('',#7709,10.);
#2199=VECTOR('',#7714,10.);
#2200=VECTOR('',#7715,10.);
#2201=VECTOR('',#7716,10.);
#2202=VECTOR('',#7717,10.);
#2203=VECTOR('',#7720,10.);
#2204=VECTOR('',#7721,10.);
#2205=VECTOR('',#7722,10.);
#2206=VECTOR('',#7725,10.);
#2207=VECTOR('',#7726,10.);
#2208=VECTOR('',#7727,10.);
#2209=VECTOR('',#7730,10.);
#2210=VECTOR('',#7731,10.);
#2211=VECTOR('',#7734,10.);
#2212=VECTOR('',#7735,10.);
#2213=VECTOR('',#7736,10.);
#2214=VECTOR('',#7739,10.);
#2215=VECTOR('',#7740,10.);
#2216=VECTOR('',#7747,10.);
#2217=VECTOR('',#7748,10.);
#2218=VECTOR('',#7769,10.);
#2219=VECTOR('',#7770,10.);
#2220=VECTOR('',#7773,10.);
#2221=VECTOR('',#7776,10.);
#2222=VECTOR('',#7779,10.);
#2223=VECTOR('',#7780,10.);
#2224=VECTOR('',#7781,10.);
#2225=VECTOR('',#7782,10.);
#2226=VECTOR('',#7783,10.);
#2227=VECTOR('',#7784,10.);
#2228=VECTOR('',#7785,10.);
#2229=VECTOR('',#7786,10.);
#2230=VECTOR('',#7787,10.);
#2231=VECTOR('',#7788,10.);
#2232=VECTOR('',#7789,10.);
#2233=VECTOR('',#7790,10.);
#2234=VECTOR('',#7791,10.);
#2235=VECTOR('',#7792,10.);
#2236=VECTOR('',#7797,10.);
#2237=VECTOR('',#7802,10.);
#2238=VECTOR('',#7805,10.);
#2239=VECTOR('',#7810,10.);
#2240=VECTOR('',#7813,10.);
#2241=VECTOR('',#7826,10.);
#2242=VECTOR('',#7827,10.);
#2243=VECTOR('',#7830,10.);
#2244=VECTOR('',#7831,10.);
#2245=VECTOR('',#7832,10.);
#2246=VECTOR('',#7833,10.);
#2247=VECTOR('',#7834,10.);
#2248=VECTOR('',#7835,10.);
#2249=VECTOR('',#7836,10.);
#2250=VECTOR('',#7837,10.);
#2251=VECTOR('',#7838,10.);
#2252=VECTOR('',#7841,10.);
#2253=VECTOR('',#7842,10.);
#2254=VECTOR('',#7843,10.);
#2255=VECTOR('',#7844,10.);
#2256=VECTOR('',#7847,10.);
#2257=VECTOR('',#7848,10.);
#2258=VECTOR('',#7849,10.);
#2259=VECTOR('',#7852,10.);
#2260=VECTOR('',#7853,10.);
#2261=VECTOR('',#7854,10.);
#2262=VECTOR('',#7857,10.);
#2263=VECTOR('',#7858,10.);
#2264=VECTOR('',#7861,10.);
#2265=VECTOR('',#7862,10.);
#2266=VECTOR('',#7863,10.);
#2267=VECTOR('',#7866,10.);
#2268=VECTOR('',#7867,10.);
#2269=VECTOR('',#7868,10.);
#2270=VECTOR('',#7869,10.);
#2271=VECTOR('',#7874,10.);
#2272=VECTOR('',#7877,10.);
#2273=VECTOR('',#7880,10.);
#2274=VECTOR('',#7883,10.);
#2275=VECTOR('',#7884,10.);
#2276=VECTOR('',#7885,10.);
#2277=VECTOR('',#7886,10.);
#2278=VECTOR('',#7889,10.);
#2279=VECTOR('',#7892,10.);
#2280=VECTOR('',#7895,10.);
#2281=VECTOR('',#7896,10.);
#2282=VECTOR('',#7897,10.);
#2283=VECTOR('',#7900,10.);
#2284=VECTOR('',#7903,10.);
#2285=VECTOR('',#7904,10.);
#2286=VECTOR('',#7905,10.);
#2287=VECTOR('',#7906,10.);
#2288=VECTOR('',#7907,10.);
#2289=VECTOR('',#7908,10.);
#2290=VECTOR('',#7909,10.);
#2291=VECTOR('',#7910,10.);
#2292=VECTOR('',#7911,10.);
#2293=VECTOR('',#7912,10.);
#2294=VECTOR('',#7913,10.);
#2295=VECTOR('',#7914,10.);
#2296=VECTOR('',#7915,10.);
#2297=VECTOR('',#7916,10.);
#2298=VECTOR('',#7919,10.);
#2299=VECTOR('',#7920,10.);
#2300=VECTOR('',#7921,10.);
#2301=VECTOR('',#7924,10.);
#2302=VECTOR('',#7925,10.);
#2303=VECTOR('',#7928,10.);
#2304=VECTOR('',#7929,10.);
#2305=VECTOR('',#7932,10.);
#2306=VECTOR('',#7935,10.);
#2307=VECTOR('',#7936,10.);
#2308=VECTOR('',#7937,10.);
#2309=VECTOR('',#7940,10.);
#2310=VECTOR('',#7941,10.);
#2311=VECTOR('',#7942,10.);
#2312=VECTOR('',#7945,10.);
#2313=VECTOR('',#7946,10.);
#2314=VECTOR('',#7947,10.);
#2315=VECTOR('',#7950,10.);
#2316=VECTOR('',#7951,10.);
#2317=VECTOR('',#7952,10.);
#2318=VECTOR('',#7955,10.);
#2319=VECTOR('',#7958,10.);
#2320=VECTOR('',#7961,10.);
#2321=VECTOR('',#7962,10.);
#2322=VECTOR('',#7963,10.);
#2323=VECTOR('',#7966,10.);
#2324=VECTOR('',#7967,10.);
#2325=VECTOR('',#7968,10.);
#2326=VECTOR('',#7969,10.);
#2327=VECTOR('',#7972,10.);
#2328=VECTOR('',#7973,10.);
#2329=VECTOR('',#7974,10.);
#2330=VECTOR('',#7977,10.);
#2331=VECTOR('',#7978,10.);
#2332=VECTOR('',#7981,10.);
#2333=VECTOR('',#7982,10.);
#2334=VECTOR('',#7987,10.);
#2335=VECTOR('',#7994,10.);
#2336=VECTOR('',#8003,10.);
#2337=VECTOR('',#8004,10.);
#2338=VECTOR('',#8005,10.);
#2339=VECTOR('',#8008,10.);
#2340=VECTOR('',#8013,10.);
#2341=VECTOR('',#8028,10.);
#2342=VECTOR('',#8029,10.);
#2343=VECTOR('',#8034,10.);
#2344=VECTOR('',#8035,10.);
#2345=VECTOR('',#8038,10.);
#2346=VECTOR('',#8039,10.);
#2347=VECTOR('',#8056,3.5);
#2348=VECTOR('',#8059,10.);
#2349=VECTOR('',#8060,10.);
#2350=VECTOR('',#8061,10.);
#2351=VECTOR('',#8062,10.);
#2352=VECTOR('',#8065,10.);
#2353=VECTOR('',#8066,10.);
#2354=VECTOR('',#8069,10.);
#2355=VECTOR('',#8072,10.);
#2356=VECTOR('',#8073,10.);
#2357=VECTOR('',#8076,10.);
#2358=VECTOR('',#8077,10.);
#2359=VECTOR('',#8080,10.);
#2360=VECTOR('',#8083,10.);
#2361=VECTOR('',#8084,10.);
#2362=VECTOR('',#8085,10.);
#2363=VECTOR('',#8088,10.);
#2364=VECTOR('',#8089,10.);
#2365=VECTOR('',#8090,10.);
#2366=VECTOR('',#8093,10.);
#2367=VECTOR('',#8094,10.);
#2368=VECTOR('',#8099,10.);
#2369=VECTOR('',#8102,10.);
#2370=VECTOR('',#8103,10.);
#2371=VECTOR('',#8106,10.);
#2372=VECTOR('',#8107,10.);
#2373=VECTOR('',#8112,10.);
#2374=VECTOR('',#8115,10.);
#2375=VECTOR('',#8116,10.);
#2376=VECTOR('',#8119,10.);
#2377=VECTOR('',#8124,10.);
#2378=VECTOR('',#8127,10.);
#2379=VECTOR('',#8132,10.);
#2380=VECTOR('',#8137,10.);
#2381=VECTOR('',#8138,10.);
#2382=VECTOR('',#8141,10.);
#2383=VECTOR('',#8144,10.);
#2384=VECTOR('',#8147,10.);
#2385=VECTOR('',#8148,10.);
#2386=VECTOR('',#8151,10.);
#2387=VECTOR('',#8152,10.);
#2388=VECTOR('',#8153,10.);
#2389=VECTOR('',#8156,10.);
#2390=VECTOR('',#8157,10.);
#2391=VECTOR('',#8158,10.);
#2392=VECTOR('',#8161,10.);
#2393=VECTOR('',#8162,10.);
#2394=VECTOR('',#8163,10.);
#2395=VECTOR('',#8166,10.);
#2396=VECTOR('',#8167,10.);
#2397=VECTOR('',#8168,10.);
#2398=VECTOR('',#8171,10.);
#2399=VECTOR('',#8172,10.);
#2400=VECTOR('',#8173,10.);
#2401=VECTOR('',#8174,10.);
#2402=VECTOR('',#8175,10.);
#2403=VECTOR('',#8176,10.);
#2404=VECTOR('',#8177,10.);
#2405=VECTOR('',#8180,10.);
#2406=VECTOR('',#8181,10.);
#2407=VECTOR('',#8182,10.);
#2408=VECTOR('',#8185,10.);
#2409=VECTOR('',#8186,10.);
#2410=VECTOR('',#8187,10.);
#2411=VECTOR('',#8190,10.);
#2412=VECTOR('',#8191,10.);
#2413=VECTOR('',#8192,10.);
#2414=VECTOR('',#8193,10.);
#2415=VECTOR('',#8194,10.);
#2416=VECTOR('',#8195,10.);
#2417=VECTOR('',#8200,10.);
#2418=VECTOR('',#8201,10.);
#2419=VECTOR('',#8202,10.);
#2420=VECTOR('',#8203,10.);
#2421=VECTOR('',#8206,10.);
#2422=VECTOR('',#8207,10.);
#2423=VECTOR('',#8208,10.);
#2424=VECTOR('',#8211,10.);
#2425=VECTOR('',#8212,10.);
#2426=VECTOR('',#8213,10.);
#2427=VECTOR('',#8216,10.);
#2428=VECTOR('',#8217,10.);
#2429=VECTOR('',#8218,10.);
#2430=VECTOR('',#8221,10.);
#2431=VECTOR('',#8222,10.);
#2432=VECTOR('',#8223,10.);
#2433=VECTOR('',#8226,10.);
#2434=VECTOR('',#8227,10.);
#2435=VECTOR('',#8228,10.);
#2436=VECTOR('',#8231,10.);
#2437=VECTOR('',#8232,10.);
#2438=VECTOR('',#8233,10.);
#2439=VECTOR('',#8236,10.);
#2440=VECTOR('',#8237,10.);
#2441=VECTOR('',#8238,10.);
#2442=VECTOR('',#8241,10.);
#2443=VECTOR('',#8242,10.);
#2444=VECTOR('',#8243,10.);
#2445=VECTOR('',#8246,10.);
#2446=VECTOR('',#8247,10.);
#2447=VECTOR('',#8248,10.);
#2448=VECTOR('',#8251,10.);
#2449=VECTOR('',#8252,10.);
#2450=VECTOR('',#8253,10.);
#2451=VECTOR('',#8256,10.);
#2452=VECTOR('',#8257,10.);
#2453=VECTOR('',#8258,10.);
#2454=VECTOR('',#8261,10.);
#2455=VECTOR('',#8262,10.);
#2456=VECTOR('',#8265,10.);
#2457=VECTOR('',#8266,10.);
#2458=VECTOR('',#8267,10.);
#2459=VECTOR('',#8268,10.);
#2460=VECTOR('',#8269,10.);
#2461=VECTOR('',#8272,10.);
#2462=VECTOR('',#8273,10.);
#2463=VECTOR('',#8274,10.);
#2464=VECTOR('',#8275,10.);
#2465=VECTOR('',#8276,10.);
#2466=VECTOR('',#8277,10.);
#2467=VECTOR('',#8278,10.);
#2468=VECTOR('',#8279,10.);
#2469=VECTOR('',#8280,10.);
#2470=VECTOR('',#8281,10.);
#2471=VECTOR('',#8282,10.);
#2472=VECTOR('',#8283,10.);
#2473=VECTOR('',#8284,10.);
#2474=VECTOR('',#8287,10.);
#2475=VECTOR('',#8288,10.);
#2476=VECTOR('',#8289,10.);
#2477=VECTOR('',#8290,10.);
#2478=VECTOR('',#8291,10.);
#2479=VECTOR('',#8292,10.);
#2480=VECTOR('',#8293,10.);
#2481=VECTOR('',#8294,10.);
#2482=VECTOR('',#8297,10.);
#2483=VECTOR('',#8298,10.);
#2484=VECTOR('',#8301,10.);
#2485=VECTOR('',#8302,10.);
#2486=VECTOR('',#8303,10.);
#2487=VECTOR('',#8306,10.);
#2488=VECTOR('',#8307,10.);
#2489=VECTOR('',#8308,10.);
#2490=VECTOR('',#8311,10.);
#2491=VECTOR('',#8312,10.);
#2492=VECTOR('',#8313,10.);
#2493=VECTOR('',#8316,10.);
#2494=VECTOR('',#8317,10.);
#2495=VECTOR('',#8318,10.);
#2496=VECTOR('',#8321,10.);
#2497=VECTOR('',#8322,10.);
#2498=VECTOR('',#8323,10.);
#2499=VECTOR('',#8324,10.);
#2500=VECTOR('',#8325,10.);
#2501=VECTOR('',#8326,10.);
#2502=VECTOR('',#8327,10.);
#2503=VECTOR('',#8330,10.);
#2504=VECTOR('',#8331,10.);
#2505=VECTOR('',#8332,10.);
#2506=VECTOR('',#8335,10.);
#2507=VECTOR('',#8336,10.);
#2508=VECTOR('',#8337,10.);
#2509=VECTOR('',#8340,10.);
#2510=VECTOR('',#8341,10.);
#2511=VECTOR('',#8342,10.);
#2512=VECTOR('',#8343,10.);
#2513=VECTOR('',#8344,10.);
#2514=VECTOR('',#8345,10.);
#2515=VECTOR('',#8348,10.);
#2516=VECTOR('',#8349,10.);
#2517=VECTOR('',#8352,10.);
#2518=VECTOR('',#8353,10.);
#2519=VECTOR('',#8354,10.);
#2520=VECTOR('',#8357,10.);
#2521=VECTOR('',#8358,10.);
#2522=VECTOR('',#8359,10.);
#2523=VECTOR('',#8362,10.);
#2524=VECTOR('',#8363,10.);
#2525=VECTOR('',#8364,10.);
#2526=VECTOR('',#8367,10.);
#2527=VECTOR('',#8368,10.);
#2528=VECTOR('',#8369,10.);
#2529=VECTOR('',#8372,10.);
#2530=VECTOR('',#8373,10.);
#2531=VECTOR('',#8374,10.);
#2532=VECTOR('',#8375,10.);
#2533=VECTOR('',#8376,10.);
#2534=VECTOR('',#8377,10.);
#2535=VECTOR('',#8378,10.);
#2536=VECTOR('',#8381,10.);
#2537=VECTOR('',#8382,10.);
#2538=VECTOR('',#8383,10.);
#2539=VECTOR('',#8386,10.);
#2540=VECTOR('',#8387,10.);
#2541=VECTOR('',#8388,10.);
#2542=VECTOR('',#8391,10.);
#2543=VECTOR('',#8392,10.);
#2544=VECTOR('',#8393,10.);
#2545=VECTOR('',#8394,10.);
#2546=VECTOR('',#8395,10.);
#2547=VECTOR('',#8400,10.);
#2548=VECTOR('',#8401,10.);
#2549=VECTOR('',#8402,10.);
#2550=VECTOR('',#8403,10.);
#2551=VECTOR('',#8406,10.);
#2552=VECTOR('',#8407,10.);
#2553=VECTOR('',#8408,10.);
#2554=VECTOR('',#8411,10.);
#2555=VECTOR('',#8412,10.);
#2556=VECTOR('',#8413,10.);
#2557=VECTOR('',#8416,10.);
#2558=VECTOR('',#8417,10.);
#2559=VECTOR('',#8420,10.);
#2560=VECTOR('',#8421,10.);
#2561=VECTOR('',#8422,10.);
#2562=VECTOR('',#8423,10.);
#2563=VECTOR('',#8424,10.);
#2564=VECTOR('',#8427,10.);
#2565=VECTOR('',#8428,10.);
#2566=VECTOR('',#8429,10.);
#2567=VECTOR('',#8430,10.);
#2568=VECTOR('',#8431,10.);
#2569=VECTOR('',#8432,10.);
#2570=VECTOR('',#8433,10.);
#2571=VECTOR('',#8434,10.);
#2572=VECTOR('',#8435,10.);
#2573=VECTOR('',#8436,10.);
#2574=VECTOR('',#8437,10.);
#2575=VECTOR('',#8438,10.);
#2576=VECTOR('',#8439,10.);
#2577=VECTOR('',#8442,10.);
#2578=VECTOR('',#8443,10.);
#2579=VECTOR('',#8444,10.);
#2580=VECTOR('',#8445,10.);
#2581=VECTOR('',#8446,10.);
#2582=VECTOR('',#8447,10.);
#2583=VECTOR('',#8448,10.);
#2584=VECTOR('',#8449,10.);
#2585=VECTOR('',#8452,10.);
#2586=VECTOR('',#8453,10.);
#2587=VECTOR('',#8454,10.);
#2588=VECTOR('',#8455,10.);
#2589=VECTOR('',#8456,10.);
#2590=VECTOR('',#8457,10.);
#2591=VECTOR('',#8458,10.);
#2592=VECTOR('',#8459,10.);
#2593=VECTOR('',#8462,10.);
#2594=VECTOR('',#8463,10.);
#2595=VECTOR('',#8464,10.);
#2596=VECTOR('',#8465,10.);
#2597=VECTOR('',#8466,10.);
#2598=VECTOR('',#8467,10.);
#2599=VECTOR('',#8468,10.);
#2600=VECTOR('',#8469,10.);
#2601=VECTOR('',#8470,10.);
#2602=VECTOR('',#8471,10.);
#2603=VECTOR('',#8472,10.);
#2604=VECTOR('',#8473,10.);
#2605=VECTOR('',#8474,10.);
#2606=VECTOR('',#8475,10.);
#2607=VECTOR('',#8476,10.);
#2608=VECTOR('',#8477,10.);
#2609=VECTOR('',#8478,10.);
#2610=VECTOR('',#8481,10.);
#2611=VECTOR('',#8482,10.);
#2612=VECTOR('',#8483,10.);
#2613=VECTOR('',#8486,10.);
#2614=VECTOR('',#8487,10.);
#2615=VECTOR('',#8488,10.);
#2616=VECTOR('',#8491,10.);
#2617=VECTOR('',#8492,10.);
#2618=VECTOR('',#8493,10.);
#2619=VECTOR('',#8496,10.);
#2620=VECTOR('',#8497,10.);
#2621=VECTOR('',#8498,10.);
#2622=VECTOR('',#8501,10.);
#2623=VECTOR('',#8502,10.);
#2624=VECTOR('',#8503,10.);
#2625=VECTOR('',#8504,10.);
#2626=VECTOR('',#8505,10.);
#2627=VECTOR('',#8506,10.);
#2628=VECTOR('',#8507,10.);
#2629=VECTOR('',#8508,10.);
#2630=VECTOR('',#8511,10.);
#2631=VECTOR('',#8512,10.);
#2632=VECTOR('',#8513,10.);
#2633=VECTOR('',#8514,10.);
#2634=VECTOR('',#8515,10.);
#2635=VECTOR('',#8516,10.);
#2636=VECTOR('',#8517,10.);
#2637=VECTOR('',#8518,10.);
#2638=VECTOR('',#8519,10.);
#2639=VECTOR('',#8520,10.);
#2640=VECTOR('',#8521,10.);
#2641=VECTOR('',#8522,10.);
#2642=VECTOR('',#8523,10.);
#2643=VECTOR('',#8526,10.);
#2644=VECTOR('',#8527,10.);
#2645=VECTOR('',#8528,10.);
#2646=VECTOR('',#8529,10.);
#2647=VECTOR('',#8530,10.);
#2648=VECTOR('',#8531,10.);
#2649=VECTOR('',#8532,10.);
#2650=VECTOR('',#8533,10.);
#2651=VECTOR('',#8534,10.);
#2652=VECTOR('',#8535,10.);
#2653=VECTOR('',#8536,10.);
#2654=VECTOR('',#8537,10.);
#2655=VECTOR('',#8538,10.);
#2656=VECTOR('',#8539,10.);
#2657=VECTOR('',#8540,10.);
#2658=VECTOR('',#8541,10.);
#2659=VECTOR('',#8542,10.);
#2660=VECTOR('',#8543,10.);
#2661=VECTOR('',#8546,10.);
#2662=VECTOR('',#8547,10.);
#2663=VECTOR('',#8548,10.);
#2664=VECTOR('',#8549,10.);
#2665=VECTOR('',#8550,10.);
#2666=VECTOR('',#8553,10.);
#2667=VECTOR('',#8554,10.);
#2668=VECTOR('',#8555,10.);
#2669=VECTOR('',#8556,10.);
#2670=VECTOR('',#8557,10.);
#2671=VECTOR('',#8558,10.);
#2672=VECTOR('',#8561,10.);
#2673=VECTOR('',#8562,10.);
#2674=VECTOR('',#8563,10.);
#2675=VECTOR('',#8564,10.);
#2676=VECTOR('',#8565,10.);
#2677=VECTOR('',#8566,10.);
#2678=VECTOR('',#8567,10.);
#2679=VECTOR('',#8568,10.);
#2680=VECTOR('',#8569,10.);
#2681=VECTOR('',#8570,10.);
#2682=VECTOR('',#8571,10.);
#2683=VECTOR('',#8572,10.);
#2684=VECTOR('',#8573,10.);
#2685=VECTOR('',#8576,10.);
#2686=VECTOR('',#8577,10.);
#2687=VECTOR('',#8578,10.);
#2688=VECTOR('',#8579,10.);
#2689=VECTOR('',#8580,10.);
#2690=VECTOR('',#8581,10.);
#2691=VECTOR('',#8582,10.);
#2692=VECTOR('',#8583,10.);
#2693=VECTOR('',#8586,10.);
#2694=VECTOR('',#8587,10.);
#2695=VECTOR('',#8588,10.);
#2696=VECTOR('',#8589,10.);
#2697=VECTOR('',#8592,10.);
#2698=VECTOR('',#8593,10.);
#2699=VECTOR('',#8594,10.);
#2700=VECTOR('',#8595,10.);
#2701=VECTOR('',#8596,10.);
#2702=VECTOR('',#8597,10.);
#2703=VECTOR('',#8600,10.);
#2704=VECTOR('',#8601,10.);
#2705=VECTOR('',#8602,10.);
#2706=VECTOR('',#8603,10.);
#2707=VECTOR('',#8604,10.);
#2708=VECTOR('',#8605,10.);
#2709=VECTOR('',#8606,10.);
#2710=VECTOR('',#8607,10.);
#2711=VECTOR('',#8608,10.);
#2712=VECTOR('',#8609,10.);
#2713=VECTOR('',#8610,10.);
#2714=VECTOR('',#8611,10.);
#2715=VECTOR('',#8612,10.);
#2716=VECTOR('',#8615,10.);
#2717=VECTOR('',#8616,10.);
#2718=VECTOR('',#8617,10.);
#2719=VECTOR('',#8618,10.);
#2720=VECTOR('',#8619,10.);
#2721=VECTOR('',#8620,10.);
#2722=VECTOR('',#8621,10.);
#2723=VECTOR('',#8622,10.);
#2724=VECTOR('',#8625,10.);
#2725=VECTOR('',#8626,10.);
#2726=VECTOR('',#8627,10.);
#2727=VECTOR('',#8628,10.);
#2728=VECTOR('',#8633,10.);
#2729=VECTOR('',#8634,10.);
#2730=VECTOR('',#8635,10.);
#2731=VECTOR('',#8636,10.);
#2732=VECTOR('',#8639,10.);
#2733=VECTOR('',#8640,10.);
#2734=VECTOR('',#8641,10.);
#2735=VECTOR('',#8644,10.);
#2736=VECTOR('',#8645,10.);
#2737=VECTOR('',#8646,10.);
#2738=VECTOR('',#8649,10.);
#2739=VECTOR('',#8650,10.);
#2740=VECTOR('',#8651,10.);
#2741=VECTOR('',#8654,10.);
#2742=VECTOR('',#8655,10.);
#2743=VECTOR('',#8656,10.);
#2744=VECTOR('',#8659,10.);
#2745=VECTOR('',#8660,10.);
#2746=VECTOR('',#8661,10.);
#2747=VECTOR('',#8664,10.);
#2748=VECTOR('',#8665,10.);
#2749=VECTOR('',#8666,10.);
#2750=VECTOR('',#8669,10.);
#2751=VECTOR('',#8670,10.);
#2752=VECTOR('',#8681,10.);
#2753=VECTOR('',#8684,10.);
#2754=VECTOR('',#8685,10.);
#2755=VECTOR('',#8688,10.);
#2756=VECTOR('',#8689,10.);
#2757=VECTOR('',#8692,10.);
#2758=VECTOR('',#8697,10.);
#2759=VECTOR('',#8698,10.);
#2760=VECTOR('',#8701,10.);
#2761=VECTOR('',#8706,10.);
#2762=VECTOR('',#8707,10.);
#2763=VECTOR('',#8710,10.);
#2764=VECTOR('',#8715,10.);
#2765=VECTOR('',#8716,10.);
#2766=VECTOR('',#8719,10.);
#2767=VECTOR('',#8720,10.);
#2768=VECTOR('',#8723,10.);
#2769=VECTOR('',#8726,10.);
#2770=VECTOR('',#8731,10.);
#2771=VECTOR('',#8732,10.);
#2772=VECTOR('',#8735,10.);
#2773=VECTOR('',#8740,10.);
#2774=VECTOR('',#8743,10.);
#2775=VECTOR('',#8744,10.);
#2776=VECTOR('',#8747,10.);
#2777=VECTOR('',#8752,10.);
#2778=VECTOR('',#8753,10.);
#2779=VECTOR('',#8760,10.);
#2780=VECTOR('',#8761,10.);
#2781=VECTOR('',#8764,10.);
#2782=VECTOR('',#8767,10.);
#2783=VECTOR('',#8770,10.);
#2784=VECTOR('',#8771,10.);
#2785=VECTOR('',#8774,10.);
#2786=VECTOR('',#8779,10.);
#2787=VECTOR('',#8780,10.);
#2788=VECTOR('',#8783,10.);
#2789=VECTOR('',#8788,10.);
#2790=VECTOR('',#8789,10.);
#2791=VECTOR('',#8790,10.);
#2792=VECTOR('',#8793,10.);
#2793=VECTOR('',#8798,10.);
#2794=VECTOR('',#8799,10.);
#2795=VECTOR('',#8802,10.);
#2796=VECTOR('',#8803,10.);
#2797=VECTOR('',#8816,10.);
#2798=VECTOR('',#8819,10.);
#2799=VECTOR('',#8820,10.);
#2800=VECTOR('',#8821,10.);
#2801=VECTOR('',#8822,10.);
#2802=VECTOR('',#8825,10.);
#2803=VECTOR('',#8826,10.);
#2804=VECTOR('',#8829,10.);
#2805=VECTOR('',#8832,10.);
#2806=VECTOR('',#8847,1.45);
#2807=VECTOR('',#8854,1.45);
#2808=VECTOR('',#8863,10.);
#2809=VERTEX_POINT('',#8868);
#2810=VERTEX_POINT('',#8869);
#2811=VERTEX_POINT('',#8871);
#2812=VERTEX_POINT('',#8873);
#2813=VERTEX_POINT('',#8877);
#2814=VERTEX_POINT('',#8879);
#2815=VERTEX_POINT('',#8883);
#2816=VERTEX_POINT('',#8885);
#2817=VERTEX_POINT('',#8892);
#2818=VERTEX_POINT('',#8894);
#2819=VERTEX_POINT('',#8898);
#2820=VERTEX_POINT('',#8903);
#2821=VERTEX_POINT('',#8904);
#2822=VERTEX_POINT('',#8906);
#2823=VERTEX_POINT('',#8908);
#2824=VERTEX_POINT('',#8912);
#2825=VERTEX_POINT('',#8914);
#2826=VERTEX_POINT('',#8918);
#2827=VERTEX_POINT('',#8920);
#2828=VERTEX_POINT('',#8927);
#2829=VERTEX_POINT('',#8929);
#2830=VERTEX_POINT('',#8933);
#2831=VERTEX_POINT('',#8938);
#2832=VERTEX_POINT('',#8939);
#2833=VERTEX_POINT('',#8941);
#2834=VERTEX_POINT('',#8943);
#2835=VERTEX_POINT('',#8947);
#2836=VERTEX_POINT('',#8949);
#2837=VERTEX_POINT('',#8953);
#2838=VERTEX_POINT('',#8955);
#2839=VERTEX_POINT('',#8962);
#2840=VERTEX_POINT('',#8964);
#2841=VERTEX_POINT('',#8968);
#2842=VERTEX_POINT('',#8973);
#2843=VERTEX_POINT('',#8974);
#2844=VERTEX_POINT('',#8976);
#2845=VERTEX_POINT('',#8978);
#2846=VERTEX_POINT('',#8982);
#2847=VERTEX_POINT('',#8984);
#2848=VERTEX_POINT('',#8988);
#2849=VERTEX_POINT('',#8990);
#2850=VERTEX_POINT('',#8997);
#2851=VERTEX_POINT('',#8999);
#2852=VERTEX_POINT('',#9003);
#2853=VERTEX_POINT('',#9008);
#2854=VERTEX_POINT('',#9009);
#2855=VERTEX_POINT('',#9011);
#2856=VERTEX_POINT('',#9013);
#2857=VERTEX_POINT('',#9026);
#2858=VERTEX_POINT('',#9027);
#2859=VERTEX_POINT('',#9032);
#2860=VERTEX_POINT('',#9033);
#2861=VERTEX_POINT('',#9035);
#2862=VERTEX_POINT('',#9037);
#2863=VERTEX_POINT('',#9044);
#2864=VERTEX_POINT('',#9045);
#2865=VERTEX_POINT('',#9058);
#2866=VERTEX_POINT('',#9060);
#2867=VERTEX_POINT('',#9104);
#2868=VERTEX_POINT('',#9106);
#2869=VERTEX_POINT('',#9108);
#2870=VERTEX_POINT('',#9110);
#2871=VERTEX_POINT('',#9112);
#2872=VERTEX_POINT('',#9114);
#2873=VERTEX_POINT('',#9116);
#2874=VERTEX_POINT('',#9118);
#2875=VERTEX_POINT('',#9120);
#2876=VERTEX_POINT('',#9122);
#2877=VERTEX_POINT('',#9124);
#2878=VERTEX_POINT('',#9126);
#2879=VERTEX_POINT('',#9128);
#2880=VERTEX_POINT('',#9132);
#2881=VERTEX_POINT('',#9134);
#2882=VERTEX_POINT('',#9138);
#2883=VERTEX_POINT('',#9140);
#2884=VERTEX_POINT('',#9144);
#2885=VERTEX_POINT('',#9145);
#2886=VERTEX_POINT('',#9147);
#2887=VERTEX_POINT('',#9149);
#2888=VERTEX_POINT('',#9153);
#2889=VERTEX_POINT('',#9154);
#2890=VERTEX_POINT('',#9159);
#2891=VERTEX_POINT('',#9160);
#2892=VERTEX_POINT('',#9165);
#2893=VERTEX_POINT('',#9167);
#2894=VERTEX_POINT('',#9169);
#2895=VERTEX_POINT('',#9171);
#2896=VERTEX_POINT('',#9174);
#2897=VERTEX_POINT('',#9175);
#2898=VERTEX_POINT('',#9177);
#2899=VERTEX_POINT('',#9179);
#2900=VERTEX_POINT('',#9183);
#2901=VERTEX_POINT('',#9184);
#2902=VERTEX_POINT('',#9186);
#2903=VERTEX_POINT('',#9188);
#2904=VERTEX_POINT('',#9192);
#2905=VERTEX_POINT('',#9194);
#2906=VERTEX_POINT('',#9198);
#2907=VERTEX_POINT('',#9200);
#2908=VERTEX_POINT('',#9207);
#2909=VERTEX_POINT('',#9209);
#2910=VERTEX_POINT('',#9213);
#2911=VERTEX_POINT('',#9215);
#2912=VERTEX_POINT('',#9220);
#2913=VERTEX_POINT('',#9222);
#2914=VERTEX_POINT('',#9224);
#2915=VERTEX_POINT('',#9226);
#2916=VERTEX_POINT('',#9228);
#2917=VERTEX_POINT('',#9230);
#2918=VERTEX_POINT('',#9233);
#2919=VERTEX_POINT('',#9235);
#2920=VERTEX_POINT('',#9237);
#2921=VERTEX_POINT('',#9239);
#2922=VERTEX_POINT('',#9241);
#2923=VERTEX_POINT('',#9243);
#2924=VERTEX_POINT('',#9245);
#2925=VERTEX_POINT('',#9247);
#2926=VERTEX_POINT('',#9249);
#2927=VERTEX_POINT('',#9251);
#2928=VERTEX_POINT('',#9253);
#2929=VERTEX_POINT('',#9255);
#2930=VERTEX_POINT('',#9257);
#2931=VERTEX_POINT('',#9259);
#2932=VERTEX_POINT('',#9261);
#2933=VERTEX_POINT('',#9265);
#2934=VERTEX_POINT('',#9266);
#2935=VERTEX_POINT('',#9268);
#2936=VERTEX_POINT('',#9270);
#2937=VERTEX_POINT('',#9273);
#2938=VERTEX_POINT('',#9274);
#2939=VERTEX_POINT('',#9276);
#2940=VERTEX_POINT('',#9278);
#2941=VERTEX_POINT('',#9281);
#2942=VERTEX_POINT('',#9282);
#2943=VERTEX_POINT('',#9284);
#2944=VERTEX_POINT('',#9286);
#2945=VERTEX_POINT('',#9290);
#2946=VERTEX_POINT('',#9292);
#2947=VERTEX_POINT('',#9296);
#2948=VERTEX_POINT('',#9300);
#2949=VERTEX_POINT('',#9306);
#2950=VERTEX_POINT('',#9308);
#2951=VERTEX_POINT('',#9312);
#2952=VERTEX_POINT('',#9317);
#2953=VERTEX_POINT('',#9319);
#2954=VERTEX_POINT('',#9323);
#2955=VERTEX_POINT('',#9325);
#2956=VERTEX_POINT('',#9333);
#2957=VERTEX_POINT('',#9335);
#2958=VERTEX_POINT('',#9339);
#2959=VERTEX_POINT('',#9341);
#2960=VERTEX_POINT('',#9346);
#2961=VERTEX_POINT('',#9348);
#2962=VERTEX_POINT('',#9352);
#2963=VERTEX_POINT('',#9356);
#2964=VERTEX_POINT('',#9360);
#2965=VERTEX_POINT('',#9362);
#2966=VERTEX_POINT('',#9367);
#2967=VERTEX_POINT('',#9373);
#2968=VERTEX_POINT('',#9375);
#2969=VERTEX_POINT('',#9377);
#2970=VERTEX_POINT('',#9384);
#2971=VERTEX_POINT('',#9388);
#2972=VERTEX_POINT('',#9421);
#2973=VERTEX_POINT('',#9423);
#2974=VERTEX_POINT('',#9471);
#2975=VERTEX_POINT('',#9472);
#2976=VERTEX_POINT('',#9474);
#2977=VERTEX_POINT('',#9495);
#2978=VERTEX_POINT('',#9500);
#2979=VERTEX_POINT('',#9505);
#2980=VERTEX_POINT('',#9506);
#2981=VERTEX_POINT('',#9508);
#2982=VERTEX_POINT('',#9532);
#2983=VERTEX_POINT('',#9534);
#2984=VERTEX_POINT('',#9538);
#2985=VERTEX_POINT('',#9544);
#2986=VERTEX_POINT('',#9548);
#2987=VERTEX_POINT('',#9554);
#2988=VERTEX_POINT('',#9556);
#2989=VERTEX_POINT('',#9560);
#2990=VERTEX_POINT('',#9562);
#2991=VERTEX_POINT('',#9572);
#2992=VERTEX_POINT('',#9582);
#2993=VERTEX_POINT('',#9610);
#2994=VERTEX_POINT('',#9611);
#2995=VERTEX_POINT('',#9615);
#2996=VERTEX_POINT('',#9617);
#2997=VERTEX_POINT('',#9623);
#2998=VERTEX_POINT('',#9625);
#2999=VERTEX_POINT('',#9629);
#3000=VERTEX_POINT('',#9631);
#3001=VERTEX_POINT('',#9635);
#3002=VERTEX_POINT('',#9637);
#3003=VERTEX_POINT('',#9641);
#3004=VERTEX_POINT('',#9643);
#3005=VERTEX_POINT('',#9647);
#3006=VERTEX_POINT('',#9649);
#3007=VERTEX_POINT('',#9658);
#3008=VERTEX_POINT('',#9662);
#3009=VERTEX_POINT('',#9673);
#3010=VERTEX_POINT('',#9677);
#3011=VERTEX_POINT('',#9688);
#3012=VERTEX_POINT('',#9692);
#3013=VERTEX_POINT('',#9703);
#3014=VERTEX_POINT('',#9707);
#3015=VERTEX_POINT('',#9713);
#3016=VERTEX_POINT('',#9715);
#3017=VERTEX_POINT('',#9719);
#3018=VERTEX_POINT('',#9721);
#3019=VERTEX_POINT('',#9725);
#3020=VERTEX_POINT('',#9727);
#3021=VERTEX_POINT('',#9736);
#3022=VERTEX_POINT('',#9740);
#3023=VERTEX_POINT('',#9751);
#3024=VERTEX_POINT('',#9755);
#3025=VERTEX_POINT('',#9766);
#3026=VERTEX_POINT('',#9770);
#3027=VERTEX_POINT('',#9789);
#3028=VERTEX_POINT('',#9790);
#3029=VERTEX_POINT('',#9792);
#3030=VERTEX_POINT('',#9794);
#3031=VERTEX_POINT('',#9798);
#3032=VERTEX_POINT('',#9800);
#3033=VERTEX_POINT('',#9804);
#3034=VERTEX_POINT('',#9806);
#3035=VERTEX_POINT('',#9810);
#3036=VERTEX_POINT('',#9812);
#3037=VERTEX_POINT('',#9816);
#3038=VERTEX_POINT('',#9818);
#3039=VERTEX_POINT('',#9822);
#3040=VERTEX_POINT('',#9824);
#3041=VERTEX_POINT('',#9828);
#3042=VERTEX_POINT('',#9830);
#3043=VERTEX_POINT('',#9834);
#3044=VERTEX_POINT('',#9836);
#3045=VERTEX_POINT('',#9840);
#3046=VERTEX_POINT('',#9842);
#3047=VERTEX_POINT('',#9846);
#3048=VERTEX_POINT('',#9848);
#3049=VERTEX_POINT('',#9852);
#3050=VERTEX_POINT('',#9854);
#3051=VERTEX_POINT('',#9858);
#3052=VERTEX_POINT('',#9860);
#3053=VERTEX_POINT('',#9873);
#3054=VERTEX_POINT('',#9874);
#3055=VERTEX_POINT('',#9878);
#3056=VERTEX_POINT('',#9880);
#3057=VERTEX_POINT('',#9891);
#3058=VERTEX_POINT('',#9895);
#3059=VERTEX_POINT('',#9906);
#3060=VERTEX_POINT('',#9910);
#3061=VERTEX_POINT('',#9921);
#3062=VERTEX_POINT('',#9925);
#3063=VERTEX_POINT('',#9931);
#3064=VERTEX_POINT('',#9933);
#3065=VERTEX_POINT('',#9942);
#3066=VERTEX_POINT('',#9946);
#3067=VERTEX_POINT('',#9957);
#3068=VERTEX_POINT('',#9961);
#3069=VERTEX_POINT('',#9972);
#3070=VERTEX_POINT('',#9976);
#3071=VERTEX_POINT('',#9987);
#3072=VERTEX_POINT('',#9991);
#3073=VERTEX_POINT('',#10002);
#3074=VERTEX_POINT('',#10006);
#3075=VERTEX_POINT('',#10017);
#3076=VERTEX_POINT('',#10021);
#3077=VERTEX_POINT('',#10032);
#3078=VERTEX_POINT('',#10036);
#3079=VERTEX_POINT('',#10047);
#3080=VERTEX_POINT('',#10051);
#3081=VERTEX_POINT('',#10062);
#3082=VERTEX_POINT('',#10066);
#3083=VERTEX_POINT('',#10077);
#3084=VERTEX_POINT('',#10081);
#3085=VERTEX_POINT('',#10087);
#3086=VERTEX_POINT('',#10089);
#3087=VERTEX_POINT('',#10098);
#3088=VERTEX_POINT('',#10102);
#3089=VERTEX_POINT('',#10113);
#3090=VERTEX_POINT('',#10117);
#3091=VERTEX_POINT('',#10128);
#3092=VERTEX_POINT('',#10132);
#3093=VERTEX_POINT('',#10143);
#3094=VERTEX_POINT('',#10147);
#3095=VERTEX_POINT('',#10158);
#3096=VERTEX_POINT('',#10162);
#3097=VERTEX_POINT('',#10186);
#3098=VERTEX_POINT('',#10187);
#3099=VERTEX_POINT('',#10191);
#3100=VERTEX_POINT('',#10193);
#3101=VERTEX_POINT('',#10199);
#3102=VERTEX_POINT('',#10201);
#3103=VERTEX_POINT('',#10205);
#3104=VERTEX_POINT('',#10207);
#3105=VERTEX_POINT('',#10211);
#3106=VERTEX_POINT('',#10213);
#3107=VERTEX_POINT('',#10217);
#3108=VERTEX_POINT('',#10219);
#3109=VERTEX_POINT('',#10223);
#3110=VERTEX_POINT('',#10225);
#3111=VERTEX_POINT('',#10234);
#3112=VERTEX_POINT('',#10238);
#3113=VERTEX_POINT('',#10249);
#3114=VERTEX_POINT('',#10253);
#3115=VERTEX_POINT('',#10264);
#3116=VERTEX_POINT('',#10268);
#3117=VERTEX_POINT('',#10279);
#3118=VERTEX_POINT('',#10283);
#3119=VERTEX_POINT('',#10289);
#3120=VERTEX_POINT('',#10291);
#3121=VERTEX_POINT('',#10295);
#3122=VERTEX_POINT('',#10297);
#3123=VERTEX_POINT('',#10301);
#3124=VERTEX_POINT('',#10303);
#3125=VERTEX_POINT('',#10312);
#3126=VERTEX_POINT('',#10316);
#3127=VERTEX_POINT('',#10327);
#3128=VERTEX_POINT('',#10331);
#3129=VERTEX_POINT('',#10342);
#3130=VERTEX_POINT('',#10346);
#3131=VERTEX_POINT('',#10370);
#3132=VERTEX_POINT('',#10371);
#3133=VERTEX_POINT('',#10375);
#3134=VERTEX_POINT('',#10377);
#3135=VERTEX_POINT('',#10383);
#3136=VERTEX_POINT('',#10385);
#3137=VERTEX_POINT('',#10389);
#3138=VERTEX_POINT('',#10391);
#3139=VERTEX_POINT('',#10395);
#3140=VERTEX_POINT('',#10397);
#3141=VERTEX_POINT('',#10401);
#3142=VERTEX_POINT('',#10403);
#3143=VERTEX_POINT('',#10407);
#3144=VERTEX_POINT('',#10409);
#3145=VERTEX_POINT('',#10418);
#3146=VERTEX_POINT('',#10422);
#3147=VERTEX_POINT('',#10433);
#3148=VERTEX_POINT('',#10437);
#3149=VERTEX_POINT('',#10448);
#3150=VERTEX_POINT('',#10452);
#3151=VERTEX_POINT('',#10463);
#3152=VERTEX_POINT('',#10467);
#3153=VERTEX_POINT('',#10473);
#3154=VERTEX_POINT('',#10475);
#3155=VERTEX_POINT('',#10479);
#3156=VERTEX_POINT('',#10481);
#3157=VERTEX_POINT('',#10485);
#3158=VERTEX_POINT('',#10487);
#3159=VERTEX_POINT('',#10496);
#3160=VERTEX_POINT('',#10500);
#3161=VERTEX_POINT('',#10511);
#3162=VERTEX_POINT('',#10515);
#3163=VERTEX_POINT('',#10534);
#3164=VERTEX_POINT('',#10535);
#3165=VERTEX_POINT('',#10537);
#3166=VERTEX_POINT('',#10539);
#3167=VERTEX_POINT('',#10543);
#3168=VERTEX_POINT('',#10545);
#3169=VERTEX_POINT('',#10549);
#3170=VERTEX_POINT('',#10551);
#3171=VERTEX_POINT('',#10564);
#3172=VERTEX_POINT('',#10565);
#3173=VERTEX_POINT('',#10569);
#3174=VERTEX_POINT('',#10571);
#3175=VERTEX_POINT('',#10582);
#3176=VERTEX_POINT('',#10586);
#3177=VERTEX_POINT('',#10597);
#3178=VERTEX_POINT('',#10601);
#3179=VERTEX_POINT('',#10612);
#3180=VERTEX_POINT('',#10616);
#3181=VERTEX_POINT('',#10622);
#3182=VERTEX_POINT('',#10624);
#3183=VERTEX_POINT('',#10633);
#3184=VERTEX_POINT('',#10637);
#3185=VERTEX_POINT('',#10648);
#3186=VERTEX_POINT('',#10652);
#3187=VERTEX_POINT('',#10663);
#3188=VERTEX_POINT('',#10667);
#3189=VERTEX_POINT('',#10678);
#3190=VERTEX_POINT('',#10682);
#3191=VERTEX_POINT('',#10693);
#3192=VERTEX_POINT('',#10697);
#3193=VERTEX_POINT('',#10708);
#3194=VERTEX_POINT('',#10712);
#3195=VERTEX_POINT('',#10723);
#3196=VERTEX_POINT('',#10727);
#3197=VERTEX_POINT('',#10738);
#3198=VERTEX_POINT('',#10742);
#3199=VERTEX_POINT('',#10753);
#3200=VERTEX_POINT('',#10757);
#3201=VERTEX_POINT('',#10768);
#3202=VERTEX_POINT('',#10772);
#3203=VERTEX_POINT('',#10778);
#3204=VERTEX_POINT('',#10780);
#3205=VERTEX_POINT('',#10789);
#3206=VERTEX_POINT('',#10793);
#3207=VERTEX_POINT('',#10804);
#3208=VERTEX_POINT('',#10808);
#3209=VERTEX_POINT('',#10819);
#3210=VERTEX_POINT('',#10823);
#3211=VERTEX_POINT('',#10834);
#3212=VERTEX_POINT('',#10838);
#3213=VERTEX_POINT('',#10849);
#3214=VERTEX_POINT('',#10853);
#3215=VERTEX_POINT('',#10877);
#3216=VERTEX_POINT('',#10878);
#3217=VERTEX_POINT('',#10882);
#3218=VERTEX_POINT('',#10884);
#3219=VERTEX_POINT('',#10895);
#3220=VERTEX_POINT('',#10899);
#3221=VERTEX_POINT('',#10910);
#3222=VERTEX_POINT('',#10914);
#3223=VERTEX_POINT('',#10925);
#3224=VERTEX_POINT('',#10929);
#3225=VERTEX_POINT('',#10940);
#3226=VERTEX_POINT('',#10944);
#3227=VERTEX_POINT('',#10955);
#3228=VERTEX_POINT('',#10959);
#3229=VERTEX_POINT('',#10970);
#3230=VERTEX_POINT('',#10974);
#3231=VERTEX_POINT('',#10998);
#3232=VERTEX_POINT('',#10999);
#3233=VERTEX_POINT('',#11003);
#3234=VERTEX_POINT('',#11005);
#3235=VERTEX_POINT('',#11016);
#3236=VERTEX_POINT('',#11020);
#3237=VERTEX_POINT('',#11031);
#3238=VERTEX_POINT('',#11035);
#3239=VERTEX_POINT('',#11046);
#3240=VERTEX_POINT('',#11050);
#3241=VERTEX_POINT('',#11061);
#3242=VERTEX_POINT('',#11065);
#3243=VERTEX_POINT('',#11076);
#3244=VERTEX_POINT('',#11080);
#3245=VERTEX_POINT('',#11091);
#3246=VERTEX_POINT('',#11095);
#3247=VERTEX_POINT('',#11106);
#3248=VERTEX_POINT('',#11110);
#3249=VERTEX_POINT('',#11121);
#3250=VERTEX_POINT('',#11125);
#3251=VERTEX_POINT('',#11136);
#3252=VERTEX_POINT('',#11140);
#3253=VERTEX_POINT('',#11151);
#3254=VERTEX_POINT('',#11155);
#3255=VERTEX_POINT('',#11178);
#3256=VERTEX_POINT('',#11179);
#3257=VERTEX_POINT('',#11183);
#3258=VERTEX_POINT('',#11185);
#3259=VERTEX_POINT('',#11196);
#3260=VERTEX_POINT('',#11200);
#3261=VERTEX_POINT('',#11211);
#3262=VERTEX_POINT('',#11215);
#3263=VERTEX_POINT('',#11226);
#3264=VERTEX_POINT('',#11230);
#3265=VERTEX_POINT('',#11236);
#3266=VERTEX_POINT('',#11238);
#3267=VERTEX_POINT('',#11242);
#3268=VERTEX_POINT('',#11244);
#3269=VERTEX_POINT('',#11248);
#3270=VERTEX_POINT('',#11250);
#3271=VERTEX_POINT('',#11254);
#3272=VERTEX_POINT('',#11256);
#3273=VERTEX_POINT('',#11260);
#3274=VERTEX_POINT('',#11262);
#3275=VERTEX_POINT('',#11271);
#3276=VERTEX_POINT('',#11275);
#3277=VERTEX_POINT('',#11286);
#3278=VERTEX_POINT('',#11290);
#3279=VERTEX_POINT('',#11301);
#3280=VERTEX_POINT('',#11305);
#3281=VERTEX_POINT('',#11316);
#3282=VERTEX_POINT('',#11320);
#3283=VERTEX_POINT('',#11331);
#3284=VERTEX_POINT('',#11335);
#3285=VERTEX_POINT('',#11359);
#3286=VERTEX_POINT('',#11360);
#3287=VERTEX_POINT('',#11364);
#3288=VERTEX_POINT('',#11366);
#3289=VERTEX_POINT('',#11377);
#3290=VERTEX_POINT('',#11381);
#3291=VERTEX_POINT('',#11392);
#3292=VERTEX_POINT('',#11396);
#3293=VERTEX_POINT('',#11407);
#3294=VERTEX_POINT('',#11411);
#3295=VERTEX_POINT('',#11422);
#3296=VERTEX_POINT('',#11426);
#3297=VERTEX_POINT('',#11437);
#3298=VERTEX_POINT('',#11441);
#3299=VERTEX_POINT('',#11452);
#3300=VERTEX_POINT('',#11456);
#3301=VERTEX_POINT('',#11467);
#3302=VERTEX_POINT('',#11471);
#3303=VERTEX_POINT('',#11482);
#3304=VERTEX_POINT('',#11486);
#3305=VERTEX_POINT('',#11497);
#3306=VERTEX_POINT('',#11501);
#3307=VERTEX_POINT('',#11512);
#3308=VERTEX_POINT('',#11516);
#3309=VERTEX_POINT('',#11527);
#3310=VERTEX_POINT('',#11531);
#3311=VERTEX_POINT('',#11537);
#3312=VERTEX_POINT('',#11539);
#3313=VERTEX_POINT('',#11548);
#3314=VERTEX_POINT('',#11552);
#3315=VERTEX_POINT('',#11563);
#3316=VERTEX_POINT('',#11567);
#3317=VERTEX_POINT('',#11578);
#3318=VERTEX_POINT('',#11582);
#3319=VERTEX_POINT('',#11593);
#3320=VERTEX_POINT('',#11597);
#3321=VERTEX_POINT('',#11608);
#3322=VERTEX_POINT('',#11612);
#3323=VERTEX_POINT('',#11623);
#3324=VERTEX_POINT('',#11627);
#3325=VERTEX_POINT('',#11638);
#3326=VERTEX_POINT('',#11642);
#3327=VERTEX_POINT('',#11653);
#3328=VERTEX_POINT('',#11657);
#3329=VERTEX_POINT('',#11668);
#3330=VERTEX_POINT('',#11672);
#3331=VERTEX_POINT('',#11683);
#3332=VERTEX_POINT('',#11687);
#3333=VERTEX_POINT('',#11698);
#3334=VERTEX_POINT('',#11702);
#3335=VERTEX_POINT('',#11713);
#3336=VERTEX_POINT('',#11717);
#3337=VERTEX_POINT('',#11728);
#3338=VERTEX_POINT('',#11732);
#3339=VERTEX_POINT('',#11743);
#3340=VERTEX_POINT('',#11747);
#3341=VERTEX_POINT('',#11758);
#3342=VERTEX_POINT('',#11762);
#3343=VERTEX_POINT('',#11768);
#3344=VERTEX_POINT('',#11770);
#3345=VERTEX_POINT('',#11779);
#3346=VERTEX_POINT('',#11783);
#3347=VERTEX_POINT('',#11794);
#3348=VERTEX_POINT('',#11798);
#3349=VERTEX_POINT('',#11822);
#3350=VERTEX_POINT('',#11823);
#3351=VERTEX_POINT('',#11827);
#3352=VERTEX_POINT('',#11829);
#3353=VERTEX_POINT('',#11840);
#3354=VERTEX_POINT('',#11844);
#3355=VERTEX_POINT('',#11855);
#3356=VERTEX_POINT('',#11859);
#3357=VERTEX_POINT('',#11870);
#3358=VERTEX_POINT('',#11874);
#3359=VERTEX_POINT('',#11885);
#3360=VERTEX_POINT('',#11889);
#3361=VERTEX_POINT('',#11903);
#3362=VERTEX_POINT('',#11904);
#3363=VERTEX_POINT('',#11908);
#3364=VERTEX_POINT('',#11910);
#3365=VERTEX_POINT('',#11921);
#3366=VERTEX_POINT('',#11925);
#3367=VERTEX_POINT('',#11936);
#3368=VERTEX_POINT('',#11940);
#3369=VERTEX_POINT('',#11951);
#3370=VERTEX_POINT('',#11955);
#3371=VERTEX_POINT('',#11966);
#3372=VERTEX_POINT('',#11970);
#3373=VERTEX_POINT('',#11981);
#3374=VERTEX_POINT('',#11985);
#3375=VERTEX_POINT('',#11996);
#3376=VERTEX_POINT('',#12000);
#3377=VERTEX_POINT('',#12011);
#3378=VERTEX_POINT('',#12015);
#3379=VERTEX_POINT('',#12026);
#3380=VERTEX_POINT('',#12030);
#3381=VERTEX_POINT('',#12041);
#3382=VERTEX_POINT('',#12045);
#3383=VERTEX_POINT('',#12051);
#3384=VERTEX_POINT('',#12053);
#3385=VERTEX_POINT('',#12062);
#3386=VERTEX_POINT('',#12066);
#3387=VERTEX_POINT('',#12077);
#3388=VERTEX_POINT('',#12081);
#3389=VERTEX_POINT('',#12092);
#3390=VERTEX_POINT('',#12096);
#3391=VERTEX_POINT('',#12107);
#3392=VERTEX_POINT('',#12111);
#3393=VERTEX_POINT('',#12122);
#3394=VERTEX_POINT('',#12126);
#3395=VERTEX_POINT('',#12132);
#3396=VERTEX_POINT('',#12134);
#3397=VERTEX_POINT('',#12143);
#3398=VERTEX_POINT('',#12147);
#3399=VERTEX_POINT('',#12171);
#3400=VERTEX_POINT('',#12172);
#3401=VERTEX_POINT('',#12176);
#3402=VERTEX_POINT('',#12178);
#3403=VERTEX_POINT('',#12189);
#3404=VERTEX_POINT('',#12193);
#3405=VERTEX_POINT('',#12204);
#3406=VERTEX_POINT('',#12208);
#3407=VERTEX_POINT('',#12219);
#3408=VERTEX_POINT('',#12223);
#3409=VERTEX_POINT('',#12234);
#3410=VERTEX_POINT('',#12238);
#3411=VERTEX_POINT('',#12252);
#3412=VERTEX_POINT('',#12253);
#3413=VERTEX_POINT('',#12257);
#3414=VERTEX_POINT('',#12259);
#3415=VERTEX_POINT('',#12270);
#3416=VERTEX_POINT('',#12274);
#3417=VERTEX_POINT('',#12285);
#3418=VERTEX_POINT('',#12289);
#3419=VERTEX_POINT('',#12300);
#3420=VERTEX_POINT('',#12304);
#3421=VERTEX_POINT('',#12315);
#3422=VERTEX_POINT('',#12319);
#3423=VERTEX_POINT('',#12330);
#3424=VERTEX_POINT('',#12334);
#3425=VERTEX_POINT('',#12345);
#3426=VERTEX_POINT('',#12349);
#3427=VERTEX_POINT('',#12360);
#3428=VERTEX_POINT('',#12364);
#3429=VERTEX_POINT('',#12375);
#3430=VERTEX_POINT('',#12379);
#3431=VERTEX_POINT('',#12390);
#3432=VERTEX_POINT('',#12394);
#3433=VERTEX_POINT('',#12400);
#3434=VERTEX_POINT('',#12402);
#3435=VERTEX_POINT('',#12411);
#3436=VERTEX_POINT('',#12415);
#3437=VERTEX_POINT('',#12426);
#3438=VERTEX_POINT('',#12430);
#3439=VERTEX_POINT('',#12441);
#3440=VERTEX_POINT('',#12445);
#3441=VERTEX_POINT('',#12456);
#3442=VERTEX_POINT('',#12460);
#3443=VERTEX_POINT('',#12471);
#3444=VERTEX_POINT('',#12475);
#3445=VERTEX_POINT('',#12481);
#3446=VERTEX_POINT('',#12483);
#3447=VERTEX_POINT('',#12492);
#3448=VERTEX_POINT('',#12496);
#3449=VERTEX_POINT('',#12515);
#3450=VERTEX_POINT('',#12516);
#3451=VERTEX_POINT('',#12518);
#3452=VERTEX_POINT('',#12520);
#3453=VERTEX_POINT('',#12524);
#3454=VERTEX_POINT('',#12526);
#3455=VERTEX_POINT('',#12530);
#3456=VERTEX_POINT('',#12532);
#3457=VERTEX_POINT('',#12536);
#3458=VERTEX_POINT('',#12538);
#3459=VERTEX_POINT('',#12542);
#3460=VERTEX_POINT('',#12544);
#3461=VERTEX_POINT('',#12548);
#3462=VERTEX_POINT('',#12550);
#3463=VERTEX_POINT('',#12554);
#3464=VERTEX_POINT('',#12556);
#3465=VERTEX_POINT('',#12569);
#3466=VERTEX_POINT('',#12573);
#3467=VERTEX_POINT('',#12577);
#3468=VERTEX_POINT('',#12581);
#3469=VERTEX_POINT('',#12585);
#3470=VERTEX_POINT('',#12589);
#3471=VERTEX_POINT('',#12593);
#3472=VERTEX_POINT('',#12597);
#3473=VERTEX_POINT('',#12606);
#3474=VERTEX_POINT('',#12610);
#3475=VERTEX_POINT('',#12614);
#3476=VERTEX_POINT('',#12620);
#3477=VERTEX_POINT('',#12624);
#3478=VERTEX_POINT('',#12628);
#3479=VERTEX_POINT('',#12634);
#3480=VERTEX_POINT('',#12638);
#3481=VERTEX_POINT('',#12640);
#3482=VERTEX_POINT('',#12644);
#3483=VERTEX_POINT('',#12648);
#3484=VERTEX_POINT('',#12652);
#3485=VERTEX_POINT('',#12656);
#3486=VERTEX_POINT('',#12661);
#3487=VERTEX_POINT('',#12667);
#3488=VERTEX_POINT('',#12668);
#3489=VERTEX_POINT('',#12673);
#3490=VERTEX_POINT('',#12681);
#3491=VERTEX_POINT('',#12686);
#3492=VERTEX_POINT('',#12688);
#3493=VERTEX_POINT('',#12701);
#3494=VERTEX_POINT('',#12704);
#3495=VERTEX_POINT('',#12707);
#3496=VERTEX_POINT('',#12712);
#3497=EDGE_CURVE('',#2809,#2810,#1487,.T.);
#3498=EDGE_CURVE('',#2810,#2811,#1488,.T.);
#3499=EDGE_CURVE('',#2811,#2812,#1489,.T.);
#3500=EDGE_CURVE('',#2809,#2812,#1490,.T.);
#3501=EDGE_CURVE('',#2810,#2813,#1491,.T.);
#3502=EDGE_CURVE('',#2813,#2814,#1492,.T.);
#3503=EDGE_CURVE('',#2814,#2811,#1493,.T.);
#3504=EDGE_CURVE('',#2813,#2815,#1494,.T.);
#3505=EDGE_CURVE('',#2815,#2816,#1495,.T.);
#3506=EDGE_CURVE('',#2816,#2814,#1496,.T.);
#3507=EDGE_CURVE('',#2812,#2816,#1497,.T.);
#3508=EDGE_CURVE('',#2815,#2809,#1498,.T.);
#3509=EDGE_CURVE('',#2817,#2812,#1499,.T.);
#3510=EDGE_CURVE('',#2818,#2817,#1500,.T.);
#3511=EDGE_CURVE('',#2818,#2816,#1501,.T.);
#3512=EDGE_CURVE('',#2819,#2811,#1502,.T.);
#3513=EDGE_CURVE('',#2817,#2819,#1503,.T.);
#3514=EDGE_CURVE('',#2820,#2821,#1504,.T.);
#3515=EDGE_CURVE('',#2821,#2822,#1505,.T.);
#3516=EDGE_CURVE('',#2822,#2823,#1506,.T.);
#3517=EDGE_CURVE('',#2820,#2823,#1507,.T.);
#3518=EDGE_CURVE('',#2821,#2824,#1508,.T.);
#3519=EDGE_CURVE('',#2824,#2825,#1509,.T.);
#3520=EDGE_CURVE('',#2825,#2822,#1510,.T.);
#3521=EDGE_CURVE('',#2824,#2826,#1511,.T.);
#3522=EDGE_CURVE('',#2826,#2827,#1512,.T.);
#3523=EDGE_CURVE('',#2827,#2825,#1513,.T.);
#3524=EDGE_CURVE('',#2823,#2827,#1514,.T.);
#3525=EDGE_CURVE('',#2826,#2820,#1515,.T.);
#3526=EDGE_CURVE('',#2828,#2823,#1516,.T.);
#3527=EDGE_CURVE('',#2828,#2829,#1517,.T.);
#3528=EDGE_CURVE('',#2829,#2827,#1518,.T.);
#3529=EDGE_CURVE('',#2830,#2822,#1519,.T.);
#3530=EDGE_CURVE('',#2828,#2830,#1520,.T.);
#3531=EDGE_CURVE('',#2831,#2832,#1521,.T.);
#3532=EDGE_CURVE('',#2832,#2833,#1522,.T.);
#3533=EDGE_CURVE('',#2833,#2834,#1523,.T.);
#3534=EDGE_CURVE('',#2831,#2834,#1524,.T.);
#3535=EDGE_CURVE('',#2832,#2835,#1525,.T.);
#3536=EDGE_CURVE('',#2835,#2836,#1526,.T.);
#3537=EDGE_CURVE('',#2836,#2833,#1527,.T.);
#3538=EDGE_CURVE('',#2835,#2837,#1528,.T.);
#3539=EDGE_CURVE('',#2837,#2838,#1529,.T.);
#3540=EDGE_CURVE('',#2838,#2836,#1530,.T.);
#3541=EDGE_CURVE('',#2834,#2838,#1531,.T.);
#3542=EDGE_CURVE('',#2837,#2831,#1532,.T.);
#3543=EDGE_CURVE('',#2839,#2834,#1533,.T.);
#3544=EDGE_CURVE('',#2840,#2839,#1534,.T.);
#3545=EDGE_CURVE('',#2840,#2838,#1535,.T.);
#3546=EDGE_CURVE('',#2841,#2833,#1536,.T.);
#3547=EDGE_CURVE('',#2841,#2839,#1537,.T.);
#3548=EDGE_CURVE('',#2842,#2843,#1538,.T.);
#3549=EDGE_CURVE('',#2843,#2844,#1539,.T.);
#3550=EDGE_CURVE('',#2844,#2845,#1540,.T.);
#3551=EDGE_CURVE('',#2842,#2845,#1541,.T.);
#3552=EDGE_CURVE('',#2843,#2846,#1542,.T.);
#3553=EDGE_CURVE('',#2846,#2847,#1543,.T.);
#3554=EDGE_CURVE('',#2847,#2844,#1544,.T.);
#3555=EDGE_CURVE('',#2846,#2848,#1545,.T.);
#3556=EDGE_CURVE('',#2848,#2849,#1546,.T.);
#3557=EDGE_CURVE('',#2849,#2847,#1547,.T.);
#3558=EDGE_CURVE('',#2845,#2849,#1548,.T.);
#3559=EDGE_CURVE('',#2848,#2842,#1549,.T.);
#3560=EDGE_CURVE('',#2850,#2845,#1550,.T.);
#3561=EDGE_CURVE('',#2851,#2850,#1551,.T.);
#3562=EDGE_CURVE('',#2851,#2849,#1552,.T.);
#3563=EDGE_CURVE('',#2852,#2844,#1553,.T.);
#3564=EDGE_CURVE('',#2850,#2852,#1554,.T.);
#3565=EDGE_CURVE('',#2853,#2854,#574,.T.);
#3566=EDGE_CURVE('',#2854,#2855,#1555,.T.);
#3567=EDGE_CURVE('',#2855,#2856,#226,.F.);
#3568=EDGE_CURVE('',#2856,#2853,#1556,.T.);
#3569=EDGE_CURVE('',#2857,#2858,#575,.T.);
#3570=EDGE_CURVE('',#2858,#2854,#576,.T.);
#3571=EDGE_CURVE('',#2853,#2857,#577,.T.);
#3572=EDGE_CURVE('',#2859,#2860,#578,.T.);
#3573=EDGE_CURVE('',#2860,#2861,#579,.T.);
#3574=EDGE_CURVE('',#2861,#2862,#580,.T.);
#3575=EDGE_CURVE('',#2862,#2859,#581,.T.);
#3576=EDGE_CURVE('',#2859,#2858,#1557,.T.);
#3577=EDGE_CURVE('',#2857,#2860,#1558,.T.);
#3578=EDGE_CURVE('',#2863,#2864,#227,.T.);
#3579=EDGE_CURVE('',#2864,#2865,#1559,.T.);
#3580=EDGE_CURVE('',#2865,#2866,#582,.T.);
#3581=EDGE_CURVE('',#2866,#2863,#1560,.T.);
#3582=EDGE_CURVE('',#2865,#2862,#228,.T.);
#3583=EDGE_CURVE('',#2861,#2866,#229,.T.);
#3584=EDGE_CURVE('',#2855,#2867,#1561,.T.);
#3585=EDGE_CURVE('',#2862,#2868,#1562,.T.);
#3586=EDGE_CURVE('',#2869,#2868,#1563,.T.);
#3587=EDGE_CURVE('',#2870,#2869,#1564,.T.);
#3588=EDGE_CURVE('',#2871,#2870,#1565,.T.);
#3589=EDGE_CURVE('',#2871,#2872,#1566,.T.);
#3590=EDGE_CURVE('',#2872,#2873,#1567,.T.);
#3591=EDGE_CURVE('',#2873,#2874,#1568,.T.);
#3592=EDGE_CURVE('',#2874,#2875,#1569,.T.);
#3593=EDGE_CURVE('',#2875,#2876,#1570,.T.);
#3594=EDGE_CURVE('',#2876,#2877,#1571,.T.);
#3595=EDGE_CURVE('',#2878,#2877,#1572,.T.);
#3596=EDGE_CURVE('',#2879,#2878,#1573,.T.);
#3597=EDGE_CURVE('',#2867,#2879,#1574,.T.);
#3598=EDGE_CURVE('',#2880,#2864,#583,.T.);
#3599=EDGE_CURVE('',#2880,#2881,#1575,.T.);
#3600=EDGE_CURVE('',#2881,#2868,#584,.T.);
#3601=EDGE_CURVE('',#2863,#2882,#1576,.T.);
#3602=EDGE_CURVE('',#2882,#2883,#585,.T.);
#3603=EDGE_CURVE('',#2880,#2883,#1577,.T.);
#3604=EDGE_CURVE('',#2884,#2885,#586,.T.);
#3605=EDGE_CURVE('',#2885,#2886,#1578,.T.);
#3606=EDGE_CURVE('',#2886,#2887,#587,.T.);
#3607=EDGE_CURVE('',#2887,#2884,#1579,.T.);
#3608=EDGE_CURVE('',#2888,#2889,#588,.T.);
#3609=EDGE_CURVE('',#2889,#2887,#589,.T.);
#3610=EDGE_CURVE('',#2886,#2888,#590,.T.);
#3611=EDGE_CURVE('',#2890,#2891,#591,.T.);
#3612=EDGE_CURVE('',#2891,#2889,#1580,.T.);
#3613=EDGE_CURVE('',#2888,#2890,#1581,.T.);
#3614=EDGE_CURVE('',#2891,#2892,#1582,.T.);
#3615=EDGE_CURVE('',#2893,#2892,#1583,.T.);
#3616=EDGE_CURVE('',#2894,#2893,#1584,.T.);
#3617=EDGE_CURVE('',#2895,#2894,#1585,.T.);
#3618=EDGE_CURVE('',#2895,#2884,#1586,.T.);
#3619=EDGE_CURVE('',#2896,#2897,#1587,.T.);
#3620=EDGE_CURVE('',#2897,#2898,#1588,.T.);
#3621=EDGE_CURVE('',#2898,#2899,#1589,.T.);
#3622=EDGE_CURVE('',#2899,#2896,#1590,.T.);
#3623=EDGE_CURVE('',#2900,#2901,#1591,.T.);
#3624=EDGE_CURVE('',#2901,#2902,#1592,.T.);
#3625=EDGE_CURVE('',#2902,#2903,#1593,.T.);
#3626=EDGE_CURVE('',#2903,#2900,#1594,.T.);
#3627=EDGE_CURVE('',#2904,#2902,#1595,.T.);
#3628=EDGE_CURVE('',#2901,#2905,#1596,.T.);
#3629=EDGE_CURVE('',#2904,#2905,#1597,.T.);
#3630=EDGE_CURVE('',#2906,#2900,#1598,.T.);
#3631=EDGE_CURVE('',#2903,#2907,#1599,.T.);
#3632=EDGE_CURVE('',#2907,#2906,#1600,.T.);
#3633=EDGE_CURVE('',#2905,#2906,#1601,.T.);
#3634=EDGE_CURVE('',#2907,#2904,#1602,.T.);
#3635=EDGE_CURVE('',#2908,#2903,#1603,.T.);
#3636=EDGE_CURVE('',#2908,#2909,#1604,.T.);
#3637=EDGE_CURVE('',#2909,#2907,#1605,.T.);
#3638=EDGE_CURVE('',#2910,#2902,#1606,.T.);
#3639=EDGE_CURVE('',#2910,#2911,#1607,.T.);
#3640=EDGE_CURVE('',#2911,#2818,#1608,.T.);
#3641=EDGE_CURVE('',#2818,#2908,#1609,.T.);
#3642=EDGE_CURVE('',#2912,#2895,#592,.T.);
#3643=EDGE_CURVE('',#2913,#2912,#1610,.T.);
#3644=EDGE_CURVE('',#2914,#2913,#593,.T.);
#3645=EDGE_CURVE('',#2915,#2914,#1611,.T.);
#3646=EDGE_CURVE('',#2916,#2915,#594,.T.);
#3647=EDGE_CURVE('',#2917,#2916,#1612,.T.);
#3648=EDGE_CURVE('',#2892,#2917,#595,.T.);
#3649=EDGE_CURVE('',#2890,#2918,#1613,.T.);
#3650=EDGE_CURVE('',#2919,#2918,#1614,.T.);
#3651=EDGE_CURVE('',#2920,#2919,#1615,.T.);
#3652=EDGE_CURVE('',#2921,#2920,#1616,.T.);
#3653=EDGE_CURVE('',#2922,#2921,#596,.T.);
#3654=EDGE_CURVE('',#2923,#2922,#1617,.T.);
#3655=EDGE_CURVE('',#2924,#2923,#597,.T.);
#3656=EDGE_CURVE('',#2925,#2924,#1618,.T.);
#3657=EDGE_CURVE('',#2926,#2925,#598,.T.);
#3658=EDGE_CURVE('',#2927,#2926,#1619,.T.);
#3659=EDGE_CURVE('',#2928,#2927,#1620,.T.);
#3660=EDGE_CURVE('',#2929,#2928,#1621,.T.);
#3661=EDGE_CURVE('',#2930,#2929,#599,.T.);
#3662=EDGE_CURVE('',#2931,#2930,#1622,.T.);
#3663=EDGE_CURVE('',#2932,#2931,#600,.T.);
#3664=EDGE_CURVE('',#2883,#2932,#1623,.T.);
#3665=EDGE_CURVE('',#2882,#2885,#1624,.T.);
#3666=EDGE_CURVE('',#2933,#2934,#1625,.T.);
#3667=EDGE_CURVE('',#2935,#2933,#1626,.T.);
#3668=EDGE_CURVE('',#2936,#2935,#1627,.T.);
#3669=EDGE_CURVE('',#2934,#2936,#1628,.T.);
#3670=EDGE_CURVE('',#2937,#2938,#1629,.T.);
#3671=EDGE_CURVE('',#2939,#2938,#1630,.T.);
#3672=EDGE_CURVE('',#2940,#2939,#1631,.T.);
#3673=EDGE_CURVE('',#2937,#2940,#1632,.T.);
#3674=EDGE_CURVE('',#2941,#2942,#1633,.T.);
#3675=EDGE_CURVE('',#2943,#2941,#1634,.T.);
#3676=EDGE_CURVE('',#2944,#2943,#1635,.T.);
#3677=EDGE_CURVE('',#2942,#2944,#1636,.T.);
#3678=EDGE_CURVE('',#2934,#2945,#1637,.T.);
#3679=EDGE_CURVE('',#2945,#2946,#1638,.T.);
#3680=EDGE_CURVE('',#2946,#2933,#1639,.T.);
#3681=EDGE_CURVE('',#2936,#2947,#1640,.T.);
#3682=EDGE_CURVE('',#2947,#2945,#1641,.T.);
#3683=EDGE_CURVE('',#2935,#2948,#1642,.T.);
#3684=EDGE_CURVE('',#2948,#2947,#1643,.T.);
#3685=EDGE_CURVE('',#2946,#2948,#1644,.T.);
#3686=EDGE_CURVE('',#2949,#2946,#1645,.T.);
#3687=EDGE_CURVE('',#2950,#2949,#1646,.T.);
#3688=EDGE_CURVE('',#2950,#2948,#1647,.T.);
#3689=EDGE_CURVE('',#2951,#2945,#1648,.T.);
#3690=EDGE_CURVE('',#2829,#2951,#1649,.T.);
#3691=EDGE_CURVE('',#2949,#2828,#1650,.T.);
#3692=EDGE_CURVE('',#2943,#2952,#1651,.T.);
#3693=EDGE_CURVE('',#2952,#2953,#1652,.T.);
#3694=EDGE_CURVE('',#2944,#2953,#1653,.T.);
#3695=EDGE_CURVE('',#2942,#2954,#1654,.T.);
#3696=EDGE_CURVE('',#2954,#2955,#1655,.T.);
#3697=EDGE_CURVE('',#2955,#2941,#1656,.T.);
#3698=EDGE_CURVE('',#2953,#2954,#1657,.T.);
#3699=EDGE_CURVE('',#2955,#2952,#1658,.T.);
#3700=EDGE_CURVE('',#2956,#2955,#1659,.T.);
#3701=EDGE_CURVE('',#2957,#2956,#1660,.T.);
#3702=EDGE_CURVE('',#2957,#2952,#1661,.T.);
#3703=EDGE_CURVE('',#2958,#2954,#1662,.T.);
#3704=EDGE_CURVE('',#2959,#2958,#1663,.T.);
#3705=EDGE_CURVE('',#2840,#2959,#1664,.T.);
#3706=EDGE_CURVE('',#2956,#2840,#1665,.T.);
#3707=EDGE_CURVE('',#2938,#2960,#1666,.F.);
#3708=EDGE_CURVE('',#2960,#2961,#1667,.T.);
#3709=EDGE_CURVE('',#2961,#2939,#1668,.T.);
#3710=EDGE_CURVE('',#2961,#2962,#1669,.T.);
#3711=EDGE_CURVE('',#2962,#2940,#1670,.T.);
#3712=EDGE_CURVE('',#2962,#2963,#1671,.T.);
#3713=EDGE_CURVE('',#2963,#2937,#1672,.F.);
#3714=EDGE_CURVE('',#2867,#2964,#601,.T.);
#3715=EDGE_CURVE('',#2964,#2965,#1673,.T.);
#3716=EDGE_CURVE('',#2965,#2856,#602,.F.);
#3717=EDGE_CURVE('',#2879,#2918,#16,.T.);
#3718=EDGE_CURVE('',#2918,#2966,#1674,.T.);
#3719=EDGE_CURVE('',#2966,#2867,#603,.T.);
#3720=EDGE_CURVE('',#2966,#2964,#604,.T.);
#3721=EDGE_CURVE('',#2967,#2964,#1675,.T.);
#3722=EDGE_CURVE('',#2967,#2968,#1676,.T.);
#3723=EDGE_CURVE('',#2969,#2968,#230,.F.);
#3724=EDGE_CURVE('',#2965,#2969,#1677,.T.);
#3725=EDGE_CURVE('',#2966,#2970,#1678,.T.);
#3726=EDGE_CURVE('',#2967,#2970,#605,.T.);
#3727=EDGE_CURVE('',#2888,#2971,#1679,.T.);
#3728=EDGE_CURVE('',#2970,#2971,#606,.T.);
#3729=EDGE_CURVE('',#2972,#2971,#607,.T.);
#3730=EDGE_CURVE('',#2971,#2973,#17,.T.);
#3731=EDGE_CURVE('',#2973,#2972,#18,.T.);
#3732=EDGE_CURVE('',#2972,#2967,#608,.T.);
#3733=EDGE_CURVE('',#2860,#2973,#1680,.T.);
#3734=EDGE_CURVE('',#2886,#2866,#1681,.T.);
#3735=EDGE_CURVE('',#2974,#2975,#609,.T.);
#3736=EDGE_CURVE('',#2975,#2976,#231,.T.);
#3737=EDGE_CURVE('',#2976,#2974,#232,.T.);
#3738=EDGE_CURVE('',#2853,#2975,#1682,.T.);
#3739=EDGE_CURVE('',#2974,#2857,#1683,.T.);
#3740=EDGE_CURVE('',#2976,#2977,#1684,.T.);
#3741=EDGE_CURVE('',#2977,#2973,#1685,.T.);
#3742=EDGE_CURVE('',#2975,#2969,#610,.T.);
#3743=EDGE_CURVE('',#2968,#2978,#611,.T.);
#3744=EDGE_CURVE('',#2978,#2976,#612,.T.);
#3745=EDGE_CURVE('',#2979,#2980,#613,.T.);
#3746=EDGE_CURVE('',#2981,#2979,#233,.T.);
#3747=EDGE_CURVE('',#2980,#2981,#614,.T.);
#3748=EDGE_CURVE('',#2980,#2978,#1686,.T.);
#3749=EDGE_CURVE('',#2917,#2981,#1687,.T.);
#3750=EDGE_CURVE('',#2982,#2916,#1688,.T.);
#3751=EDGE_CURVE('',#2983,#2982,#1689,.T.);
#3752=EDGE_CURVE('',#2979,#2983,#1690,.T.);
#3753=EDGE_CURVE('',#2984,#2825,#1691,.T.);
#3754=EDGE_CURVE('',#2984,#2830,#1692,.T.);
#3755=EDGE_CURVE('',#2984,#2829,#1693,.T.);
#3756=EDGE_CURVE('',#2951,#2985,#1694,.T.);
#3757=EDGE_CURVE('',#2985,#2984,#1695,.T.);
#3758=EDGE_CURVE('',#2986,#2847,#1696,.T.);
#3759=EDGE_CURVE('',#2852,#2986,#1697,.T.);
#3760=EDGE_CURVE('',#2986,#2851,#1698,.T.);
#3761=EDGE_CURVE('',#2987,#2850,#1699,.T.);
#3762=EDGE_CURVE('',#2988,#2987,#1700,.T.);
#3763=EDGE_CURVE('',#2851,#2988,#1701,.T.);
#3764=EDGE_CURVE('',#2989,#2986,#1702,.T.);
#3765=EDGE_CURVE('',#2990,#2989,#1703,.T.);
#3766=EDGE_CURVE('',#2852,#2990,#1704,.T.);
#3767=EDGE_CURVE('',#2911,#2814,#1705,.T.);
#3768=EDGE_CURVE('',#2819,#2911,#1706,.T.);
#3769=EDGE_CURVE('',#2909,#2817,#1707,.T.);
#3770=EDGE_CURVE('',#2991,#2910,#1708,.T.);
#3771=EDGE_CURVE('',#2819,#2991,#1709,.T.);
#3772=EDGE_CURVE('',#2959,#2836,#1710,.T.);
#3773=EDGE_CURVE('',#2841,#2959,#1711,.T.);
#3774=EDGE_CURVE('',#2839,#2957,#1712,.T.);
#3775=EDGE_CURVE('',#2958,#2992,#1713,.T.);
#3776=EDGE_CURVE('',#2992,#2841,#1714,.T.);
#3777=EDGE_CURVE('',#2991,#2904,#1715,.T.);
#3778=EDGE_CURVE('',#2830,#2950,#1716,.T.);
#3779=EDGE_CURVE('',#2985,#2947,#1717,.T.);
#3780=EDGE_CURVE('',#2992,#2953,#1718,.T.);
#3781=EDGE_CURVE('',#2990,#2960,#1719,.T.);
#3782=EDGE_CURVE('',#2989,#2961,#1720,.T.);
#3783=EDGE_CURVE('',#2988,#2962,#1721,.T.);
#3784=EDGE_CURVE('',#2987,#2963,#1722,.T.);
#3785=EDGE_CURVE('',#2993,#2994,#234,.T.);
#3786=EDGE_CURVE('',#2993,#2995,#1723,.T.);
#3787=EDGE_CURVE('',#2995,#2996,#235,.T.);
#3788=EDGE_CURVE('',#2994,#2996,#1724,.T.);
#3789=EDGE_CURVE('',#2997,#2993,#1725,.T.);
#3790=EDGE_CURVE('',#2997,#2998,#1726,.T.);
#3791=EDGE_CURVE('',#2998,#2995,#1727,.T.);
#3792=EDGE_CURVE('',#2999,#2997,#1728,.T.);
#3793=EDGE_CURVE('',#2999,#3000,#1729,.T.);
#3794=EDGE_CURVE('',#3000,#2998,#1730,.T.);
#3795=EDGE_CURVE('',#3001,#2999,#1731,.T.);
#3796=EDGE_CURVE('',#3001,#3002,#1732,.T.);
#3797=EDGE_CURVE('',#3002,#3000,#1733,.T.);
#3798=EDGE_CURVE('',#3003,#3001,#1734,.T.);
#3799=EDGE_CURVE('',#3003,#3004,#1735,.T.);
#3800=EDGE_CURVE('',#3004,#3002,#1736,.T.);
#3801=EDGE_CURVE('',#3005,#3003,#1737,.T.);
#3802=EDGE_CURVE('',#3005,#3006,#1738,.T.);
#3803=EDGE_CURVE('',#3006,#3004,#1739,.T.);
#3804=EDGE_CURVE('',#3007,#3005,#236,.T.);
#3805=EDGE_CURVE('',#3007,#3008,#1740,.T.);
#3806=EDGE_CURVE('',#3008,#3006,#237,.T.);
#3807=EDGE_CURVE('',#3009,#3007,#238,.T.);
#3808=EDGE_CURVE('',#3009,#3010,#1741,.T.);
#3809=EDGE_CURVE('',#3010,#3008,#239,.T.);
#3810=EDGE_CURVE('',#3011,#3009,#240,.T.);
#3811=EDGE_CURVE('',#3011,#3012,#1742,.T.);
#3812=EDGE_CURVE('',#3012,#3010,#241,.T.);
#3813=EDGE_CURVE('',#3013,#3011,#242,.T.);
#3814=EDGE_CURVE('',#3013,#3014,#1743,.T.);
#3815=EDGE_CURVE('',#3014,#3012,#243,.T.);
#3816=EDGE_CURVE('',#3015,#3013,#1744,.T.);
#3817=EDGE_CURVE('',#3015,#3016,#1745,.T.);
#3818=EDGE_CURVE('',#3016,#3014,#1746,.T.);
#3819=EDGE_CURVE('',#3017,#3015,#1747,.T.);
#3820=EDGE_CURVE('',#3017,#3018,#1748,.T.);
#3821=EDGE_CURVE('',#3018,#3016,#1749,.T.);
#3822=EDGE_CURVE('',#3019,#3017,#1750,.T.);
#3823=EDGE_CURVE('',#3019,#3020,#1751,.T.);
#3824=EDGE_CURVE('',#3020,#3018,#1752,.T.);
#3825=EDGE_CURVE('',#3021,#3019,#244,.T.);
#3826=EDGE_CURVE('',#3021,#3022,#1753,.T.);
#3827=EDGE_CURVE('',#3022,#3020,#245,.T.);
#3828=EDGE_CURVE('',#3023,#3021,#246,.T.);
#3829=EDGE_CURVE('',#3023,#3024,#1754,.T.);
#3830=EDGE_CURVE('',#3024,#3022,#247,.T.);
#3831=EDGE_CURVE('',#3025,#3023,#248,.T.);
#3832=EDGE_CURVE('',#3025,#3026,#1755,.T.);
#3833=EDGE_CURVE('',#3026,#3024,#249,.T.);
#3834=EDGE_CURVE('',#2994,#3025,#250,.T.);
#3835=EDGE_CURVE('',#2996,#3026,#251,.T.);
#3836=EDGE_CURVE('',#3027,#3028,#1756,.T.);
#3837=EDGE_CURVE('',#3027,#3029,#1757,.T.);
#3838=EDGE_CURVE('',#3029,#3030,#1758,.T.);
#3839=EDGE_CURVE('',#3028,#3030,#1759,.T.);
#3840=EDGE_CURVE('',#3031,#3027,#1760,.T.);
#3841=EDGE_CURVE('',#3031,#3032,#1761,.T.);
#3842=EDGE_CURVE('',#3032,#3029,#1762,.T.);
#3843=EDGE_CURVE('',#3033,#3031,#1763,.T.);
#3844=EDGE_CURVE('',#3033,#3034,#1764,.T.);
#3845=EDGE_CURVE('',#3034,#3032,#1765,.T.);
#3846=EDGE_CURVE('',#3035,#3033,#1766,.T.);
#3847=EDGE_CURVE('',#3035,#3036,#1767,.T.);
#3848=EDGE_CURVE('',#3036,#3034,#1768,.T.);
#3849=EDGE_CURVE('',#3037,#3035,#1769,.T.);
#3850=EDGE_CURVE('',#3037,#3038,#1770,.T.);
#3851=EDGE_CURVE('',#3038,#3036,#1771,.T.);
#3852=EDGE_CURVE('',#3039,#3037,#1772,.T.);
#3853=EDGE_CURVE('',#3039,#3040,#1773,.T.);
#3854=EDGE_CURVE('',#3040,#3038,#1774,.T.);
#3855=EDGE_CURVE('',#3041,#3039,#1775,.T.);
#3856=EDGE_CURVE('',#3041,#3042,#1776,.T.);
#3857=EDGE_CURVE('',#3042,#3040,#1777,.T.);
#3858=EDGE_CURVE('',#3043,#3041,#1778,.T.);
#3859=EDGE_CURVE('',#3043,#3044,#1779,.T.);
#3860=EDGE_CURVE('',#3044,#3042,#1780,.T.);
#3861=EDGE_CURVE('',#3045,#3043,#1781,.T.);
#3862=EDGE_CURVE('',#3045,#3046,#1782,.T.);
#3863=EDGE_CURVE('',#3046,#3044,#1783,.T.);
#3864=EDGE_CURVE('',#3047,#3045,#1784,.T.);
#3865=EDGE_CURVE('',#3047,#3048,#1785,.T.);
#3866=EDGE_CURVE('',#3048,#3046,#1786,.T.);
#3867=EDGE_CURVE('',#3049,#3047,#1787,.T.);
#3868=EDGE_CURVE('',#3049,#3050,#1788,.T.);
#3869=EDGE_CURVE('',#3050,#3048,#1789,.T.);
#3870=EDGE_CURVE('',#3051,#3049,#1790,.T.);
#3871=EDGE_CURVE('',#3051,#3052,#1791,.T.);
#3872=EDGE_CURVE('',#3052,#3050,#1792,.T.);
#3873=EDGE_CURVE('',#3028,#3051,#1793,.T.);
#3874=EDGE_CURVE('',#3030,#3052,#1794,.T.);
#3875=EDGE_CURVE('',#3053,#3054,#252,.T.);
#3876=EDGE_CURVE('',#3053,#3055,#1795,.T.);
#3877=EDGE_CURVE('',#3055,#3056,#253,.T.);
#3878=EDGE_CURVE('',#3054,#3056,#1796,.T.);
#3879=EDGE_CURVE('',#3057,#3053,#254,.T.);
#3880=EDGE_CURVE('',#3057,#3058,#1797,.T.);
#3881=EDGE_CURVE('',#3058,#3055,#255,.T.);
#3882=EDGE_CURVE('',#3059,#3057,#256,.T.);
#3883=EDGE_CURVE('',#3059,#3060,#1798,.T.);
#3884=EDGE_CURVE('',#3060,#3058,#257,.T.);
#3885=EDGE_CURVE('',#3061,#3059,#258,.T.);
#3886=EDGE_CURVE('',#3061,#3062,#1799,.T.);
#3887=EDGE_CURVE('',#3062,#3060,#259,.T.);
#3888=EDGE_CURVE('',#3063,#3061,#1800,.T.);
#3889=EDGE_CURVE('',#3063,#3064,#1801,.T.);
#3890=EDGE_CURVE('',#3064,#3062,#1802,.T.);
#3891=EDGE_CURVE('',#3065,#3063,#260,.T.);
#3892=EDGE_CURVE('',#3065,#3066,#1803,.T.);
#3893=EDGE_CURVE('',#3066,#3064,#261,.T.);
#3894=EDGE_CURVE('',#3067,#3065,#262,.T.);
#3895=EDGE_CURVE('',#3067,#3068,#1804,.T.);
#3896=EDGE_CURVE('',#3068,#3066,#263,.T.);
#3897=EDGE_CURVE('',#3069,#3067,#264,.T.);
#3898=EDGE_CURVE('',#3069,#3070,#1805,.T.);
#3899=EDGE_CURVE('',#3070,#3068,#265,.T.);
#3900=EDGE_CURVE('',#3071,#3069,#266,.T.);
#3901=EDGE_CURVE('',#3071,#3072,#1806,.T.);
#3902=EDGE_CURVE('',#3072,#3070,#267,.T.);
#3903=EDGE_CURVE('',#3073,#3071,#268,.T.);
#3904=EDGE_CURVE('',#3073,#3074,#1807,.T.);
#3905=EDGE_CURVE('',#3074,#3072,#269,.T.);
#3906=EDGE_CURVE('',#3075,#3073,#270,.T.);
#3907=EDGE_CURVE('',#3075,#3076,#1808,.T.);
#3908=EDGE_CURVE('',#3076,#3074,#271,.T.);
#3909=EDGE_CURVE('',#3077,#3075,#272,.T.);
#3910=EDGE_CURVE('',#3077,#3078,#1809,.T.);
#3911=EDGE_CURVE('',#3078,#3076,#273,.T.);
#3912=EDGE_CURVE('',#3079,#3077,#274,.T.);
#3913=EDGE_CURVE('',#3079,#3080,#1810,.T.);
#3914=EDGE_CURVE('',#3080,#3078,#275,.T.);
#3915=EDGE_CURVE('',#3081,#3079,#276,.T.);
#3916=EDGE_CURVE('',#3081,#3082,#1811,.T.);
#3917=EDGE_CURVE('',#3082,#3080,#277,.T.);
#3918=EDGE_CURVE('',#3083,#3081,#278,.T.);
#3919=EDGE_CURVE('',#3083,#3084,#1812,.T.);
#3920=EDGE_CURVE('',#3084,#3082,#279,.T.);
#3921=EDGE_CURVE('',#3085,#3083,#1813,.T.);
#3922=EDGE_CURVE('',#3085,#3086,#1814,.T.);
#3923=EDGE_CURVE('',#3086,#3084,#1815,.T.);
#3924=EDGE_CURVE('',#3087,#3085,#280,.T.);
#3925=EDGE_CURVE('',#3087,#3088,#1816,.T.);
#3926=EDGE_CURVE('',#3088,#3086,#281,.T.);
#3927=EDGE_CURVE('',#3089,#3087,#282,.T.);
#3928=EDGE_CURVE('',#3089,#3090,#1817,.T.);
#3929=EDGE_CURVE('',#3090,#3088,#283,.T.);
#3930=EDGE_CURVE('',#3091,#3089,#284,.T.);
#3931=EDGE_CURVE('',#3091,#3092,#1818,.T.);
#3932=EDGE_CURVE('',#3092,#3090,#285,.T.);
#3933=EDGE_CURVE('',#3093,#3091,#286,.T.);
#3934=EDGE_CURVE('',#3093,#3094,#1819,.T.);
#3935=EDGE_CURVE('',#3094,#3092,#287,.T.);
#3936=EDGE_CURVE('',#3095,#3093,#288,.T.);
#3937=EDGE_CURVE('',#3095,#3096,#1820,.T.);
#3938=EDGE_CURVE('',#3096,#3094,#289,.T.);
#3939=EDGE_CURVE('',#3054,#3095,#290,.T.);
#3940=EDGE_CURVE('',#3056,#3096,#291,.T.);
#3941=EDGE_CURVE('',#3097,#3098,#292,.T.);
#3942=EDGE_CURVE('',#3097,#3099,#1821,.T.);
#3943=EDGE_CURVE('',#3099,#3100,#293,.T.);
#3944=EDGE_CURVE('',#3098,#3100,#1822,.T.);
#3945=EDGE_CURVE('',#3101,#3097,#1823,.T.);
#3946=EDGE_CURVE('',#3101,#3102,#1824,.T.);
#3947=EDGE_CURVE('',#3102,#3099,#1825,.T.);
#3948=EDGE_CURVE('',#3103,#3101,#1826,.T.);
#3949=EDGE_CURVE('',#3103,#3104,#1827,.T.);
#3950=EDGE_CURVE('',#3104,#3102,#1828,.T.);
#3951=EDGE_CURVE('',#3105,#3103,#1829,.T.);
#3952=EDGE_CURVE('',#3105,#3106,#1830,.T.);
#3953=EDGE_CURVE('',#3106,#3104,#1831,.T.);
#3954=EDGE_CURVE('',#3107,#3105,#1832,.T.);
#3955=EDGE_CURVE('',#3107,#3108,#1833,.T.);
#3956=EDGE_CURVE('',#3108,#3106,#1834,.T.);
#3957=EDGE_CURVE('',#3109,#3107,#1835,.T.);
#3958=EDGE_CURVE('',#3109,#3110,#1836,.T.);
#3959=EDGE_CURVE('',#3110,#3108,#1837,.T.);
#3960=EDGE_CURVE('',#3111,#3109,#294,.T.);
#3961=EDGE_CURVE('',#3111,#3112,#1838,.T.);
#3962=EDGE_CURVE('',#3112,#3110,#295,.T.);
#3963=EDGE_CURVE('',#3113,#3111,#296,.T.);
#3964=EDGE_CURVE('',#3113,#3114,#1839,.T.);
#3965=EDGE_CURVE('',#3114,#3112,#297,.T.);
#3966=EDGE_CURVE('',#3115,#3113,#298,.T.);
#3967=EDGE_CURVE('',#3115,#3116,#1840,.T.);
#3968=EDGE_CURVE('',#3116,#3114,#299,.T.);
#3969=EDGE_CURVE('',#3117,#3115,#300,.T.);
#3970=EDGE_CURVE('',#3117,#3118,#1841,.T.);
#3971=EDGE_CURVE('',#3118,#3116,#301,.T.);
#3972=EDGE_CURVE('',#3119,#3117,#1842,.T.);
#3973=EDGE_CURVE('',#3119,#3120,#1843,.T.);
#3974=EDGE_CURVE('',#3120,#3118,#1844,.T.);
#3975=EDGE_CURVE('',#3121,#3119,#1845,.T.);
#3976=EDGE_CURVE('',#3121,#3122,#1846,.T.);
#3977=EDGE_CURVE('',#3122,#3120,#1847,.T.);
#3978=EDGE_CURVE('',#3123,#3121,#1848,.T.);
#3979=EDGE_CURVE('',#3123,#3124,#1849,.T.);
#3980=EDGE_CURVE('',#3124,#3122,#1850,.T.);
#3981=EDGE_CURVE('',#3125,#3123,#302,.T.);
#3982=EDGE_CURVE('',#3125,#3126,#1851,.T.);
#3983=EDGE_CURVE('',#3126,#3124,#303,.T.);
#3984=EDGE_CURVE('',#3127,#3125,#304,.T.);
#3985=EDGE_CURVE('',#3127,#3128,#1852,.T.);
#3986=EDGE_CURVE('',#3128,#3126,#305,.T.);
#3987=EDGE_CURVE('',#3129,#3127,#306,.T.);
#3988=EDGE_CURVE('',#3129,#3130,#1853,.T.);
#3989=EDGE_CURVE('',#3130,#3128,#307,.T.);
#3990=EDGE_CURVE('',#3098,#3129,#308,.T.);
#3991=EDGE_CURVE('',#3100,#3130,#309,.T.);
#3992=EDGE_CURVE('',#3131,#3132,#310,.T.);
#3993=EDGE_CURVE('',#3131,#3133,#1854,.T.);
#3994=EDGE_CURVE('',#3133,#3134,#311,.T.);
#3995=EDGE_CURVE('',#3132,#3134,#1855,.T.);
#3996=EDGE_CURVE('',#3135,#3131,#1856,.T.);
#3997=EDGE_CURVE('',#3135,#3136,#1857,.T.);
#3998=EDGE_CURVE('',#3136,#3133,#1858,.T.);
#3999=EDGE_CURVE('',#3137,#3135,#1859,.T.);
#4000=EDGE_CURVE('',#3137,#3138,#1860,.T.);
#4001=EDGE_CURVE('',#3138,#3136,#1861,.T.);
#4002=EDGE_CURVE('',#3139,#3137,#1862,.T.);
#4003=EDGE_CURVE('',#3139,#3140,#1863,.T.);
#4004=EDGE_CURVE('',#3140,#3138,#1864,.T.);
#4005=EDGE_CURVE('',#3141,#3139,#1865,.T.);
#4006=EDGE_CURVE('',#3141,#3142,#1866,.T.);
#4007=EDGE_CURVE('',#3142,#3140,#1867,.T.);
#4008=EDGE_CURVE('',#3143,#3141,#1868,.T.);
#4009=EDGE_CURVE('',#3143,#3144,#1869,.T.);
#4010=EDGE_CURVE('',#3144,#3142,#1870,.T.);
#4011=EDGE_CURVE('',#3145,#3143,#312,.T.);
#4012=EDGE_CURVE('',#3145,#3146,#1871,.T.);
#4013=EDGE_CURVE('',#3146,#3144,#313,.T.);
#4014=EDGE_CURVE('',#3147,#3145,#314,.T.);
#4015=EDGE_CURVE('',#3147,#3148,#1872,.T.);
#4016=EDGE_CURVE('',#3148,#3146,#315,.T.);
#4017=EDGE_CURVE('',#3149,#3147,#316,.T.);
#4018=EDGE_CURVE('',#3149,#3150,#1873,.T.);
#4019=EDGE_CURVE('',#3150,#3148,#317,.T.);
#4020=EDGE_CURVE('',#3151,#3149,#318,.T.);
#4021=EDGE_CURVE('',#3151,#3152,#1874,.T.);
#4022=EDGE_CURVE('',#3152,#3150,#319,.T.);
#4023=EDGE_CURVE('',#3153,#3151,#1875,.T.);
#4024=EDGE_CURVE('',#3153,#3154,#1876,.T.);
#4025=EDGE_CURVE('',#3154,#3152,#1877,.T.);
#4026=EDGE_CURVE('',#3155,#3153,#1878,.T.);
#4027=EDGE_CURVE('',#3155,#3156,#1879,.T.);
#4028=EDGE_CURVE('',#3156,#3154,#1880,.T.);
#4029=EDGE_CURVE('',#3157,#3155,#1881,.T.);
#4030=EDGE_CURVE('',#3157,#3158,#1882,.T.);
#4031=EDGE_CURVE('',#3158,#3156,#1883,.T.);
#4032=EDGE_CURVE('',#3159,#3157,#320,.T.);
#4033=EDGE_CURVE('',#3159,#3160,#1884,.T.);
#4034=EDGE_CURVE('',#3160,#3158,#321,.T.);
#4035=EDGE_CURVE('',#3161,#3159,#322,.T.);
#4036=EDGE_CURVE('',#3161,#3162,#1885,.T.);
#4037=EDGE_CURVE('',#3162,#3160,#323,.T.);
#4038=EDGE_CURVE('',#3132,#3161,#324,.T.);
#4039=EDGE_CURVE('',#3134,#3162,#325,.T.);
#4040=EDGE_CURVE('',#3163,#3164,#1886,.T.);
#4041=EDGE_CURVE('',#3163,#3165,#1887,.T.);
#4042=EDGE_CURVE('',#3165,#3166,#1888,.T.);
#4043=EDGE_CURVE('',#3164,#3166,#1889,.T.);
#4044=EDGE_CURVE('',#3167,#3163,#1890,.T.);
#4045=EDGE_CURVE('',#3167,#3168,#1891,.T.);
#4046=EDGE_CURVE('',#3168,#3165,#1892,.T.);
#4047=EDGE_CURVE('',#3169,#3167,#1893,.T.);
#4048=EDGE_CURVE('',#3169,#3170,#1894,.T.);
#4049=EDGE_CURVE('',#3170,#3168,#1895,.T.);
#4050=EDGE_CURVE('',#3164,#3169,#1896,.T.);
#4051=EDGE_CURVE('',#3166,#3170,#1897,.T.);
#4052=EDGE_CURVE('',#3171,#3172,#326,.T.);
#4053=EDGE_CURVE('',#3171,#3173,#1898,.T.);
#4054=EDGE_CURVE('',#3173,#3174,#327,.T.);
#4055=EDGE_CURVE('',#3172,#3174,#1899,.T.);
#4056=EDGE_CURVE('',#3175,#3171,#328,.T.);
#4057=EDGE_CURVE('',#3175,#3176,#1900,.T.);
#4058=EDGE_CURVE('',#3176,#3173,#329,.T.);
#4059=EDGE_CURVE('',#3177,#3175,#330,.T.);
#4060=EDGE_CURVE('',#3177,#3178,#1901,.T.);
#4061=EDGE_CURVE('',#3178,#3176,#331,.T.);
#4062=EDGE_CURVE('',#3179,#3177,#332,.T.);
#4063=EDGE_CURVE('',#3179,#3180,#1902,.T.);
#4064=EDGE_CURVE('',#3180,#3178,#333,.T.);
#4065=EDGE_CURVE('',#3181,#3179,#1903,.T.);
#4066=EDGE_CURVE('',#3181,#3182,#1904,.T.);
#4067=EDGE_CURVE('',#3182,#3180,#1905,.T.);
#4068=EDGE_CURVE('',#3183,#3181,#334,.T.);
#4069=EDGE_CURVE('',#3183,#3184,#1906,.T.);
#4070=EDGE_CURVE('',#3184,#3182,#335,.T.);
#4071=EDGE_CURVE('',#3185,#3183,#336,.T.);
#4072=EDGE_CURVE('',#3185,#3186,#1907,.T.);
#4073=EDGE_CURVE('',#3186,#3184,#337,.T.);
#4074=EDGE_CURVE('',#3187,#3185,#338,.T.);
#4075=EDGE_CURVE('',#3187,#3188,#1908,.T.);
#4076=EDGE_CURVE('',#3188,#3186,#339,.T.);
#4077=EDGE_CURVE('',#3189,#3187,#340,.T.);
#4078=EDGE_CURVE('',#3189,#3190,#1909,.T.);
#4079=EDGE_CURVE('',#3190,#3188,#341,.T.);
#4080=EDGE_CURVE('',#3191,#3189,#342,.T.);
#4081=EDGE_CURVE('',#3191,#3192,#1910,.T.);
#4082=EDGE_CURVE('',#3192,#3190,#343,.T.);
#4083=EDGE_CURVE('',#3193,#3191,#344,.T.);
#4084=EDGE_CURVE('',#3193,#3194,#1911,.T.);
#4085=EDGE_CURVE('',#3194,#3192,#345,.T.);
#4086=EDGE_CURVE('',#3195,#3193,#346,.T.);
#4087=EDGE_CURVE('',#3195,#3196,#1912,.T.);
#4088=EDGE_CURVE('',#3196,#3194,#347,.T.);
#4089=EDGE_CURVE('',#3197,#3195,#348,.T.);
#4090=EDGE_CURVE('',#3197,#3198,#1913,.T.);
#4091=EDGE_CURVE('',#3198,#3196,#349,.T.);
#4092=EDGE_CURVE('',#3199,#3197,#350,.T.);
#4093=EDGE_CURVE('',#3199,#3200,#1914,.T.);
#4094=EDGE_CURVE('',#3200,#3198,#351,.T.);
#4095=EDGE_CURVE('',#3201,#3199,#352,.T.);
#4096=EDGE_CURVE('',#3201,#3202,#1915,.T.);
#4097=EDGE_CURVE('',#3202,#3200,#353,.T.);
#4098=EDGE_CURVE('',#3203,#3201,#1916,.T.);
#4099=EDGE_CURVE('',#3203,#3204,#1917,.T.);
#4100=EDGE_CURVE('',#3204,#3202,#1918,.T.);
#4101=EDGE_CURVE('',#3205,#3203,#354,.T.);
#4102=EDGE_CURVE('',#3205,#3206,#1919,.T.);
#4103=EDGE_CURVE('',#3206,#3204,#355,.T.);
#4104=EDGE_CURVE('',#3207,#3205,#356,.T.);
#4105=EDGE_CURVE('',#3207,#3208,#1920,.T.);
#4106=EDGE_CURVE('',#3208,#3206,#357,.T.);
#4107=EDGE_CURVE('',#3209,#3207,#358,.T.);
#4108=EDGE_CURVE('',#3209,#3210,#1921,.T.);
#4109=EDGE_CURVE('',#3210,#3208,#359,.T.);
#4110=EDGE_CURVE('',#3211,#3209,#360,.T.);
#4111=EDGE_CURVE('',#3211,#3212,#1922,.T.);
#4112=EDGE_CURVE('',#3212,#3210,#361,.T.);
#4113=EDGE_CURVE('',#3213,#3211,#362,.T.);
#4114=EDGE_CURVE('',#3213,#3214,#1923,.T.);
#4115=EDGE_CURVE('',#3214,#3212,#363,.T.);
#4116=EDGE_CURVE('',#3172,#3213,#364,.T.);
#4117=EDGE_CURVE('',#3174,#3214,#365,.T.);
#4118=EDGE_CURVE('',#3215,#3216,#366,.T.);
#4119=EDGE_CURVE('',#3215,#3217,#1924,.T.);
#4120=EDGE_CURVE('',#3217,#3218,#367,.T.);
#4121=EDGE_CURVE('',#3216,#3218,#1925,.T.);
#4122=EDGE_CURVE('',#3219,#3215,#368,.T.);
#4123=EDGE_CURVE('',#3219,#3220,#1926,.T.);
#4124=EDGE_CURVE('',#3220,#3217,#369,.T.);
#4125=EDGE_CURVE('',#3221,#3219,#370,.T.);
#4126=EDGE_CURVE('',#3221,#3222,#1927,.T.);
#4127=EDGE_CURVE('',#3222,#3220,#371,.T.);
#4128=EDGE_CURVE('',#3223,#3221,#372,.T.);
#4129=EDGE_CURVE('',#3223,#3224,#1928,.T.);
#4130=EDGE_CURVE('',#3224,#3222,#373,.T.);
#4131=EDGE_CURVE('',#3225,#3223,#374,.T.);
#4132=EDGE_CURVE('',#3225,#3226,#1929,.T.);
#4133=EDGE_CURVE('',#3226,#3224,#375,.T.);
#4134=EDGE_CURVE('',#3227,#3225,#376,.T.);
#4135=EDGE_CURVE('',#3227,#3228,#1930,.T.);
#4136=EDGE_CURVE('',#3228,#3226,#377,.T.);
#4137=EDGE_CURVE('',#3229,#3227,#378,.T.);
#4138=EDGE_CURVE('',#3229,#3230,#1931,.T.);
#4139=EDGE_CURVE('',#3230,#3228,#379,.T.);
#4140=EDGE_CURVE('',#3216,#3229,#380,.T.);
#4141=EDGE_CURVE('',#3218,#3230,#381,.T.);
#4142=EDGE_CURVE('',#3231,#3232,#382,.T.);
#4143=EDGE_CURVE('',#3231,#3233,#1932,.T.);
#4144=EDGE_CURVE('',#3233,#3234,#383,.T.);
#4145=EDGE_CURVE('',#3232,#3234,#1933,.T.);
#4146=EDGE_CURVE('',#3235,#3231,#384,.T.);
#4147=EDGE_CURVE('',#3235,#3236,#1934,.T.);
#4148=EDGE_CURVE('',#3236,#3233,#385,.T.);
#4149=EDGE_CURVE('',#3237,#3235,#386,.T.);
#4150=EDGE_CURVE('',#3237,#3238,#1935,.T.);
#4151=EDGE_CURVE('',#3238,#3236,#387,.T.);
#4152=EDGE_CURVE('',#3239,#3237,#388,.T.);
#4153=EDGE_CURVE('',#3239,#3240,#1936,.T.);
#4154=EDGE_CURVE('',#3240,#3238,#389,.T.);
#4155=EDGE_CURVE('',#3241,#3239,#390,.T.);
#4156=EDGE_CURVE('',#3241,#3242,#1937,.T.);
#4157=EDGE_CURVE('',#3242,#3240,#391,.T.);
#4158=EDGE_CURVE('',#3243,#3241,#392,.T.);
#4159=EDGE_CURVE('',#3243,#3244,#1938,.T.);
#4160=EDGE_CURVE('',#3244,#3242,#393,.T.);
#4161=EDGE_CURVE('',#3245,#3243,#394,.T.);
#4162=EDGE_CURVE('',#3245,#3246,#1939,.T.);
#4163=EDGE_CURVE('',#3246,#3244,#395,.T.);
#4164=EDGE_CURVE('',#3247,#3245,#396,.T.);
#4165=EDGE_CURVE('',#3247,#3248,#1940,.T.);
#4166=EDGE_CURVE('',#3248,#3246,#397,.T.);
#4167=EDGE_CURVE('',#3249,#3247,#398,.T.);
#4168=EDGE_CURVE('',#3249,#3250,#1941,.T.);
#4169=EDGE_CURVE('',#3250,#3248,#399,.T.);
#4170=EDGE_CURVE('',#3251,#3249,#400,.T.);
#4171=EDGE_CURVE('',#3251,#3252,#1942,.T.);
#4172=EDGE_CURVE('',#3252,#3250,#401,.T.);
#4173=EDGE_CURVE('',#3253,#3251,#402,.T.);
#4174=EDGE_CURVE('',#3253,#3254,#1943,.T.);
#4175=EDGE_CURVE('',#3254,#3252,#403,.T.);
#4176=EDGE_CURVE('',#3232,#3253,#404,.T.);
#4177=EDGE_CURVE('',#3234,#3254,#405,.T.);
#4178=EDGE_CURVE('',#3255,#3256,#406,.T.);
#4179=EDGE_CURVE('',#3255,#3257,#1944,.T.);
#4180=EDGE_CURVE('',#3257,#3258,#407,.T.);
#4181=EDGE_CURVE('',#3256,#3258,#1945,.T.);
#4182=EDGE_CURVE('',#3259,#3255,#408,.T.);
#4183=EDGE_CURVE('',#3259,#3260,#1946,.T.);
#4184=EDGE_CURVE('',#3260,#3257,#409,.T.);
#4185=EDGE_CURVE('',#3261,#3259,#410,.T.);
#4186=EDGE_CURVE('',#3261,#3262,#1947,.T.);
#4187=EDGE_CURVE('',#3262,#3260,#411,.T.);
#4188=EDGE_CURVE('',#3263,#3261,#412,.T.);
#4189=EDGE_CURVE('',#3263,#3264,#1948,.T.);
#4190=EDGE_CURVE('',#3264,#3262,#413,.T.);
#4191=EDGE_CURVE('',#3265,#3263,#1949,.T.);
#4192=EDGE_CURVE('',#3265,#3266,#1950,.T.);
#4193=EDGE_CURVE('',#3266,#3264,#1951,.T.);
#4194=EDGE_CURVE('',#3267,#3265,#1952,.T.);
#4195=EDGE_CURVE('',#3267,#3268,#1953,.T.);
#4196=EDGE_CURVE('',#3268,#3266,#1954,.T.);
#4197=EDGE_CURVE('',#3269,#3267,#1955,.T.);
#4198=EDGE_CURVE('',#3269,#3270,#1956,.T.);
#4199=EDGE_CURVE('',#3270,#3268,#1957,.T.);
#4200=EDGE_CURVE('',#3271,#3269,#1958,.T.);
#4201=EDGE_CURVE('',#3271,#3272,#1959,.T.);
#4202=EDGE_CURVE('',#3272,#3270,#1960,.T.);
#4203=EDGE_CURVE('',#3273,#3271,#1961,.T.);
#4204=EDGE_CURVE('',#3273,#3274,#1962,.T.);
#4205=EDGE_CURVE('',#3274,#3272,#1963,.T.);
#4206=EDGE_CURVE('',#3275,#3273,#414,.T.);
#4207=EDGE_CURVE('',#3275,#3276,#1964,.T.);
#4208=EDGE_CURVE('',#3276,#3274,#415,.T.);
#4209=EDGE_CURVE('',#3277,#3275,#416,.T.);
#4210=EDGE_CURVE('',#3277,#3278,#1965,.T.);
#4211=EDGE_CURVE('',#3278,#3276,#417,.T.);
#4212=EDGE_CURVE('',#3279,#3277,#418,.T.);
#4213=EDGE_CURVE('',#3279,#3280,#1966,.T.);
#4214=EDGE_CURVE('',#3280,#3278,#419,.T.);
#4215=EDGE_CURVE('',#3281,#3279,#420,.T.);
#4216=EDGE_CURVE('',#3281,#3282,#1967,.T.);
#4217=EDGE_CURVE('',#3282,#3280,#421,.T.);
#4218=EDGE_CURVE('',#3283,#3281,#422,.T.);
#4219=EDGE_CURVE('',#3283,#3284,#1968,.T.);
#4220=EDGE_CURVE('',#3284,#3282,#423,.T.);
#4221=EDGE_CURVE('',#3256,#3283,#424,.T.);
#4222=EDGE_CURVE('',#3258,#3284,#425,.T.);
#4223=EDGE_CURVE('',#3285,#3286,#426,.T.);
#4224=EDGE_CURVE('',#3285,#3287,#1969,.T.);
#4225=EDGE_CURVE('',#3287,#3288,#427,.T.);
#4226=EDGE_CURVE('',#3286,#3288,#1970,.T.);
#4227=EDGE_CURVE('',#3289,#3285,#428,.T.);
#4228=EDGE_CURVE('',#3289,#3290,#1971,.T.);
#4229=EDGE_CURVE('',#3290,#3287,#429,.T.);
#4230=EDGE_CURVE('',#3291,#3289,#430,.T.);
#4231=EDGE_CURVE('',#3291,#3292,#1972,.T.);
#4232=EDGE_CURVE('',#3292,#3290,#431,.T.);
#4233=EDGE_CURVE('',#3293,#3291,#432,.T.);
#4234=EDGE_CURVE('',#3293,#3294,#1973,.T.);
#4235=EDGE_CURVE('',#3294,#3292,#433,.T.);
#4236=EDGE_CURVE('',#3295,#3293,#434,.T.);
#4237=EDGE_CURVE('',#3295,#3296,#1974,.T.);
#4238=EDGE_CURVE('',#3296,#3294,#435,.T.);
#4239=EDGE_CURVE('',#3297,#3295,#436,.T.);
#4240=EDGE_CURVE('',#3297,#3298,#1975,.T.);
#4241=EDGE_CURVE('',#3298,#3296,#437,.T.);
#4242=EDGE_CURVE('',#3299,#3297,#438,.T.);
#4243=EDGE_CURVE('',#3299,#3300,#1976,.T.);
#4244=EDGE_CURVE('',#3300,#3298,#439,.T.);
#4245=EDGE_CURVE('',#3301,#3299,#440,.T.);
#4246=EDGE_CURVE('',#3301,#3302,#1977,.T.);
#4247=EDGE_CURVE('',#3302,#3300,#441,.T.);
#4248=EDGE_CURVE('',#3303,#3301,#442,.T.);
#4249=EDGE_CURVE('',#3303,#3304,#1978,.T.);
#4250=EDGE_CURVE('',#3304,#3302,#443,.T.);
#4251=EDGE_CURVE('',#3305,#3303,#444,.T.);
#4252=EDGE_CURVE('',#3305,#3306,#1979,.T.);
#4253=EDGE_CURVE('',#3306,#3304,#445,.T.);
#4254=EDGE_CURVE('',#3307,#3305,#446,.T.);
#4255=EDGE_CURVE('',#3307,#3308,#1980,.T.);
#4256=EDGE_CURVE('',#3308,#3306,#447,.T.);
#4257=EDGE_CURVE('',#3309,#3307,#448,.T.);
#4258=EDGE_CURVE('',#3309,#3310,#1981,.T.);
#4259=EDGE_CURVE('',#3310,#3308,#449,.T.);
#4260=EDGE_CURVE('',#3311,#3309,#1982,.T.);
#4261=EDGE_CURVE('',#3311,#3312,#1983,.T.);
#4262=EDGE_CURVE('',#3312,#3310,#1984,.T.);
#4263=EDGE_CURVE('',#3313,#3311,#450,.T.);
#4264=EDGE_CURVE('',#3313,#3314,#1985,.T.);
#4265=EDGE_CURVE('',#3314,#3312,#451,.T.);
#4266=EDGE_CURVE('',#3315,#3313,#452,.T.);
#4267=EDGE_CURVE('',#3315,#3316,#1986,.T.);
#4268=EDGE_CURVE('',#3316,#3314,#453,.T.);
#4269=EDGE_CURVE('',#3317,#3315,#454,.T.);
#4270=EDGE_CURVE('',#3317,#3318,#1987,.T.);
#4271=EDGE_CURVE('',#3318,#3316,#455,.T.);
#4272=EDGE_CURVE('',#3319,#3317,#456,.T.);
#4273=EDGE_CURVE('',#3319,#3320,#1988,.T.);
#4274=EDGE_CURVE('',#3320,#3318,#457,.T.);
#4275=EDGE_CURVE('',#3321,#3319,#458,.T.);
#4276=EDGE_CURVE('',#3321,#3322,#1989,.T.);
#4277=EDGE_CURVE('',#3322,#3320,#459,.T.);
#4278=EDGE_CURVE('',#3323,#3321,#460,.T.);
#4279=EDGE_CURVE('',#3323,#3324,#1990,.T.);
#4280=EDGE_CURVE('',#3324,#3322,#461,.T.);
#4281=EDGE_CURVE('',#3325,#3323,#462,.T.);
#4282=EDGE_CURVE('',#3325,#3326,#1991,.T.);
#4283=EDGE_CURVE('',#3326,#3324,#463,.T.);
#4284=EDGE_CURVE('',#3327,#3325,#464,.T.);
#4285=EDGE_CURVE('',#3327,#3328,#1992,.T.);
#4286=EDGE_CURVE('',#3328,#3326,#465,.T.);
#4287=EDGE_CURVE('',#3329,#3327,#466,.T.);
#4288=EDGE_CURVE('',#3329,#3330,#1993,.T.);
#4289=EDGE_CURVE('',#3330,#3328,#467,.T.);
#4290=EDGE_CURVE('',#3331,#3329,#468,.T.);
#4291=EDGE_CURVE('',#3331,#3332,#1994,.T.);
#4292=EDGE_CURVE('',#3332,#3330,#469,.T.);
#4293=EDGE_CURVE('',#3333,#3331,#470,.T.);
#4294=EDGE_CURVE('',#3333,#3334,#1995,.T.);
#4295=EDGE_CURVE('',#3334,#3332,#471,.T.);
#4296=EDGE_CURVE('',#3335,#3333,#472,.T.);
#4297=EDGE_CURVE('',#3335,#3336,#1996,.T.);
#4298=EDGE_CURVE('',#3336,#3334,#473,.T.);
#4299=EDGE_CURVE('',#3337,#3335,#474,.T.);
#4300=EDGE_CURVE('',#3337,#3338,#1997,.T.);
#4301=EDGE_CURVE('',#3338,#3336,#475,.T.);
#4302=EDGE_CURVE('',#3339,#3337,#476,.T.);
#4303=EDGE_CURVE('',#3339,#3340,#1998,.T.);
#4304=EDGE_CURVE('',#3340,#3338,#477,.T.);
#4305=EDGE_CURVE('',#3341,#3339,#478,.T.);
#4306=EDGE_CURVE('',#3341,#3342,#1999,.T.);
#4307=EDGE_CURVE('',#3342,#3340,#479,.T.);
#4308=EDGE_CURVE('',#3343,#3341,#2000,.T.);
#4309=EDGE_CURVE('',#3343,#3344,#2001,.T.);
#4310=EDGE_CURVE('',#3344,#3342,#2002,.T.);
#4311=EDGE_CURVE('',#3345,#3343,#480,.T.);
#4312=EDGE_CURVE('',#3345,#3346,#2003,.T.);
#4313=EDGE_CURVE('',#3346,#3344,#481,.T.);
#4314=EDGE_CURVE('',#3347,#3345,#482,.T.);
#4315=EDGE_CURVE('',#3347,#3348,#2004,.T.);
#4316=EDGE_CURVE('',#3348,#3346,#483,.T.);
#4317=EDGE_CURVE('',#3286,#3347,#484,.T.);
#4318=EDGE_CURVE('',#3288,#3348,#485,.T.);
#4319=EDGE_CURVE('',#3349,#3350,#486,.T.);
#4320=EDGE_CURVE('',#3349,#3351,#2005,.T.);
#4321=EDGE_CURVE('',#3351,#3352,#487,.T.);
#4322=EDGE_CURVE('',#3350,#3352,#2006,.T.);
#4323=EDGE_CURVE('',#3353,#3349,#488,.T.);
#4324=EDGE_CURVE('',#3353,#3354,#2007,.T.);
#4325=EDGE_CURVE('',#3354,#3351,#489,.T.);
#4326=EDGE_CURVE('',#3355,#3353,#490,.T.);
#4327=EDGE_CURVE('',#3355,#3356,#2008,.T.);
#4328=EDGE_CURVE('',#3356,#3354,#491,.T.);
#4329=EDGE_CURVE('',#3357,#3355,#492,.T.);
#4330=EDGE_CURVE('',#3357,#3358,#2009,.T.);
#4331=EDGE_CURVE('',#3358,#3356,#493,.T.);
#4332=EDGE_CURVE('',#3359,#3357,#494,.T.);
#4333=EDGE_CURVE('',#3359,#3360,#2010,.T.);
#4334=EDGE_CURVE('',#3360,#3358,#495,.T.);
#4335=EDGE_CURVE('',#3350,#3359,#2011,.T.);
#4336=EDGE_CURVE('',#3352,#3360,#2012,.T.);
#4337=EDGE_CURVE('',#3361,#3362,#496,.T.);
#4338=EDGE_CURVE('',#3361,#3363,#2013,.T.);
#4339=EDGE_CURVE('',#3363,#3364,#497,.T.);
#4340=EDGE_CURVE('',#3362,#3364,#2014,.T.);
#4341=EDGE_CURVE('',#3365,#3361,#498,.T.);
#4342=EDGE_CURVE('',#3365,#3366,#2015,.T.);
#4343=EDGE_CURVE('',#3366,#3363,#499,.T.);
#4344=EDGE_CURVE('',#3367,#3365,#500,.T.);
#4345=EDGE_CURVE('',#3367,#3368,#2016,.T.);
#4346=EDGE_CURVE('',#3368,#3366,#501,.T.);
#4347=EDGE_CURVE('',#3369,#3367,#502,.T.);
#4348=EDGE_CURVE('',#3369,#3370,#2017,.T.);
#4349=EDGE_CURVE('',#3370,#3368,#503,.T.);
#4350=EDGE_CURVE('',#3371,#3369,#504,.T.);
#4351=EDGE_CURVE('',#3371,#3372,#2018,.T.);
#4352=EDGE_CURVE('',#3372,#3370,#505,.T.);
#4353=EDGE_CURVE('',#3373,#3371,#506,.T.);
#4354=EDGE_CURVE('',#3373,#3374,#2019,.T.);
#4355=EDGE_CURVE('',#3374,#3372,#507,.T.);
#4356=EDGE_CURVE('',#3375,#3373,#508,.T.);
#4357=EDGE_CURVE('',#3375,#3376,#2020,.T.);
#4358=EDGE_CURVE('',#3376,#3374,#509,.T.);
#4359=EDGE_CURVE('',#3377,#3375,#510,.T.);
#4360=EDGE_CURVE('',#3377,#3378,#2021,.T.);
#4361=EDGE_CURVE('',#3378,#3376,#511,.T.);
#4362=EDGE_CURVE('',#3379,#3377,#512,.T.);
#4363=EDGE_CURVE('',#3379,#3380,#2022,.T.);
#4364=EDGE_CURVE('',#3380,#3378,#513,.T.);
#4365=EDGE_CURVE('',#3381,#3379,#514,.T.);
#4366=EDGE_CURVE('',#3381,#3382,#2023,.T.);
#4367=EDGE_CURVE('',#3382,#3380,#515,.T.);
#4368=EDGE_CURVE('',#3383,#3381,#2024,.T.);
#4369=EDGE_CURVE('',#3383,#3384,#2025,.T.);
#4370=EDGE_CURVE('',#3384,#3382,#2026,.T.);
#4371=EDGE_CURVE('',#3385,#3383,#516,.T.);
#4372=EDGE_CURVE('',#3385,#3386,#2027,.T.);
#4373=EDGE_CURVE('',#3386,#3384,#517,.T.);
#4374=EDGE_CURVE('',#3387,#3385,#518,.T.);
#4375=EDGE_CURVE('',#3387,#3388,#2028,.T.);
#4376=EDGE_CURVE('',#3388,#3386,#519,.T.);
#4377=EDGE_CURVE('',#3389,#3387,#520,.T.);
#4378=EDGE_CURVE('',#3389,#3390,#2029,.T.);
#4379=EDGE_CURVE('',#3390,#3388,#521,.T.);
#4380=EDGE_CURVE('',#3391,#3389,#522,.T.);
#4381=EDGE_CURVE('',#3391,#3392,#2030,.T.);
#4382=EDGE_CURVE('',#3392,#3390,#523,.T.);
#4383=EDGE_CURVE('',#3393,#3391,#524,.T.);
#4384=EDGE_CURVE('',#3393,#3394,#2031,.T.);
#4385=EDGE_CURVE('',#3394,#3392,#525,.T.);
#4386=EDGE_CURVE('',#3395,#3393,#2032,.T.);
#4387=EDGE_CURVE('',#3395,#3396,#2033,.T.);
#4388=EDGE_CURVE('',#3396,#3394,#2034,.T.);
#4389=EDGE_CURVE('',#3397,#3395,#526,.T.);
#4390=EDGE_CURVE('',#3397,#3398,#2035,.T.);
#4391=EDGE_CURVE('',#3398,#3396,#527,.T.);
#4392=EDGE_CURVE('',#3362,#3397,#528,.T.);
#4393=EDGE_CURVE('',#3364,#3398,#529,.T.);
#4394=EDGE_CURVE('',#3399,#3400,#530,.T.);
#4395=EDGE_CURVE('',#3399,#3401,#2036,.T.);
#4396=EDGE_CURVE('',#3401,#3402,#531,.T.);
#4397=EDGE_CURVE('',#3400,#3402,#2037,.T.);
#4398=EDGE_CURVE('',#3403,#3399,#532,.T.);
#4399=EDGE_CURVE('',#3403,#3404,#2038,.T.);
#4400=EDGE_CURVE('',#3404,#3401,#533,.T.);
#4401=EDGE_CURVE('',#3405,#3403,#534,.T.);
#4402=EDGE_CURVE('',#3405,#3406,#2039,.T.);
#4403=EDGE_CURVE('',#3406,#3404,#535,.T.);
#4404=EDGE_CURVE('',#3407,#3405,#536,.T.);
#4405=EDGE_CURVE('',#3407,#3408,#2040,.T.);
#4406=EDGE_CURVE('',#3408,#3406,#537,.T.);
#4407=EDGE_CURVE('',#3409,#3407,#538,.T.);
#4408=EDGE_CURVE('',#3409,#3410,#2041,.T.);
#4409=EDGE_CURVE('',#3410,#3408,#539,.T.);
#4410=EDGE_CURVE('',#3400,#3409,#2042,.T.);
#4411=EDGE_CURVE('',#3402,#3410,#2043,.T.);
#4412=EDGE_CURVE('',#3411,#3412,#540,.T.);
#4413=EDGE_CURVE('',#3411,#3413,#2044,.T.);
#4414=EDGE_CURVE('',#3413,#3414,#541,.T.);
#4415=EDGE_CURVE('',#3412,#3414,#2045,.T.);
#4416=EDGE_CURVE('',#3415,#3411,#542,.T.);
#4417=EDGE_CURVE('',#3415,#3416,#2046,.T.);
#4418=EDGE_CURVE('',#3416,#3413,#543,.T.);
#4419=EDGE_CURVE('',#3417,#3415,#544,.T.);
#4420=EDGE_CURVE('',#3417,#3418,#2047,.T.);
#4421=EDGE_CURVE('',#3418,#3416,#545,.T.);
#4422=EDGE_CURVE('',#3419,#3417,#546,.T.);
#4423=EDGE_CURVE('',#3419,#3420,#2048,.T.);
#4424=EDGE_CURVE('',#3420,#3418,#547,.T.);
#4425=EDGE_CURVE('',#3421,#3419,#548,.T.);
#4426=EDGE_CURVE('',#3421,#3422,#2049,.T.);
#4427=EDGE_CURVE('',#3422,#3420,#549,.T.);
#4428=EDGE_CURVE('',#3423,#3421,#550,.T.);
#4429=EDGE_CURVE('',#3423,#3424,#2050,.T.);
#4430=EDGE_CURVE('',#3424,#3422,#551,.T.);
#4431=EDGE_CURVE('',#3425,#3423,#552,.T.);
#4432=EDGE_CURVE('',#3425,#3426,#2051,.T.);
#4433=EDGE_CURVE('',#3426,#3424,#553,.T.);
#4434=EDGE_CURVE('',#3427,#3425,#554,.T.);
#4435=EDGE_CURVE('',#3427,#3428,#2052,.T.);
#4436=EDGE_CURVE('',#3428,#3426,#555,.T.);
#4437=EDGE_CURVE('',#3429,#3427,#556,.T.);
#4438=EDGE_CURVE('',#3429,#3430,#2053,.T.);
#4439=EDGE_CURVE('',#3430,#3428,#557,.T.);
#4440=EDGE_CURVE('',#3431,#3429,#558,.T.);
#4441=EDGE_CURVE('',#3431,#3432,#2054,.T.);
#4442=EDGE_CURVE('',#3432,#3430,#559,.T.);
#4443=EDGE_CURVE('',#3433,#3431,#2055,.T.);
#4444=EDGE_CURVE('',#3433,#3434,#2056,.T.);
#4445=EDGE_CURVE('',#3434,#3432,#2057,.T.);
#4446=EDGE_CURVE('',#3435,#3433,#560,.T.);
#4447=EDGE_CURVE('',#3435,#3436,#2058,.T.);
#4448=EDGE_CURVE('',#3436,#3434,#561,.T.);
#4449=EDGE_CURVE('',#3437,#3435,#562,.T.);
#4450=EDGE_CURVE('',#3437,#3438,#2059,.T.);
#4451=EDGE_CURVE('',#3438,#3436,#563,.T.);
#4452=EDGE_CURVE('',#3439,#3437,#564,.T.);
#4453=EDGE_CURVE('',#3439,#3440,#2060,.T.);
#4454=EDGE_CURVE('',#3440,#3438,#565,.T.);
#4455=EDGE_CURVE('',#3441,#3439,#566,.T.);
#4456=EDGE_CURVE('',#3441,#3442,#2061,.T.);
#4457=EDGE_CURVE('',#3442,#3440,#567,.T.);
#4458=EDGE_CURVE('',#3443,#3441,#568,.T.);
#4459=EDGE_CURVE('',#3443,#3444,#2062,.T.);
#4460=EDGE_CURVE('',#3444,#3442,#569,.T.);
#4461=EDGE_CURVE('',#3445,#3443,#2063,.T.);
#4462=EDGE_CURVE('',#3445,#3446,#2064,.T.);
#4463=EDGE_CURVE('',#3446,#3444,#2065,.T.);
#4464=EDGE_CURVE('',#3447,#3445,#570,.T.);
#4465=EDGE_CURVE('',#3447,#3448,#2066,.T.);
#4466=EDGE_CURVE('',#3448,#3446,#571,.T.);
#4467=EDGE_CURVE('',#3412,#3447,#572,.T.);
#4468=EDGE_CURVE('',#3414,#3448,#573,.T.);
#4469=EDGE_CURVE('',#3449,#3450,#2067,.T.);
#4470=EDGE_CURVE('',#3449,#3451,#2068,.T.);
#4471=EDGE_CURVE('',#3451,#3452,#2069,.T.);
#4472=EDGE_CURVE('',#3450,#3452,#2070,.T.);
#4473=EDGE_CURVE('',#3453,#3449,#2071,.T.);
#4474=EDGE_CURVE('',#3453,#3454,#2072,.T.);
#4475=EDGE_CURVE('',#3454,#3451,#2073,.T.);
#4476=EDGE_CURVE('',#3455,#3453,#2074,.T.);
#4477=EDGE_CURVE('',#3455,#3456,#2075,.T.);
#4478=EDGE_CURVE('',#3456,#3454,#2076,.T.);
#4479=EDGE_CURVE('',#3457,#3455,#2077,.T.);
#4480=EDGE_CURVE('',#3457,#3458,#2078,.T.);
#4481=EDGE_CURVE('',#3458,#3456,#2079,.T.);
#4482=EDGE_CURVE('',#3459,#3457,#2080,.T.);
#4483=EDGE_CURVE('',#3459,#3460,#2081,.T.);
#4484=EDGE_CURVE('',#3460,#3458,#2082,.T.);
#4485=EDGE_CURVE('',#3461,#3459,#2083,.T.);
#4486=EDGE_CURVE('',#3461,#3462,#2084,.T.);
#4487=EDGE_CURVE('',#3462,#3460,#2085,.T.);
#4488=EDGE_CURVE('',#3463,#3461,#2086,.T.);
#4489=EDGE_CURVE('',#3463,#3464,#2087,.T.);
#4490=EDGE_CURVE('',#3464,#3462,#2088,.T.);
#4491=EDGE_CURVE('',#3450,#3463,#2089,.T.);
#4492=EDGE_CURVE('',#3452,#3464,#2090,.T.);
#4493=EDGE_CURVE('',#2878,#2919,#2091,.T.);
#4494=EDGE_CURVE('',#2878,#3465,#2092,.T.);
#4495=EDGE_CURVE('',#3465,#2920,#2093,.T.);
#4496=EDGE_CURVE('',#3465,#3466,#2094,.T.);
#4497=EDGE_CURVE('',#3466,#2921,#2095,.T.);
#4498=EDGE_CURVE('',#3467,#2922,#2096,.T.);
#4499=EDGE_CURVE('',#3466,#3467,#615,.T.);
#4500=EDGE_CURVE('',#3468,#2923,#2097,.T.);
#4501=EDGE_CURVE('',#3467,#3468,#2098,.T.);
#4502=EDGE_CURVE('',#3469,#2924,#2099,.T.);
#4503=EDGE_CURVE('',#3468,#3469,#616,.T.);
#4504=EDGE_CURVE('',#3470,#2925,#2100,.T.);
#4505=EDGE_CURVE('',#3469,#3470,#2101,.T.);
#4506=EDGE_CURVE('',#3471,#2926,#2102,.T.);
#4507=EDGE_CURVE('',#3470,#3471,#617,.T.);
#4508=EDGE_CURVE('',#3471,#3472,#2103,.T.);
#4509=EDGE_CURVE('',#3472,#2927,#2104,.T.);
#4510=EDGE_CURVE('',#3472,#2871,#2105,.T.);
#4511=EDGE_CURVE('',#2871,#2928,#2106,.T.);
#4512=EDGE_CURVE('',#2870,#2929,#2107,.T.);
#4513=EDGE_CURVE('',#3473,#2930,#2108,.T.);
#4514=EDGE_CURVE('',#2870,#3473,#618,.T.);
#4515=EDGE_CURVE('',#3474,#2931,#2109,.T.);
#4516=EDGE_CURVE('',#3473,#3474,#2110,.T.);
#4517=EDGE_CURVE('',#3475,#2932,#2111,.T.);
#4518=EDGE_CURVE('',#3474,#3475,#619,.T.);
#4519=EDGE_CURVE('',#3475,#2880,#2112,.T.);
#4520=EDGE_CURVE('',#3475,#3476,#2113,.T.);
#4521=EDGE_CURVE('',#3476,#2881,#2114,.T.);
#4522=EDGE_CURVE('',#3474,#3477,#2115,.T.);
#4523=EDGE_CURVE('',#3477,#3476,#620,.T.);
#4524=EDGE_CURVE('',#3473,#3478,#2116,.T.);
#4525=EDGE_CURVE('',#3478,#3477,#2117,.T.);
#4526=EDGE_CURVE('',#2869,#3478,#621,.T.);
#4527=EDGE_CURVE('',#3472,#3479,#2118,.T.);
#4528=EDGE_CURVE('',#3479,#2872,#2119,.T.);
#4529=EDGE_CURVE('',#3470,#3480,#2120,.T.);
#4530=EDGE_CURVE('',#3480,#3481,#622,.T.);
#4531=EDGE_CURVE('',#3471,#3481,#2121,.T.);
#4532=EDGE_CURVE('',#3469,#3482,#2122,.T.);
#4533=EDGE_CURVE('',#3482,#3480,#2123,.T.);
#4534=EDGE_CURVE('',#3468,#3483,#2124,.T.);
#4535=EDGE_CURVE('',#3483,#3482,#623,.T.);
#4536=EDGE_CURVE('',#3467,#3484,#2125,.T.);
#4537=EDGE_CURVE('',#3484,#3483,#2126,.T.);
#4538=EDGE_CURVE('',#3466,#3485,#2127,.T.);
#4539=EDGE_CURVE('',#3485,#3484,#624,.T.);
#4540=EDGE_CURVE('',#3485,#3481,#2128,.T.);
#4541=EDGE_CURVE('',#3465,#3486,#2129,.T.);
#4542=EDGE_CURVE('',#3486,#3479,#2130,.T.);
#4543=EDGE_CURVE('',#2877,#3486,#2131,.T.);
#4544=EDGE_CURVE('',#3487,#3488,#625,.T.);
#4545=EDGE_CURVE('',#3488,#2914,#2132,.T.);
#4546=EDGE_CURVE('',#2913,#3487,#2133,.T.);
#4547=EDGE_CURVE('',#3489,#3488,#2134,.T.);
#4548=EDGE_CURVE('',#2915,#3489,#2135,.T.);
#4549=EDGE_CURVE('',#3489,#2982,#626,.T.);
#4550=EDGE_CURVE('',#2983,#2893,#627,.T.);
#4551=EDGE_CURVE('',#2894,#3490,#628,.T.);
#4552=EDGE_CURVE('',#3490,#2912,#2136,.T.);
#4553=EDGE_CURVE('',#2873,#2876,#2137,.T.);
#4554=EDGE_CURVE('',#2876,#3491,#2138,.T.);
#4555=EDGE_CURVE('',#3491,#3492,#2139,.T.);
#4556=EDGE_CURVE('',#3492,#2873,#2140,.T.);
#4557=EDGE_CURVE('',#2897,#3491,#2141,.T.);
#4558=EDGE_CURVE('',#2896,#3492,#2142,.T.);
#4559=EDGE_CURVE('',#2899,#2874,#2143,.T.);
#4560=EDGE_CURVE('',#2898,#2875,#2144,.T.);
#4561=EDGE_CURVE('',#3493,#3493,#629,.T.);
#4562=EDGE_CURVE('',#3494,#3494,#630,.T.);
#4563=EDGE_CURVE('',#3494,#3495,#2145,.T.);
#4564=EDGE_CURVE('',#3495,#3495,#631,.T.);
#4565=EDGE_CURVE('',#3493,#3496,#2146,.T.);
#4566=EDGE_CURVE('',#3496,#3496,#632,.T.);
#4567=EDGE_CURVE('',#3487,#3490,#2147,.T.);
#4568=ORIENTED_EDGE('',*,*,#3497,.T.);
#4569=ORIENTED_EDGE('',*,*,#3498,.T.);
#4570=ORIENTED_EDGE('',*,*,#3499,.T.);
#4571=ORIENTED_EDGE('',*,*,#3500,.F.);
#4572=ORIENTED_EDGE('',*,*,#3501,.T.);
#4573=ORIENTED_EDGE('',*,*,#3502,.T.);
#4574=ORIENTED_EDGE('',*,*,#3503,.T.);
#4575=ORIENTED_EDGE('',*,*,#3498,.F.);
#4576=ORIENTED_EDGE('',*,*,#3504,.T.);
#4577=ORIENTED_EDGE('',*,*,#3505,.T.);
#4578=ORIENTED_EDGE('',*,*,#3506,.T.);
#4579=ORIENTED_EDGE('',*,*,#3502,.F.);
#4580=ORIENTED_EDGE('',*,*,#3507,.T.);
#4581=ORIENTED_EDGE('',*,*,#3505,.F.);
#4582=ORIENTED_EDGE('',*,*,#3508,.T.);
#4583=ORIENTED_EDGE('',*,*,#3500,.T.);
#4584=ORIENTED_EDGE('',*,*,#3507,.F.);
#4585=ORIENTED_EDGE('',*,*,#3509,.F.);
#4586=ORIENTED_EDGE('',*,*,#3510,.F.);
#4587=ORIENTED_EDGE('',*,*,#3511,.T.);
#4588=ORIENTED_EDGE('',*,*,#3499,.F.);
#4589=ORIENTED_EDGE('',*,*,#3512,.F.);
#4590=ORIENTED_EDGE('',*,*,#3513,.F.);
#4591=ORIENTED_EDGE('',*,*,#3509,.T.);
#4592=ORIENTED_EDGE('',*,*,#3497,.F.);
#4593=ORIENTED_EDGE('',*,*,#3508,.F.);
#4594=ORIENTED_EDGE('',*,*,#3504,.F.);
#4595=ORIENTED_EDGE('',*,*,#3501,.F.);
#4596=ORIENTED_EDGE('',*,*,#3514,.T.);
#4597=ORIENTED_EDGE('',*,*,#3515,.T.);
#4598=ORIENTED_EDGE('',*,*,#3516,.T.);
#4599=ORIENTED_EDGE('',*,*,#3517,.F.);
#4600=ORIENTED_EDGE('',*,*,#3518,.T.);
#4601=ORIENTED_EDGE('',*,*,#3519,.T.);
#4602=ORIENTED_EDGE('',*,*,#3520,.T.);
#4603=ORIENTED_EDGE('',*,*,#3515,.F.);
#4604=ORIENTED_EDGE('',*,*,#3521,.T.);
#4605=ORIENTED_EDGE('',*,*,#3522,.T.);
#4606=ORIENTED_EDGE('',*,*,#3523,.T.);
#4607=ORIENTED_EDGE('',*,*,#3519,.F.);
#4608=ORIENTED_EDGE('',*,*,#3524,.T.);
#4609=ORIENTED_EDGE('',*,*,#3522,.F.);
#4610=ORIENTED_EDGE('',*,*,#3525,.T.);
#4611=ORIENTED_EDGE('',*,*,#3517,.T.);
#4612=ORIENTED_EDGE('',*,*,#3524,.F.);
#4613=ORIENTED_EDGE('',*,*,#3526,.F.);
#4614=ORIENTED_EDGE('',*,*,#3527,.T.);
#4615=ORIENTED_EDGE('',*,*,#3528,.T.);
#4616=ORIENTED_EDGE('',*,*,#3516,.F.);
#4617=ORIENTED_EDGE('',*,*,#3529,.F.);
#4618=ORIENTED_EDGE('',*,*,#3530,.F.);
#4619=ORIENTED_EDGE('',*,*,#3526,.T.);
#4620=ORIENTED_EDGE('',*,*,#3514,.F.);
#4621=ORIENTED_EDGE('',*,*,#3525,.F.);
#4622=ORIENTED_EDGE('',*,*,#3521,.F.);
#4623=ORIENTED_EDGE('',*,*,#3518,.F.);
#4624=ORIENTED_EDGE('',*,*,#3531,.T.);
#4625=ORIENTED_EDGE('',*,*,#3532,.T.);
#4626=ORIENTED_EDGE('',*,*,#3533,.T.);
#4627=ORIENTED_EDGE('',*,*,#3534,.F.);
#4628=ORIENTED_EDGE('',*,*,#3535,.T.);
#4629=ORIENTED_EDGE('',*,*,#3536,.T.);
#4630=ORIENTED_EDGE('',*,*,#3537,.T.);
#4631=ORIENTED_EDGE('',*,*,#3532,.F.);
#4632=ORIENTED_EDGE('',*,*,#3538,.T.);
#4633=ORIENTED_EDGE('',*,*,#3539,.T.);
#4634=ORIENTED_EDGE('',*,*,#3540,.T.);
#4635=ORIENTED_EDGE('',*,*,#3536,.F.);
#4636=ORIENTED_EDGE('',*,*,#3541,.T.);
#4637=ORIENTED_EDGE('',*,*,#3539,.F.);
#4638=ORIENTED_EDGE('',*,*,#3542,.T.);
#4639=ORIENTED_EDGE('',*,*,#3534,.T.);
#4640=ORIENTED_EDGE('',*,*,#3541,.F.);
#4641=ORIENTED_EDGE('',*,*,#3543,.F.);
#4642=ORIENTED_EDGE('',*,*,#3544,.F.);
#4643=ORIENTED_EDGE('',*,*,#3545,.T.);
#4644=ORIENTED_EDGE('',*,*,#3533,.F.);
#4645=ORIENTED_EDGE('',*,*,#3546,.F.);
#4646=ORIENTED_EDGE('',*,*,#3547,.T.);
#4647=ORIENTED_EDGE('',*,*,#3543,.T.);
#4648=ORIENTED_EDGE('',*,*,#3531,.F.);
#4649=ORIENTED_EDGE('',*,*,#3542,.F.);
#4650=ORIENTED_EDGE('',*,*,#3538,.F.);
#4651=ORIENTED_EDGE('',*,*,#3535,.F.);
#4652=ORIENTED_EDGE('',*,*,#3548,.T.);
#4653=ORIENTED_EDGE('',*,*,#3549,.T.);
#4654=ORIENTED_EDGE('',*,*,#3550,.T.);
#4655=ORIENTED_EDGE('',*,*,#3551,.F.);
#4656=ORIENTED_EDGE('',*,*,#3552,.T.);
#4657=ORIENTED_EDGE('',*,*,#3553,.T.);
#4658=ORIENTED_EDGE('',*,*,#3554,.T.);
#4659=ORIENTED_EDGE('',*,*,#3549,.F.);
#4660=ORIENTED_EDGE('',*,*,#3555,.T.);
#4661=ORIENTED_EDGE('',*,*,#3556,.T.);
#4662=ORIENTED_EDGE('',*,*,#3557,.T.);
#4663=ORIENTED_EDGE('',*,*,#3553,.F.);
#4664=ORIENTED_EDGE('',*,*,#3558,.T.);
#4665=ORIENTED_EDGE('',*,*,#3556,.F.);
#4666=ORIENTED_EDGE('',*,*,#3559,.T.);
#4667=ORIENTED_EDGE('',*,*,#3551,.T.);
#4668=ORIENTED_EDGE('',*,*,#3558,.F.);
#4669=ORIENTED_EDGE('',*,*,#3560,.F.);
#4670=ORIENTED_EDGE('',*,*,#3561,.F.);
#4671=ORIENTED_EDGE('',*,*,#3562,.T.);
#4672=ORIENTED_EDGE('',*,*,#3550,.F.);
#4673=ORIENTED_EDGE('',*,*,#3563,.F.);
#4674=ORIENTED_EDGE('',*,*,#3564,.F.);
#4675=ORIENTED_EDGE('',*,*,#3560,.T.);
#4676=ORIENTED_EDGE('',*,*,#3548,.F.);
#4677=ORIENTED_EDGE('',*,*,#3559,.F.);
#4678=ORIENTED_EDGE('',*,*,#3555,.F.);
#4679=ORIENTED_EDGE('',*,*,#3552,.F.);
#4680=ORIENTED_EDGE('',*,*,#3565,.T.);
#4681=ORIENTED_EDGE('',*,*,#3566,.T.);
#4682=ORIENTED_EDGE('',*,*,#3567,.T.);
#4683=ORIENTED_EDGE('',*,*,#3568,.T.);
#4684=ORIENTED_EDGE('',*,*,#3569,.T.);
#4685=ORIENTED_EDGE('',*,*,#3570,.T.);
#4686=ORIENTED_EDGE('',*,*,#3565,.F.);
#4687=ORIENTED_EDGE('',*,*,#3571,.T.);
#4688=ORIENTED_EDGE('',*,*,#3572,.T.);
#4689=ORIENTED_EDGE('',*,*,#3573,.T.);
#4690=ORIENTED_EDGE('',*,*,#3574,.T.);
#4691=ORIENTED_EDGE('',*,*,#3575,.T.);
#4692=ORIENTED_EDGE('',*,*,#3572,.F.);
#4693=ORIENTED_EDGE('',*,*,#3576,.T.);
#4694=ORIENTED_EDGE('',*,*,#3569,.F.);
#4695=ORIENTED_EDGE('',*,*,#3577,.T.);
#4696=ORIENTED_EDGE('',*,*,#3578,.T.);
#4697=ORIENTED_EDGE('',*,*,#3579,.T.);
#4698=ORIENTED_EDGE('',*,*,#3580,.T.);
#4699=ORIENTED_EDGE('',*,*,#3581,.T.);
#4700=ORIENTED_EDGE('',*,*,#3580,.F.);
#4701=ORIENTED_EDGE('',*,*,#3582,.T.);
#4702=ORIENTED_EDGE('',*,*,#3574,.F.);
#4703=ORIENTED_EDGE('',*,*,#3583,.T.);
#4704=ORIENTED_EDGE('',*,*,#3584,.F.);
#4705=ORIENTED_EDGE('',*,*,#3566,.F.);
#4706=ORIENTED_EDGE('',*,*,#3570,.F.);
#4707=ORIENTED_EDGE('',*,*,#3576,.F.);
#4708=ORIENTED_EDGE('',*,*,#3575,.F.);
#4709=ORIENTED_EDGE('',*,*,#3585,.T.);
#4710=ORIENTED_EDGE('',*,*,#3586,.F.);
#4711=ORIENTED_EDGE('',*,*,#3587,.F.);
#4712=ORIENTED_EDGE('',*,*,#3588,.F.);
#4713=ORIENTED_EDGE('',*,*,#3589,.T.);
#4714=ORIENTED_EDGE('',*,*,#3590,.T.);
#4715=ORIENTED_EDGE('',*,*,#3591,.T.);
#4716=ORIENTED_EDGE('',*,*,#3592,.T.);
#4717=ORIENTED_EDGE('',*,*,#3593,.T.);
#4718=ORIENTED_EDGE('',*,*,#3594,.T.);
#4719=ORIENTED_EDGE('',*,*,#3595,.F.);
#4720=ORIENTED_EDGE('',*,*,#3596,.F.);
#4721=ORIENTED_EDGE('',*,*,#3597,.F.);
#4722=ORIENTED_EDGE('',*,*,#3582,.F.);
#4723=ORIENTED_EDGE('',*,*,#3579,.F.);
#4724=ORIENTED_EDGE('',*,*,#3598,.F.);
#4725=ORIENTED_EDGE('',*,*,#3599,.T.);
#4726=ORIENTED_EDGE('',*,*,#3600,.T.);
#4727=ORIENTED_EDGE('',*,*,#3585,.F.);
#4728=ORIENTED_EDGE('',*,*,#3578,.F.);
#4729=ORIENTED_EDGE('',*,*,#3601,.T.);
#4730=ORIENTED_EDGE('',*,*,#3602,.T.);
#4731=ORIENTED_EDGE('',*,*,#3603,.F.);
#4732=ORIENTED_EDGE('',*,*,#3598,.T.);
#4733=ORIENTED_EDGE('',*,*,#3604,.T.);
#4734=ORIENTED_EDGE('',*,*,#3605,.T.);
#4735=ORIENTED_EDGE('',*,*,#3606,.T.);
#4736=ORIENTED_EDGE('',*,*,#3607,.T.);
#4737=ORIENTED_EDGE('',*,*,#3608,.T.);
#4738=ORIENTED_EDGE('',*,*,#3609,.T.);
#4739=ORIENTED_EDGE('',*,*,#3606,.F.);
#4740=ORIENTED_EDGE('',*,*,#3610,.T.);
#4741=ORIENTED_EDGE('',*,*,#3611,.T.);
#4742=ORIENTED_EDGE('',*,*,#3612,.T.);
#4743=ORIENTED_EDGE('',*,*,#3608,.F.);
#4744=ORIENTED_EDGE('',*,*,#3613,.T.);
#4745=ORIENTED_EDGE('',*,*,#3607,.F.);
#4746=ORIENTED_EDGE('',*,*,#3609,.F.);
#4747=ORIENTED_EDGE('',*,*,#3612,.F.);
#4748=ORIENTED_EDGE('',*,*,#3614,.T.);
#4749=ORIENTED_EDGE('',*,*,#3615,.F.);
#4750=ORIENTED_EDGE('',*,*,#3616,.F.);
#4751=ORIENTED_EDGE('',*,*,#3617,.F.);
#4752=ORIENTED_EDGE('',*,*,#3618,.T.);
#4753=ORIENTED_EDGE('',*,*,#3619,.T.);
#4754=ORIENTED_EDGE('',*,*,#3620,.T.);
#4755=ORIENTED_EDGE('',*,*,#3621,.T.);
#4756=ORIENTED_EDGE('',*,*,#3622,.T.);
#4757=ORIENTED_EDGE('',*,*,#3623,.T.);
#4758=ORIENTED_EDGE('',*,*,#3624,.T.);
#4759=ORIENTED_EDGE('',*,*,#3625,.T.);
#4760=ORIENTED_EDGE('',*,*,#3626,.T.);
#4761=ORIENTED_EDGE('',*,*,#3627,.T.);
#4762=ORIENTED_EDGE('',*,*,#3624,.F.);
#4763=ORIENTED_EDGE('',*,*,#3628,.T.);
#4764=ORIENTED_EDGE('',*,*,#3629,.F.);
#4765=ORIENTED_EDGE('',*,*,#3630,.T.);
#4766=ORIENTED_EDGE('',*,*,#3626,.F.);
#4767=ORIENTED_EDGE('',*,*,#3631,.T.);
#4768=ORIENTED_EDGE('',*,*,#3632,.T.);
#4769=ORIENTED_EDGE('',*,*,#3633,.T.);
#4770=ORIENTED_EDGE('',*,*,#3632,.F.);
#4771=ORIENTED_EDGE('',*,*,#3634,.T.);
#4772=ORIENTED_EDGE('',*,*,#3629,.T.);
#4773=ORIENTED_EDGE('',*,*,#3631,.F.);
#4774=ORIENTED_EDGE('',*,*,#3635,.F.);
#4775=ORIENTED_EDGE('',*,*,#3636,.T.);
#4776=ORIENTED_EDGE('',*,*,#3637,.T.);
#4777=ORIENTED_EDGE('',*,*,#3625,.F.);
#4778=ORIENTED_EDGE('',*,*,#3638,.F.);
#4779=ORIENTED_EDGE('',*,*,#3639,.T.);
#4780=ORIENTED_EDGE('',*,*,#3640,.T.);
#4781=ORIENTED_EDGE('',*,*,#3641,.T.);
#4782=ORIENTED_EDGE('',*,*,#3635,.T.);
#4783=ORIENTED_EDGE('',*,*,#3604,.F.);
#4784=ORIENTED_EDGE('',*,*,#3618,.F.);
#4785=ORIENTED_EDGE('',*,*,#3642,.F.);
#4786=ORIENTED_EDGE('',*,*,#3643,.F.);
#4787=ORIENTED_EDGE('',*,*,#3644,.F.);
#4788=ORIENTED_EDGE('',*,*,#3645,.F.);
#4789=ORIENTED_EDGE('',*,*,#3646,.F.);
#4790=ORIENTED_EDGE('',*,*,#3647,.F.);
#4791=ORIENTED_EDGE('',*,*,#3648,.F.);
#4792=ORIENTED_EDGE('',*,*,#3614,.F.);
#4793=ORIENTED_EDGE('',*,*,#3611,.F.);
#4794=ORIENTED_EDGE('',*,*,#3649,.T.);
#4795=ORIENTED_EDGE('',*,*,#3650,.F.);
#4796=ORIENTED_EDGE('',*,*,#3651,.F.);
#4797=ORIENTED_EDGE('',*,*,#3652,.F.);
#4798=ORIENTED_EDGE('',*,*,#3653,.F.);
#4799=ORIENTED_EDGE('',*,*,#3654,.F.);
#4800=ORIENTED_EDGE('',*,*,#3655,.F.);
#4801=ORIENTED_EDGE('',*,*,#3656,.F.);
#4802=ORIENTED_EDGE('',*,*,#3657,.F.);
#4803=ORIENTED_EDGE('',*,*,#3658,.F.);
#4804=ORIENTED_EDGE('',*,*,#3659,.F.);
#4805=ORIENTED_EDGE('',*,*,#3660,.F.);
#4806=ORIENTED_EDGE('',*,*,#3661,.F.);
#4807=ORIENTED_EDGE('',*,*,#3662,.F.);
#4808=ORIENTED_EDGE('',*,*,#3663,.F.);
#4809=ORIENTED_EDGE('',*,*,#3664,.F.);
#4810=ORIENTED_EDGE('',*,*,#3602,.F.);
#4811=ORIENTED_EDGE('',*,*,#3665,.T.);
#4812=ORIENTED_EDGE('',*,*,#3666,.F.);
#4813=ORIENTED_EDGE('',*,*,#3667,.F.);
#4814=ORIENTED_EDGE('',*,*,#3668,.F.);
#4815=ORIENTED_EDGE('',*,*,#3669,.F.);
#4816=ORIENTED_EDGE('',*,*,#3670,.T.);
#4817=ORIENTED_EDGE('',*,*,#3671,.F.);
#4818=ORIENTED_EDGE('',*,*,#3672,.F.);
#4819=ORIENTED_EDGE('',*,*,#3673,.F.);
#4820=ORIENTED_EDGE('',*,*,#3674,.F.);
#4821=ORIENTED_EDGE('',*,*,#3675,.F.);
#4822=ORIENTED_EDGE('',*,*,#3676,.F.);
#4823=ORIENTED_EDGE('',*,*,#3677,.F.);
#4824=ORIENTED_EDGE('',*,*,#3623,.F.);
#4825=ORIENTED_EDGE('',*,*,#3630,.F.);
#4826=ORIENTED_EDGE('',*,*,#3633,.F.);
#4827=ORIENTED_EDGE('',*,*,#3628,.F.);
#4828=ORIENTED_EDGE('',*,*,#3666,.T.);
#4829=ORIENTED_EDGE('',*,*,#3678,.T.);
#4830=ORIENTED_EDGE('',*,*,#3679,.T.);
#4831=ORIENTED_EDGE('',*,*,#3680,.T.);
#4832=ORIENTED_EDGE('',*,*,#3669,.T.);
#4833=ORIENTED_EDGE('',*,*,#3681,.T.);
#4834=ORIENTED_EDGE('',*,*,#3682,.T.);
#4835=ORIENTED_EDGE('',*,*,#3678,.F.);
#4836=ORIENTED_EDGE('',*,*,#3668,.T.);
#4837=ORIENTED_EDGE('',*,*,#3683,.T.);
#4838=ORIENTED_EDGE('',*,*,#3684,.T.);
#4839=ORIENTED_EDGE('',*,*,#3681,.F.);
#4840=ORIENTED_EDGE('',*,*,#3685,.T.);
#4841=ORIENTED_EDGE('',*,*,#3683,.F.);
#4842=ORIENTED_EDGE('',*,*,#3667,.T.);
#4843=ORIENTED_EDGE('',*,*,#3680,.F.);
#4844=ORIENTED_EDGE('',*,*,#3685,.F.);
#4845=ORIENTED_EDGE('',*,*,#3686,.F.);
#4846=ORIENTED_EDGE('',*,*,#3687,.F.);
#4847=ORIENTED_EDGE('',*,*,#3688,.T.);
#4848=ORIENTED_EDGE('',*,*,#3679,.F.);
#4849=ORIENTED_EDGE('',*,*,#3689,.F.);
#4850=ORIENTED_EDGE('',*,*,#3690,.F.);
#4851=ORIENTED_EDGE('',*,*,#3527,.F.);
#4852=ORIENTED_EDGE('',*,*,#3691,.F.);
#4853=ORIENTED_EDGE('',*,*,#3686,.T.);
#4854=ORIENTED_EDGE('',*,*,#3676,.T.);
#4855=ORIENTED_EDGE('',*,*,#3692,.T.);
#4856=ORIENTED_EDGE('',*,*,#3693,.T.);
#4857=ORIENTED_EDGE('',*,*,#3694,.F.);
#4858=ORIENTED_EDGE('',*,*,#3674,.T.);
#4859=ORIENTED_EDGE('',*,*,#3695,.T.);
#4860=ORIENTED_EDGE('',*,*,#3696,.T.);
#4861=ORIENTED_EDGE('',*,*,#3697,.T.);
#4862=ORIENTED_EDGE('',*,*,#3698,.T.);
#4863=ORIENTED_EDGE('',*,*,#3695,.F.);
#4864=ORIENTED_EDGE('',*,*,#3677,.T.);
#4865=ORIENTED_EDGE('',*,*,#3694,.T.);
#4866=ORIENTED_EDGE('',*,*,#3675,.T.);
#4867=ORIENTED_EDGE('',*,*,#3697,.F.);
#4868=ORIENTED_EDGE('',*,*,#3699,.T.);
#4869=ORIENTED_EDGE('',*,*,#3692,.F.);
#4870=ORIENTED_EDGE('',*,*,#3699,.F.);
#4871=ORIENTED_EDGE('',*,*,#3700,.F.);
#4872=ORIENTED_EDGE('',*,*,#3701,.F.);
#4873=ORIENTED_EDGE('',*,*,#3702,.T.);
#4874=ORIENTED_EDGE('',*,*,#3696,.F.);
#4875=ORIENTED_EDGE('',*,*,#3703,.F.);
#4876=ORIENTED_EDGE('',*,*,#3704,.F.);
#4877=ORIENTED_EDGE('',*,*,#3705,.F.);
#4878=ORIENTED_EDGE('',*,*,#3706,.F.);
#4879=ORIENTED_EDGE('',*,*,#3700,.T.);
#4880=ORIENTED_EDGE('',*,*,#3671,.T.);
#4881=ORIENTED_EDGE('',*,*,#3707,.T.);
#4882=ORIENTED_EDGE('',*,*,#3708,.T.);
#4883=ORIENTED_EDGE('',*,*,#3709,.T.);
#4884=ORIENTED_EDGE('',*,*,#3672,.T.);
#4885=ORIENTED_EDGE('',*,*,#3709,.F.);
#4886=ORIENTED_EDGE('',*,*,#3710,.T.);
#4887=ORIENTED_EDGE('',*,*,#3711,.T.);
#4888=ORIENTED_EDGE('',*,*,#3712,.T.);
#4889=ORIENTED_EDGE('',*,*,#3713,.T.);
#4890=ORIENTED_EDGE('',*,*,#3673,.T.);
#4891=ORIENTED_EDGE('',*,*,#3711,.F.);
#4892=ORIENTED_EDGE('',*,*,#3714,.T.);
#4893=ORIENTED_EDGE('',*,*,#3715,.T.);
#4894=ORIENTED_EDGE('',*,*,#3716,.T.);
#4895=ORIENTED_EDGE('',*,*,#3567,.F.);
#4896=ORIENTED_EDGE('',*,*,#3584,.T.);
#4897=ORIENTED_EDGE('',*,*,#3717,.T.);
#4898=ORIENTED_EDGE('',*,*,#3718,.T.);
#4899=ORIENTED_EDGE('',*,*,#3719,.T.);
#4900=ORIENTED_EDGE('',*,*,#3597,.T.);
#4901=ORIENTED_EDGE('',*,*,#3719,.F.);
#4902=ORIENTED_EDGE('',*,*,#3720,.T.);
#4903=ORIENTED_EDGE('',*,*,#3714,.F.);
#4904=ORIENTED_EDGE('',*,*,#3715,.F.);
#4905=ORIENTED_EDGE('',*,*,#3721,.F.);
#4906=ORIENTED_EDGE('',*,*,#3722,.T.);
#4907=ORIENTED_EDGE('',*,*,#3723,.F.);
#4908=ORIENTED_EDGE('',*,*,#3724,.F.);
#4909=ORIENTED_EDGE('',*,*,#3720,.F.);
#4910=ORIENTED_EDGE('',*,*,#3725,.T.);
#4911=ORIENTED_EDGE('',*,*,#3726,.F.);
#4912=ORIENTED_EDGE('',*,*,#3721,.T.);
#4913=ORIENTED_EDGE('',*,*,#3613,.F.);
#4914=ORIENTED_EDGE('',*,*,#3727,.T.);
#4915=ORIENTED_EDGE('',*,*,#3728,.F.);
#4916=ORIENTED_EDGE('',*,*,#3725,.F.);
#4917=ORIENTED_EDGE('',*,*,#3718,.F.);
#4918=ORIENTED_EDGE('',*,*,#3649,.F.);
#4919=ORIENTED_EDGE('',*,*,#3729,.T.);
#4920=ORIENTED_EDGE('',*,*,#3730,.T.);
#4921=ORIENTED_EDGE('',*,*,#3731,.T.);
#4922=ORIENTED_EDGE('',*,*,#3726,.T.);
#4923=ORIENTED_EDGE('',*,*,#3728,.T.);
#4924=ORIENTED_EDGE('',*,*,#3729,.F.);
#4925=ORIENTED_EDGE('',*,*,#3732,.T.);
#4926=ORIENTED_EDGE('',*,*,#3573,.F.);
#4927=ORIENTED_EDGE('',*,*,#3733,.T.);
#4928=ORIENTED_EDGE('',*,*,#3730,.F.);
#4929=ORIENTED_EDGE('',*,*,#3727,.F.);
#4930=ORIENTED_EDGE('',*,*,#3610,.F.);
#4931=ORIENTED_EDGE('',*,*,#3734,.T.);
#4932=ORIENTED_EDGE('',*,*,#3583,.F.);
#4933=ORIENTED_EDGE('',*,*,#3735,.T.);
#4934=ORIENTED_EDGE('',*,*,#3736,.T.);
#4935=ORIENTED_EDGE('',*,*,#3737,.T.);
#4936=ORIENTED_EDGE('',*,*,#3571,.F.);
#4937=ORIENTED_EDGE('',*,*,#3738,.T.);
#4938=ORIENTED_EDGE('',*,*,#3735,.F.);
#4939=ORIENTED_EDGE('',*,*,#3739,.T.);
#4940=ORIENTED_EDGE('',*,*,#3577,.F.);
#4941=ORIENTED_EDGE('',*,*,#3739,.F.);
#4942=ORIENTED_EDGE('',*,*,#3737,.F.);
#4943=ORIENTED_EDGE('',*,*,#3740,.T.);
#4944=ORIENTED_EDGE('',*,*,#3741,.T.);
#4945=ORIENTED_EDGE('',*,*,#3733,.F.);
#4946=ORIENTED_EDGE('',*,*,#3736,.F.);
#4947=ORIENTED_EDGE('',*,*,#3742,.T.);
#4948=ORIENTED_EDGE('',*,*,#3723,.T.);
#4949=ORIENTED_EDGE('',*,*,#3743,.T.);
#4950=ORIENTED_EDGE('',*,*,#3744,.T.);
#4951=ORIENTED_EDGE('',*,*,#3568,.F.);
#4952=ORIENTED_EDGE('',*,*,#3716,.F.);
#4953=ORIENTED_EDGE('',*,*,#3724,.T.);
#4954=ORIENTED_EDGE('',*,*,#3742,.F.);
#4955=ORIENTED_EDGE('',*,*,#3738,.F.);
#4956=ORIENTED_EDGE('',*,*,#3745,.F.);
#4957=ORIENTED_EDGE('',*,*,#3746,.F.);
#4958=ORIENTED_EDGE('',*,*,#3747,.F.);
#4959=ORIENTED_EDGE('',*,*,#3748,.T.);
#4960=ORIENTED_EDGE('',*,*,#3743,.F.);
#4961=ORIENTED_EDGE('',*,*,#3722,.F.);
#4962=ORIENTED_EDGE('',*,*,#3732,.F.);
#4963=ORIENTED_EDGE('',*,*,#3731,.F.);
#4964=ORIENTED_EDGE('',*,*,#3741,.F.);
#4965=ORIENTED_EDGE('',*,*,#3740,.F.);
#4966=ORIENTED_EDGE('',*,*,#3744,.F.);
#4967=ORIENTED_EDGE('',*,*,#3748,.F.);
#4968=ORIENTED_EDGE('',*,*,#3745,.T.);
#4969=ORIENTED_EDGE('',*,*,#3747,.T.);
#4970=ORIENTED_EDGE('',*,*,#3749,.F.);
#4971=ORIENTED_EDGE('',*,*,#3647,.T.);
#4972=ORIENTED_EDGE('',*,*,#3750,.F.);
#4973=ORIENTED_EDGE('',*,*,#3751,.F.);
#4974=ORIENTED_EDGE('',*,*,#3752,.F.);
#4975=ORIENTED_EDGE('',*,*,#3520,.F.);
#4976=ORIENTED_EDGE('',*,*,#3753,.F.);
#4977=ORIENTED_EDGE('',*,*,#3754,.T.);
#4978=ORIENTED_EDGE('',*,*,#3529,.T.);
#4979=ORIENTED_EDGE('',*,*,#3523,.F.);
#4980=ORIENTED_EDGE('',*,*,#3528,.F.);
#4981=ORIENTED_EDGE('',*,*,#3755,.F.);
#4982=ORIENTED_EDGE('',*,*,#3753,.T.);
#4983=ORIENTED_EDGE('',*,*,#3755,.T.);
#4984=ORIENTED_EDGE('',*,*,#3690,.T.);
#4985=ORIENTED_EDGE('',*,*,#3756,.T.);
#4986=ORIENTED_EDGE('',*,*,#3757,.T.);
#4987=ORIENTED_EDGE('',*,*,#3554,.F.);
#4988=ORIENTED_EDGE('',*,*,#3758,.F.);
#4989=ORIENTED_EDGE('',*,*,#3759,.F.);
#4990=ORIENTED_EDGE('',*,*,#3563,.T.);
#4991=ORIENTED_EDGE('',*,*,#3557,.F.);
#4992=ORIENTED_EDGE('',*,*,#3562,.F.);
#4993=ORIENTED_EDGE('',*,*,#3760,.F.);
#4994=ORIENTED_EDGE('',*,*,#3758,.T.);
#4995=ORIENTED_EDGE('',*,*,#3561,.T.);
#4996=ORIENTED_EDGE('',*,*,#3761,.F.);
#4997=ORIENTED_EDGE('',*,*,#3762,.F.);
#4998=ORIENTED_EDGE('',*,*,#3763,.F.);
#4999=ORIENTED_EDGE('',*,*,#3759,.T.);
#5000=ORIENTED_EDGE('',*,*,#3764,.F.);
#5001=ORIENTED_EDGE('',*,*,#3765,.F.);
#5002=ORIENTED_EDGE('',*,*,#3766,.F.);
#5003=ORIENTED_EDGE('',*,*,#3503,.F.);
#5004=ORIENTED_EDGE('',*,*,#3767,.F.);
#5005=ORIENTED_EDGE('',*,*,#3768,.F.);
#5006=ORIENTED_EDGE('',*,*,#3512,.T.);
#5007=ORIENTED_EDGE('',*,*,#3506,.F.);
#5008=ORIENTED_EDGE('',*,*,#3511,.F.);
#5009=ORIENTED_EDGE('',*,*,#3640,.F.);
#5010=ORIENTED_EDGE('',*,*,#3767,.T.);
#5011=ORIENTED_EDGE('',*,*,#3510,.T.);
#5012=ORIENTED_EDGE('',*,*,#3769,.F.);
#5013=ORIENTED_EDGE('',*,*,#3636,.F.);
#5014=ORIENTED_EDGE('',*,*,#3641,.F.);
#5015=ORIENTED_EDGE('',*,*,#3768,.T.);
#5016=ORIENTED_EDGE('',*,*,#3639,.F.);
#5017=ORIENTED_EDGE('',*,*,#3770,.F.);
#5018=ORIENTED_EDGE('',*,*,#3771,.F.);
#5019=ORIENTED_EDGE('',*,*,#3537,.F.);
#5020=ORIENTED_EDGE('',*,*,#3772,.F.);
#5021=ORIENTED_EDGE('',*,*,#3773,.F.);
#5022=ORIENTED_EDGE('',*,*,#3546,.T.);
#5023=ORIENTED_EDGE('',*,*,#3540,.F.);
#5024=ORIENTED_EDGE('',*,*,#3545,.F.);
#5025=ORIENTED_EDGE('',*,*,#3705,.T.);
#5026=ORIENTED_EDGE('',*,*,#3772,.T.);
#5027=ORIENTED_EDGE('',*,*,#3544,.T.);
#5028=ORIENTED_EDGE('',*,*,#3774,.T.);
#5029=ORIENTED_EDGE('',*,*,#3701,.T.);
#5030=ORIENTED_EDGE('',*,*,#3706,.T.);
#5031=ORIENTED_EDGE('',*,*,#3773,.T.);
#5032=ORIENTED_EDGE('',*,*,#3704,.T.);
#5033=ORIENTED_EDGE('',*,*,#3775,.T.);
#5034=ORIENTED_EDGE('',*,*,#3776,.T.);
#5035=ORIENTED_EDGE('',*,*,#3634,.F.);
#5036=ORIENTED_EDGE('',*,*,#3637,.F.);
#5037=ORIENTED_EDGE('',*,*,#3769,.T.);
#5038=ORIENTED_EDGE('',*,*,#3513,.T.);
#5039=ORIENTED_EDGE('',*,*,#3771,.T.);
#5040=ORIENTED_EDGE('',*,*,#3777,.T.);
#5041=ORIENTED_EDGE('',*,*,#3627,.F.);
#5042=ORIENTED_EDGE('',*,*,#3777,.F.);
#5043=ORIENTED_EDGE('',*,*,#3770,.T.);
#5044=ORIENTED_EDGE('',*,*,#3638,.T.);
#5045=ORIENTED_EDGE('',*,*,#3530,.T.);
#5046=ORIENTED_EDGE('',*,*,#3778,.T.);
#5047=ORIENTED_EDGE('',*,*,#3687,.T.);
#5048=ORIENTED_EDGE('',*,*,#3691,.T.);
#5049=ORIENTED_EDGE('',*,*,#3682,.F.);
#5050=ORIENTED_EDGE('',*,*,#3779,.F.);
#5051=ORIENTED_EDGE('',*,*,#3756,.F.);
#5052=ORIENTED_EDGE('',*,*,#3689,.T.);
#5053=ORIENTED_EDGE('',*,*,#3684,.F.);
#5054=ORIENTED_EDGE('',*,*,#3688,.F.);
#5055=ORIENTED_EDGE('',*,*,#3778,.F.);
#5056=ORIENTED_EDGE('',*,*,#3754,.F.);
#5057=ORIENTED_EDGE('',*,*,#3757,.F.);
#5058=ORIENTED_EDGE('',*,*,#3779,.T.);
#5059=ORIENTED_EDGE('',*,*,#3698,.F.);
#5060=ORIENTED_EDGE('',*,*,#3780,.F.);
#5061=ORIENTED_EDGE('',*,*,#3775,.F.);
#5062=ORIENTED_EDGE('',*,*,#3703,.T.);
#5063=ORIENTED_EDGE('',*,*,#3693,.F.);
#5064=ORIENTED_EDGE('',*,*,#3702,.F.);
#5065=ORIENTED_EDGE('',*,*,#3774,.F.);
#5066=ORIENTED_EDGE('',*,*,#3547,.F.);
#5067=ORIENTED_EDGE('',*,*,#3776,.F.);
#5068=ORIENTED_EDGE('',*,*,#3780,.T.);
#5069=ORIENTED_EDGE('',*,*,#3708,.F.);
#5070=ORIENTED_EDGE('',*,*,#3781,.F.);
#5071=ORIENTED_EDGE('',*,*,#3765,.T.);
#5072=ORIENTED_EDGE('',*,*,#3782,.T.);
#5073=ORIENTED_EDGE('',*,*,#3710,.F.);
#5074=ORIENTED_EDGE('',*,*,#3782,.F.);
#5075=ORIENTED_EDGE('',*,*,#3764,.T.);
#5076=ORIENTED_EDGE('',*,*,#3760,.T.);
#5077=ORIENTED_EDGE('',*,*,#3763,.T.);
#5078=ORIENTED_EDGE('',*,*,#3783,.T.);
#5079=ORIENTED_EDGE('',*,*,#3712,.F.);
#5080=ORIENTED_EDGE('',*,*,#3783,.F.);
#5081=ORIENTED_EDGE('',*,*,#3762,.T.);
#5082=ORIENTED_EDGE('',*,*,#3784,.T.);
#5083=ORIENTED_EDGE('',*,*,#3761,.T.);
#5084=ORIENTED_EDGE('',*,*,#3564,.T.);
#5085=ORIENTED_EDGE('',*,*,#3766,.T.);
#5086=ORIENTED_EDGE('',*,*,#3781,.T.);
#5087=ORIENTED_EDGE('',*,*,#3707,.F.);
#5088=ORIENTED_EDGE('',*,*,#3670,.F.);
#5089=ORIENTED_EDGE('',*,*,#3713,.F.);
#5090=ORIENTED_EDGE('',*,*,#3784,.F.);
#5091=ORIENTED_EDGE('',*,*,#3785,.F.);
#5092=ORIENTED_EDGE('',*,*,#3786,.T.);
#5093=ORIENTED_EDGE('',*,*,#3787,.T.);
#5094=ORIENTED_EDGE('',*,*,#3788,.F.);
#5095=ORIENTED_EDGE('',*,*,#3789,.F.);
#5096=ORIENTED_EDGE('',*,*,#3790,.T.);
#5097=ORIENTED_EDGE('',*,*,#3791,.T.);
#5098=ORIENTED_EDGE('',*,*,#3786,.F.);
#5099=ORIENTED_EDGE('',*,*,#3792,.F.);
#5100=ORIENTED_EDGE('',*,*,#3793,.T.);
#5101=ORIENTED_EDGE('',*,*,#3794,.T.);
#5102=ORIENTED_EDGE('',*,*,#3790,.F.);
#5103=ORIENTED_EDGE('',*,*,#3795,.F.);
#5104=ORIENTED_EDGE('',*,*,#3796,.T.);
#5105=ORIENTED_EDGE('',*,*,#3797,.T.);
#5106=ORIENTED_EDGE('',*,*,#3793,.F.);
#5107=ORIENTED_EDGE('',*,*,#3798,.F.);
#5108=ORIENTED_EDGE('',*,*,#3799,.T.);
#5109=ORIENTED_EDGE('',*,*,#3800,.T.);
#5110=ORIENTED_EDGE('',*,*,#3796,.F.);
#5111=ORIENTED_EDGE('',*,*,#3801,.F.);
#5112=ORIENTED_EDGE('',*,*,#3802,.T.);
#5113=ORIENTED_EDGE('',*,*,#3803,.T.);
#5114=ORIENTED_EDGE('',*,*,#3799,.F.);
#5115=ORIENTED_EDGE('',*,*,#3804,.F.);
#5116=ORIENTED_EDGE('',*,*,#3805,.T.);
#5117=ORIENTED_EDGE('',*,*,#3806,.T.);
#5118=ORIENTED_EDGE('',*,*,#3802,.F.);
#5119=ORIENTED_EDGE('',*,*,#3807,.F.);
#5120=ORIENTED_EDGE('',*,*,#3808,.T.);
#5121=ORIENTED_EDGE('',*,*,#3809,.T.);
#5122=ORIENTED_EDGE('',*,*,#3805,.F.);
#5123=ORIENTED_EDGE('',*,*,#3810,.F.);
#5124=ORIENTED_EDGE('',*,*,#3811,.T.);
#5125=ORIENTED_EDGE('',*,*,#3812,.T.);
#5126=ORIENTED_EDGE('',*,*,#3808,.F.);
#5127=ORIENTED_EDGE('',*,*,#3813,.F.);
#5128=ORIENTED_EDGE('',*,*,#3814,.T.);
#5129=ORIENTED_EDGE('',*,*,#3815,.T.);
#5130=ORIENTED_EDGE('',*,*,#3811,.F.);
#5131=ORIENTED_EDGE('',*,*,#3816,.F.);
#5132=ORIENTED_EDGE('',*,*,#3817,.T.);
#5133=ORIENTED_EDGE('',*,*,#3818,.T.);
#5134=ORIENTED_EDGE('',*,*,#3814,.F.);
#5135=ORIENTED_EDGE('',*,*,#3819,.F.);
#5136=ORIENTED_EDGE('',*,*,#3820,.T.);
#5137=ORIENTED_EDGE('',*,*,#3821,.T.);
#5138=ORIENTED_EDGE('',*,*,#3817,.F.);
#5139=ORIENTED_EDGE('',*,*,#3822,.F.);
#5140=ORIENTED_EDGE('',*,*,#3823,.T.);
#5141=ORIENTED_EDGE('',*,*,#3824,.T.);
#5142=ORIENTED_EDGE('',*,*,#3820,.F.);
#5143=ORIENTED_EDGE('',*,*,#3825,.F.);
#5144=ORIENTED_EDGE('',*,*,#3826,.T.);
#5145=ORIENTED_EDGE('',*,*,#3827,.T.);
#5146=ORIENTED_EDGE('',*,*,#3823,.F.);
#5147=ORIENTED_EDGE('',*,*,#3828,.F.);
#5148=ORIENTED_EDGE('',*,*,#3829,.T.);
#5149=ORIENTED_EDGE('',*,*,#3830,.T.);
#5150=ORIENTED_EDGE('',*,*,#3826,.F.);
#5151=ORIENTED_EDGE('',*,*,#3831,.F.);
#5152=ORIENTED_EDGE('',*,*,#3832,.T.);
#5153=ORIENTED_EDGE('',*,*,#3833,.T.);
#5154=ORIENTED_EDGE('',*,*,#3829,.F.);
#5155=ORIENTED_EDGE('',*,*,#3834,.F.);
#5156=ORIENTED_EDGE('',*,*,#3788,.T.);
#5157=ORIENTED_EDGE('',*,*,#3835,.T.);
#5158=ORIENTED_EDGE('',*,*,#3832,.F.);
#5159=ORIENTED_EDGE('',*,*,#3835,.F.);
#5160=ORIENTED_EDGE('',*,*,#3787,.F.);
#5161=ORIENTED_EDGE('',*,*,#3791,.F.);
#5162=ORIENTED_EDGE('',*,*,#3794,.F.);
#5163=ORIENTED_EDGE('',*,*,#3797,.F.);
#5164=ORIENTED_EDGE('',*,*,#3800,.F.);
#5165=ORIENTED_EDGE('',*,*,#3803,.F.);
#5166=ORIENTED_EDGE('',*,*,#3806,.F.);
#5167=ORIENTED_EDGE('',*,*,#3809,.F.);
#5168=ORIENTED_EDGE('',*,*,#3812,.F.);
#5169=ORIENTED_EDGE('',*,*,#3815,.F.);
#5170=ORIENTED_EDGE('',*,*,#3818,.F.);
#5171=ORIENTED_EDGE('',*,*,#3821,.F.);
#5172=ORIENTED_EDGE('',*,*,#3824,.F.);
#5173=ORIENTED_EDGE('',*,*,#3827,.F.);
#5174=ORIENTED_EDGE('',*,*,#3830,.F.);
#5175=ORIENTED_EDGE('',*,*,#3833,.F.);
#5176=ORIENTED_EDGE('',*,*,#3836,.F.);
#5177=ORIENTED_EDGE('',*,*,#3837,.T.);
#5178=ORIENTED_EDGE('',*,*,#3838,.T.);
#5179=ORIENTED_EDGE('',*,*,#3839,.F.);
#5180=ORIENTED_EDGE('',*,*,#3840,.F.);
#5181=ORIENTED_EDGE('',*,*,#3841,.T.);
#5182=ORIENTED_EDGE('',*,*,#3842,.T.);
#5183=ORIENTED_EDGE('',*,*,#3837,.F.);
#5184=ORIENTED_EDGE('',*,*,#3843,.F.);
#5185=ORIENTED_EDGE('',*,*,#3844,.T.);
#5186=ORIENTED_EDGE('',*,*,#3845,.T.);
#5187=ORIENTED_EDGE('',*,*,#3841,.F.);
#5188=ORIENTED_EDGE('',*,*,#3846,.F.);
#5189=ORIENTED_EDGE('',*,*,#3847,.T.);
#5190=ORIENTED_EDGE('',*,*,#3848,.T.);
#5191=ORIENTED_EDGE('',*,*,#3844,.F.);
#5192=ORIENTED_EDGE('',*,*,#3849,.F.);
#5193=ORIENTED_EDGE('',*,*,#3850,.T.);
#5194=ORIENTED_EDGE('',*,*,#3851,.T.);
#5195=ORIENTED_EDGE('',*,*,#3847,.F.);
#5196=ORIENTED_EDGE('',*,*,#3852,.F.);
#5197=ORIENTED_EDGE('',*,*,#3853,.T.);
#5198=ORIENTED_EDGE('',*,*,#3854,.T.);
#5199=ORIENTED_EDGE('',*,*,#3850,.F.);
#5200=ORIENTED_EDGE('',*,*,#3855,.F.);
#5201=ORIENTED_EDGE('',*,*,#3856,.T.);
#5202=ORIENTED_EDGE('',*,*,#3857,.T.);
#5203=ORIENTED_EDGE('',*,*,#3853,.F.);
#5204=ORIENTED_EDGE('',*,*,#3858,.F.);
#5205=ORIENTED_EDGE('',*,*,#3859,.T.);
#5206=ORIENTED_EDGE('',*,*,#3860,.T.);
#5207=ORIENTED_EDGE('',*,*,#3856,.F.);
#5208=ORIENTED_EDGE('',*,*,#3861,.F.);
#5209=ORIENTED_EDGE('',*,*,#3862,.T.);
#5210=ORIENTED_EDGE('',*,*,#3863,.T.);
#5211=ORIENTED_EDGE('',*,*,#3859,.F.);
#5212=ORIENTED_EDGE('',*,*,#3864,.F.);
#5213=ORIENTED_EDGE('',*,*,#3865,.T.);
#5214=ORIENTED_EDGE('',*,*,#3866,.T.);
#5215=ORIENTED_EDGE('',*,*,#3862,.F.);
#5216=ORIENTED_EDGE('',*,*,#3867,.F.);
#5217=ORIENTED_EDGE('',*,*,#3868,.T.);
#5218=ORIENTED_EDGE('',*,*,#3869,.T.);
#5219=ORIENTED_EDGE('',*,*,#3865,.F.);
#5220=ORIENTED_EDGE('',*,*,#3870,.F.);
#5221=ORIENTED_EDGE('',*,*,#3871,.T.);
#5222=ORIENTED_EDGE('',*,*,#3872,.T.);
#5223=ORIENTED_EDGE('',*,*,#3868,.F.);
#5224=ORIENTED_EDGE('',*,*,#3873,.F.);
#5225=ORIENTED_EDGE('',*,*,#3839,.T.);
#5226=ORIENTED_EDGE('',*,*,#3874,.T.);
#5227=ORIENTED_EDGE('',*,*,#3871,.F.);
#5228=ORIENTED_EDGE('',*,*,#3874,.F.);
#5229=ORIENTED_EDGE('',*,*,#3838,.F.);
#5230=ORIENTED_EDGE('',*,*,#3842,.F.);
#5231=ORIENTED_EDGE('',*,*,#3845,.F.);
#5232=ORIENTED_EDGE('',*,*,#3848,.F.);
#5233=ORIENTED_EDGE('',*,*,#3851,.F.);
#5234=ORIENTED_EDGE('',*,*,#3854,.F.);
#5235=ORIENTED_EDGE('',*,*,#3857,.F.);
#5236=ORIENTED_EDGE('',*,*,#3860,.F.);
#5237=ORIENTED_EDGE('',*,*,#3863,.F.);
#5238=ORIENTED_EDGE('',*,*,#3866,.F.);
#5239=ORIENTED_EDGE('',*,*,#3869,.F.);
#5240=ORIENTED_EDGE('',*,*,#3872,.F.);
#5241=ORIENTED_EDGE('',*,*,#3875,.F.);
#5242=ORIENTED_EDGE('',*,*,#3876,.T.);
#5243=ORIENTED_EDGE('',*,*,#3877,.T.);
#5244=ORIENTED_EDGE('',*,*,#3878,.F.);
#5245=ORIENTED_EDGE('',*,*,#3879,.F.);
#5246=ORIENTED_EDGE('',*,*,#3880,.T.);
#5247=ORIENTED_EDGE('',*,*,#3881,.T.);
#5248=ORIENTED_EDGE('',*,*,#3876,.F.);
#5249=ORIENTED_EDGE('',*,*,#3882,.F.);
#5250=ORIENTED_EDGE('',*,*,#3883,.T.);
#5251=ORIENTED_EDGE('',*,*,#3884,.T.);
#5252=ORIENTED_EDGE('',*,*,#3880,.F.);
#5253=ORIENTED_EDGE('',*,*,#3885,.F.);
#5254=ORIENTED_EDGE('',*,*,#3886,.T.);
#5255=ORIENTED_EDGE('',*,*,#3887,.T.);
#5256=ORIENTED_EDGE('',*,*,#3883,.F.);
#5257=ORIENTED_EDGE('',*,*,#3888,.F.);
#5258=ORIENTED_EDGE('',*,*,#3889,.T.);
#5259=ORIENTED_EDGE('',*,*,#3890,.T.);
#5260=ORIENTED_EDGE('',*,*,#3886,.F.);
#5261=ORIENTED_EDGE('',*,*,#3891,.F.);
#5262=ORIENTED_EDGE('',*,*,#3892,.T.);
#5263=ORIENTED_EDGE('',*,*,#3893,.T.);
#5264=ORIENTED_EDGE('',*,*,#3889,.F.);
#5265=ORIENTED_EDGE('',*,*,#3894,.F.);
#5266=ORIENTED_EDGE('',*,*,#3895,.T.);
#5267=ORIENTED_EDGE('',*,*,#3896,.T.);
#5268=ORIENTED_EDGE('',*,*,#3892,.F.);
#5269=ORIENTED_EDGE('',*,*,#3897,.F.);
#5270=ORIENTED_EDGE('',*,*,#3898,.T.);
#5271=ORIENTED_EDGE('',*,*,#3899,.T.);
#5272=ORIENTED_EDGE('',*,*,#3895,.F.);
#5273=ORIENTED_EDGE('',*,*,#3900,.F.);
#5274=ORIENTED_EDGE('',*,*,#3901,.T.);
#5275=ORIENTED_EDGE('',*,*,#3902,.T.);
#5276=ORIENTED_EDGE('',*,*,#3898,.F.);
#5277=ORIENTED_EDGE('',*,*,#3903,.F.);
#5278=ORIENTED_EDGE('',*,*,#3904,.T.);
#5279=ORIENTED_EDGE('',*,*,#3905,.T.);
#5280=ORIENTED_EDGE('',*,*,#3901,.F.);
#5281=ORIENTED_EDGE('',*,*,#3906,.F.);
#5282=ORIENTED_EDGE('',*,*,#3907,.T.);
#5283=ORIENTED_EDGE('',*,*,#3908,.T.);
#5284=ORIENTED_EDGE('',*,*,#3904,.F.);
#5285=ORIENTED_EDGE('',*,*,#3909,.F.);
#5286=ORIENTED_EDGE('',*,*,#3910,.T.);
#5287=ORIENTED_EDGE('',*,*,#3911,.T.);
#5288=ORIENTED_EDGE('',*,*,#3907,.F.);
#5289=ORIENTED_EDGE('',*,*,#3912,.F.);
#5290=ORIENTED_EDGE('',*,*,#3913,.T.);
#5291=ORIENTED_EDGE('',*,*,#3914,.T.);
#5292=ORIENTED_EDGE('',*,*,#3910,.F.);
#5293=ORIENTED_EDGE('',*,*,#3915,.F.);
#5294=ORIENTED_EDGE('',*,*,#3916,.T.);
#5295=ORIENTED_EDGE('',*,*,#3917,.T.);
#5296=ORIENTED_EDGE('',*,*,#3913,.F.);
#5297=ORIENTED_EDGE('',*,*,#3918,.F.);
#5298=ORIENTED_EDGE('',*,*,#3919,.T.);
#5299=ORIENTED_EDGE('',*,*,#3920,.T.);
#5300=ORIENTED_EDGE('',*,*,#3916,.F.);
#5301=ORIENTED_EDGE('',*,*,#3921,.F.);
#5302=ORIENTED_EDGE('',*,*,#3922,.T.);
#5303=ORIENTED_EDGE('',*,*,#3923,.T.);
#5304=ORIENTED_EDGE('',*,*,#3919,.F.);
#5305=ORIENTED_EDGE('',*,*,#3924,.F.);
#5306=ORIENTED_EDGE('',*,*,#3925,.T.);
#5307=ORIENTED_EDGE('',*,*,#3926,.T.);
#5308=ORIENTED_EDGE('',*,*,#3922,.F.);
#5309=ORIENTED_EDGE('',*,*,#3927,.F.);
#5310=ORIENTED_EDGE('',*,*,#3928,.T.);
#5311=ORIENTED_EDGE('',*,*,#3929,.T.);
#5312=ORIENTED_EDGE('',*,*,#3925,.F.);
#5313=ORIENTED_EDGE('',*,*,#3930,.F.);
#5314=ORIENTED_EDGE('',*,*,#3931,.T.);
#5315=ORIENTED_EDGE('',*,*,#3932,.T.);
#5316=ORIENTED_EDGE('',*,*,#3928,.F.);
#5317=ORIENTED_EDGE('',*,*,#3933,.F.);
#5318=ORIENTED_EDGE('',*,*,#3934,.T.);
#5319=ORIENTED_EDGE('',*,*,#3935,.T.);
#5320=ORIENTED_EDGE('',*,*,#3931,.F.);
#5321=ORIENTED_EDGE('',*,*,#3936,.F.);
#5322=ORIENTED_EDGE('',*,*,#3937,.T.);
#5323=ORIENTED_EDGE('',*,*,#3938,.T.);
#5324=ORIENTED_EDGE('',*,*,#3934,.F.);
#5325=ORIENTED_EDGE('',*,*,#3939,.F.);
#5326=ORIENTED_EDGE('',*,*,#3878,.T.);
#5327=ORIENTED_EDGE('',*,*,#3940,.T.);
#5328=ORIENTED_EDGE('',*,*,#3937,.F.);
#5329=ORIENTED_EDGE('',*,*,#3940,.F.);
#5330=ORIENTED_EDGE('',*,*,#3877,.F.);
#5331=ORIENTED_EDGE('',*,*,#3881,.F.);
#5332=ORIENTED_EDGE('',*,*,#3884,.F.);
#5333=ORIENTED_EDGE('',*,*,#3887,.F.);
#5334=ORIENTED_EDGE('',*,*,#3890,.F.);
#5335=ORIENTED_EDGE('',*,*,#3893,.F.);
#5336=ORIENTED_EDGE('',*,*,#3896,.F.);
#5337=ORIENTED_EDGE('',*,*,#3899,.F.);
#5338=ORIENTED_EDGE('',*,*,#3902,.F.);
#5339=ORIENTED_EDGE('',*,*,#3905,.F.);
#5340=ORIENTED_EDGE('',*,*,#3908,.F.);
#5341=ORIENTED_EDGE('',*,*,#3911,.F.);
#5342=ORIENTED_EDGE('',*,*,#3914,.F.);
#5343=ORIENTED_EDGE('',*,*,#3917,.F.);
#5344=ORIENTED_EDGE('',*,*,#3920,.F.);
#5345=ORIENTED_EDGE('',*,*,#3923,.F.);
#5346=ORIENTED_EDGE('',*,*,#3926,.F.);
#5347=ORIENTED_EDGE('',*,*,#3929,.F.);
#5348=ORIENTED_EDGE('',*,*,#3932,.F.);
#5349=ORIENTED_EDGE('',*,*,#3935,.F.);
#5350=ORIENTED_EDGE('',*,*,#3938,.F.);
#5351=ORIENTED_EDGE('',*,*,#3941,.F.);
#5352=ORIENTED_EDGE('',*,*,#3942,.T.);
#5353=ORIENTED_EDGE('',*,*,#3943,.T.);
#5354=ORIENTED_EDGE('',*,*,#3944,.F.);
#5355=ORIENTED_EDGE('',*,*,#3945,.F.);
#5356=ORIENTED_EDGE('',*,*,#3946,.T.);
#5357=ORIENTED_EDGE('',*,*,#3947,.T.);
#5358=ORIENTED_EDGE('',*,*,#3942,.F.);
#5359=ORIENTED_EDGE('',*,*,#3948,.F.);
#5360=ORIENTED_EDGE('',*,*,#3949,.T.);
#5361=ORIENTED_EDGE('',*,*,#3950,.T.);
#5362=ORIENTED_EDGE('',*,*,#3946,.F.);
#5363=ORIENTED_EDGE('',*,*,#3951,.F.);
#5364=ORIENTED_EDGE('',*,*,#3952,.T.);
#5365=ORIENTED_EDGE('',*,*,#3953,.T.);
#5366=ORIENTED_EDGE('',*,*,#3949,.F.);
#5367=ORIENTED_EDGE('',*,*,#3954,.F.);
#5368=ORIENTED_EDGE('',*,*,#3955,.T.);
#5369=ORIENTED_EDGE('',*,*,#3956,.T.);
#5370=ORIENTED_EDGE('',*,*,#3952,.F.);
#5371=ORIENTED_EDGE('',*,*,#3957,.F.);
#5372=ORIENTED_EDGE('',*,*,#3958,.T.);
#5373=ORIENTED_EDGE('',*,*,#3959,.T.);
#5374=ORIENTED_EDGE('',*,*,#3955,.F.);
#5375=ORIENTED_EDGE('',*,*,#3960,.F.);
#5376=ORIENTED_EDGE('',*,*,#3961,.T.);
#5377=ORIENTED_EDGE('',*,*,#3962,.T.);
#5378=ORIENTED_EDGE('',*,*,#3958,.F.);
#5379=ORIENTED_EDGE('',*,*,#3963,.F.);
#5380=ORIENTED_EDGE('',*,*,#3964,.T.);
#5381=ORIENTED_EDGE('',*,*,#3965,.T.);
#5382=ORIENTED_EDGE('',*,*,#3961,.F.);
#5383=ORIENTED_EDGE('',*,*,#3966,.F.);
#5384=ORIENTED_EDGE('',*,*,#3967,.T.);
#5385=ORIENTED_EDGE('',*,*,#3968,.T.);
#5386=ORIENTED_EDGE('',*,*,#3964,.F.);
#5387=ORIENTED_EDGE('',*,*,#3969,.F.);
#5388=ORIENTED_EDGE('',*,*,#3970,.T.);
#5389=ORIENTED_EDGE('',*,*,#3971,.T.);
#5390=ORIENTED_EDGE('',*,*,#3967,.F.);
#5391=ORIENTED_EDGE('',*,*,#3972,.F.);
#5392=ORIENTED_EDGE('',*,*,#3973,.T.);
#5393=ORIENTED_EDGE('',*,*,#3974,.T.);
#5394=ORIENTED_EDGE('',*,*,#3970,.F.);
#5395=ORIENTED_EDGE('',*,*,#3975,.F.);
#5396=ORIENTED_EDGE('',*,*,#3976,.T.);
#5397=ORIENTED_EDGE('',*,*,#3977,.T.);
#5398=ORIENTED_EDGE('',*,*,#3973,.F.);
#5399=ORIENTED_EDGE('',*,*,#3978,.F.);
#5400=ORIENTED_EDGE('',*,*,#3979,.T.);
#5401=ORIENTED_EDGE('',*,*,#3980,.T.);
#5402=ORIENTED_EDGE('',*,*,#3976,.F.);
#5403=ORIENTED_EDGE('',*,*,#3981,.F.);
#5404=ORIENTED_EDGE('',*,*,#3982,.T.);
#5405=ORIENTED_EDGE('',*,*,#3983,.T.);
#5406=ORIENTED_EDGE('',*,*,#3979,.F.);
#5407=ORIENTED_EDGE('',*,*,#3984,.F.);
#5408=ORIENTED_EDGE('',*,*,#3985,.T.);
#5409=ORIENTED_EDGE('',*,*,#3986,.T.);
#5410=ORIENTED_EDGE('',*,*,#3982,.F.);
#5411=ORIENTED_EDGE('',*,*,#3987,.F.);
#5412=ORIENTED_EDGE('',*,*,#3988,.T.);
#5413=ORIENTED_EDGE('',*,*,#3989,.T.);
#5414=ORIENTED_EDGE('',*,*,#3985,.F.);
#5415=ORIENTED_EDGE('',*,*,#3990,.F.);
#5416=ORIENTED_EDGE('',*,*,#3944,.T.);
#5417=ORIENTED_EDGE('',*,*,#3991,.T.);
#5418=ORIENTED_EDGE('',*,*,#3988,.F.);
#5419=ORIENTED_EDGE('',*,*,#3991,.F.);
#5420=ORIENTED_EDGE('',*,*,#3943,.F.);
#5421=ORIENTED_EDGE('',*,*,#3947,.F.);
#5422=ORIENTED_EDGE('',*,*,#3950,.F.);
#5423=ORIENTED_EDGE('',*,*,#3953,.F.);
#5424=ORIENTED_EDGE('',*,*,#3956,.F.);
#5425=ORIENTED_EDGE('',*,*,#3959,.F.);
#5426=ORIENTED_EDGE('',*,*,#3962,.F.);
#5427=ORIENTED_EDGE('',*,*,#3965,.F.);
#5428=ORIENTED_EDGE('',*,*,#3968,.F.);
#5429=ORIENTED_EDGE('',*,*,#3971,.F.);
#5430=ORIENTED_EDGE('',*,*,#3974,.F.);
#5431=ORIENTED_EDGE('',*,*,#3977,.F.);
#5432=ORIENTED_EDGE('',*,*,#3980,.F.);
#5433=ORIENTED_EDGE('',*,*,#3983,.F.);
#5434=ORIENTED_EDGE('',*,*,#3986,.F.);
#5435=ORIENTED_EDGE('',*,*,#3989,.F.);
#5436=ORIENTED_EDGE('',*,*,#3992,.F.);
#5437=ORIENTED_EDGE('',*,*,#3993,.T.);
#5438=ORIENTED_EDGE('',*,*,#3994,.T.);
#5439=ORIENTED_EDGE('',*,*,#3995,.F.);
#5440=ORIENTED_EDGE('',*,*,#3996,.F.);
#5441=ORIENTED_EDGE('',*,*,#3997,.T.);
#5442=ORIENTED_EDGE('',*,*,#3998,.T.);
#5443=ORIENTED_EDGE('',*,*,#3993,.F.);
#5444=ORIENTED_EDGE('',*,*,#3999,.F.);
#5445=ORIENTED_EDGE('',*,*,#4000,.T.);
#5446=ORIENTED_EDGE('',*,*,#4001,.T.);
#5447=ORIENTED_EDGE('',*,*,#3997,.F.);
#5448=ORIENTED_EDGE('',*,*,#4002,.F.);
#5449=ORIENTED_EDGE('',*,*,#4003,.T.);
#5450=ORIENTED_EDGE('',*,*,#4004,.T.);
#5451=ORIENTED_EDGE('',*,*,#4000,.F.);
#5452=ORIENTED_EDGE('',*,*,#4005,.F.);
#5453=ORIENTED_EDGE('',*,*,#4006,.T.);
#5454=ORIENTED_EDGE('',*,*,#4007,.T.);
#5455=ORIENTED_EDGE('',*,*,#4003,.F.);
#5456=ORIENTED_EDGE('',*,*,#4008,.F.);
#5457=ORIENTED_EDGE('',*,*,#4009,.T.);
#5458=ORIENTED_EDGE('',*,*,#4010,.T.);
#5459=ORIENTED_EDGE('',*,*,#4006,.F.);
#5460=ORIENTED_EDGE('',*,*,#4011,.F.);
#5461=ORIENTED_EDGE('',*,*,#4012,.T.);
#5462=ORIENTED_EDGE('',*,*,#4013,.T.);
#5463=ORIENTED_EDGE('',*,*,#4009,.F.);
#5464=ORIENTED_EDGE('',*,*,#4014,.F.);
#5465=ORIENTED_EDGE('',*,*,#4015,.T.);
#5466=ORIENTED_EDGE('',*,*,#4016,.T.);
#5467=ORIENTED_EDGE('',*,*,#4012,.F.);
#5468=ORIENTED_EDGE('',*,*,#4017,.F.);
#5469=ORIENTED_EDGE('',*,*,#4018,.T.);
#5470=ORIENTED_EDGE('',*,*,#4019,.T.);
#5471=ORIENTED_EDGE('',*,*,#4015,.F.);
#5472=ORIENTED_EDGE('',*,*,#4020,.F.);
#5473=ORIENTED_EDGE('',*,*,#4021,.T.);
#5474=ORIENTED_EDGE('',*,*,#4022,.T.);
#5475=ORIENTED_EDGE('',*,*,#4018,.F.);
#5476=ORIENTED_EDGE('',*,*,#4023,.F.);
#5477=ORIENTED_EDGE('',*,*,#4024,.T.);
#5478=ORIENTED_EDGE('',*,*,#4025,.T.);
#5479=ORIENTED_EDGE('',*,*,#4021,.F.);
#5480=ORIENTED_EDGE('',*,*,#4026,.F.);
#5481=ORIENTED_EDGE('',*,*,#4027,.T.);
#5482=ORIENTED_EDGE('',*,*,#4028,.T.);
#5483=ORIENTED_EDGE('',*,*,#4024,.F.);
#5484=ORIENTED_EDGE('',*,*,#4029,.F.);
#5485=ORIENTED_EDGE('',*,*,#4030,.T.);
#5486=ORIENTED_EDGE('',*,*,#4031,.T.);
#5487=ORIENTED_EDGE('',*,*,#4027,.F.);
#5488=ORIENTED_EDGE('',*,*,#4032,.F.);
#5489=ORIENTED_EDGE('',*,*,#4033,.T.);
#5490=ORIENTED_EDGE('',*,*,#4034,.T.);
#5491=ORIENTED_EDGE('',*,*,#4030,.F.);
#5492=ORIENTED_EDGE('',*,*,#4035,.F.);
#5493=ORIENTED_EDGE('',*,*,#4036,.T.);
#5494=ORIENTED_EDGE('',*,*,#4037,.T.);
#5495=ORIENTED_EDGE('',*,*,#4033,.F.);
#5496=ORIENTED_EDGE('',*,*,#4038,.F.);
#5497=ORIENTED_EDGE('',*,*,#3995,.T.);
#5498=ORIENTED_EDGE('',*,*,#4039,.T.);
#5499=ORIENTED_EDGE('',*,*,#4036,.F.);
#5500=ORIENTED_EDGE('',*,*,#4039,.F.);
#5501=ORIENTED_EDGE('',*,*,#3994,.F.);
#5502=ORIENTED_EDGE('',*,*,#3998,.F.);
#5503=ORIENTED_EDGE('',*,*,#4001,.F.);
#5504=ORIENTED_EDGE('',*,*,#4004,.F.);
#5505=ORIENTED_EDGE('',*,*,#4007,.F.);
#5506=ORIENTED_EDGE('',*,*,#4010,.F.);
#5507=ORIENTED_EDGE('',*,*,#4013,.F.);
#5508=ORIENTED_EDGE('',*,*,#4016,.F.);
#5509=ORIENTED_EDGE('',*,*,#4019,.F.);
#5510=ORIENTED_EDGE('',*,*,#4022,.F.);
#5511=ORIENTED_EDGE('',*,*,#4025,.F.);
#5512=ORIENTED_EDGE('',*,*,#4028,.F.);
#5513=ORIENTED_EDGE('',*,*,#4031,.F.);
#5514=ORIENTED_EDGE('',*,*,#4034,.F.);
#5515=ORIENTED_EDGE('',*,*,#4037,.F.);
#5516=ORIENTED_EDGE('',*,*,#4040,.F.);
#5517=ORIENTED_EDGE('',*,*,#4041,.T.);
#5518=ORIENTED_EDGE('',*,*,#4042,.T.);
#5519=ORIENTED_EDGE('',*,*,#4043,.F.);
#5520=ORIENTED_EDGE('',*,*,#4044,.F.);
#5521=ORIENTED_EDGE('',*,*,#4045,.T.);
#5522=ORIENTED_EDGE('',*,*,#4046,.T.);
#5523=ORIENTED_EDGE('',*,*,#4041,.F.);
#5524=ORIENTED_EDGE('',*,*,#4047,.F.);
#5525=ORIENTED_EDGE('',*,*,#4048,.T.);
#5526=ORIENTED_EDGE('',*,*,#4049,.T.);
#5527=ORIENTED_EDGE('',*,*,#4045,.F.);
#5528=ORIENTED_EDGE('',*,*,#4050,.F.);
#5529=ORIENTED_EDGE('',*,*,#4043,.T.);
#5530=ORIENTED_EDGE('',*,*,#4051,.T.);
#5531=ORIENTED_EDGE('',*,*,#4048,.F.);
#5532=ORIENTED_EDGE('',*,*,#4051,.F.);
#5533=ORIENTED_EDGE('',*,*,#4042,.F.);
#5534=ORIENTED_EDGE('',*,*,#4046,.F.);
#5535=ORIENTED_EDGE('',*,*,#4049,.F.);
#5536=ORIENTED_EDGE('',*,*,#4052,.F.);
#5537=ORIENTED_EDGE('',*,*,#4053,.T.);
#5538=ORIENTED_EDGE('',*,*,#4054,.T.);
#5539=ORIENTED_EDGE('',*,*,#4055,.F.);
#5540=ORIENTED_EDGE('',*,*,#4056,.F.);
#5541=ORIENTED_EDGE('',*,*,#4057,.T.);
#5542=ORIENTED_EDGE('',*,*,#4058,.T.);
#5543=ORIENTED_EDGE('',*,*,#4053,.F.);
#5544=ORIENTED_EDGE('',*,*,#4059,.F.);
#5545=ORIENTED_EDGE('',*,*,#4060,.T.);
#5546=ORIENTED_EDGE('',*,*,#4061,.T.);
#5547=ORIENTED_EDGE('',*,*,#4057,.F.);
#5548=ORIENTED_EDGE('',*,*,#4062,.F.);
#5549=ORIENTED_EDGE('',*,*,#4063,.T.);
#5550=ORIENTED_EDGE('',*,*,#4064,.T.);
#5551=ORIENTED_EDGE('',*,*,#4060,.F.);
#5552=ORIENTED_EDGE('',*,*,#4065,.F.);
#5553=ORIENTED_EDGE('',*,*,#4066,.T.);
#5554=ORIENTED_EDGE('',*,*,#4067,.T.);
#5555=ORIENTED_EDGE('',*,*,#4063,.F.);
#5556=ORIENTED_EDGE('',*,*,#4068,.F.);
#5557=ORIENTED_EDGE('',*,*,#4069,.T.);
#5558=ORIENTED_EDGE('',*,*,#4070,.T.);
#5559=ORIENTED_EDGE('',*,*,#4066,.F.);
#5560=ORIENTED_EDGE('',*,*,#4071,.F.);
#5561=ORIENTED_EDGE('',*,*,#4072,.T.);
#5562=ORIENTED_EDGE('',*,*,#4073,.T.);
#5563=ORIENTED_EDGE('',*,*,#4069,.F.);
#5564=ORIENTED_EDGE('',*,*,#4074,.F.);
#5565=ORIENTED_EDGE('',*,*,#4075,.T.);
#5566=ORIENTED_EDGE('',*,*,#4076,.T.);
#5567=ORIENTED_EDGE('',*,*,#4072,.F.);
#5568=ORIENTED_EDGE('',*,*,#4077,.F.);
#5569=ORIENTED_EDGE('',*,*,#4078,.T.);
#5570=ORIENTED_EDGE('',*,*,#4079,.T.);
#5571=ORIENTED_EDGE('',*,*,#4075,.F.);
#5572=ORIENTED_EDGE('',*,*,#4080,.F.);
#5573=ORIENTED_EDGE('',*,*,#4081,.T.);
#5574=ORIENTED_EDGE('',*,*,#4082,.T.);
#5575=ORIENTED_EDGE('',*,*,#4078,.F.);
#5576=ORIENTED_EDGE('',*,*,#4083,.F.);
#5577=ORIENTED_EDGE('',*,*,#4084,.T.);
#5578=ORIENTED_EDGE('',*,*,#4085,.T.);
#5579=ORIENTED_EDGE('',*,*,#4081,.F.);
#5580=ORIENTED_EDGE('',*,*,#4086,.F.);
#5581=ORIENTED_EDGE('',*,*,#4087,.T.);
#5582=ORIENTED_EDGE('',*,*,#4088,.T.);
#5583=ORIENTED_EDGE('',*,*,#4084,.F.);
#5584=ORIENTED_EDGE('',*,*,#4089,.F.);
#5585=ORIENTED_EDGE('',*,*,#4090,.T.);
#5586=ORIENTED_EDGE('',*,*,#4091,.T.);
#5587=ORIENTED_EDGE('',*,*,#4087,.F.);
#5588=ORIENTED_EDGE('',*,*,#4092,.F.);
#5589=ORIENTED_EDGE('',*,*,#4093,.T.);
#5590=ORIENTED_EDGE('',*,*,#4094,.T.);
#5591=ORIENTED_EDGE('',*,*,#4090,.F.);
#5592=ORIENTED_EDGE('',*,*,#4095,.F.);
#5593=ORIENTED_EDGE('',*,*,#4096,.T.);
#5594=ORIENTED_EDGE('',*,*,#4097,.T.);
#5595=ORIENTED_EDGE('',*,*,#4093,.F.);
#5596=ORIENTED_EDGE('',*,*,#4098,.F.);
#5597=ORIENTED_EDGE('',*,*,#4099,.T.);
#5598=ORIENTED_EDGE('',*,*,#4100,.T.);
#5599=ORIENTED_EDGE('',*,*,#4096,.F.);
#5600=ORIENTED_EDGE('',*,*,#4101,.F.);
#5601=ORIENTED_EDGE('',*,*,#4102,.T.);
#5602=ORIENTED_EDGE('',*,*,#4103,.T.);
#5603=ORIENTED_EDGE('',*,*,#4099,.F.);
#5604=ORIENTED_EDGE('',*,*,#4104,.F.);
#5605=ORIENTED_EDGE('',*,*,#4105,.T.);
#5606=ORIENTED_EDGE('',*,*,#4106,.T.);
#5607=ORIENTED_EDGE('',*,*,#4102,.F.);
#5608=ORIENTED_EDGE('',*,*,#4107,.F.);
#5609=ORIENTED_EDGE('',*,*,#4108,.T.);
#5610=ORIENTED_EDGE('',*,*,#4109,.T.);
#5611=ORIENTED_EDGE('',*,*,#4105,.F.);
#5612=ORIENTED_EDGE('',*,*,#4110,.F.);
#5613=ORIENTED_EDGE('',*,*,#4111,.T.);
#5614=ORIENTED_EDGE('',*,*,#4112,.T.);
#5615=ORIENTED_EDGE('',*,*,#4108,.F.);
#5616=ORIENTED_EDGE('',*,*,#4113,.F.);
#5617=ORIENTED_EDGE('',*,*,#4114,.T.);
#5618=ORIENTED_EDGE('',*,*,#4115,.T.);
#5619=ORIENTED_EDGE('',*,*,#4111,.F.);
#5620=ORIENTED_EDGE('',*,*,#4116,.F.);
#5621=ORIENTED_EDGE('',*,*,#4055,.T.);
#5622=ORIENTED_EDGE('',*,*,#4117,.T.);
#5623=ORIENTED_EDGE('',*,*,#4114,.F.);
#5624=ORIENTED_EDGE('',*,*,#4117,.F.);
#5625=ORIENTED_EDGE('',*,*,#4054,.F.);
#5626=ORIENTED_EDGE('',*,*,#4058,.F.);
#5627=ORIENTED_EDGE('',*,*,#4061,.F.);
#5628=ORIENTED_EDGE('',*,*,#4064,.F.);
#5629=ORIENTED_EDGE('',*,*,#4067,.F.);
#5630=ORIENTED_EDGE('',*,*,#4070,.F.);
#5631=ORIENTED_EDGE('',*,*,#4073,.F.);
#5632=ORIENTED_EDGE('',*,*,#4076,.F.);
#5633=ORIENTED_EDGE('',*,*,#4079,.F.);
#5634=ORIENTED_EDGE('',*,*,#4082,.F.);
#5635=ORIENTED_EDGE('',*,*,#4085,.F.);
#5636=ORIENTED_EDGE('',*,*,#4088,.F.);
#5637=ORIENTED_EDGE('',*,*,#4091,.F.);
#5638=ORIENTED_EDGE('',*,*,#4094,.F.);
#5639=ORIENTED_EDGE('',*,*,#4097,.F.);
#5640=ORIENTED_EDGE('',*,*,#4100,.F.);
#5641=ORIENTED_EDGE('',*,*,#4103,.F.);
#5642=ORIENTED_EDGE('',*,*,#4106,.F.);
#5643=ORIENTED_EDGE('',*,*,#4109,.F.);
#5644=ORIENTED_EDGE('',*,*,#4112,.F.);
#5645=ORIENTED_EDGE('',*,*,#4115,.F.);
#5646=ORIENTED_EDGE('',*,*,#4118,.F.);
#5647=ORIENTED_EDGE('',*,*,#4119,.T.);
#5648=ORIENTED_EDGE('',*,*,#4120,.T.);
#5649=ORIENTED_EDGE('',*,*,#4121,.F.);
#5650=ORIENTED_EDGE('',*,*,#4122,.F.);
#5651=ORIENTED_EDGE('',*,*,#4123,.T.);
#5652=ORIENTED_EDGE('',*,*,#4124,.T.);
#5653=ORIENTED_EDGE('',*,*,#4119,.F.);
#5654=ORIENTED_EDGE('',*,*,#4125,.F.);
#5655=ORIENTED_EDGE('',*,*,#4126,.T.);
#5656=ORIENTED_EDGE('',*,*,#4127,.T.);
#5657=ORIENTED_EDGE('',*,*,#4123,.F.);
#5658=ORIENTED_EDGE('',*,*,#4128,.F.);
#5659=ORIENTED_EDGE('',*,*,#4129,.T.);
#5660=ORIENTED_EDGE('',*,*,#4130,.T.);
#5661=ORIENTED_EDGE('',*,*,#4126,.F.);
#5662=ORIENTED_EDGE('',*,*,#4131,.F.);
#5663=ORIENTED_EDGE('',*,*,#4132,.T.);
#5664=ORIENTED_EDGE('',*,*,#4133,.T.);
#5665=ORIENTED_EDGE('',*,*,#4129,.F.);
#5666=ORIENTED_EDGE('',*,*,#4134,.F.);
#5667=ORIENTED_EDGE('',*,*,#4135,.T.);
#5668=ORIENTED_EDGE('',*,*,#4136,.T.);
#5669=ORIENTED_EDGE('',*,*,#4132,.F.);
#5670=ORIENTED_EDGE('',*,*,#4137,.F.);
#5671=ORIENTED_EDGE('',*,*,#4138,.T.);
#5672=ORIENTED_EDGE('',*,*,#4139,.T.);
#5673=ORIENTED_EDGE('',*,*,#4135,.F.);
#5674=ORIENTED_EDGE('',*,*,#4140,.F.);
#5675=ORIENTED_EDGE('',*,*,#4121,.T.);
#5676=ORIENTED_EDGE('',*,*,#4141,.T.);
#5677=ORIENTED_EDGE('',*,*,#4138,.F.);
#5678=ORIENTED_EDGE('',*,*,#4141,.F.);
#5679=ORIENTED_EDGE('',*,*,#4120,.F.);
#5680=ORIENTED_EDGE('',*,*,#4124,.F.);
#5681=ORIENTED_EDGE('',*,*,#4127,.F.);
#5682=ORIENTED_EDGE('',*,*,#4130,.F.);
#5683=ORIENTED_EDGE('',*,*,#4133,.F.);
#5684=ORIENTED_EDGE('',*,*,#4136,.F.);
#5685=ORIENTED_EDGE('',*,*,#4139,.F.);
#5686=ORIENTED_EDGE('',*,*,#4142,.F.);
#5687=ORIENTED_EDGE('',*,*,#4143,.T.);
#5688=ORIENTED_EDGE('',*,*,#4144,.T.);
#5689=ORIENTED_EDGE('',*,*,#4145,.F.);
#5690=ORIENTED_EDGE('',*,*,#4146,.F.);
#5691=ORIENTED_EDGE('',*,*,#4147,.T.);
#5692=ORIENTED_EDGE('',*,*,#4148,.T.);
#5693=ORIENTED_EDGE('',*,*,#4143,.F.);
#5694=ORIENTED_EDGE('',*,*,#4149,.F.);
#5695=ORIENTED_EDGE('',*,*,#4150,.T.);
#5696=ORIENTED_EDGE('',*,*,#4151,.T.);
#5697=ORIENTED_EDGE('',*,*,#4147,.F.);
#5698=ORIENTED_EDGE('',*,*,#4152,.F.);
#5699=ORIENTED_EDGE('',*,*,#4153,.T.);
#5700=ORIENTED_EDGE('',*,*,#4154,.T.);
#5701=ORIENTED_EDGE('',*,*,#4150,.F.);
#5702=ORIENTED_EDGE('',*,*,#4155,.F.);
#5703=ORIENTED_EDGE('',*,*,#4156,.T.);
#5704=ORIENTED_EDGE('',*,*,#4157,.T.);
#5705=ORIENTED_EDGE('',*,*,#4153,.F.);
#5706=ORIENTED_EDGE('',*,*,#4158,.F.);
#5707=ORIENTED_EDGE('',*,*,#4159,.T.);
#5708=ORIENTED_EDGE('',*,*,#4160,.T.);
#5709=ORIENTED_EDGE('',*,*,#4156,.F.);
#5710=ORIENTED_EDGE('',*,*,#4161,.F.);
#5711=ORIENTED_EDGE('',*,*,#4162,.T.);
#5712=ORIENTED_EDGE('',*,*,#4163,.T.);
#5713=ORIENTED_EDGE('',*,*,#4159,.F.);
#5714=ORIENTED_EDGE('',*,*,#4164,.F.);
#5715=ORIENTED_EDGE('',*,*,#4165,.T.);
#5716=ORIENTED_EDGE('',*,*,#4166,.T.);
#5717=ORIENTED_EDGE('',*,*,#4162,.F.);
#5718=ORIENTED_EDGE('',*,*,#4167,.F.);
#5719=ORIENTED_EDGE('',*,*,#4168,.T.);
#5720=ORIENTED_EDGE('',*,*,#4169,.T.);
#5721=ORIENTED_EDGE('',*,*,#4165,.F.);
#5722=ORIENTED_EDGE('',*,*,#4170,.F.);
#5723=ORIENTED_EDGE('',*,*,#4171,.T.);
#5724=ORIENTED_EDGE('',*,*,#4172,.T.);
#5725=ORIENTED_EDGE('',*,*,#4168,.F.);
#5726=ORIENTED_EDGE('',*,*,#4173,.F.);
#5727=ORIENTED_EDGE('',*,*,#4174,.T.);
#5728=ORIENTED_EDGE('',*,*,#4175,.T.);
#5729=ORIENTED_EDGE('',*,*,#4171,.F.);
#5730=ORIENTED_EDGE('',*,*,#4176,.F.);
#5731=ORIENTED_EDGE('',*,*,#4145,.T.);
#5732=ORIENTED_EDGE('',*,*,#4177,.T.);
#5733=ORIENTED_EDGE('',*,*,#4174,.F.);
#5734=ORIENTED_EDGE('',*,*,#4178,.F.);
#5735=ORIENTED_EDGE('',*,*,#4179,.T.);
#5736=ORIENTED_EDGE('',*,*,#4180,.T.);
#5737=ORIENTED_EDGE('',*,*,#4181,.F.);
#5738=ORIENTED_EDGE('',*,*,#4182,.F.);
#5739=ORIENTED_EDGE('',*,*,#4183,.T.);
#5740=ORIENTED_EDGE('',*,*,#4184,.T.);
#5741=ORIENTED_EDGE('',*,*,#4179,.F.);
#5742=ORIENTED_EDGE('',*,*,#4185,.F.);
#5743=ORIENTED_EDGE('',*,*,#4186,.T.);
#5744=ORIENTED_EDGE('',*,*,#4187,.T.);
#5745=ORIENTED_EDGE('',*,*,#4183,.F.);
#5746=ORIENTED_EDGE('',*,*,#4188,.F.);
#5747=ORIENTED_EDGE('',*,*,#4189,.T.);
#5748=ORIENTED_EDGE('',*,*,#4190,.T.);
#5749=ORIENTED_EDGE('',*,*,#4186,.F.);
#5750=ORIENTED_EDGE('',*,*,#4191,.F.);
#5751=ORIENTED_EDGE('',*,*,#4192,.T.);
#5752=ORIENTED_EDGE('',*,*,#4193,.T.);
#5753=ORIENTED_EDGE('',*,*,#4189,.F.);
#5754=ORIENTED_EDGE('',*,*,#4194,.F.);
#5755=ORIENTED_EDGE('',*,*,#4195,.T.);
#5756=ORIENTED_EDGE('',*,*,#4196,.T.);
#5757=ORIENTED_EDGE('',*,*,#4192,.F.);
#5758=ORIENTED_EDGE('',*,*,#4197,.F.);
#5759=ORIENTED_EDGE('',*,*,#4198,.T.);
#5760=ORIENTED_EDGE('',*,*,#4199,.T.);
#5761=ORIENTED_EDGE('',*,*,#4195,.F.);
#5762=ORIENTED_EDGE('',*,*,#4200,.F.);
#5763=ORIENTED_EDGE('',*,*,#4201,.T.);
#5764=ORIENTED_EDGE('',*,*,#4202,.T.);
#5765=ORIENTED_EDGE('',*,*,#4198,.F.);
#5766=ORIENTED_EDGE('',*,*,#4203,.F.);
#5767=ORIENTED_EDGE('',*,*,#4204,.T.);
#5768=ORIENTED_EDGE('',*,*,#4205,.T.);
#5769=ORIENTED_EDGE('',*,*,#4201,.F.);
#5770=ORIENTED_EDGE('',*,*,#4206,.F.);
#5771=ORIENTED_EDGE('',*,*,#4207,.T.);
#5772=ORIENTED_EDGE('',*,*,#4208,.T.);
#5773=ORIENTED_EDGE('',*,*,#4204,.F.);
#5774=ORIENTED_EDGE('',*,*,#4209,.F.);
#5775=ORIENTED_EDGE('',*,*,#4210,.T.);
#5776=ORIENTED_EDGE('',*,*,#4211,.T.);
#5777=ORIENTED_EDGE('',*,*,#4207,.F.);
#5778=ORIENTED_EDGE('',*,*,#4212,.F.);
#5779=ORIENTED_EDGE('',*,*,#4213,.T.);
#5780=ORIENTED_EDGE('',*,*,#4214,.T.);
#5781=ORIENTED_EDGE('',*,*,#4210,.F.);
#5782=ORIENTED_EDGE('',*,*,#4215,.F.);
#5783=ORIENTED_EDGE('',*,*,#4216,.T.);
#5784=ORIENTED_EDGE('',*,*,#4217,.T.);
#5785=ORIENTED_EDGE('',*,*,#4213,.F.);
#5786=ORIENTED_EDGE('',*,*,#4218,.F.);
#5787=ORIENTED_EDGE('',*,*,#4219,.T.);
#5788=ORIENTED_EDGE('',*,*,#4220,.T.);
#5789=ORIENTED_EDGE('',*,*,#4216,.F.);
#5790=ORIENTED_EDGE('',*,*,#4221,.F.);
#5791=ORIENTED_EDGE('',*,*,#4181,.T.);
#5792=ORIENTED_EDGE('',*,*,#4222,.T.);
#5793=ORIENTED_EDGE('',*,*,#4219,.F.);
#5794=ORIENTED_EDGE('',*,*,#4222,.F.);
#5795=ORIENTED_EDGE('',*,*,#4180,.F.);
#5796=ORIENTED_EDGE('',*,*,#4184,.F.);
#5797=ORIENTED_EDGE('',*,*,#4187,.F.);
#5798=ORIENTED_EDGE('',*,*,#4190,.F.);
#5799=ORIENTED_EDGE('',*,*,#4193,.F.);
#5800=ORIENTED_EDGE('',*,*,#4196,.F.);
#5801=ORIENTED_EDGE('',*,*,#4199,.F.);
#5802=ORIENTED_EDGE('',*,*,#4202,.F.);
#5803=ORIENTED_EDGE('',*,*,#4205,.F.);
#5804=ORIENTED_EDGE('',*,*,#4208,.F.);
#5805=ORIENTED_EDGE('',*,*,#4211,.F.);
#5806=ORIENTED_EDGE('',*,*,#4214,.F.);
#5807=ORIENTED_EDGE('',*,*,#4217,.F.);
#5808=ORIENTED_EDGE('',*,*,#4220,.F.);
#5809=ORIENTED_EDGE('',*,*,#4177,.F.);
#5810=ORIENTED_EDGE('',*,*,#4144,.F.);
#5811=ORIENTED_EDGE('',*,*,#4148,.F.);
#5812=ORIENTED_EDGE('',*,*,#4151,.F.);
#5813=ORIENTED_EDGE('',*,*,#4154,.F.);
#5814=ORIENTED_EDGE('',*,*,#4157,.F.);
#5815=ORIENTED_EDGE('',*,*,#4160,.F.);
#5816=ORIENTED_EDGE('',*,*,#4163,.F.);
#5817=ORIENTED_EDGE('',*,*,#4166,.F.);
#5818=ORIENTED_EDGE('',*,*,#4169,.F.);
#5819=ORIENTED_EDGE('',*,*,#4172,.F.);
#5820=ORIENTED_EDGE('',*,*,#4175,.F.);
#5821=ORIENTED_EDGE('',*,*,#4223,.F.);
#5822=ORIENTED_EDGE('',*,*,#4224,.T.);
#5823=ORIENTED_EDGE('',*,*,#4225,.T.);
#5824=ORIENTED_EDGE('',*,*,#4226,.F.);
#5825=ORIENTED_EDGE('',*,*,#4227,.F.);
#5826=ORIENTED_EDGE('',*,*,#4228,.T.);
#5827=ORIENTED_EDGE('',*,*,#4229,.T.);
#5828=ORIENTED_EDGE('',*,*,#4224,.F.);
#5829=ORIENTED_EDGE('',*,*,#4230,.F.);
#5830=ORIENTED_EDGE('',*,*,#4231,.T.);
#5831=ORIENTED_EDGE('',*,*,#4232,.T.);
#5832=ORIENTED_EDGE('',*,*,#4228,.F.);
#5833=ORIENTED_EDGE('',*,*,#4233,.F.);
#5834=ORIENTED_EDGE('',*,*,#4234,.T.);
#5835=ORIENTED_EDGE('',*,*,#4235,.T.);
#5836=ORIENTED_EDGE('',*,*,#4231,.F.);
#5837=ORIENTED_EDGE('',*,*,#4236,.F.);
#5838=ORIENTED_EDGE('',*,*,#4237,.T.);
#5839=ORIENTED_EDGE('',*,*,#4238,.T.);
#5840=ORIENTED_EDGE('',*,*,#4234,.F.);
#5841=ORIENTED_EDGE('',*,*,#4239,.F.);
#5842=ORIENTED_EDGE('',*,*,#4240,.T.);
#5843=ORIENTED_EDGE('',*,*,#4241,.T.);
#5844=ORIENTED_EDGE('',*,*,#4237,.F.);
#5845=ORIENTED_EDGE('',*,*,#4242,.F.);
#5846=ORIENTED_EDGE('',*,*,#4243,.T.);
#5847=ORIENTED_EDGE('',*,*,#4244,.T.);
#5848=ORIENTED_EDGE('',*,*,#4240,.F.);
#5849=ORIENTED_EDGE('',*,*,#4245,.F.);
#5850=ORIENTED_EDGE('',*,*,#4246,.T.);
#5851=ORIENTED_EDGE('',*,*,#4247,.T.);
#5852=ORIENTED_EDGE('',*,*,#4243,.F.);
#5853=ORIENTED_EDGE('',*,*,#4248,.F.);
#5854=ORIENTED_EDGE('',*,*,#4249,.T.);
#5855=ORIENTED_EDGE('',*,*,#4250,.T.);
#5856=ORIENTED_EDGE('',*,*,#4246,.F.);
#5857=ORIENTED_EDGE('',*,*,#4251,.F.);
#5858=ORIENTED_EDGE('',*,*,#4252,.T.);
#5859=ORIENTED_EDGE('',*,*,#4253,.T.);
#5860=ORIENTED_EDGE('',*,*,#4249,.F.);
#5861=ORIENTED_EDGE('',*,*,#4254,.F.);
#5862=ORIENTED_EDGE('',*,*,#4255,.T.);
#5863=ORIENTED_EDGE('',*,*,#4256,.T.);
#5864=ORIENTED_EDGE('',*,*,#4252,.F.);
#5865=ORIENTED_EDGE('',*,*,#4257,.F.);
#5866=ORIENTED_EDGE('',*,*,#4258,.T.);
#5867=ORIENTED_EDGE('',*,*,#4259,.T.);
#5868=ORIENTED_EDGE('',*,*,#4255,.F.);
#5869=ORIENTED_EDGE('',*,*,#4260,.F.);
#5870=ORIENTED_EDGE('',*,*,#4261,.T.);
#5871=ORIENTED_EDGE('',*,*,#4262,.T.);
#5872=ORIENTED_EDGE('',*,*,#4258,.F.);
#5873=ORIENTED_EDGE('',*,*,#4263,.F.);
#5874=ORIENTED_EDGE('',*,*,#4264,.T.);
#5875=ORIENTED_EDGE('',*,*,#4265,.T.);
#5876=ORIENTED_EDGE('',*,*,#4261,.F.);
#5877=ORIENTED_EDGE('',*,*,#4266,.F.);
#5878=ORIENTED_EDGE('',*,*,#4267,.T.);
#5879=ORIENTED_EDGE('',*,*,#4268,.T.);
#5880=ORIENTED_EDGE('',*,*,#4264,.F.);
#5881=ORIENTED_EDGE('',*,*,#4269,.F.);
#5882=ORIENTED_EDGE('',*,*,#4270,.T.);
#5883=ORIENTED_EDGE('',*,*,#4271,.T.);
#5884=ORIENTED_EDGE('',*,*,#4267,.F.);
#5885=ORIENTED_EDGE('',*,*,#4272,.F.);
#5886=ORIENTED_EDGE('',*,*,#4273,.T.);
#5887=ORIENTED_EDGE('',*,*,#4274,.T.);
#5888=ORIENTED_EDGE('',*,*,#4270,.F.);
#5889=ORIENTED_EDGE('',*,*,#4275,.F.);
#5890=ORIENTED_EDGE('',*,*,#4276,.T.);
#5891=ORIENTED_EDGE('',*,*,#4277,.T.);
#5892=ORIENTED_EDGE('',*,*,#4273,.F.);
#5893=ORIENTED_EDGE('',*,*,#4278,.F.);
#5894=ORIENTED_EDGE('',*,*,#4279,.T.);
#5895=ORIENTED_EDGE('',*,*,#4280,.T.);
#5896=ORIENTED_EDGE('',*,*,#4276,.F.);
#5897=ORIENTED_EDGE('',*,*,#4281,.F.);
#5898=ORIENTED_EDGE('',*,*,#4282,.T.);
#5899=ORIENTED_EDGE('',*,*,#4283,.T.);
#5900=ORIENTED_EDGE('',*,*,#4279,.F.);
#5901=ORIENTED_EDGE('',*,*,#4284,.F.);
#5902=ORIENTED_EDGE('',*,*,#4285,.T.);
#5903=ORIENTED_EDGE('',*,*,#4286,.T.);
#5904=ORIENTED_EDGE('',*,*,#4282,.F.);
#5905=ORIENTED_EDGE('',*,*,#4287,.F.);
#5906=ORIENTED_EDGE('',*,*,#4288,.T.);
#5907=ORIENTED_EDGE('',*,*,#4289,.T.);
#5908=ORIENTED_EDGE('',*,*,#4285,.F.);
#5909=ORIENTED_EDGE('',*,*,#4290,.F.);
#5910=ORIENTED_EDGE('',*,*,#4291,.T.);
#5911=ORIENTED_EDGE('',*,*,#4292,.T.);
#5912=ORIENTED_EDGE('',*,*,#4288,.F.);
#5913=ORIENTED_EDGE('',*,*,#4293,.F.);
#5914=ORIENTED_EDGE('',*,*,#4294,.T.);
#5915=ORIENTED_EDGE('',*,*,#4295,.T.);
#5916=ORIENTED_EDGE('',*,*,#4291,.F.);
#5917=ORIENTED_EDGE('',*,*,#4296,.F.);
#5918=ORIENTED_EDGE('',*,*,#4297,.T.);
#5919=ORIENTED_EDGE('',*,*,#4298,.T.);
#5920=ORIENTED_EDGE('',*,*,#4294,.F.);
#5921=ORIENTED_EDGE('',*,*,#4299,.F.);
#5922=ORIENTED_EDGE('',*,*,#4300,.T.);
#5923=ORIENTED_EDGE('',*,*,#4301,.T.);
#5924=ORIENTED_EDGE('',*,*,#4297,.F.);
#5925=ORIENTED_EDGE('',*,*,#4302,.F.);
#5926=ORIENTED_EDGE('',*,*,#4303,.T.);
#5927=ORIENTED_EDGE('',*,*,#4304,.T.);
#5928=ORIENTED_EDGE('',*,*,#4300,.F.);
#5929=ORIENTED_EDGE('',*,*,#4305,.F.);
#5930=ORIENTED_EDGE('',*,*,#4306,.T.);
#5931=ORIENTED_EDGE('',*,*,#4307,.T.);
#5932=ORIENTED_EDGE('',*,*,#4303,.F.);
#5933=ORIENTED_EDGE('',*,*,#4308,.F.);
#5934=ORIENTED_EDGE('',*,*,#4309,.T.);
#5935=ORIENTED_EDGE('',*,*,#4310,.T.);
#5936=ORIENTED_EDGE('',*,*,#4306,.F.);
#5937=ORIENTED_EDGE('',*,*,#4311,.F.);
#5938=ORIENTED_EDGE('',*,*,#4312,.T.);
#5939=ORIENTED_EDGE('',*,*,#4313,.T.);
#5940=ORIENTED_EDGE('',*,*,#4309,.F.);
#5941=ORIENTED_EDGE('',*,*,#4314,.F.);
#5942=ORIENTED_EDGE('',*,*,#4315,.T.);
#5943=ORIENTED_EDGE('',*,*,#4316,.T.);
#5944=ORIENTED_EDGE('',*,*,#4312,.F.);
#5945=ORIENTED_EDGE('',*,*,#4317,.F.);
#5946=ORIENTED_EDGE('',*,*,#4226,.T.);
#5947=ORIENTED_EDGE('',*,*,#4318,.T.);
#5948=ORIENTED_EDGE('',*,*,#4315,.F.);
#5949=ORIENTED_EDGE('',*,*,#4318,.F.);
#5950=ORIENTED_EDGE('',*,*,#4225,.F.);
#5951=ORIENTED_EDGE('',*,*,#4229,.F.);
#5952=ORIENTED_EDGE('',*,*,#4232,.F.);
#5953=ORIENTED_EDGE('',*,*,#4235,.F.);
#5954=ORIENTED_EDGE('',*,*,#4238,.F.);
#5955=ORIENTED_EDGE('',*,*,#4241,.F.);
#5956=ORIENTED_EDGE('',*,*,#4244,.F.);
#5957=ORIENTED_EDGE('',*,*,#4247,.F.);
#5958=ORIENTED_EDGE('',*,*,#4250,.F.);
#5959=ORIENTED_EDGE('',*,*,#4253,.F.);
#5960=ORIENTED_EDGE('',*,*,#4256,.F.);
#5961=ORIENTED_EDGE('',*,*,#4259,.F.);
#5962=ORIENTED_EDGE('',*,*,#4262,.F.);
#5963=ORIENTED_EDGE('',*,*,#4265,.F.);
#5964=ORIENTED_EDGE('',*,*,#4268,.F.);
#5965=ORIENTED_EDGE('',*,*,#4271,.F.);
#5966=ORIENTED_EDGE('',*,*,#4274,.F.);
#5967=ORIENTED_EDGE('',*,*,#4277,.F.);
#5968=ORIENTED_EDGE('',*,*,#4280,.F.);
#5969=ORIENTED_EDGE('',*,*,#4283,.F.);
#5970=ORIENTED_EDGE('',*,*,#4286,.F.);
#5971=ORIENTED_EDGE('',*,*,#4289,.F.);
#5972=ORIENTED_EDGE('',*,*,#4292,.F.);
#5973=ORIENTED_EDGE('',*,*,#4295,.F.);
#5974=ORIENTED_EDGE('',*,*,#4298,.F.);
#5975=ORIENTED_EDGE('',*,*,#4301,.F.);
#5976=ORIENTED_EDGE('',*,*,#4304,.F.);
#5977=ORIENTED_EDGE('',*,*,#4307,.F.);
#5978=ORIENTED_EDGE('',*,*,#4310,.F.);
#5979=ORIENTED_EDGE('',*,*,#4313,.F.);
#5980=ORIENTED_EDGE('',*,*,#4316,.F.);
#5981=ORIENTED_EDGE('',*,*,#4319,.F.);
#5982=ORIENTED_EDGE('',*,*,#4320,.T.);
#5983=ORIENTED_EDGE('',*,*,#4321,.T.);
#5984=ORIENTED_EDGE('',*,*,#4322,.F.);
#5985=ORIENTED_EDGE('',*,*,#4323,.F.);
#5986=ORIENTED_EDGE('',*,*,#4324,.T.);
#5987=ORIENTED_EDGE('',*,*,#4325,.T.);
#5988=ORIENTED_EDGE('',*,*,#4320,.F.);
#5989=ORIENTED_EDGE('',*,*,#4326,.F.);
#5990=ORIENTED_EDGE('',*,*,#4327,.T.);
#5991=ORIENTED_EDGE('',*,*,#4328,.T.);
#5992=ORIENTED_EDGE('',*,*,#4324,.F.);
#5993=ORIENTED_EDGE('',*,*,#4329,.F.);
#5994=ORIENTED_EDGE('',*,*,#4330,.T.);
#5995=ORIENTED_EDGE('',*,*,#4331,.T.);
#5996=ORIENTED_EDGE('',*,*,#4327,.F.);
#5997=ORIENTED_EDGE('',*,*,#4332,.F.);
#5998=ORIENTED_EDGE('',*,*,#4333,.T.);
#5999=ORIENTED_EDGE('',*,*,#4334,.T.);
#6000=ORIENTED_EDGE('',*,*,#4330,.F.);
#6001=ORIENTED_EDGE('',*,*,#4335,.F.);
#6002=ORIENTED_EDGE('',*,*,#4322,.T.);
#6003=ORIENTED_EDGE('',*,*,#4336,.T.);
#6004=ORIENTED_EDGE('',*,*,#4333,.F.);
#6005=ORIENTED_EDGE('',*,*,#4337,.F.);
#6006=ORIENTED_EDGE('',*,*,#4338,.T.);
#6007=ORIENTED_EDGE('',*,*,#4339,.T.);
#6008=ORIENTED_EDGE('',*,*,#4340,.F.);
#6009=ORIENTED_EDGE('',*,*,#4341,.F.);
#6010=ORIENTED_EDGE('',*,*,#4342,.T.);
#6011=ORIENTED_EDGE('',*,*,#4343,.T.);
#6012=ORIENTED_EDGE('',*,*,#4338,.F.);
#6013=ORIENTED_EDGE('',*,*,#4344,.F.);
#6014=ORIENTED_EDGE('',*,*,#4345,.T.);
#6015=ORIENTED_EDGE('',*,*,#4346,.T.);
#6016=ORIENTED_EDGE('',*,*,#4342,.F.);
#6017=ORIENTED_EDGE('',*,*,#4347,.F.);
#6018=ORIENTED_EDGE('',*,*,#4348,.T.);
#6019=ORIENTED_EDGE('',*,*,#4349,.T.);
#6020=ORIENTED_EDGE('',*,*,#4345,.F.);
#6021=ORIENTED_EDGE('',*,*,#4350,.F.);
#6022=ORIENTED_EDGE('',*,*,#4351,.T.);
#6023=ORIENTED_EDGE('',*,*,#4352,.T.);
#6024=ORIENTED_EDGE('',*,*,#4348,.F.);
#6025=ORIENTED_EDGE('',*,*,#4353,.F.);
#6026=ORIENTED_EDGE('',*,*,#4354,.T.);
#6027=ORIENTED_EDGE('',*,*,#4355,.T.);
#6028=ORIENTED_EDGE('',*,*,#4351,.F.);
#6029=ORIENTED_EDGE('',*,*,#4356,.F.);
#6030=ORIENTED_EDGE('',*,*,#4357,.T.);
#6031=ORIENTED_EDGE('',*,*,#4358,.T.);
#6032=ORIENTED_EDGE('',*,*,#4354,.F.);
#6033=ORIENTED_EDGE('',*,*,#4359,.F.);
#6034=ORIENTED_EDGE('',*,*,#4360,.T.);
#6035=ORIENTED_EDGE('',*,*,#4361,.T.);
#6036=ORIENTED_EDGE('',*,*,#4357,.F.);
#6037=ORIENTED_EDGE('',*,*,#4362,.F.);
#6038=ORIENTED_EDGE('',*,*,#4363,.T.);
#6039=ORIENTED_EDGE('',*,*,#4364,.T.);
#6040=ORIENTED_EDGE('',*,*,#4360,.F.);
#6041=ORIENTED_EDGE('',*,*,#4365,.F.);
#6042=ORIENTED_EDGE('',*,*,#4366,.T.);
#6043=ORIENTED_EDGE('',*,*,#4367,.T.);
#6044=ORIENTED_EDGE('',*,*,#4363,.F.);
#6045=ORIENTED_EDGE('',*,*,#4368,.F.);
#6046=ORIENTED_EDGE('',*,*,#4369,.T.);
#6047=ORIENTED_EDGE('',*,*,#4370,.T.);
#6048=ORIENTED_EDGE('',*,*,#4366,.F.);
#6049=ORIENTED_EDGE('',*,*,#4371,.F.);
#6050=ORIENTED_EDGE('',*,*,#4372,.T.);
#6051=ORIENTED_EDGE('',*,*,#4373,.T.);
#6052=ORIENTED_EDGE('',*,*,#4369,.F.);
#6053=ORIENTED_EDGE('',*,*,#4374,.F.);
#6054=ORIENTED_EDGE('',*,*,#4375,.T.);
#6055=ORIENTED_EDGE('',*,*,#4376,.T.);
#6056=ORIENTED_EDGE('',*,*,#4372,.F.);
#6057=ORIENTED_EDGE('',*,*,#4377,.F.);
#6058=ORIENTED_EDGE('',*,*,#4378,.T.);
#6059=ORIENTED_EDGE('',*,*,#4379,.T.);
#6060=ORIENTED_EDGE('',*,*,#4375,.F.);
#6061=ORIENTED_EDGE('',*,*,#4380,.F.);
#6062=ORIENTED_EDGE('',*,*,#4381,.T.);
#6063=ORIENTED_EDGE('',*,*,#4382,.T.);
#6064=ORIENTED_EDGE('',*,*,#4378,.F.);
#6065=ORIENTED_EDGE('',*,*,#4383,.F.);
#6066=ORIENTED_EDGE('',*,*,#4384,.T.);
#6067=ORIENTED_EDGE('',*,*,#4385,.T.);
#6068=ORIENTED_EDGE('',*,*,#4381,.F.);
#6069=ORIENTED_EDGE('',*,*,#4386,.F.);
#6070=ORIENTED_EDGE('',*,*,#4387,.T.);
#6071=ORIENTED_EDGE('',*,*,#4388,.T.);
#6072=ORIENTED_EDGE('',*,*,#4384,.F.);
#6073=ORIENTED_EDGE('',*,*,#4389,.F.);
#6074=ORIENTED_EDGE('',*,*,#4390,.T.);
#6075=ORIENTED_EDGE('',*,*,#4391,.T.);
#6076=ORIENTED_EDGE('',*,*,#4387,.F.);
#6077=ORIENTED_EDGE('',*,*,#4392,.F.);
#6078=ORIENTED_EDGE('',*,*,#4340,.T.);
#6079=ORIENTED_EDGE('',*,*,#4393,.T.);
#6080=ORIENTED_EDGE('',*,*,#4390,.F.);
#6081=ORIENTED_EDGE('',*,*,#4393,.F.);
#6082=ORIENTED_EDGE('',*,*,#4339,.F.);
#6083=ORIENTED_EDGE('',*,*,#4343,.F.);
#6084=ORIENTED_EDGE('',*,*,#4346,.F.);
#6085=ORIENTED_EDGE('',*,*,#4349,.F.);
#6086=ORIENTED_EDGE('',*,*,#4352,.F.);
#6087=ORIENTED_EDGE('',*,*,#4355,.F.);
#6088=ORIENTED_EDGE('',*,*,#4358,.F.);
#6089=ORIENTED_EDGE('',*,*,#4361,.F.);
#6090=ORIENTED_EDGE('',*,*,#4364,.F.);
#6091=ORIENTED_EDGE('',*,*,#4367,.F.);
#6092=ORIENTED_EDGE('',*,*,#4370,.F.);
#6093=ORIENTED_EDGE('',*,*,#4373,.F.);
#6094=ORIENTED_EDGE('',*,*,#4376,.F.);
#6095=ORIENTED_EDGE('',*,*,#4379,.F.);
#6096=ORIENTED_EDGE('',*,*,#4382,.F.);
#6097=ORIENTED_EDGE('',*,*,#4385,.F.);
#6098=ORIENTED_EDGE('',*,*,#4388,.F.);
#6099=ORIENTED_EDGE('',*,*,#4391,.F.);
#6100=ORIENTED_EDGE('',*,*,#4336,.F.);
#6101=ORIENTED_EDGE('',*,*,#4321,.F.);
#6102=ORIENTED_EDGE('',*,*,#4325,.F.);
#6103=ORIENTED_EDGE('',*,*,#4328,.F.);
#6104=ORIENTED_EDGE('',*,*,#4331,.F.);
#6105=ORIENTED_EDGE('',*,*,#4334,.F.);
#6106=ORIENTED_EDGE('',*,*,#4394,.F.);
#6107=ORIENTED_EDGE('',*,*,#4395,.T.);
#6108=ORIENTED_EDGE('',*,*,#4396,.T.);
#6109=ORIENTED_EDGE('',*,*,#4397,.F.);
#6110=ORIENTED_EDGE('',*,*,#4398,.F.);
#6111=ORIENTED_EDGE('',*,*,#4399,.T.);
#6112=ORIENTED_EDGE('',*,*,#4400,.T.);
#6113=ORIENTED_EDGE('',*,*,#4395,.F.);
#6114=ORIENTED_EDGE('',*,*,#4401,.F.);
#6115=ORIENTED_EDGE('',*,*,#4402,.T.);
#6116=ORIENTED_EDGE('',*,*,#4403,.T.);
#6117=ORIENTED_EDGE('',*,*,#4399,.F.);
#6118=ORIENTED_EDGE('',*,*,#4404,.F.);
#6119=ORIENTED_EDGE('',*,*,#4405,.T.);
#6120=ORIENTED_EDGE('',*,*,#4406,.T.);
#6121=ORIENTED_EDGE('',*,*,#4402,.F.);
#6122=ORIENTED_EDGE('',*,*,#4407,.F.);
#6123=ORIENTED_EDGE('',*,*,#4408,.T.);
#6124=ORIENTED_EDGE('',*,*,#4409,.T.);
#6125=ORIENTED_EDGE('',*,*,#4405,.F.);
#6126=ORIENTED_EDGE('',*,*,#4410,.F.);
#6127=ORIENTED_EDGE('',*,*,#4397,.T.);
#6128=ORIENTED_EDGE('',*,*,#4411,.T.);
#6129=ORIENTED_EDGE('',*,*,#4408,.F.);
#6130=ORIENTED_EDGE('',*,*,#4412,.F.);
#6131=ORIENTED_EDGE('',*,*,#4413,.T.);
#6132=ORIENTED_EDGE('',*,*,#4414,.T.);
#6133=ORIENTED_EDGE('',*,*,#4415,.F.);
#6134=ORIENTED_EDGE('',*,*,#4416,.F.);
#6135=ORIENTED_EDGE('',*,*,#4417,.T.);
#6136=ORIENTED_EDGE('',*,*,#4418,.T.);
#6137=ORIENTED_EDGE('',*,*,#4413,.F.);
#6138=ORIENTED_EDGE('',*,*,#4419,.F.);
#6139=ORIENTED_EDGE('',*,*,#4420,.T.);
#6140=ORIENTED_EDGE('',*,*,#4421,.T.);
#6141=ORIENTED_EDGE('',*,*,#4417,.F.);
#6142=ORIENTED_EDGE('',*,*,#4422,.F.);
#6143=ORIENTED_EDGE('',*,*,#4423,.T.);
#6144=ORIENTED_EDGE('',*,*,#4424,.T.);
#6145=ORIENTED_EDGE('',*,*,#4420,.F.);
#6146=ORIENTED_EDGE('',*,*,#4425,.F.);
#6147=ORIENTED_EDGE('',*,*,#4426,.T.);
#6148=ORIENTED_EDGE('',*,*,#4427,.T.);
#6149=ORIENTED_EDGE('',*,*,#4423,.F.);
#6150=ORIENTED_EDGE('',*,*,#4428,.F.);
#6151=ORIENTED_EDGE('',*,*,#4429,.T.);
#6152=ORIENTED_EDGE('',*,*,#4430,.T.);
#6153=ORIENTED_EDGE('',*,*,#4426,.F.);
#6154=ORIENTED_EDGE('',*,*,#4431,.F.);
#6155=ORIENTED_EDGE('',*,*,#4432,.T.);
#6156=ORIENTED_EDGE('',*,*,#4433,.T.);
#6157=ORIENTED_EDGE('',*,*,#4429,.F.);
#6158=ORIENTED_EDGE('',*,*,#4434,.F.);
#6159=ORIENTED_EDGE('',*,*,#4435,.T.);
#6160=ORIENTED_EDGE('',*,*,#4436,.T.);
#6161=ORIENTED_EDGE('',*,*,#4432,.F.);
#6162=ORIENTED_EDGE('',*,*,#4437,.F.);
#6163=ORIENTED_EDGE('',*,*,#4438,.T.);
#6164=ORIENTED_EDGE('',*,*,#4439,.T.);
#6165=ORIENTED_EDGE('',*,*,#4435,.F.);
#6166=ORIENTED_EDGE('',*,*,#4440,.F.);
#6167=ORIENTED_EDGE('',*,*,#4441,.T.);
#6168=ORIENTED_EDGE('',*,*,#4442,.T.);
#6169=ORIENTED_EDGE('',*,*,#4438,.F.);
#6170=ORIENTED_EDGE('',*,*,#4443,.F.);
#6171=ORIENTED_EDGE('',*,*,#4444,.T.);
#6172=ORIENTED_EDGE('',*,*,#4445,.T.);
#6173=ORIENTED_EDGE('',*,*,#4441,.F.);
#6174=ORIENTED_EDGE('',*,*,#4446,.F.);
#6175=ORIENTED_EDGE('',*,*,#4447,.T.);
#6176=ORIENTED_EDGE('',*,*,#4448,.T.);
#6177=ORIENTED_EDGE('',*,*,#4444,.F.);
#6178=ORIENTED_EDGE('',*,*,#4449,.F.);
#6179=ORIENTED_EDGE('',*,*,#4450,.T.);
#6180=ORIENTED_EDGE('',*,*,#4451,.T.);
#6181=ORIENTED_EDGE('',*,*,#4447,.F.);
#6182=ORIENTED_EDGE('',*,*,#4452,.F.);
#6183=ORIENTED_EDGE('',*,*,#4453,.T.);
#6184=ORIENTED_EDGE('',*,*,#4454,.T.);
#6185=ORIENTED_EDGE('',*,*,#4450,.F.);
#6186=ORIENTED_EDGE('',*,*,#4455,.F.);
#6187=ORIENTED_EDGE('',*,*,#4456,.T.);
#6188=ORIENTED_EDGE('',*,*,#4457,.T.);
#6189=ORIENTED_EDGE('',*,*,#4453,.F.);
#6190=ORIENTED_EDGE('',*,*,#4458,.F.);
#6191=ORIENTED_EDGE('',*,*,#4459,.T.);
#6192=ORIENTED_EDGE('',*,*,#4460,.T.);
#6193=ORIENTED_EDGE('',*,*,#4456,.F.);
#6194=ORIENTED_EDGE('',*,*,#4461,.F.);
#6195=ORIENTED_EDGE('',*,*,#4462,.T.);
#6196=ORIENTED_EDGE('',*,*,#4463,.T.);
#6197=ORIENTED_EDGE('',*,*,#4459,.F.);
#6198=ORIENTED_EDGE('',*,*,#4464,.F.);
#6199=ORIENTED_EDGE('',*,*,#4465,.T.);
#6200=ORIENTED_EDGE('',*,*,#4466,.T.);
#6201=ORIENTED_EDGE('',*,*,#4462,.F.);
#6202=ORIENTED_EDGE('',*,*,#4467,.F.);
#6203=ORIENTED_EDGE('',*,*,#4415,.T.);
#6204=ORIENTED_EDGE('',*,*,#4468,.T.);
#6205=ORIENTED_EDGE('',*,*,#4465,.F.);
#6206=ORIENTED_EDGE('',*,*,#4468,.F.);
#6207=ORIENTED_EDGE('',*,*,#4414,.F.);
#6208=ORIENTED_EDGE('',*,*,#4418,.F.);
#6209=ORIENTED_EDGE('',*,*,#4421,.F.);
#6210=ORIENTED_EDGE('',*,*,#4424,.F.);
#6211=ORIENTED_EDGE('',*,*,#4427,.F.);
#6212=ORIENTED_EDGE('',*,*,#4430,.F.);
#6213=ORIENTED_EDGE('',*,*,#4433,.F.);
#6214=ORIENTED_EDGE('',*,*,#4436,.F.);
#6215=ORIENTED_EDGE('',*,*,#4439,.F.);
#6216=ORIENTED_EDGE('',*,*,#4442,.F.);
#6217=ORIENTED_EDGE('',*,*,#4445,.F.);
#6218=ORIENTED_EDGE('',*,*,#4448,.F.);
#6219=ORIENTED_EDGE('',*,*,#4451,.F.);
#6220=ORIENTED_EDGE('',*,*,#4454,.F.);
#6221=ORIENTED_EDGE('',*,*,#4457,.F.);
#6222=ORIENTED_EDGE('',*,*,#4460,.F.);
#6223=ORIENTED_EDGE('',*,*,#4463,.F.);
#6224=ORIENTED_EDGE('',*,*,#4466,.F.);
#6225=ORIENTED_EDGE('',*,*,#4411,.F.);
#6226=ORIENTED_EDGE('',*,*,#4396,.F.);
#6227=ORIENTED_EDGE('',*,*,#4400,.F.);
#6228=ORIENTED_EDGE('',*,*,#4403,.F.);
#6229=ORIENTED_EDGE('',*,*,#4406,.F.);
#6230=ORIENTED_EDGE('',*,*,#4409,.F.);
#6231=ORIENTED_EDGE('',*,*,#4469,.F.);
#6232=ORIENTED_EDGE('',*,*,#4470,.T.);
#6233=ORIENTED_EDGE('',*,*,#4471,.T.);
#6234=ORIENTED_EDGE('',*,*,#4472,.F.);
#6235=ORIENTED_EDGE('',*,*,#4473,.F.);
#6236=ORIENTED_EDGE('',*,*,#4474,.T.);
#6237=ORIENTED_EDGE('',*,*,#4475,.T.);
#6238=ORIENTED_EDGE('',*,*,#4470,.F.);
#6239=ORIENTED_EDGE('',*,*,#4476,.F.);
#6240=ORIENTED_EDGE('',*,*,#4477,.T.);
#6241=ORIENTED_EDGE('',*,*,#4478,.T.);
#6242=ORIENTED_EDGE('',*,*,#4474,.F.);
#6243=ORIENTED_EDGE('',*,*,#4479,.F.);
#6244=ORIENTED_EDGE('',*,*,#4480,.T.);
#6245=ORIENTED_EDGE('',*,*,#4481,.T.);
#6246=ORIENTED_EDGE('',*,*,#4477,.F.);
#6247=ORIENTED_EDGE('',*,*,#4482,.F.);
#6248=ORIENTED_EDGE('',*,*,#4483,.T.);
#6249=ORIENTED_EDGE('',*,*,#4484,.T.);
#6250=ORIENTED_EDGE('',*,*,#4480,.F.);
#6251=ORIENTED_EDGE('',*,*,#4485,.F.);
#6252=ORIENTED_EDGE('',*,*,#4486,.T.);
#6253=ORIENTED_EDGE('',*,*,#4487,.T.);
#6254=ORIENTED_EDGE('',*,*,#4483,.F.);
#6255=ORIENTED_EDGE('',*,*,#4488,.F.);
#6256=ORIENTED_EDGE('',*,*,#4489,.T.);
#6257=ORIENTED_EDGE('',*,*,#4490,.T.);
#6258=ORIENTED_EDGE('',*,*,#4486,.F.);
#6259=ORIENTED_EDGE('',*,*,#4491,.F.);
#6260=ORIENTED_EDGE('',*,*,#4472,.T.);
#6261=ORIENTED_EDGE('',*,*,#4492,.T.);
#6262=ORIENTED_EDGE('',*,*,#4489,.F.);
#6263=ORIENTED_EDGE('',*,*,#4492,.F.);
#6264=ORIENTED_EDGE('',*,*,#4471,.F.);
#6265=ORIENTED_EDGE('',*,*,#4475,.F.);
#6266=ORIENTED_EDGE('',*,*,#4478,.F.);
#6267=ORIENTED_EDGE('',*,*,#4481,.F.);
#6268=ORIENTED_EDGE('',*,*,#4484,.F.);
#6269=ORIENTED_EDGE('',*,*,#4487,.F.);
#6270=ORIENTED_EDGE('',*,*,#4490,.F.);
#6271=ORIENTED_EDGE('',*,*,#4394,.T.);
#6272=ORIENTED_EDGE('',*,*,#4410,.T.);
#6273=ORIENTED_EDGE('',*,*,#4407,.T.);
#6274=ORIENTED_EDGE('',*,*,#4404,.T.);
#6275=ORIENTED_EDGE('',*,*,#4401,.T.);
#6276=ORIENTED_EDGE('',*,*,#4398,.T.);
#6277=ORIENTED_EDGE('',*,*,#4319,.T.);
#6278=ORIENTED_EDGE('',*,*,#4335,.T.);
#6279=ORIENTED_EDGE('',*,*,#4332,.T.);
#6280=ORIENTED_EDGE('',*,*,#4329,.T.);
#6281=ORIENTED_EDGE('',*,*,#4326,.T.);
#6282=ORIENTED_EDGE('',*,*,#4323,.T.);
#6283=ORIENTED_EDGE('',*,*,#4142,.T.);
#6284=ORIENTED_EDGE('',*,*,#4176,.T.);
#6285=ORIENTED_EDGE('',*,*,#4173,.T.);
#6286=ORIENTED_EDGE('',*,*,#4170,.T.);
#6287=ORIENTED_EDGE('',*,*,#4167,.T.);
#6288=ORIENTED_EDGE('',*,*,#4164,.T.);
#6289=ORIENTED_EDGE('',*,*,#4161,.T.);
#6290=ORIENTED_EDGE('',*,*,#4158,.T.);
#6291=ORIENTED_EDGE('',*,*,#4155,.T.);
#6292=ORIENTED_EDGE('',*,*,#4152,.T.);
#6293=ORIENTED_EDGE('',*,*,#4149,.T.);
#6294=ORIENTED_EDGE('',*,*,#4146,.T.);
#6295=ORIENTED_EDGE('',*,*,#3717,.F.);
#6296=ORIENTED_EDGE('',*,*,#3596,.T.);
#6297=ORIENTED_EDGE('',*,*,#4493,.T.);
#6298=ORIENTED_EDGE('',*,*,#3650,.T.);
#6299=ORIENTED_EDGE('',*,*,#4494,.T.);
#6300=ORIENTED_EDGE('',*,*,#4495,.T.);
#6301=ORIENTED_EDGE('',*,*,#3651,.T.);
#6302=ORIENTED_EDGE('',*,*,#4493,.F.);
#6303=ORIENTED_EDGE('',*,*,#4496,.T.);
#6304=ORIENTED_EDGE('',*,*,#4497,.T.);
#6305=ORIENTED_EDGE('',*,*,#3652,.T.);
#6306=ORIENTED_EDGE('',*,*,#4495,.F.);
#6307=ORIENTED_EDGE('',*,*,#4498,.T.);
#6308=ORIENTED_EDGE('',*,*,#3653,.T.);
#6309=ORIENTED_EDGE('',*,*,#4497,.F.);
#6310=ORIENTED_EDGE('',*,*,#4499,.T.);
#6311=ORIENTED_EDGE('',*,*,#4500,.T.);
#6312=ORIENTED_EDGE('',*,*,#3654,.T.);
#6313=ORIENTED_EDGE('',*,*,#4498,.F.);
#6314=ORIENTED_EDGE('',*,*,#4501,.T.);
#6315=ORIENTED_EDGE('',*,*,#4502,.T.);
#6316=ORIENTED_EDGE('',*,*,#3655,.T.);
#6317=ORIENTED_EDGE('',*,*,#4500,.F.);
#6318=ORIENTED_EDGE('',*,*,#4503,.T.);
#6319=ORIENTED_EDGE('',*,*,#4504,.T.);
#6320=ORIENTED_EDGE('',*,*,#3656,.T.);
#6321=ORIENTED_EDGE('',*,*,#4502,.F.);
#6322=ORIENTED_EDGE('',*,*,#4505,.T.);
#6323=ORIENTED_EDGE('',*,*,#4506,.T.);
#6324=ORIENTED_EDGE('',*,*,#3657,.T.);
#6325=ORIENTED_EDGE('',*,*,#4504,.F.);
#6326=ORIENTED_EDGE('',*,*,#4507,.T.);
#6327=ORIENTED_EDGE('',*,*,#3658,.T.);
#6328=ORIENTED_EDGE('',*,*,#4506,.F.);
#6329=ORIENTED_EDGE('',*,*,#4508,.T.);
#6330=ORIENTED_EDGE('',*,*,#4509,.T.);
#6331=ORIENTED_EDGE('',*,*,#3659,.T.);
#6332=ORIENTED_EDGE('',*,*,#4509,.F.);
#6333=ORIENTED_EDGE('',*,*,#4510,.T.);
#6334=ORIENTED_EDGE('',*,*,#4511,.T.);
#6335=ORIENTED_EDGE('',*,*,#3588,.T.);
#6336=ORIENTED_EDGE('',*,*,#4512,.T.);
#6337=ORIENTED_EDGE('',*,*,#3660,.T.);
#6338=ORIENTED_EDGE('',*,*,#4511,.F.);
#6339=ORIENTED_EDGE('',*,*,#4513,.T.);
#6340=ORIENTED_EDGE('',*,*,#3661,.T.);
#6341=ORIENTED_EDGE('',*,*,#4512,.F.);
#6342=ORIENTED_EDGE('',*,*,#4514,.T.);
#6343=ORIENTED_EDGE('',*,*,#4515,.T.);
#6344=ORIENTED_EDGE('',*,*,#3662,.T.);
#6345=ORIENTED_EDGE('',*,*,#4513,.F.);
#6346=ORIENTED_EDGE('',*,*,#4516,.T.);
#6347=ORIENTED_EDGE('',*,*,#4517,.T.);
#6348=ORIENTED_EDGE('',*,*,#3663,.T.);
#6349=ORIENTED_EDGE('',*,*,#4515,.F.);
#6350=ORIENTED_EDGE('',*,*,#4518,.T.);
#6351=ORIENTED_EDGE('',*,*,#3603,.T.);
#6352=ORIENTED_EDGE('',*,*,#3664,.T.);
#6353=ORIENTED_EDGE('',*,*,#4517,.F.);
#6354=ORIENTED_EDGE('',*,*,#4519,.T.);
#6355=ORIENTED_EDGE('',*,*,#4519,.F.);
#6356=ORIENTED_EDGE('',*,*,#4520,.T.);
#6357=ORIENTED_EDGE('',*,*,#4521,.T.);
#6358=ORIENTED_EDGE('',*,*,#3599,.F.);
#6359=ORIENTED_EDGE('',*,*,#4518,.F.);
#6360=ORIENTED_EDGE('',*,*,#4522,.T.);
#6361=ORIENTED_EDGE('',*,*,#4523,.T.);
#6362=ORIENTED_EDGE('',*,*,#4520,.F.);
#6363=ORIENTED_EDGE('',*,*,#4516,.F.);
#6364=ORIENTED_EDGE('',*,*,#4524,.T.);
#6365=ORIENTED_EDGE('',*,*,#4525,.T.);
#6366=ORIENTED_EDGE('',*,*,#4522,.F.);
#6367=ORIENTED_EDGE('',*,*,#4514,.F.);
#6368=ORIENTED_EDGE('',*,*,#3587,.T.);
#6369=ORIENTED_EDGE('',*,*,#4526,.T.);
#6370=ORIENTED_EDGE('',*,*,#4524,.F.);
#6371=ORIENTED_EDGE('',*,*,#4510,.F.);
#6372=ORIENTED_EDGE('',*,*,#4527,.T.);
#6373=ORIENTED_EDGE('',*,*,#4528,.T.);
#6374=ORIENTED_EDGE('',*,*,#3589,.F.);
#6375=ORIENTED_EDGE('',*,*,#4507,.F.);
#6376=ORIENTED_EDGE('',*,*,#4529,.T.);
#6377=ORIENTED_EDGE('',*,*,#4530,.T.);
#6378=ORIENTED_EDGE('',*,*,#4531,.F.);
#6379=ORIENTED_EDGE('',*,*,#4505,.F.);
#6380=ORIENTED_EDGE('',*,*,#4532,.T.);
#6381=ORIENTED_EDGE('',*,*,#4533,.T.);
#6382=ORIENTED_EDGE('',*,*,#4529,.F.);
#6383=ORIENTED_EDGE('',*,*,#4503,.F.);
#6384=ORIENTED_EDGE('',*,*,#4534,.T.);
#6385=ORIENTED_EDGE('',*,*,#4535,.T.);
#6386=ORIENTED_EDGE('',*,*,#4532,.F.);
#6387=ORIENTED_EDGE('',*,*,#4501,.F.);
#6388=ORIENTED_EDGE('',*,*,#4536,.T.);
#6389=ORIENTED_EDGE('',*,*,#4537,.T.);
#6390=ORIENTED_EDGE('',*,*,#4534,.F.);
#6391=ORIENTED_EDGE('',*,*,#4499,.F.);
#6392=ORIENTED_EDGE('',*,*,#4538,.T.);
#6393=ORIENTED_EDGE('',*,*,#4539,.T.);
#6394=ORIENTED_EDGE('',*,*,#4536,.F.);
#6395=ORIENTED_EDGE('',*,*,#4508,.F.);
#6396=ORIENTED_EDGE('',*,*,#4531,.T.);
#6397=ORIENTED_EDGE('',*,*,#4540,.F.);
#6398=ORIENTED_EDGE('',*,*,#4538,.F.);
#6399=ORIENTED_EDGE('',*,*,#4496,.F.);
#6400=ORIENTED_EDGE('',*,*,#4541,.T.);
#6401=ORIENTED_EDGE('',*,*,#4542,.T.);
#6402=ORIENTED_EDGE('',*,*,#4527,.F.);
#6403=ORIENTED_EDGE('',*,*,#4494,.F.);
#6404=ORIENTED_EDGE('',*,*,#3595,.T.);
#6405=ORIENTED_EDGE('',*,*,#4543,.T.);
#6406=ORIENTED_EDGE('',*,*,#4541,.F.);
#6407=ORIENTED_EDGE('',*,*,#4544,.T.);
#6408=ORIENTED_EDGE('',*,*,#4545,.T.);
#6409=ORIENTED_EDGE('',*,*,#3644,.T.);
#6410=ORIENTED_EDGE('',*,*,#4546,.T.);
#6411=ORIENTED_EDGE('',*,*,#4545,.F.);
#6412=ORIENTED_EDGE('',*,*,#4547,.F.);
#6413=ORIENTED_EDGE('',*,*,#4548,.F.);
#6414=ORIENTED_EDGE('',*,*,#3645,.T.);
#6415=ORIENTED_EDGE('',*,*,#4549,.T.);
#6416=ORIENTED_EDGE('',*,*,#3750,.T.);
#6417=ORIENTED_EDGE('',*,*,#3646,.T.);
#6418=ORIENTED_EDGE('',*,*,#4548,.T.);
#6419=ORIENTED_EDGE('',*,*,#3746,.T.);
#6420=ORIENTED_EDGE('',*,*,#3752,.T.);
#6421=ORIENTED_EDGE('',*,*,#4550,.T.);
#6422=ORIENTED_EDGE('',*,*,#3615,.T.);
#6423=ORIENTED_EDGE('',*,*,#3648,.T.);
#6424=ORIENTED_EDGE('',*,*,#3749,.T.);
#6425=ORIENTED_EDGE('',*,*,#4551,.T.);
#6426=ORIENTED_EDGE('',*,*,#4552,.T.);
#6427=ORIENTED_EDGE('',*,*,#3642,.T.);
#6428=ORIENTED_EDGE('',*,*,#3617,.T.);
#6429=ORIENTED_EDGE('',*,*,#4553,.T.);
#6430=ORIENTED_EDGE('',*,*,#4554,.T.);
#6431=ORIENTED_EDGE('',*,*,#4555,.T.);
#6432=ORIENTED_EDGE('',*,*,#4556,.T.);
#6433=ORIENTED_EDGE('',*,*,#4555,.F.);
#6434=ORIENTED_EDGE('',*,*,#4557,.F.);
#6435=ORIENTED_EDGE('',*,*,#3619,.F.);
#6436=ORIENTED_EDGE('',*,*,#4558,.T.);
#6437=ORIENTED_EDGE('',*,*,#4556,.F.);
#6438=ORIENTED_EDGE('',*,*,#4558,.F.);
#6439=ORIENTED_EDGE('',*,*,#3622,.F.);
#6440=ORIENTED_EDGE('',*,*,#4559,.T.);
#6441=ORIENTED_EDGE('',*,*,#3591,.F.);
#6442=ORIENTED_EDGE('',*,*,#3592,.F.);
#6443=ORIENTED_EDGE('',*,*,#4559,.F.);
#6444=ORIENTED_EDGE('',*,*,#3621,.F.);
#6445=ORIENTED_EDGE('',*,*,#4560,.T.);
#6446=ORIENTED_EDGE('',*,*,#3593,.F.);
#6447=ORIENTED_EDGE('',*,*,#4560,.F.);
#6448=ORIENTED_EDGE('',*,*,#3620,.F.);
#6449=ORIENTED_EDGE('',*,*,#4557,.T.);
#6450=ORIENTED_EDGE('',*,*,#4554,.F.);
#6451=ORIENTED_EDGE('',*,*,#3581,.F.);
#6452=ORIENTED_EDGE('',*,*,#3734,.F.);
#6453=ORIENTED_EDGE('',*,*,#3605,.F.);
#6454=ORIENTED_EDGE('',*,*,#3665,.F.);
#6455=ORIENTED_EDGE('',*,*,#3601,.F.);
#6456=ORIENTED_EDGE('',*,*,#4561,.F.);
#6457=ORIENTED_EDGE('',*,*,#4562,.F.);
#6458=ORIENTED_EDGE('',*,*,#4562,.T.);
#6459=ORIENTED_EDGE('',*,*,#4563,.T.);
#6460=ORIENTED_EDGE('',*,*,#4564,.F.);
#6461=ORIENTED_EDGE('',*,*,#4563,.F.);
#6462=ORIENTED_EDGE('',*,*,#4523,.F.);
#6463=ORIENTED_EDGE('',*,*,#4525,.F.);
#6464=ORIENTED_EDGE('',*,*,#4526,.F.);
#6465=ORIENTED_EDGE('',*,*,#3586,.T.);
#6466=ORIENTED_EDGE('',*,*,#3600,.F.);
#6467=ORIENTED_EDGE('',*,*,#4521,.F.);
#6468=ORIENTED_EDGE('',*,*,#4564,.T.);
#6469=ORIENTED_EDGE('',*,*,#4561,.T.);
#6470=ORIENTED_EDGE('',*,*,#4565,.T.);
#6471=ORIENTED_EDGE('',*,*,#4566,.F.);
#6472=ORIENTED_EDGE('',*,*,#4565,.F.);
#6473=ORIENTED_EDGE('',*,*,#4540,.T.);
#6474=ORIENTED_EDGE('',*,*,#4530,.F.);
#6475=ORIENTED_EDGE('',*,*,#4533,.F.);
#6476=ORIENTED_EDGE('',*,*,#4535,.F.);
#6477=ORIENTED_EDGE('',*,*,#4537,.F.);
#6478=ORIENTED_EDGE('',*,*,#4539,.F.);
#6479=ORIENTED_EDGE('',*,*,#4566,.T.);
#6480=ORIENTED_EDGE('',*,*,#4543,.F.);
#6481=ORIENTED_EDGE('',*,*,#3594,.F.);
#6482=ORIENTED_EDGE('',*,*,#4553,.F.);
#6483=ORIENTED_EDGE('',*,*,#3590,.F.);
#6484=ORIENTED_EDGE('',*,*,#4528,.F.);
#6485=ORIENTED_EDGE('',*,*,#4542,.F.);
#6486=ORIENTED_EDGE('',*,*,#4546,.F.);
#6487=ORIENTED_EDGE('',*,*,#3643,.T.);
#6488=ORIENTED_EDGE('',*,*,#4552,.F.);
#6489=ORIENTED_EDGE('',*,*,#4567,.F.);
#6490=ORIENTED_EDGE('',*,*,#4469,.T.);
#6491=ORIENTED_EDGE('',*,*,#4491,.T.);
#6492=ORIENTED_EDGE('',*,*,#4488,.T.);
#6493=ORIENTED_EDGE('',*,*,#4485,.T.);
#6494=ORIENTED_EDGE('',*,*,#4482,.T.);
#6495=ORIENTED_EDGE('',*,*,#4479,.T.);
#6496=ORIENTED_EDGE('',*,*,#4476,.T.);
#6497=ORIENTED_EDGE('',*,*,#4473,.T.);
#6498=ORIENTED_EDGE('',*,*,#4412,.T.);
#6499=ORIENTED_EDGE('',*,*,#4467,.T.);
#6500=ORIENTED_EDGE('',*,*,#4464,.T.);
#6501=ORIENTED_EDGE('',*,*,#4461,.T.);
#6502=ORIENTED_EDGE('',*,*,#4458,.T.);
#6503=ORIENTED_EDGE('',*,*,#4455,.T.);
#6504=ORIENTED_EDGE('',*,*,#4452,.T.);
#6505=ORIENTED_EDGE('',*,*,#4449,.T.);
#6506=ORIENTED_EDGE('',*,*,#4446,.T.);
#6507=ORIENTED_EDGE('',*,*,#4443,.T.);
#6508=ORIENTED_EDGE('',*,*,#4440,.T.);
#6509=ORIENTED_EDGE('',*,*,#4437,.T.);
#6510=ORIENTED_EDGE('',*,*,#4434,.T.);
#6511=ORIENTED_EDGE('',*,*,#4431,.T.);
#6512=ORIENTED_EDGE('',*,*,#4428,.T.);
#6513=ORIENTED_EDGE('',*,*,#4425,.T.);
#6514=ORIENTED_EDGE('',*,*,#4422,.T.);
#6515=ORIENTED_EDGE('',*,*,#4419,.T.);
#6516=ORIENTED_EDGE('',*,*,#4416,.T.);
#6517=ORIENTED_EDGE('',*,*,#4337,.T.);
#6518=ORIENTED_EDGE('',*,*,#4392,.T.);
#6519=ORIENTED_EDGE('',*,*,#4389,.T.);
#6520=ORIENTED_EDGE('',*,*,#4386,.T.);
#6521=ORIENTED_EDGE('',*,*,#4383,.T.);
#6522=ORIENTED_EDGE('',*,*,#4380,.T.);
#6523=ORIENTED_EDGE('',*,*,#4377,.T.);
#6524=ORIENTED_EDGE('',*,*,#4374,.T.);
#6525=ORIENTED_EDGE('',*,*,#4371,.T.);
#6526=ORIENTED_EDGE('',*,*,#4368,.T.);
#6527=ORIENTED_EDGE('',*,*,#4365,.T.);
#6528=ORIENTED_EDGE('',*,*,#4362,.T.);
#6529=ORIENTED_EDGE('',*,*,#4359,.T.);
#6530=ORIENTED_EDGE('',*,*,#4356,.T.);
#6531=ORIENTED_EDGE('',*,*,#4353,.T.);
#6532=ORIENTED_EDGE('',*,*,#4350,.T.);
#6533=ORIENTED_EDGE('',*,*,#4347,.T.);
#6534=ORIENTED_EDGE('',*,*,#4344,.T.);
#6535=ORIENTED_EDGE('',*,*,#4341,.T.);
#6536=ORIENTED_EDGE('',*,*,#4223,.T.);
#6537=ORIENTED_EDGE('',*,*,#4317,.T.);
#6538=ORIENTED_EDGE('',*,*,#4314,.T.);
#6539=ORIENTED_EDGE('',*,*,#4311,.T.);
#6540=ORIENTED_EDGE('',*,*,#4308,.T.);
#6541=ORIENTED_EDGE('',*,*,#4305,.T.);
#6542=ORIENTED_EDGE('',*,*,#4302,.T.);
#6543=ORIENTED_EDGE('',*,*,#4299,.T.);
#6544=ORIENTED_EDGE('',*,*,#4296,.T.);
#6545=ORIENTED_EDGE('',*,*,#4293,.T.);
#6546=ORIENTED_EDGE('',*,*,#4290,.T.);
#6547=ORIENTED_EDGE('',*,*,#4287,.T.);
#6548=ORIENTED_EDGE('',*,*,#4284,.T.);
#6549=ORIENTED_EDGE('',*,*,#4281,.T.);
#6550=ORIENTED_EDGE('',*,*,#4278,.T.);
#6551=ORIENTED_EDGE('',*,*,#4275,.T.);
#6552=ORIENTED_EDGE('',*,*,#4272,.T.);
#6553=ORIENTED_EDGE('',*,*,#4269,.T.);
#6554=ORIENTED_EDGE('',*,*,#4266,.T.);
#6555=ORIENTED_EDGE('',*,*,#4263,.T.);
#6556=ORIENTED_EDGE('',*,*,#4260,.T.);
#6557=ORIENTED_EDGE('',*,*,#4257,.T.);
#6558=ORIENTED_EDGE('',*,*,#4254,.T.);
#6559=ORIENTED_EDGE('',*,*,#4251,.T.);
#6560=ORIENTED_EDGE('',*,*,#4248,.T.);
#6561=ORIENTED_EDGE('',*,*,#4245,.T.);
#6562=ORIENTED_EDGE('',*,*,#4242,.T.);
#6563=ORIENTED_EDGE('',*,*,#4239,.T.);
#6564=ORIENTED_EDGE('',*,*,#4236,.T.);
#6565=ORIENTED_EDGE('',*,*,#4233,.T.);
#6566=ORIENTED_EDGE('',*,*,#4230,.T.);
#6567=ORIENTED_EDGE('',*,*,#4227,.T.);
#6568=ORIENTED_EDGE('',*,*,#4178,.T.);
#6569=ORIENTED_EDGE('',*,*,#4221,.T.);
#6570=ORIENTED_EDGE('',*,*,#4218,.T.);
#6571=ORIENTED_EDGE('',*,*,#4215,.T.);
#6572=ORIENTED_EDGE('',*,*,#4212,.T.);
#6573=ORIENTED_EDGE('',*,*,#4209,.T.);
#6574=ORIENTED_EDGE('',*,*,#4206,.T.);
#6575=ORIENTED_EDGE('',*,*,#4203,.T.);
#6576=ORIENTED_EDGE('',*,*,#4200,.T.);
#6577=ORIENTED_EDGE('',*,*,#4197,.T.);
#6578=ORIENTED_EDGE('',*,*,#4194,.T.);
#6579=ORIENTED_EDGE('',*,*,#4191,.T.);
#6580=ORIENTED_EDGE('',*,*,#4188,.T.);
#6581=ORIENTED_EDGE('',*,*,#4185,.T.);
#6582=ORIENTED_EDGE('',*,*,#4182,.T.);
#6583=ORIENTED_EDGE('',*,*,#4118,.T.);
#6584=ORIENTED_EDGE('',*,*,#4140,.T.);
#6585=ORIENTED_EDGE('',*,*,#4137,.T.);
#6586=ORIENTED_EDGE('',*,*,#4134,.T.);
#6587=ORIENTED_EDGE('',*,*,#4131,.T.);
#6588=ORIENTED_EDGE('',*,*,#4128,.T.);
#6589=ORIENTED_EDGE('',*,*,#4125,.T.);
#6590=ORIENTED_EDGE('',*,*,#4122,.T.);
#6591=ORIENTED_EDGE('',*,*,#4052,.T.);
#6592=ORIENTED_EDGE('',*,*,#4116,.T.);
#6593=ORIENTED_EDGE('',*,*,#4113,.T.);
#6594=ORIENTED_EDGE('',*,*,#4110,.T.);
#6595=ORIENTED_EDGE('',*,*,#4107,.T.);
#6596=ORIENTED_EDGE('',*,*,#4104,.T.);
#6597=ORIENTED_EDGE('',*,*,#4101,.T.);
#6598=ORIENTED_EDGE('',*,*,#4098,.T.);
#6599=ORIENTED_EDGE('',*,*,#4095,.T.);
#6600=ORIENTED_EDGE('',*,*,#4092,.T.);
#6601=ORIENTED_EDGE('',*,*,#4089,.T.);
#6602=ORIENTED_EDGE('',*,*,#4086,.T.);
#6603=ORIENTED_EDGE('',*,*,#4083,.T.);
#6604=ORIENTED_EDGE('',*,*,#4080,.T.);
#6605=ORIENTED_EDGE('',*,*,#4077,.T.);
#6606=ORIENTED_EDGE('',*,*,#4074,.T.);
#6607=ORIENTED_EDGE('',*,*,#4071,.T.);
#6608=ORIENTED_EDGE('',*,*,#4068,.T.);
#6609=ORIENTED_EDGE('',*,*,#4065,.T.);
#6610=ORIENTED_EDGE('',*,*,#4062,.T.);
#6611=ORIENTED_EDGE('',*,*,#4059,.T.);
#6612=ORIENTED_EDGE('',*,*,#4056,.T.);
#6613=ORIENTED_EDGE('',*,*,#4040,.T.);
#6614=ORIENTED_EDGE('',*,*,#4050,.T.);
#6615=ORIENTED_EDGE('',*,*,#4047,.T.);
#6616=ORIENTED_EDGE('',*,*,#4044,.T.);
#6617=ORIENTED_EDGE('',*,*,#3992,.T.);
#6618=ORIENTED_EDGE('',*,*,#4038,.T.);
#6619=ORIENTED_EDGE('',*,*,#4035,.T.);
#6620=ORIENTED_EDGE('',*,*,#4032,.T.);
#6621=ORIENTED_EDGE('',*,*,#4029,.T.);
#6622=ORIENTED_EDGE('',*,*,#4026,.T.);
#6623=ORIENTED_EDGE('',*,*,#4023,.T.);
#6624=ORIENTED_EDGE('',*,*,#4020,.T.);
#6625=ORIENTED_EDGE('',*,*,#4017,.T.);
#6626=ORIENTED_EDGE('',*,*,#4014,.T.);
#6627=ORIENTED_EDGE('',*,*,#4011,.T.);
#6628=ORIENTED_EDGE('',*,*,#4008,.T.);
#6629=ORIENTED_EDGE('',*,*,#4005,.T.);
#6630=ORIENTED_EDGE('',*,*,#4002,.T.);
#6631=ORIENTED_EDGE('',*,*,#3999,.T.);
#6632=ORIENTED_EDGE('',*,*,#3996,.T.);
#6633=ORIENTED_EDGE('',*,*,#3941,.T.);
#6634=ORIENTED_EDGE('',*,*,#3990,.T.);
#6635=ORIENTED_EDGE('',*,*,#3987,.T.);
#6636=ORIENTED_EDGE('',*,*,#3984,.T.);
#6637=ORIENTED_EDGE('',*,*,#3981,.T.);
#6638=ORIENTED_EDGE('',*,*,#3978,.T.);
#6639=ORIENTED_EDGE('',*,*,#3975,.T.);
#6640=ORIENTED_EDGE('',*,*,#3972,.T.);
#6641=ORIENTED_EDGE('',*,*,#3969,.T.);
#6642=ORIENTED_EDGE('',*,*,#3966,.T.);
#6643=ORIENTED_EDGE('',*,*,#3963,.T.);
#6644=ORIENTED_EDGE('',*,*,#3960,.T.);
#6645=ORIENTED_EDGE('',*,*,#3957,.T.);
#6646=ORIENTED_EDGE('',*,*,#3954,.T.);
#6647=ORIENTED_EDGE('',*,*,#3951,.T.);
#6648=ORIENTED_EDGE('',*,*,#3948,.T.);
#6649=ORIENTED_EDGE('',*,*,#3945,.T.);
#6650=ORIENTED_EDGE('',*,*,#3875,.T.);
#6651=ORIENTED_EDGE('',*,*,#3939,.T.);
#6652=ORIENTED_EDGE('',*,*,#3936,.T.);
#6653=ORIENTED_EDGE('',*,*,#3933,.T.);
#6654=ORIENTED_EDGE('',*,*,#3930,.T.);
#6655=ORIENTED_EDGE('',*,*,#3927,.T.);
#6656=ORIENTED_EDGE('',*,*,#3924,.T.);
#6657=ORIENTED_EDGE('',*,*,#3921,.T.);
#6658=ORIENTED_EDGE('',*,*,#3918,.T.);
#6659=ORIENTED_EDGE('',*,*,#3915,.T.);
#6660=ORIENTED_EDGE('',*,*,#3912,.T.);
#6661=ORIENTED_EDGE('',*,*,#3909,.T.);
#6662=ORIENTED_EDGE('',*,*,#3906,.T.);
#6663=ORIENTED_EDGE('',*,*,#3903,.T.);
#6664=ORIENTED_EDGE('',*,*,#3900,.T.);
#6665=ORIENTED_EDGE('',*,*,#3897,.T.);
#6666=ORIENTED_EDGE('',*,*,#3894,.T.);
#6667=ORIENTED_EDGE('',*,*,#3891,.T.);
#6668=ORIENTED_EDGE('',*,*,#3888,.T.);
#6669=ORIENTED_EDGE('',*,*,#3885,.T.);
#6670=ORIENTED_EDGE('',*,*,#3882,.T.);
#6671=ORIENTED_EDGE('',*,*,#3879,.T.);
#6672=ORIENTED_EDGE('',*,*,#3836,.T.);
#6673=ORIENTED_EDGE('',*,*,#3873,.T.);
#6674=ORIENTED_EDGE('',*,*,#3870,.T.);
#6675=ORIENTED_EDGE('',*,*,#3867,.T.);
#6676=ORIENTED_EDGE('',*,*,#3864,.T.);
#6677=ORIENTED_EDGE('',*,*,#3861,.T.);
#6678=ORIENTED_EDGE('',*,*,#3858,.T.);
#6679=ORIENTED_EDGE('',*,*,#3855,.T.);
#6680=ORIENTED_EDGE('',*,*,#3852,.T.);
#6681=ORIENTED_EDGE('',*,*,#3849,.T.);
#6682=ORIENTED_EDGE('',*,*,#3846,.T.);
#6683=ORIENTED_EDGE('',*,*,#3843,.T.);
#6684=ORIENTED_EDGE('',*,*,#3840,.T.);
#6685=ORIENTED_EDGE('',*,*,#3785,.T.);
#6686=ORIENTED_EDGE('',*,*,#3834,.T.);
#6687=ORIENTED_EDGE('',*,*,#3831,.T.);
#6688=ORIENTED_EDGE('',*,*,#3828,.T.);
#6689=ORIENTED_EDGE('',*,*,#3825,.T.);
#6690=ORIENTED_EDGE('',*,*,#3822,.T.);
#6691=ORIENTED_EDGE('',*,*,#3819,.T.);
#6692=ORIENTED_EDGE('',*,*,#3816,.T.);
#6693=ORIENTED_EDGE('',*,*,#3813,.T.);
#6694=ORIENTED_EDGE('',*,*,#3810,.T.);
#6695=ORIENTED_EDGE('',*,*,#3807,.T.);
#6696=ORIENTED_EDGE('',*,*,#3804,.T.);
#6697=ORIENTED_EDGE('',*,*,#3801,.T.);
#6698=ORIENTED_EDGE('',*,*,#3798,.T.);
#6699=ORIENTED_EDGE('',*,*,#3795,.T.);
#6700=ORIENTED_EDGE('',*,*,#3792,.T.);
#6701=ORIENTED_EDGE('',*,*,#3789,.T.);
#6702=ORIENTED_EDGE('',*,*,#4544,.F.);
#6703=ORIENTED_EDGE('',*,*,#4567,.T.);
#6704=ORIENTED_EDGE('',*,*,#4551,.F.);
#6705=ORIENTED_EDGE('',*,*,#3616,.T.);
#6706=ORIENTED_EDGE('',*,*,#4550,.F.);
#6707=ORIENTED_EDGE('',*,*,#3751,.T.);
#6708=ORIENTED_EDGE('',*,*,#4549,.F.);
#6709=ORIENTED_EDGE('',*,*,#4547,.T.);
#6710=PLANE('',#7324);
#6711=PLANE('',#7325);
#6712=PLANE('',#7326);
#6713=PLANE('',#7327);
#6714=PLANE('',#7328);
#6715=PLANE('',#7329);
#6716=PLANE('',#7330);
#6717=PLANE('',#7331);
#6718=PLANE('',#7332);
#6719=PLANE('',#7333);
#6720=PLANE('',#7334);
#6721=PLANE('',#7335);
#6722=PLANE('',#7336);
#6723=PLANE('',#7337);
#6724=PLANE('',#7338);
#6725=PLANE('',#7339);
#6726=PLANE('',#7340);
#6727=PLANE('',#7341);
#6728=PLANE('',#7342);
#6729=PLANE('',#7343);
#6730=PLANE('',#7344);
#6731=PLANE('',#7345);
#6732=PLANE('',#7346);
#6733=PLANE('',#7347);
#6734=PLANE('',#7348);
#6735=PLANE('',#7349);
#6736=PLANE('',#7350);
#6737=PLANE('',#7351);
#6738=PLANE('',#7366);
#6739=PLANE('',#7381);
#6740=PLANE('',#7382);
#6741=PLANE('',#7383);
#6742=PLANE('',#7384);
#6743=PLANE('',#7385);
#6744=PLANE('',#7386);
#6745=PLANE('',#7387);
#6746=PLANE('',#7388);
#6747=PLANE('',#7398);
#6748=PLANE('',#7399);
#6749=PLANE('',#7400);
#6750=PLANE('',#7401);
#6751=PLANE('',#7402);
#6752=PLANE('',#7403);
#6753=PLANE('',#7404);
#6754=PLANE('',#7405);
#6755=PLANE('',#7406);
#6756=PLANE('',#7407);
#6757=PLANE('',#7408);
#6758=PLANE('',#7409);
#6759=PLANE('',#7410);
#6760=PLANE('',#7411);
#6761=PLANE('',#7412);
#6762=PLANE('',#7421);
#6763=PLANE('',#7424);
#6764=PLANE('',#7434);
#6765=PLANE('',#7439);
#6766=PLANE('',#7443);
#6767=PLANE('',#7444);
#6768=PLANE('',#7445);
#6769=PLANE('',#7446);
#6770=PLANE('',#7447);
#6771=PLANE('',#7448);
#6772=PLANE('',#7449);
#6773=PLANE('',#7450);
#6774=PLANE('',#7451);
#6775=PLANE('',#7452);
#6776=PLANE('',#7453);
#6777=PLANE('',#7454);
#6778=PLANE('',#7455);
#6779=PLANE('',#7456);
#6780=PLANE('',#7457);
#6781=PLANE('',#7458);
#6782=PLANE('',#7459);
#6783=PLANE('',#7460);
#6784=PLANE('',#7461);
#6785=PLANE('',#7462);
#6786=PLANE('',#7463);
#6787=PLANE('',#7464);
#6788=PLANE('',#7465);
#6789=PLANE('',#7466);
#6790=PLANE('',#7467);
#6791=PLANE('',#7468);
#6792=PLANE('',#7469);
#6793=PLANE('',#7470);
#6794=PLANE('',#7471);
#6795=PLANE('',#7472);
#6796=PLANE('',#7473);
#6797=PLANE('',#7474);
#6798=PLANE('',#7475);
#6799=PLANE('',#7476);
#6800=PLANE('',#7477);
#6801=PLANE('',#7478);
#6802=PLANE('',#7479);
#6803=PLANE('',#7480);
#6804=PLANE('',#7481);
#6805=PLANE('',#7482);
#6806=PLANE('',#7483);
#6807=PLANE('',#7484);
#6808=PLANE('',#7485);
#6809=PLANE('',#7486);
#6810=PLANE('',#7487);
#6811=PLANE('',#7488);
#6812=PLANE('',#7489);
#6813=PLANE('',#7490);
#6814=PLANE('',#7491);
#6815=PLANE('',#7492);
#6816=PLANE('',#7493);
#6817=PLANE('',#7494);
#6818=PLANE('',#7495);
#6819=PLANE('',#7496);
#6820=PLANE('',#7497);
#6821=PLANE('',#7498);
#6822=PLANE('',#7499);
#6823=PLANE('',#7500);
#6824=PLANE('',#7501);
#6825=PLANE('',#7502);
#6826=PLANE('',#7503);
#6827=PLANE('',#7504);
#6828=PLANE('',#7505);
#6829=PLANE('',#7506);
#6830=PLANE('',#7507);
#6831=PLANE('',#7508);
#6832=PLANE('',#7509);
#6833=PLANE('',#7510);
#6834=PLANE('',#7511);
#6835=PLANE('',#7512);
#6836=PLANE('',#7513);
#6837=PLANE('',#7514);
#6838=PLANE('',#7515);
#6839=PLANE('',#7516);
#6840=PLANE('',#7517);
#6841=PLANE('',#7518);
#6842=PLANE('',#7519);
#6843=PLANE('',#7520);
#6844=PLANE('',#7521);
#6845=PLANE('',#7522);
#6846=PLANE('',#7523);
#6847=PLANE('',#7524);
#6848=PLANE('',#7525);
#6849=PLANE('',#7526);
#6850=PLANE('',#7527);
#6851=PLANE('',#7528);
#6852=PLANE('',#7529);
#6853=PLANE('',#7530);
#6854=PLANE('',#7531);
#6855=PLANE('',#7532);
#6856=PLANE('',#7533);
#6857=PLANE('',#7534);
#6858=PLANE('',#7535);
#6859=PLANE('',#7536);
#6860=PLANE('',#7537);
#6861=PLANE('',#7538);
#6862=PLANE('',#7539);
#6863=PLANE('',#7540);
#6864=PLANE('',#7541);
#6865=PLANE('',#7542);
#6866=PLANE('',#7543);
#6867=PLANE('',#7544);
#6868=PLANE('',#7545);
#6869=PLANE('',#7546);
#6870=PLANE('',#7547);
#6871=PLANE('',#7548);
#6872=PLANE('',#7549);
#6873=PLANE('',#7550);
#6874=PLANE('',#7551);
#6875=PLANE('',#7552);
#6876=PLANE('',#7553);
#6877=PLANE('',#7554);
#6878=PLANE('',#7557);
#6879=PLANE('',#7560);
#6880=PLANE('',#7563);
#6881=PLANE('',#7564);
#6882=PLANE('',#7565);
#6883=PLANE('',#7568);
#6884=PLANE('',#7571);
#6885=PLANE('',#7572);
#6886=PLANE('',#7575);
#6887=PLANE('',#7578);
#6888=PLANE('',#7581);
#6889=PLANE('',#7584);
#6890=PLANE('',#7587);
#6891=PLANE('',#7588);
#6892=PLANE('',#7591);
#6893=PLANE('',#7598);
#6894=PLANE('',#7599);
#6895=PLANE('',#7600);
#6896=PLANE('',#7601);
#6897=PLANE('',#7602);
#6898=PLANE('',#7603);
#6899=PLANE('',#7604);
#6900=PLANE('',#7606);
#6901=PLANE('',#7610);
#6902=PLANE('',#7613);
#6903=PLANE('',#7614);
#6904=PLANE('',#7615);
#6905=PLANE('',#7616);
#6906=ADVANCED_FACE('',(#656),#6710,.T.);
#6907=ADVANCED_FACE('',(#657),#6711,.T.);
#6908=ADVANCED_FACE('',(#658),#6712,.T.);
#6909=ADVANCED_FACE('',(#659),#6713,.T.);
#6910=ADVANCED_FACE('',(#660),#6714,.T.);
#6911=ADVANCED_FACE('',(#661),#6715,.T.);
#6912=ADVANCED_FACE('',(#662),#6716,.T.);
#6913=ADVANCED_FACE('',(#663),#6717,.T.);
#6914=ADVANCED_FACE('',(#664),#6718,.T.);
#6915=ADVANCED_FACE('',(#665),#6719,.T.);
#6916=ADVANCED_FACE('',(#666),#6720,.T.);
#6917=ADVANCED_FACE('',(#667),#6721,.T.);
#6918=ADVANCED_FACE('',(#668),#6722,.T.);
#6919=ADVANCED_FACE('',(#669),#6723,.T.);
#6920=ADVANCED_FACE('',(#670),#6724,.T.);
#6921=ADVANCED_FACE('',(#671),#6725,.T.);
#6922=ADVANCED_FACE('',(#672),#6726,.T.);
#6923=ADVANCED_FACE('',(#673),#6727,.T.);
#6924=ADVANCED_FACE('',(#674),#6728,.T.);
#6925=ADVANCED_FACE('',(#675),#6729,.T.);
#6926=ADVANCED_FACE('',(#676),#6730,.T.);
#6927=ADVANCED_FACE('',(#677),#6731,.T.);
#6928=ADVANCED_FACE('',(#678),#6732,.T.);
#6929=ADVANCED_FACE('',(#679),#6733,.T.);
#6930=ADVANCED_FACE('',(#680),#6734,.T.);
#6931=ADVANCED_FACE('',(#681),#6735,.T.);
#6932=ADVANCED_FACE('',(#682),#6736,.T.);
#6933=ADVANCED_FACE('',(#683),#6737,.T.);
#6934=ADVANCED_FACE('',(#684),#633,.T.);
#6935=ADVANCED_FACE('',(#685),#221,.T.);
#6936=ADVANCED_FACE('',(#686),#222,.T.);
#6937=ADVANCED_FACE('',(#687),#634,.T.);
#6938=ADVANCED_FACE('',(#688),#635,.T.);
#6939=ADVANCED_FACE('',(#689),#48,.F.);
#6940=ADVANCED_FACE('',(#690),#6738,.T.);
#6941=ADVANCED_FACE('',(#691),#636,.T.);
#6942=ADVANCED_FACE('',(#692),#42,.T.);
#6943=ADVANCED_FACE('',(#693),#637,.T.);
#6944=ADVANCED_FACE('',(#694),#223,.T.);
#6945=ADVANCED_FACE('',(#695),#638,.T.);
#6946=ADVANCED_FACE('',(#696,#19),#6739,.T.);
#6947=ADVANCED_FACE('',(#697),#6740,.T.);
#6948=ADVANCED_FACE('',(#698),#6741,.T.);
#6949=ADVANCED_FACE('',(#699),#6742,.T.);
#6950=ADVANCED_FACE('',(#700),#6743,.T.);
#6951=ADVANCED_FACE('',(#701),#6744,.T.);
#6952=ADVANCED_FACE('',(#702),#6745,.T.);
#6953=ADVANCED_FACE('',(#703,#20,#21,#22,#23),#6746,.T.);
#6954=ADVANCED_FACE('',(#704),#6747,.T.);
#6955=ADVANCED_FACE('',(#705),#6748,.T.);
#6956=ADVANCED_FACE('',(#706),#6749,.T.);
#6957=ADVANCED_FACE('',(#707),#6750,.T.);
#6958=ADVANCED_FACE('',(#708),#6751,.F.);
#6959=ADVANCED_FACE('',(#709),#6752,.F.);
#6960=ADVANCED_FACE('',(#710),#6753,.T.);
#6961=ADVANCED_FACE('',(#711),#6754,.T.);
#6962=ADVANCED_FACE('',(#712),#6755,.T.);
#6963=ADVANCED_FACE('',(#713),#6756,.T.);
#6964=ADVANCED_FACE('',(#714),#6757,.F.);
#6965=ADVANCED_FACE('',(#715),#6758,.F.);
#6966=ADVANCED_FACE('',(#716),#6759,.T.);
#6967=ADVANCED_FACE('',(#717),#6760,.T.);
#6968=ADVANCED_FACE('',(#718),#6761,.T.);
#6969=ADVANCED_FACE('',(#719),#639,.T.);
#6970=ADVANCED_FACE('',(#720),#640,.T.);
#6971=ADVANCED_FACE('',(#721),#15,.T.);
#6972=ADVANCED_FACE('',(#722),#6762,.F.);
#6973=ADVANCED_FACE('',(#723),#641,.T.);
#6974=ADVANCED_FACE('',(#724),#6763,.F.);
#6975=ADVANCED_FACE('',(#725),#49,.F.);
#6976=ADVANCED_FACE('',(#726),#224,.T.);
#6977=ADVANCED_FACE('',(#727),#642,.F.);
#6978=ADVANCED_FACE('',(#728),#50,.T.);
#6979=ADVANCED_FACE('',(#729),#643,.F.);
#6980=ADVANCED_FACE('',(#730),#6764,.F.);
#6981=ADVANCED_FACE('',(#731),#225,.T.);
#6982=ADVANCED_FACE('',(#732),#6765,.F.);
#6983=ADVANCED_FACE('',(#733),#644,.F.);
#6984=ADVANCED_FACE('',(#734),#6766,.T.);
#6985=ADVANCED_FACE('',(#735),#6767,.T.);
#6986=ADVANCED_FACE('',(#736),#6768,.T.);
#6987=ADVANCED_FACE('',(#737),#6769,.T.);
#6988=ADVANCED_FACE('',(#738),#6770,.T.);
#6989=ADVANCED_FACE('',(#739),#6771,.T.);
#6990=ADVANCED_FACE('',(#740),#6772,.T.);
#6991=ADVANCED_FACE('',(#741),#6773,.T.);
#6992=ADVANCED_FACE('',(#742),#6774,.T.);
#6993=ADVANCED_FACE('',(#743),#6775,.T.);
#6994=ADVANCED_FACE('',(#744),#6776,.T.);
#6995=ADVANCED_FACE('',(#745),#6777,.T.);
#6996=ADVANCED_FACE('',(#746),#6778,.T.);
#6997=ADVANCED_FACE('',(#747),#6779,.T.);
#6998=ADVANCED_FACE('',(#748),#6780,.T.);
#6999=ADVANCED_FACE('',(#749),#6781,.T.);
#7000=ADVANCED_FACE('',(#750),#6782,.T.);
#7001=ADVANCED_FACE('',(#751),#6783,.T.);
#7002=ADVANCED_FACE('',(#752),#6784,.T.);
#7003=ADVANCED_FACE('',(#753),#6785,.F.);
#7004=ADVANCED_FACE('',(#754),#6786,.F.);
#7005=ADVANCED_FACE('',(#755),#6787,.F.);
#7006=ADVANCED_FACE('',(#756),#6788,.F.);
#7007=ADVANCED_FACE('',(#757),#6789,.T.);
#7008=ADVANCED_FACE('',(#758),#6790,.T.);
#7009=ADVANCED_FACE('',(#759),#6791,.T.);
#7010=ADVANCED_FACE('',(#760),#6792,.T.);
#7011=ADVANCED_FACE('',(#761),#51,.F.);
#7012=ADVANCED_FACE('',(#762),#6793,.F.);
#7013=ADVANCED_FACE('',(#763),#6794,.F.);
#7014=ADVANCED_FACE('',(#764),#6795,.F.);
#7015=ADVANCED_FACE('',(#765),#6796,.F.);
#7016=ADVANCED_FACE('',(#766),#6797,.F.);
#7017=ADVANCED_FACE('',(#767),#52,.F.);
#7018=ADVANCED_FACE('',(#768),#53,.F.);
#7019=ADVANCED_FACE('',(#769),#54,.F.);
#7020=ADVANCED_FACE('',(#770),#55,.F.);
#7021=ADVANCED_FACE('',(#771),#6798,.F.);
#7022=ADVANCED_FACE('',(#772),#6799,.F.);
#7023=ADVANCED_FACE('',(#773),#6800,.F.);
#7024=ADVANCED_FACE('',(#774),#56,.F.);
#7025=ADVANCED_FACE('',(#775),#57,.F.);
#7026=ADVANCED_FACE('',(#776),#58,.F.);
#7027=ADVANCED_FACE('',(#777),#59,.F.);
#7028=ADVANCED_FACE('',(#778),#6801,.T.);
#7029=ADVANCED_FACE('',(#779),#6802,.F.);
#7030=ADVANCED_FACE('',(#780),#6803,.F.);
#7031=ADVANCED_FACE('',(#781),#6804,.F.);
#7032=ADVANCED_FACE('',(#782),#6805,.F.);
#7033=ADVANCED_FACE('',(#783),#6806,.F.);
#7034=ADVANCED_FACE('',(#784),#6807,.F.);
#7035=ADVANCED_FACE('',(#785),#6808,.F.);
#7036=ADVANCED_FACE('',(#786),#6809,.F.);
#7037=ADVANCED_FACE('',(#787),#6810,.F.);
#7038=ADVANCED_FACE('',(#788),#6811,.F.);
#7039=ADVANCED_FACE('',(#789),#6812,.F.);
#7040=ADVANCED_FACE('',(#790),#6813,.F.);
#7041=ADVANCED_FACE('',(#791),#6814,.F.);
#7042=ADVANCED_FACE('',(#792),#6815,.F.);
#7043=ADVANCED_FACE('',(#793),#60,.F.);
#7044=ADVANCED_FACE('',(#794),#61,.F.);
#7045=ADVANCED_FACE('',(#795),#62,.F.);
#7046=ADVANCED_FACE('',(#796),#63,.F.);
#7047=ADVANCED_FACE('',(#797),#6816,.F.);
#7048=ADVANCED_FACE('',(#798),#64,.F.);
#7049=ADVANCED_FACE('',(#799),#65,.F.);
#7050=ADVANCED_FACE('',(#800),#66,.F.);
#7051=ADVANCED_FACE('',(#801),#67,.F.);
#7052=ADVANCED_FACE('',(#802),#68,.F.);
#7053=ADVANCED_FACE('',(#803),#69,.F.);
#7054=ADVANCED_FACE('',(#804),#70,.F.);
#7055=ADVANCED_FACE('',(#805),#71,.F.);
#7056=ADVANCED_FACE('',(#806),#72,.F.);
#7057=ADVANCED_FACE('',(#807),#73,.F.);
#7058=ADVANCED_FACE('',(#808),#6817,.F.);
#7059=ADVANCED_FACE('',(#809),#74,.F.);
#7060=ADVANCED_FACE('',(#810),#75,.F.);
#7061=ADVANCED_FACE('',(#811),#76,.F.);
#7062=ADVANCED_FACE('',(#812),#77,.F.);
#7063=ADVANCED_FACE('',(#813),#78,.F.);
#7064=ADVANCED_FACE('',(#814),#79,.F.);
#7065=ADVANCED_FACE('',(#815),#6818,.T.);
#7066=ADVANCED_FACE('',(#816),#80,.F.);
#7067=ADVANCED_FACE('',(#817),#6819,.F.);
#7068=ADVANCED_FACE('',(#818),#6820,.F.);
#7069=ADVANCED_FACE('',(#819),#6821,.F.);
#7070=ADVANCED_FACE('',(#820),#6822,.F.);
#7071=ADVANCED_FACE('',(#821),#6823,.F.);
#7072=ADVANCED_FACE('',(#822),#81,.F.);
#7073=ADVANCED_FACE('',(#823),#82,.F.);
#7074=ADVANCED_FACE('',(#824),#83,.F.);
#7075=ADVANCED_FACE('',(#825),#84,.F.);
#7076=ADVANCED_FACE('',(#826),#6824,.F.);
#7077=ADVANCED_FACE('',(#827),#6825,.F.);
#7078=ADVANCED_FACE('',(#828),#6826,.F.);
#7079=ADVANCED_FACE('',(#829),#85,.F.);
#7080=ADVANCED_FACE('',(#830),#86,.F.);
#7081=ADVANCED_FACE('',(#831),#87,.F.);
#7082=ADVANCED_FACE('',(#832),#88,.F.);
#7083=ADVANCED_FACE('',(#833),#6827,.T.);
#7084=ADVANCED_FACE('',(#834),#89,.F.);
#7085=ADVANCED_FACE('',(#835),#6828,.F.);
#7086=ADVANCED_FACE('',(#836),#6829,.F.);
#7087=ADVANCED_FACE('',(#837),#6830,.F.);
#7088=ADVANCED_FACE('',(#838),#6831,.F.);
#7089=ADVANCED_FACE('',(#839),#6832,.F.);
#7090=ADVANCED_FACE('',(#840),#90,.F.);
#7091=ADVANCED_FACE('',(#841),#91,.F.);
#7092=ADVANCED_FACE('',(#842),#92,.F.);
#7093=ADVANCED_FACE('',(#843),#93,.F.);
#7094=ADVANCED_FACE('',(#844),#6833,.F.);
#7095=ADVANCED_FACE('',(#845),#6834,.F.);
#7096=ADVANCED_FACE('',(#846),#6835,.F.);
#7097=ADVANCED_FACE('',(#847),#94,.F.);
#7098=ADVANCED_FACE('',(#848),#95,.F.);
#7099=ADVANCED_FACE('',(#849),#96,.F.);
#7100=ADVANCED_FACE('',(#850),#6836,.T.);
#7101=ADVANCED_FACE('',(#851),#6837,.F.);
#7102=ADVANCED_FACE('',(#852),#6838,.F.);
#7103=ADVANCED_FACE('',(#853),#6839,.F.);
#7104=ADVANCED_FACE('',(#854),#6840,.F.);
#7105=ADVANCED_FACE('',(#855),#6841,.F.);
#7106=ADVANCED_FACE('',(#856),#97,.F.);
#7107=ADVANCED_FACE('',(#857),#98,.F.);
#7108=ADVANCED_FACE('',(#858),#99,.F.);
#7109=ADVANCED_FACE('',(#859),#100,.F.);
#7110=ADVANCED_FACE('',(#860),#6842,.F.);
#7111=ADVANCED_FACE('',(#861),#101,.F.);
#7112=ADVANCED_FACE('',(#862),#102,.F.);
#7113=ADVANCED_FACE('',(#863),#103,.F.);
#7114=ADVANCED_FACE('',(#864),#104,.F.);
#7115=ADVANCED_FACE('',(#865),#105,.F.);
#7116=ADVANCED_FACE('',(#866),#106,.F.);
#7117=ADVANCED_FACE('',(#867),#107,.F.);
#7118=ADVANCED_FACE('',(#868),#108,.F.);
#7119=ADVANCED_FACE('',(#869),#109,.F.);
#7120=ADVANCED_FACE('',(#870),#110,.F.);
#7121=ADVANCED_FACE('',(#871),#6843,.F.);
#7122=ADVANCED_FACE('',(#872),#111,.F.);
#7123=ADVANCED_FACE('',(#873),#112,.F.);
#7124=ADVANCED_FACE('',(#874),#113,.F.);
#7125=ADVANCED_FACE('',(#875),#114,.F.);
#7126=ADVANCED_FACE('',(#876),#115,.F.);
#7127=ADVANCED_FACE('',(#877),#116,.F.);
#7128=ADVANCED_FACE('',(#878),#6844,.T.);
#7129=ADVANCED_FACE('',(#879),#117,.F.);
#7130=ADVANCED_FACE('',(#880),#118,.F.);
#7131=ADVANCED_FACE('',(#881),#119,.F.);
#7132=ADVANCED_FACE('',(#882),#120,.F.);
#7133=ADVANCED_FACE('',(#883),#121,.F.);
#7134=ADVANCED_FACE('',(#884),#122,.F.);
#7135=ADVANCED_FACE('',(#885),#123,.F.);
#7136=ADVANCED_FACE('',(#886),#124,.F.);
#7137=ADVANCED_FACE('',(#887),#6845,.T.);
#7138=ADVANCED_FACE('',(#888),#125,.F.);
#7139=ADVANCED_FACE('',(#889),#126,.F.);
#7140=ADVANCED_FACE('',(#890),#127,.F.);
#7141=ADVANCED_FACE('',(#891),#128,.F.);
#7142=ADVANCED_FACE('',(#892),#129,.F.);
#7143=ADVANCED_FACE('',(#893),#130,.F.);
#7144=ADVANCED_FACE('',(#894),#131,.F.);
#7145=ADVANCED_FACE('',(#895),#132,.F.);
#7146=ADVANCED_FACE('',(#896),#133,.F.);
#7147=ADVANCED_FACE('',(#897),#134,.F.);
#7148=ADVANCED_FACE('',(#898),#135,.F.);
#7149=ADVANCED_FACE('',(#899),#136,.F.);
#7150=ADVANCED_FACE('',(#900),#137,.F.);
#7151=ADVANCED_FACE('',(#901),#138,.F.);
#7152=ADVANCED_FACE('',(#902),#139,.F.);
#7153=ADVANCED_FACE('',(#903),#140,.F.);
#7154=ADVANCED_FACE('',(#904),#6846,.F.);
#7155=ADVANCED_FACE('',(#905),#6847,.F.);
#7156=ADVANCED_FACE('',(#906),#6848,.F.);
#7157=ADVANCED_FACE('',(#907),#6849,.F.);
#7158=ADVANCED_FACE('',(#908),#6850,.F.);
#7159=ADVANCED_FACE('',(#909),#141,.F.);
#7160=ADVANCED_FACE('',(#910),#142,.F.);
#7161=ADVANCED_FACE('',(#911),#143,.F.);
#7162=ADVANCED_FACE('',(#912),#144,.F.);
#7163=ADVANCED_FACE('',(#913),#145,.F.);
#7164=ADVANCED_FACE('',(#914),#146,.F.);
#7165=ADVANCED_FACE('',(#915,#24),#6851,.T.);
#7166=ADVANCED_FACE('',(#916),#147,.F.);
#7167=ADVANCED_FACE('',(#917),#148,.F.);
#7168=ADVANCED_FACE('',(#918),#149,.F.);
#7169=ADVANCED_FACE('',(#919),#150,.F.);
#7170=ADVANCED_FACE('',(#920),#151,.F.);
#7171=ADVANCED_FACE('',(#921),#152,.F.);
#7172=ADVANCED_FACE('',(#922),#153,.F.);
#7173=ADVANCED_FACE('',(#923),#154,.F.);
#7174=ADVANCED_FACE('',(#924),#155,.F.);
#7175=ADVANCED_FACE('',(#925),#156,.F.);
#7176=ADVANCED_FACE('',(#926),#157,.F.);
#7177=ADVANCED_FACE('',(#927),#158,.F.);
#7178=ADVANCED_FACE('',(#928),#6852,.F.);
#7179=ADVANCED_FACE('',(#929),#159,.F.);
#7180=ADVANCED_FACE('',(#930),#160,.F.);
#7181=ADVANCED_FACE('',(#931),#161,.F.);
#7182=ADVANCED_FACE('',(#932),#162,.F.);
#7183=ADVANCED_FACE('',(#933),#163,.F.);
#7184=ADVANCED_FACE('',(#934),#164,.F.);
#7185=ADVANCED_FACE('',(#935),#165,.F.);
#7186=ADVANCED_FACE('',(#936),#166,.F.);
#7187=ADVANCED_FACE('',(#937),#167,.F.);
#7188=ADVANCED_FACE('',(#938),#168,.F.);
#7189=ADVANCED_FACE('',(#939),#169,.F.);
#7190=ADVANCED_FACE('',(#940),#170,.F.);
#7191=ADVANCED_FACE('',(#941),#171,.F.);
#7192=ADVANCED_FACE('',(#942),#172,.F.);
#7193=ADVANCED_FACE('',(#943),#173,.F.);
#7194=ADVANCED_FACE('',(#944),#6853,.F.);
#7195=ADVANCED_FACE('',(#945),#174,.F.);
#7196=ADVANCED_FACE('',(#946),#175,.F.);
#7197=ADVANCED_FACE('',(#947),#176,.F.);
#7198=ADVANCED_FACE('',(#948),#6854,.T.);
#7199=ADVANCED_FACE('',(#949),#177,.F.);
#7200=ADVANCED_FACE('',(#950),#178,.F.);
#7201=ADVANCED_FACE('',(#951),#179,.F.);
#7202=ADVANCED_FACE('',(#952),#180,.F.);
#7203=ADVANCED_FACE('',(#953),#181,.F.);
#7204=ADVANCED_FACE('',(#954),#6855,.F.);
#7205=ADVANCED_FACE('',(#955),#182,.F.);
#7206=ADVANCED_FACE('',(#956),#183,.F.);
#7207=ADVANCED_FACE('',(#957),#184,.F.);
#7208=ADVANCED_FACE('',(#958),#185,.F.);
#7209=ADVANCED_FACE('',(#959),#186,.F.);
#7210=ADVANCED_FACE('',(#960),#187,.F.);
#7211=ADVANCED_FACE('',(#961),#188,.F.);
#7212=ADVANCED_FACE('',(#962),#189,.F.);
#7213=ADVANCED_FACE('',(#963),#190,.F.);
#7214=ADVANCED_FACE('',(#964),#191,.F.);
#7215=ADVANCED_FACE('',(#965),#6856,.F.);
#7216=ADVANCED_FACE('',(#966),#192,.F.);
#7217=ADVANCED_FACE('',(#967),#193,.F.);
#7218=ADVANCED_FACE('',(#968),#194,.F.);
#7219=ADVANCED_FACE('',(#969),#195,.F.);
#7220=ADVANCED_FACE('',(#970),#196,.F.);
#7221=ADVANCED_FACE('',(#971),#6857,.F.);
#7222=ADVANCED_FACE('',(#972),#197,.F.);
#7223=ADVANCED_FACE('',(#973),#198,.F.);
#7224=ADVANCED_FACE('',(#974,#25),#6858,.T.);
#7225=ADVANCED_FACE('',(#975),#199,.F.);
#7226=ADVANCED_FACE('',(#976),#200,.F.);
#7227=ADVANCED_FACE('',(#977),#201,.F.);
#7228=ADVANCED_FACE('',(#978),#202,.F.);
#7229=ADVANCED_FACE('',(#979),#203,.F.);
#7230=ADVANCED_FACE('',(#980),#6859,.F.);
#7231=ADVANCED_FACE('',(#981),#204,.F.);
#7232=ADVANCED_FACE('',(#982),#205,.F.);
#7233=ADVANCED_FACE('',(#983),#206,.F.);
#7234=ADVANCED_FACE('',(#984),#207,.F.);
#7235=ADVANCED_FACE('',(#985),#208,.F.);
#7236=ADVANCED_FACE('',(#986),#209,.F.);
#7237=ADVANCED_FACE('',(#987),#210,.F.);
#7238=ADVANCED_FACE('',(#988),#211,.F.);
#7239=ADVANCED_FACE('',(#989),#212,.F.);
#7240=ADVANCED_FACE('',(#990),#213,.F.);
#7241=ADVANCED_FACE('',(#991),#6860,.F.);
#7242=ADVANCED_FACE('',(#992),#214,.F.);
#7243=ADVANCED_FACE('',(#993),#215,.F.);
#7244=ADVANCED_FACE('',(#994),#216,.F.);
#7245=ADVANCED_FACE('',(#995),#217,.F.);
#7246=ADVANCED_FACE('',(#996),#218,.F.);
#7247=ADVANCED_FACE('',(#997),#6861,.F.);
#7248=ADVANCED_FACE('',(#998),#219,.F.);
#7249=ADVANCED_FACE('',(#999),#220,.F.);
#7250=ADVANCED_FACE('',(#1000,#26),#6862,.T.);
#7251=ADVANCED_FACE('',(#1001),#6863,.F.);
#7252=ADVANCED_FACE('',(#1002),#6864,.F.);
#7253=ADVANCED_FACE('',(#1003),#6865,.F.);
#7254=ADVANCED_FACE('',(#1004),#6866,.F.);
#7255=ADVANCED_FACE('',(#1005),#6867,.F.);
#7256=ADVANCED_FACE('',(#1006),#6868,.F.);
#7257=ADVANCED_FACE('',(#1007),#6869,.F.);
#7258=ADVANCED_FACE('',(#1008),#6870,.F.);
#7259=ADVANCED_FACE('',(#1009),#6871,.F.);
#7260=ADVANCED_FACE('',(#1010),#6872,.T.);
#7261=ADVANCED_FACE('',(#1011),#6873,.T.);
#7262=ADVANCED_FACE('',(#1012),#6874,.T.);
#7263=ADVANCED_FACE('',(#1013),#6875,.T.);
#7264=ADVANCED_FACE('',(#1014),#6876,.T.);
#7265=ADVANCED_FACE('',(#1015),#6877,.T.);
#7266=ADVANCED_FACE('',(#1016),#43,.T.);
#7267=ADVANCED_FACE('',(#1017),#6878,.T.);
#7268=ADVANCED_FACE('',(#1018),#44,.F.);
#7269=ADVANCED_FACE('',(#1019),#6879,.T.);
#7270=ADVANCED_FACE('',(#1020),#45,.T.);
#7271=ADVANCED_FACE('',(#1021),#6880,.T.);
#7272=ADVANCED_FACE('',(#1022),#6881,.T.);
#7273=ADVANCED_FACE('',(#1023),#6882,.T.);
#7274=ADVANCED_FACE('',(#1024),#46,.T.);
#7275=ADVANCED_FACE('',(#1025),#6883,.T.);
#7276=ADVANCED_FACE('',(#1026),#47,.F.);
#7277=ADVANCED_FACE('',(#1027),#6884,.T.);
#7278=ADVANCED_FACE('',(#1028),#6885,.T.);
#7279=ADVANCED_FACE('',(#1029),#645,.F.);
#7280=ADVANCED_FACE('',(#1030),#6886,.T.);
#7281=ADVANCED_FACE('',(#1031),#646,.T.);
#7282=ADVANCED_FACE('',(#1032),#6887,.T.);
#7283=ADVANCED_FACE('',(#1033),#647,.T.);
#7284=ADVANCED_FACE('',(#1034),#6888,.T.);
#7285=ADVANCED_FACE('',(#1035),#648,.F.);
#7286=ADVANCED_FACE('',(#1036),#6889,.T.);
#7287=ADVANCED_FACE('',(#1037),#649,.T.);
#7288=ADVANCED_FACE('',(#1038),#6890,.T.);
#7289=ADVANCED_FACE('',(#1039),#6891,.T.);
#7290=ADVANCED_FACE('',(#1040),#650,.T.);
#7291=ADVANCED_FACE('',(#1041),#6892,.T.);
#7292=ADVANCED_FACE('',(#1042),#651,.T.);
#7293=ADVANCED_FACE('',(#1043),#652,.T.);
#7294=ADVANCED_FACE('',(#1044),#653,.T.);
#7295=ADVANCED_FACE('',(#1045),#6893,.F.);
#7296=ADVANCED_FACE('',(#1046),#6894,.F.);
#7297=ADVANCED_FACE('',(#1047),#6895,.F.);
#7298=ADVANCED_FACE('',(#1048),#6896,.F.);
#7299=ADVANCED_FACE('',(#1049),#6897,.F.);
#7300=ADVANCED_FACE('',(#1050),#6898,.F.);
#7301=ADVANCED_FACE('',(#1051),#6899,.T.);
#7302=ADVANCED_FACE('',(#1052),#6900,.T.);
#7303=ADVANCED_FACE('',(#1053),#654,.F.);
#7304=ADVANCED_FACE('',(#1054,#27),#6901,.T.);
#7305=ADVANCED_FACE('',(#1055),#655,.F.);
#7306=ADVANCED_FACE('',(#1056,#28),#6902,.T.);
#7307=ADVANCED_FACE('',(#1057),#6903,.T.);
#7308=ADVANCED_FACE('',(#1058,#29,#30,#31,#32,#33,#34,#35,#36,#37,#38,#39,
#40,#41),#6904,.T.);
#7309=ADVANCED_FACE('',(#1059),#6905,.F.);
#7310=CLOSED_SHELL('',(#6906,#6907,#6908,#6909,#6910,#6911,#6912,#6913,
#6914,#6915,#6916,#6917,#6918,#6919,#6920,#6921,#6922,#6923,#6924,#6925,
#6926,#6927,#6928,#6929,#6930,#6931,#6932,#6933,#6934,#6935,#6936,#6937,
#6938,#6939,#6940,#6941,#6942,#6943,#6944,#6945,#6946,#6947,#6948,#6949,
#6950,#6951,#6952,#6953,#6954,#6955,#6956,#6957,#6958,#6959,#6960,#6961,
#6962,#6963,#6964,#6965,#6966,#6967,#6968,#6969,#6970,#6971,#6972,#6973,
#6974,#6975,#6976,#6977,#6978,#6979,#6980,#6981,#6982,#6983,#6984,#6985,
#6986,#6987,#6988,#6989,#6990,#6991,#6992,#6993,#6994,#6995,#6996,#6997,
#6998,#6999,#7000,#7001,#7002,#7003,#7004,#7005,#7006,#7007,#7008,#7009,
#7010,#7011,#7012,#7013,#7014,#7015,#7016,#7017,#7018,#7019,#7020,#7021,
#7022,#7023,#7024,#7025,#7026,#7027,#7028,#7029,#7030,#7031,#7032,#7033,
#7034,#7035,#7036,#7037,#7038,#7039,#7040,#7041,#7042,#7043,#7044,#7045,
#7046,#7047,#7048,#7049,#7050,#7051,#7052,#7053,#7054,#7055,#7056,#7057,
#7058,#7059,#7060,#7061,#7062,#7063,#7064,#7065,#7066,#7067,#7068,#7069,
#7070,#7071,#7072,#7073,#7074,#7075,#7076,#7077,#7078,#7079,#7080,#7081,
#7082,#7083,#7084,#7085,#7086,#7087,#7088,#7089,#7090,#7091,#7092,#7093,
#7094,#7095,#7096,#7097,#7098,#7099,#7100,#7101,#7102,#7103,#7104,#7105,
#7106,#7107,#7108,#7109,#7110,#7111,#7112,#7113,#7114,#7115,#7116,#7117,
#7118,#7119,#7120,#7121,#7122,#7123,#7124,#7125,#7126,#7127,#7128,#7129,
#7130,#7131,#7132,#7133,#7134,#7135,#7136,#7137,#7138,#7139,#7140,#7141,
#7142,#7143,#7144,#7145,#7146,#7147,#7148,#7149,#7150,#7151,#7152,#7153,
#7154,#7155,#7156,#7157,#7158,#7159,#7160,#7161,#7162,#7163,#7164,#7165,
#7166,#7167,#7168,#7169,#7170,#7171,#7172,#7173,#7174,#7175,#7176,#7177,
#7178,#7179,#7180,#7181,#7182,#7183,#7184,#7185,#7186,#7187,#7188,#7189,
#7190,#7191,#7192,#7193,#7194,#7195,#7196,#7197,#7198,#7199,#7200,#7201,
#7202,#7203,#7204,#7205,#7206,#7207,#7208,#7209,#7210,#7211,#7212,#7213,
#7214,#7215,#7216,#7217,#7218,#7219,#7220,#7221,#7222,#7223,#7224,#7225,
#7226,#7227,#7228,#7229,#7230,#7231,#7232,#7233,#7234,#7235,#7236,#7237,
#7238,#7239,#7240,#7241,#7242,#7243,#7244,#7245,#7246,#7247,#7248,#7249,
#7250,#7251,#7252,#7253,#7254,#7255,#7256,#7257,#7258,#7259,#7260,#7261,
#7262,#7263,#7264,#7265,#7266,#7267,#7268,#7269,#7270,#7271,#7272,#7273,
#7274,#7275,#7276,#7277,#7278,#7279,#7280,#7281,#7282,#7283,#7284,#7285,
#7286,#7287,#7288,#7289,#7290,#7291,#7292,#7293,#7294,#7295,#7296,#7297,
#7298,#7299,#7300,#7301,#7302,#7303,#7304,#7305,#7306,#7307,#7308,#7309));
#7311=DERIVED_UNIT_ELEMENT(#7313,1.);
#7312=DERIVED_UNIT_ELEMENT(#12725,-3.);
#7313=(
MASS_UNIT()
NAMED_UNIT(*)
SI_UNIT(.KILO.,.GRAM.)
);
#7314=DERIVED_UNIT((#7311,#7312));
#7315=MEASURE_REPRESENTATION_ITEM('density measure',
POSITIVE_RATIO_MEASURE(7850.),#7314);
#7316=PROPERTY_DEFINITION_REPRESENTATION(#7321,#7318);
#7317=PROPERTY_DEFINITION_REPRESENTATION(#7322,#7319);
#7318=REPRESENTATION('material name',(#7320),#12722);
#7319=REPRESENTATION('density',(#7315),#12722);
#7320=DESCRIPTIVE_REPRESENTATION_ITEM('Steel','Steel');
#7321=PROPERTY_DEFINITION('material property','material name',#12732);
#7322=PROPERTY_DEFINITION('material property','density of part',#12732);
#7323=AXIS2_PLACEMENT_3D('',#8866,#7617,#7618);
#7324=AXIS2_PLACEMENT_3D('',#8867,#7619,#7620);
#7325=AXIS2_PLACEMENT_3D('',#8876,#7625,#7626);
#7326=AXIS2_PLACEMENT_3D('',#8882,#7630,#7631);
#7327=AXIS2_PLACEMENT_3D('',#8888,#7635,#7636);
#7328=AXIS2_PLACEMENT_3D('',#8891,#7639,#7640);
#7329=AXIS2_PLACEMENT_3D('',#8897,#7644,#7645);
#7330=AXIS2_PLACEMENT_3D('',#8901,#7648,#7649);
#7331=AXIS2_PLACEMENT_3D('',#8902,#7650,#7651);
#7332=AXIS2_PLACEMENT_3D('',#8911,#7656,#7657);
#7333=AXIS2_PLACEMENT_3D('',#8917,#7661,#7662);
#7334=AXIS2_PLACEMENT_3D('',#8923,#7666,#7667);
#7335=AXIS2_PLACEMENT_3D('',#8926,#7670,#7671);
#7336=AXIS2_PLACEMENT_3D('',#8932,#7675,#7676);
#7337=AXIS2_PLACEMENT_3D('',#8936,#7679,#7680);
#7338=AXIS2_PLACEMENT_3D('',#8937,#7681,#7682);
#7339=AXIS2_PLACEMENT_3D('',#8946,#7687,#7688);
#7340=AXIS2_PLACEMENT_3D('',#8952,#7692,#7693);
#7341=AXIS2_PLACEMENT_3D('',#8958,#7697,#7698);
#7342=AXIS2_PLACEMENT_3D('',#8961,#7701,#7702);
#7343=AXIS2_PLACEMENT_3D('',#8967,#7706,#7707);
#7344=AXIS2_PLACEMENT_3D('',#8971,#7710,#7711);
#7345=AXIS2_PLACEMENT_3D('',#8972,#7712,#7713);
#7346=AXIS2_PLACEMENT_3D('',#8981,#7718,#7719);
#7347=AXIS2_PLACEMENT_3D('',#8987,#7723,#7724);
#7348=AXIS2_PLACEMENT_3D('',#8993,#7728,#7729);
#7349=AXIS2_PLACEMENT_3D('',#8996,#7732,#7733);
#7350=AXIS2_PLACEMENT_3D('',#9002,#7737,#7738);
#7351=AXIS2_PLACEMENT_3D('',#9006,#7741,#7742);
#7352=AXIS2_PLACEMENT_3D('',#9007,#7743,#7744);
#7353=AXIS2_PLACEMENT_3D('',#9010,#7745,#7746);
#7354=AXIS2_PLACEMENT_3D('',#9025,#7749,#7750);
#7355=AXIS2_PLACEMENT_3D('',#9028,#7751,#7752);
#7356=AXIS2_PLACEMENT_3D('',#9029,#7753,#7754);
#7357=AXIS2_PLACEMENT_3D('',#9030,#7755,#7756);
#7358=AXIS2_PLACEMENT_3D('',#9031,#7757,#7758);
#7359=AXIS2_PLACEMENT_3D('',#9034,#7759,#7760);
#7360=AXIS2_PLACEMENT_3D('',#9036,#7761,#7762);
#7361=AXIS2_PLACEMENT_3D('',#9038,#7763,#7764);
#7362=AXIS2_PLACEMENT_3D('',#9039,#7765,#7766);
#7363=AXIS2_PLACEMENT_3D('',#9040,#7767,#7768);
#7364=AXIS2_PLACEMENT_3D('',#9043,#7771,#7772);
#7365=AXIS2_PLACEMENT_3D('',#9061,#7774,#7775);
#7366=AXIS2_PLACEMENT_3D('',#9103,#7777,#7778);
#7367=AXIS2_PLACEMENT_3D('',#9131,#7793,#7794);
#7368=AXIS2_PLACEMENT_3D('',#9133,#7795,#7796);
#7369=AXIS2_PLACEMENT_3D('',#9136,#7798,#7799);
#7370=AXIS2_PLACEMENT_3D('',#9137,#7800,#7801);
#7371=AXIS2_PLACEMENT_3D('',#9141,#7803,#7804);
#7372=AXIS2_PLACEMENT_3D('',#9143,#7806,#7807);
#7373=AXIS2_PLACEMENT_3D('',#9146,#7808,#7809);
#7374=AXIS2_PLACEMENT_3D('',#9150,#7811,#7812);
#7375=AXIS2_PLACEMENT_3D('',#9152,#7814,#7815);
#7376=AXIS2_PLACEMENT_3D('',#9155,#7816,#7817);
#7377=AXIS2_PLACEMENT_3D('',#9156,#7818,#7819);
#7378=AXIS2_PLACEMENT_3D('',#9157,#7820,#7821);
#7379=AXIS2_PLACEMENT_3D('',#9158,#7822,#7823);
#7380=AXIS2_PLACEMENT_3D('',#9161,#7824,#7825);
#7381=AXIS2_PLACEMENT_3D('',#9164,#7828,#7829);
#7382=AXIS2_PLACEMENT_3D('',#9182,#7839,#7840);
#7383=AXIS2_PLACEMENT_3D('',#9191,#7845,#7846);
#7384=AXIS2_PLACEMENT_3D('',#9197,#7850,#7851);
#7385=AXIS2_PLACEMENT_3D('',#9203,#7855,#7856);
#7386=AXIS2_PLACEMENT_3D('',#9206,#7859,#7860);
#7387=AXIS2_PLACEMENT_3D('',#9212,#7864,#7865);
#7388=AXIS2_PLACEMENT_3D('',#9219,#7870,#7871);
#7389=AXIS2_PLACEMENT_3D('',#9221,#7872,#7873);
#7390=AXIS2_PLACEMENT_3D('',#9225,#7875,#7876);
#7391=AXIS2_PLACEMENT_3D('',#9229,#7878,#7879);
#7392=AXIS2_PLACEMENT_3D('',#9232,#7881,#7882);
#7393=AXIS2_PLACEMENT_3D('',#9242,#7887,#7888);
#7394=AXIS2_PLACEMENT_3D('',#9246,#7890,#7891);
#7395=AXIS2_PLACEMENT_3D('',#9250,#7893,#7894);
#7396=AXIS2_PLACEMENT_3D('',#9258,#7898,#7899);
#7397=AXIS2_PLACEMENT_3D('',#9262,#7901,#7902);
#7398=AXIS2_PLACEMENT_3D('',#9289,#7917,#7918);
#7399=AXIS2_PLACEMENT_3D('',#9295,#7922,#7923);
#7400=AXIS2_PLACEMENT_3D('',#9299,#7926,#7927);
#7401=AXIS2_PLACEMENT_3D('',#9303,#7930,#7931);
#7402=AXIS2_PLACEMENT_3D('',#9305,#7933,#7934);
#7403=AXIS2_PLACEMENT_3D('',#9311,#7938,#7939);
#7404=AXIS2_PLACEMENT_3D('',#9316,#7943,#7944);
#7405=AXIS2_PLACEMENT_3D('',#9322,#7948,#7949);
#7406=AXIS2_PLACEMENT_3D('',#9328,#7953,#7954);
#7407=AXIS2_PLACEMENT_3D('',#9330,#7956,#7957);
#7408=AXIS2_PLACEMENT_3D('',#9332,#7959,#7960);
#7409=AXIS2_PLACEMENT_3D('',#9338,#7964,#7965);
#7410=AXIS2_PLACEMENT_3D('',#9345,#7970,#7971);
#7411=AXIS2_PLACEMENT_3D('',#9351,#7975,#7976);
#7412=AXIS2_PLACEMENT_3D('',#9355,#7979,#7980);
#7413=AXIS2_PLACEMENT_3D('',#9359,#7983,#7984);
#7414=AXIS2_PLACEMENT_3D('',#9361,#7985,#7986);
#7415=AXIS2_PLACEMENT_3D('',#9364,#7988,#7989);
#7416=AXIS2_PLACEMENT_3D('',#9365,#7990,#7991);
#7417=AXIS2_PLACEMENT_3D('',#9366,#7992,#7993);
#7418=AXIS2_PLACEMENT_3D('',#9369,#7995,#7996);
#7419=AXIS2_PLACEMENT_3D('',#9370,#7997,#7998);
#7420=AXIS2_PLACEMENT_3D('',#9371,#7999,#8000);
#7421=AXIS2_PLACEMENT_3D('',#9372,#8001,#8002);
#7422=AXIS2_PLACEMENT_3D('',#9383,#8006,#8007);
#7423=AXIS2_PLACEMENT_3D('',#9386,#8009,#8010);
#7424=AXIS2_PLACEMENT_3D('',#9387,#8011,#8012);
#7425=AXIS2_PLACEMENT_3D('',#9390,#8014,#8015);
#7426=AXIS2_PLACEMENT_3D('',#9422,#8016,#8017);
#7427=AXIS2_PLACEMENT_3D('',#9424,#8018,#8019);
#7428=AXIS2_PLACEMENT_3D('',#9425,#8020,#8021);
#7429=AXIS2_PLACEMENT_3D('',#9426,#8022,#8023);
#7430=AXIS2_PLACEMENT_3D('',#9427,#8024,#8025);
#7431=AXIS2_PLACEMENT_3D('',#9428,#8026,#8027);
#7432=AXIS2_PLACEMENT_3D('',#9473,#8030,#8031);
#7433=AXIS2_PLACEMENT_3D('',#9491,#8032,#8033);
#7434=AXIS2_PLACEMENT_3D('',#9494,#8036,#8037);
#7435=AXIS2_PLACEMENT_3D('',#9498,#8040,#8041);
#7436=AXIS2_PLACEMENT_3D('',#9499,#8042,#8043);
#7437=AXIS2_PLACEMENT_3D('',#9501,#8044,#8045);
#7438=AXIS2_PLACEMENT_3D('',#9502,#8046,#8047);
#7439=AXIS2_PLACEMENT_3D('',#9503,#8048,#8049);
#7440=AXIS2_PLACEMENT_3D('',#9504,#8050,#8051);
#7441=AXIS2_PLACEMENT_3D('',#9507,#8052,#8053);
#7442=AXIS2_PLACEMENT_3D('',#9528,#8054,#8055);
#7443=AXIS2_PLACEMENT_3D('',#9530,#8057,#8058);
#7444=AXIS2_PLACEMENT_3D('',#9537,#8063,#8064);
#7445=AXIS2_PLACEMENT_3D('',#9541,#8067,#8068);
#7446=AXIS2_PLACEMENT_3D('',#9543,#8070,#8071);
#7447=AXIS2_PLACEMENT_3D('',#9547,#8074,#8075);
#7448=AXIS2_PLACEMENT_3D('',#9551,#8078,#8079);
#7449=AXIS2_PLACEMENT_3D('',#9553,#8081,#8082);
#7450=AXIS2_PLACEMENT_3D('',#9559,#8086,#8087);
#7451=AXIS2_PLACEMENT_3D('',#9565,#8091,#8092);
#7452=AXIS2_PLACEMENT_3D('',#9568,#8095,#8096);
#7453=AXIS2_PLACEMENT_3D('',#9569,#8097,#8098);
#7454=AXIS2_PLACEMENT_3D('',#9571,#8100,#8101);
#7455=AXIS2_PLACEMENT_3D('',#9575,#8104,#8105);
#7456=AXIS2_PLACEMENT_3D('',#9578,#8108,#8109);
#7457=AXIS2_PLACEMENT_3D('',#9579,#8110,#8111);
#7458=AXIS2_PLACEMENT_3D('',#9581,#8113,#8114);
#7459=AXIS2_PLACEMENT_3D('',#9585,#8117,#8118);
#7460=AXIS2_PLACEMENT_3D('',#9587,#8120,#8121);
#7461=AXIS2_PLACEMENT_3D('',#9588,#8122,#8123);
#7462=AXIS2_PLACEMENT_3D('',#9590,#8125,#8126);
#7463=AXIS2_PLACEMENT_3D('',#9592,#8128,#8129);
#7464=AXIS2_PLACEMENT_3D('',#9593,#8130,#8131);
#7465=AXIS2_PLACEMENT_3D('',#9595,#8133,#8134);
#7466=AXIS2_PLACEMENT_3D('',#9596,#8135,#8136);
#7467=AXIS2_PLACEMENT_3D('',#9599,#8139,#8140);
#7468=AXIS2_PLACEMENT_3D('',#9601,#8142,#8143);
#7469=AXIS2_PLACEMENT_3D('',#9603,#8145,#8146);
#7470=AXIS2_PLACEMENT_3D('',#9622,#8149,#8150);
#7471=AXIS2_PLACEMENT_3D('',#9628,#8154,#8155);
#7472=AXIS2_PLACEMENT_3D('',#9634,#8159,#8160);
#7473=AXIS2_PLACEMENT_3D('',#9640,#8164,#8165);
#7474=AXIS2_PLACEMENT_3D('',#9646,#8169,#8170);
#7475=AXIS2_PLACEMENT_3D('',#9712,#8178,#8179);
#7476=AXIS2_PLACEMENT_3D('',#9718,#8183,#8184);
#7477=AXIS2_PLACEMENT_3D('',#9724,#8188,#8189);
#7478=AXIS2_PLACEMENT_3D('',#9787,#8196,#8197);
#7479=AXIS2_PLACEMENT_3D('',#9788,#8198,#8199);
#7480=AXIS2_PLACEMENT_3D('',#9797,#8204,#8205);
#7481=AXIS2_PLACEMENT_3D('',#9803,#8209,#8210);
#7482=AXIS2_PLACEMENT_3D('',#9809,#8214,#8215);
#7483=AXIS2_PLACEMENT_3D('',#9815,#8219,#8220);
#7484=AXIS2_PLACEMENT_3D('',#9821,#8224,#8225);
#7485=AXIS2_PLACEMENT_3D('',#9827,#8229,#8230);
#7486=AXIS2_PLACEMENT_3D('',#9833,#8234,#8235);
#7487=AXIS2_PLACEMENT_3D('',#9839,#8239,#8240);
#7488=AXIS2_PLACEMENT_3D('',#9845,#8244,#8245);
#7489=AXIS2_PLACEMENT_3D('',#9851,#8249,#8250);
#7490=AXIS2_PLACEMENT_3D('',#9857,#8254,#8255);
#7491=AXIS2_PLACEMENT_3D('',#9863,#8259,#8260);
#7492=AXIS2_PLACEMENT_3D('',#9866,#8263,#8264);
#7493=AXIS2_PLACEMENT_3D('',#9930,#8270,#8271);
#7494=AXIS2_PLACEMENT_3D('',#10086,#8285,#8286);
#7495=AXIS2_PLACEMENT_3D('',#10179,#8295,#8296);
#7496=AXIS2_PLACEMENT_3D('',#10198,#8299,#8300);
#7497=AXIS2_PLACEMENT_3D('',#10204,#8304,#8305);
#7498=AXIS2_PLACEMENT_3D('',#10210,#8309,#8310);
#7499=AXIS2_PLACEMENT_3D('',#10216,#8314,#8315);
#7500=AXIS2_PLACEMENT_3D('',#10222,#8319,#8320);
#7501=AXIS2_PLACEMENT_3D('',#10288,#8328,#8329);
#7502=AXIS2_PLACEMENT_3D('',#10294,#8333,#8334);
#7503=AXIS2_PLACEMENT_3D('',#10300,#8338,#8339);
#7504=AXIS2_PLACEMENT_3D('',#10363,#8346,#8347);
#7505=AXIS2_PLACEMENT_3D('',#10382,#8350,#8351);
#7506=AXIS2_PLACEMENT_3D('',#10388,#8355,#8356);
#7507=AXIS2_PLACEMENT_3D('',#10394,#8360,#8361);
#7508=AXIS2_PLACEMENT_3D('',#10400,#8365,#8366);
#7509=AXIS2_PLACEMENT_3D('',#10406,#8370,#8371);
#7510=AXIS2_PLACEMENT_3D('',#10472,#8379,#8380);
#7511=AXIS2_PLACEMENT_3D('',#10478,#8384,#8385);
#7512=AXIS2_PLACEMENT_3D('',#10484,#8389,#8390);
#7513=AXIS2_PLACEMENT_3D('',#10532,#8396,#8397);
#7514=AXIS2_PLACEMENT_3D('',#10533,#8398,#8399);
#7515=AXIS2_PLACEMENT_3D('',#10542,#8404,#8405);
#7516=AXIS2_PLACEMENT_3D('',#10548,#8409,#8410);
#7517=AXIS2_PLACEMENT_3D('',#10554,#8414,#8415);
#7518=AXIS2_PLACEMENT_3D('',#10557,#8418,#8419);
#7519=AXIS2_PLACEMENT_3D('',#10621,#8425,#8426);
#7520=AXIS2_PLACEMENT_3D('',#10777,#8440,#8441);
#7521=AXIS2_PLACEMENT_3D('',#10870,#8450,#8451);
#7522=AXIS2_PLACEMENT_3D('',#10991,#8460,#8461);
#7523=AXIS2_PLACEMENT_3D('',#11235,#8479,#8480);
#7524=AXIS2_PLACEMENT_3D('',#11241,#8484,#8485);
#7525=AXIS2_PLACEMENT_3D('',#11247,#8489,#8490);
#7526=AXIS2_PLACEMENT_3D('',#11253,#8494,#8495);
#7527=AXIS2_PLACEMENT_3D('',#11259,#8499,#8500);
#7528=AXIS2_PLACEMENT_3D('',#11352,#8509,#8510);
#7529=AXIS2_PLACEMENT_3D('',#11536,#8524,#8525);
#7530=AXIS2_PLACEMENT_3D('',#11767,#8544,#8545);
#7531=AXIS2_PLACEMENT_3D('',#11815,#8551,#8552);
#7532=AXIS2_PLACEMENT_3D('',#11894,#8559,#8560);
#7533=AXIS2_PLACEMENT_3D('',#12050,#8574,#8575);
#7534=AXIS2_PLACEMENT_3D('',#12131,#8584,#8585);
#7535=AXIS2_PLACEMENT_3D('',#12164,#8590,#8591);
#7536=AXIS2_PLACEMENT_3D('',#12243,#8598,#8599);
#7537=AXIS2_PLACEMENT_3D('',#12399,#8613,#8614);
#7538=AXIS2_PLACEMENT_3D('',#12480,#8623,#8624);
#7539=AXIS2_PLACEMENT_3D('',#12513,#8629,#8630);
#7540=AXIS2_PLACEMENT_3D('',#12514,#8631,#8632);
#7541=AXIS2_PLACEMENT_3D('',#12523,#8637,#8638);
#7542=AXIS2_PLACEMENT_3D('',#12529,#8642,#8643);
#7543=AXIS2_PLACEMENT_3D('',#12535,#8647,#8648);
#7544=AXIS2_PLACEMENT_3D('',#12541,#8652,#8653);
#7545=AXIS2_PLACEMENT_3D('',#12547,#8657,#8658);
#7546=AXIS2_PLACEMENT_3D('',#12553,#8662,#8663);
#7547=AXIS2_PLACEMENT_3D('',#12559,#8667,#8668);
#7548=AXIS2_PLACEMENT_3D('',#12562,#8671,#8672);
#7549=AXIS2_PLACEMENT_3D('',#12563,#8673,#8674);
#7550=AXIS2_PLACEMENT_3D('',#12564,#8675,#8676);
#7551=AXIS2_PLACEMENT_3D('',#12565,#8677,#8678);
#7552=AXIS2_PLACEMENT_3D('',#12566,#8679,#8680);
#7553=AXIS2_PLACEMENT_3D('',#12568,#8682,#8683);
#7554=AXIS2_PLACEMENT_3D('',#12572,#8686,#8687);
#7555=AXIS2_PLACEMENT_3D('',#12576,#8690,#8691);
#7556=AXIS2_PLACEMENT_3D('',#12579,#8693,#8694);
#7557=AXIS2_PLACEMENT_3D('',#12580,#8695,#8696);
#7558=AXIS2_PLACEMENT_3D('',#12584,#8699,#8700);
#7559=AXIS2_PLACEMENT_3D('',#12587,#8702,#8703);
#7560=AXIS2_PLACEMENT_3D('',#12588,#8704,#8705);
#7561=AXIS2_PLACEMENT_3D('',#12592,#8708,#8709);
#7562=AXIS2_PLACEMENT_3D('',#12595,#8711,#8712);
#7563=AXIS2_PLACEMENT_3D('',#12596,#8713,#8714);
#7564=AXIS2_PLACEMENT_3D('',#12600,#8717,#8718);
#7565=AXIS2_PLACEMENT_3D('',#12603,#8721,#8722);
#7566=AXIS2_PLACEMENT_3D('',#12605,#8724,#8725);
#7567=AXIS2_PLACEMENT_3D('',#12608,#8727,#8728);
#7568=AXIS2_PLACEMENT_3D('',#12609,#8729,#8730);
#7569=AXIS2_PLACEMENT_3D('',#12613,#8733,#8734);
#7570=AXIS2_PLACEMENT_3D('',#12616,#8736,#8737);
#7571=AXIS2_PLACEMENT_3D('',#12617,#8738,#8739);
#7572=AXIS2_PLACEMENT_3D('',#12619,#8741,#8742);
#7573=AXIS2_PLACEMENT_3D('',#12623,#8745,#8746);
#7574=AXIS2_PLACEMENT_3D('',#12626,#8748,#8749);
#7575=AXIS2_PLACEMENT_3D('',#12627,#8750,#8751);
#7576=AXIS2_PLACEMENT_3D('',#12631,#8754,#8755);
#7577=AXIS2_PLACEMENT_3D('',#12632,#8756,#8757);
#7578=AXIS2_PLACEMENT_3D('',#12633,#8758,#8759);
#7579=AXIS2_PLACEMENT_3D('',#12637,#8762,#8763);
#7580=AXIS2_PLACEMENT_3D('',#12641,#8765,#8766);
#7581=AXIS2_PLACEMENT_3D('',#12643,#8768,#8769);
#7582=AXIS2_PLACEMENT_3D('',#12647,#8772,#8773);
#7583=AXIS2_PLACEMENT_3D('',#12650,#8775,#8776);
#7584=AXIS2_PLACEMENT_3D('',#12651,#8777,#8778);
#7585=AXIS2_PLACEMENT_3D('',#12655,#8781,#8782);
#7586=AXIS2_PLACEMENT_3D('',#12658,#8784,#8785);
#7587=AXIS2_PLACEMENT_3D('',#12659,#8786,#8787);
#7588=AXIS2_PLACEMENT_3D('',#12664,#8791,#8792);
#7589=AXIS2_PLACEMENT_3D('',#12666,#8794,#8795);
#7590=AXIS2_PLACEMENT_3D('',#12669,#8796,#8797);
#7591=AXIS2_PLACEMENT_3D('',#12672,#8800,#8801);
#7592=AXIS2_PLACEMENT_3D('',#12676,#8804,#8805);
#7593=AXIS2_PLACEMENT_3D('',#12677,#8806,#8807);
#7594=AXIS2_PLACEMENT_3D('',#12678,#8808,#8809);
#7595=AXIS2_PLACEMENT_3D('',#12679,#8810,#8811);
#7596=AXIS2_PLACEMENT_3D('',#12680,#8812,#8813);
#7597=AXIS2_PLACEMENT_3D('',#12682,#8814,#8815);
#7598=AXIS2_PLACEMENT_3D('',#12684,#8817,#8818);
#7599=AXIS2_PLACEMENT_3D('',#12691,#8823,#8824);
#7600=AXIS2_PLACEMENT_3D('',#12694,#8827,#8828);
#7601=AXIS2_PLACEMENT_3D('',#12696,#8830,#8831);
#7602=AXIS2_PLACEMENT_3D('',#12698,#8833,#8834);
#7603=AXIS2_PLACEMENT_3D('',#12699,#8835,#8836);
#7604=AXIS2_PLACEMENT_3D('',#12700,#8837,#8838);
#7605=AXIS2_PLACEMENT_3D('',#12702,#8839,#8840);
#7606=AXIS2_PLACEMENT_3D('',#12703,#8841,#8842);
#7607=AXIS2_PLACEMENT_3D('',#12705,#8843,#8844);
#7608=AXIS2_PLACEMENT_3D('',#12706,#8845,#8846);
#7609=AXIS2_PLACEMENT_3D('',#12709,#8848,#8849);
#7610=AXIS2_PLACEMENT_3D('',#12710,#8850,#8851);
#7611=AXIS2_PLACEMENT_3D('',#12711,#8852,#8853);
#7612=AXIS2_PLACEMENT_3D('',#12714,#8855,#8856);
#7613=AXIS2_PLACEMENT_3D('',#12715,#8857,#8858);
#7614=AXIS2_PLACEMENT_3D('',#12716,#8859,#8860);
#7615=AXIS2_PLACEMENT_3D('',#12717,#8861,#8862);
#7616=AXIS2_PLACEMENT_3D('',#12719,#8864,#8865);
#7617=DIRECTION('axis',(0.,0.,1.));
#7618=DIRECTION('refdir',(1.,0.,0.));
#7619=DIRECTION('center_axis',(0.,0.707106781186547,0.707106781186548));
#7620=DIRECTION('ref_axis',(1.,0.,0.));
#7621=DIRECTION('',(1.,0.,0.));
#7622=DIRECTION('',(0.577350269189624,0.577350269189627,-0.577350269189626));
#7623=DIRECTION('',(-1.,0.,0.));
#7624=DIRECTION('',(-0.577350269189624,0.577350269189627,-0.577350269189626));
#7625=DIRECTION('center_axis',(0.707106781186549,0.,0.707106781186546));
#7626=DIRECTION('ref_axis',(0.707106781186546,0.,-0.707106781186549));
#7627=DIRECTION('',(0.,-1.,0.));
#7628=DIRECTION('',(0.577350269189624,-0.577350269189627,-0.577350269189626));
#7629=DIRECTION('',(0.,1.,0.));
#7630=DIRECTION('center_axis',(0.,-0.707106781186547,0.707106781186548));
#7631=DIRECTION('ref_axis',(1.,0.,0.));
#7632=DIRECTION('',(-1.,0.,0.));
#7633=DIRECTION('',(-0.577350269189624,-0.577350269189627,-0.577350269189626));
#7634=DIRECTION('',(1.,0.,0.));
#7635=DIRECTION('center_axis',(-0.707106781186549,0.,0.707106781186546));
#7636=DIRECTION('ref_axis',(0.707106781186546,0.,0.707106781186549));
#7637=DIRECTION('',(0.,-1.,0.));
#7638=DIRECTION('',(0.,1.,0.));
#7639=DIRECTION('center_axis',(-1.,0.,0.));
#7640=DIRECTION('ref_axis',(0.,-1.,0.));
#7641=DIRECTION('',(0.,0.,1.));
#7642=DIRECTION('',(0.,1.,-1.19580127890316E-31));
#7643=DIRECTION('',(0.,0.,1.));
#7644=DIRECTION('center_axis',(0.,1.,0.));
#7645=DIRECTION('ref_axis',(-1.,0.,0.));
#7646=DIRECTION('',(0.,0.,1.));
#7647=DIRECTION('',(1.,0.,0.));
#7648=DIRECTION('center_axis',(0.,0.,1.));
#7649=DIRECTION('ref_axis',(1.,0.,0.));
#7650=DIRECTION('center_axis',(0.707106781186549,3.14018491736756E-16,0.707106781186546));
#7651=DIRECTION('ref_axis',(0.707106781186546,0.,-0.707106781186549));
#7652=DIRECTION('',(4.44089209850063E-16,-1.,0.));
#7653=DIRECTION('',(0.577350269189624,-0.577350269189627,-0.577350269189626));
#7654=DIRECTION('',(-4.44089209850063E-16,1.,0.));
#7655=DIRECTION('',(0.577350269189624,0.577350269189627,-0.577350269189626));
#7656=DIRECTION('center_axis',(0.,-0.707106781186547,0.707106781186548));
#7657=DIRECTION('ref_axis',(1.,0.,0.));
#7658=DIRECTION('',(-1.,0.,0.));
#7659=DIRECTION('',(-0.577350269189624,-0.577350269189627,-0.577350269189626));
#7660=DIRECTION('',(1.,0.,0.));
#7661=DIRECTION('center_axis',(-0.707106781186549,-3.14018491736756E-16,
0.707106781186546));
#7662=DIRECTION('ref_axis',(0.707106781186546,0.,0.707106781186549));
#7663=DIRECTION('',(-4.44089209850063E-16,1.,0.));
#7664=DIRECTION('',(-0.577350269189624,0.577350269189627,-0.577350269189626));
#7665=DIRECTION('',(4.44089209850063E-16,-1.,0.));
#7666=DIRECTION('center_axis',(0.,0.707106781186547,0.707106781186548));
#7667=DIRECTION('ref_axis',(1.,0.,0.));
#7668=DIRECTION('',(-1.,0.,0.));
#7669=DIRECTION('',(1.,0.,0.));
#7670=DIRECTION('center_axis',(0.,1.,0.));
#7671=DIRECTION('ref_axis',(-1.,0.,0.));
#7672=DIRECTION('',(0.,0.,1.));
#7673=DIRECTION('',(-1.,7.40148683083438E-16,0.));
#7674=DIRECTION('',(0.,0.,1.));
#7675=DIRECTION('center_axis',(1.,4.44089209850063E-16,0.));
#7676=DIRECTION('ref_axis',(-4.44089209850063E-16,1.,0.));
#7677=DIRECTION('',(0.,0.,1.));
#7678=DIRECTION('',(4.44089209850063E-16,-1.,-4.78320511561181E-32));
#7679=DIRECTION('center_axis',(0.,0.,1.));
#7680=DIRECTION('ref_axis',(1.,0.,0.));
#7681=DIRECTION('center_axis',(0.,0.707106781186547,0.707106781186548));
#7682=DIRECTION('ref_axis',(1.,0.,0.));
#7683=DIRECTION('',(1.,0.,0.));
#7684=DIRECTION('',(0.577350269189624,0.577350269189627,-0.577350269189626));
#7685=DIRECTION('',(-1.,0.,0.));
#7686=DIRECTION('',(-0.577350269189624,0.577350269189627,-0.577350269189626));
#7687=DIRECTION('center_axis',(0.707106781186549,0.,0.707106781186546));
#7688=DIRECTION('ref_axis',(0.707106781186546,0.,-0.707106781186549));
#7689=DIRECTION('',(0.,-1.,0.));
#7690=DIRECTION('',(0.577350269189624,-0.577350269189627,-0.577350269189626));
#7691=DIRECTION('',(0.,1.,0.));
#7692=DIRECTION('center_axis',(0.,-0.707106781186547,0.707106781186548));
#7693=DIRECTION('ref_axis',(1.,0.,0.));
#7694=DIRECTION('',(-1.,0.,0.));
#7695=DIRECTION('',(-0.577350269189624,-0.577350269189627,-0.577350269189626));
#7696=DIRECTION('',(1.,0.,0.));
#7697=DIRECTION('center_axis',(-0.707106781186549,0.,0.707106781186546));
#7698=DIRECTION('ref_axis',(0.707106781186546,0.,0.707106781186549));
#7699=DIRECTION('',(0.,-1.,0.));
#7700=DIRECTION('',(0.,1.,0.));
#7701=DIRECTION('center_axis',(-1.,0.,0.));
#7702=DIRECTION('ref_axis',(0.,-1.,0.));
#7703=DIRECTION('',(0.,0.,1.));
#7704=DIRECTION('',(0.,1.,-5.13274702790723E-31));
#7705=DIRECTION('',(0.,0.,1.));
#7706=DIRECTION('center_axis',(0.,1.,0.));
#7707=DIRECTION('ref_axis',(-1.,0.,0.));
#7708=DIRECTION('',(0.,0.,1.));
#7709=DIRECTION('',(-1.,0.,0.));
#7710=DIRECTION('center_axis',(0.,0.,1.));
#7711=DIRECTION('ref_axis',(1.,0.,0.));
#7712=DIRECTION('center_axis',(0.,0.707106781186547,0.707106781186548));
#7713=DIRECTION('ref_axis',(1.,0.,0.));
#7714=DIRECTION('',(1.,0.,0.));
#7715=DIRECTION('',(0.577350269189624,0.577350269189627,-0.577350269189626));
#7716=DIRECTION('',(-1.,0.,0.));
#7717=DIRECTION('',(-0.577350269189624,0.577350269189627,-0.577350269189626));
#7718=DIRECTION('center_axis',(0.707106781186549,0.,0.707106781186546));
#7719=DIRECTION('ref_axis',(0.707106781186546,0.,-0.707106781186549));
#7720=DIRECTION('',(0.,-1.,0.));
#7721=DIRECTION('',(0.577350269189624,-0.577350269189627,-0.577350269189626));
#7722=DIRECTION('',(0.,1.,0.));
#7723=DIRECTION('center_axis',(0.,-0.707106781186547,0.707106781186548));
#7724=DIRECTION('ref_axis',(1.,0.,0.));
#7725=DIRECTION('',(-1.,0.,0.));
#7726=DIRECTION('',(-0.577350269189624,-0.577350269189627,-0.577350269189626));
#7727=DIRECTION('',(1.,0.,0.));
#7728=DIRECTION('center_axis',(-0.707106781186549,0.,0.707106781186546));
#7729=DIRECTION('ref_axis',(0.707106781186546,0.,0.707106781186549));
#7730=DIRECTION('',(0.,-1.,0.));
#7731=DIRECTION('',(0.,1.,0.));
#7732=DIRECTION('center_axis',(-1.,0.,0.));
#7733=DIRECTION('ref_axis',(0.,-1.,0.));
#7734=DIRECTION('',(0.,0.,1.));
#7735=DIRECTION('',(0.,1.,-9.02670837129586E-30));
#7736=DIRECTION('',(0.,0.,1.));
#7737=DIRECTION('center_axis',(0.,1.,0.));
#7738=DIRECTION('ref_axis',(-1.,0.,0.));
#7739=DIRECTION('',(0.,0.,1.));
#7740=DIRECTION('',(1.,0.,0.));
#7741=DIRECTION('center_axis',(0.,0.,1.));
#7742=DIRECTION('ref_axis',(1.,0.,0.));
#7743=DIRECTION('center_axis',(0.,0.,-1.));
#7744=DIRECTION('ref_axis',(-0.707106781186544,0.707106781186551,0.));
#7745=DIRECTION('center_axis',(0.,0.,1.));
#7746=DIRECTION('ref_axis',(0.,1.,0.));
#7747=DIRECTION('',(0.,0.,1.));
#7748=DIRECTION('',(0.,0.,-1.));
#7749=DIRECTION('center_axis',(-1.,0.,0.));
#7750=DIRECTION('ref_axis',(0.,0.,1.));
#7751=DIRECTION('center_axis',(0.,-0.999999999999922,3.96012724834805E-7));
#7752=DIRECTION('ref_axis',(0.,3.96012724834805E-7,0.999999999999922));
#7753=DIRECTION('center_axis',(-1.,0.,0.));
#7754=DIRECTION('ref_axis',(0.,-0.707106921198175,-0.707106641174893));
#7755=DIRECTION('center_axis',(1.,0.,0.));
#7756=DIRECTION('ref_axis',(0.,-0.707106921198175,-0.707106641174893));
#7757=DIRECTION('center_axis',(1.,0.,0.));
#7758=DIRECTION('ref_axis',(0.,0.,-1.));
#7759=DIRECTION('center_axis',(0.,1.,0.));
#7760=DIRECTION('ref_axis',(-1.,0.,0.));
#7761=DIRECTION('center_axis',(1.,0.,0.));
#7762=DIRECTION('ref_axis',(0.,0.707106781186547,-0.707106781186548));
#7763=DIRECTION('center_axis',(0.,-0.484122918275927,-0.875));
#7764=DIRECTION('ref_axis',(0.,-0.875,0.484122918275927));
#7765=DIRECTION('center_axis',(-1.,0.,0.));
#7766=DIRECTION('ref_axis',(0.,0.707106781186547,-0.707106781186548));
#7767=DIRECTION('center_axis',(0.,0.999999999999922,-3.96012722562585E-7));
#7768=DIRECTION('ref_axis',(-0.707106781186548,2.80023283166854E-7,0.707106781186492));
#7769=DIRECTION('',(0.,-0.999999999999922,3.96012722562585E-7));
#7770=DIRECTION('',(0.,0.999999999999922,-3.96012722562585E-7));
#7771=DIRECTION('center_axis',(0.,0.,-1.));
#7772=DIRECTION('ref_axis',(-0.799305253884862,-0.600925212578118,0.));
#7773=DIRECTION('',(0.,0.,-1.));
#7774=DIRECTION('center_axis',(0.,0.,1.));
#7775=DIRECTION('ref_axis',(-0.960645359211136,0.277777777775882,0.));
#7776=DIRECTION('',(0.,0.,1.));
#7777=DIRECTION('center_axis',(-1.,0.,0.));
#7778=DIRECTION('ref_axis',(0.,1.,0.));
#7779=DIRECTION('',(0.,1.,0.));
#7780=DIRECTION('',(0.,0.,-1.));
#7781=DIRECTION('',(0.,-1.,0.));
#7782=DIRECTION('',(0.,0.,-1.));
#7783=DIRECTION('',(0.,-1.,0.));
#7784=DIRECTION('',(0.,0.,-1.));
#7785=DIRECTION('',(0.,-1.,0.));
#7786=DIRECTION('',(0.,0.,1.));
#7787=DIRECTION('',(0.,-1.,0.));
#7788=DIRECTION('',(0.,-3.70074341541719E-16,-1.));
#7789=DIRECTION('',(0.,-1.,0.));
#7790=DIRECTION('',(0.,0.,-1.));
#7791=DIRECTION('',(0.,-1.,0.));
#7792=DIRECTION('',(0.,0.,1.));
#7793=DIRECTION('center_axis',(0.,0.,-1.));
#7794=DIRECTION('ref_axis',(7.72329060608808E-15,1.,0.));
#7795=DIRECTION('center_axis',(0.,0.,1.));
#7796=DIRECTION('ref_axis',(7.72329060608808E-15,1.,0.));
#7797=DIRECTION('',(0.,0.,-1.));
#7798=DIRECTION('center_axis',(0.,0.,1.));
#7799=DIRECTION('ref_axis',(7.72329060608808E-15,1.,0.));
#7800=DIRECTION('center_axis',(0.,0.,-1.));
#7801=DIRECTION('ref_axis',(7.72329060608808E-15,1.,0.));
#7802=DIRECTION('',(0.707106781186548,0.,0.707106781186547));
#7803=DIRECTION('center_axis',(0.,0.,-1.));
#7804=DIRECTION('ref_axis',(7.72329060608808E-15,1.,0.));
#7805=DIRECTION('',(3.2029886157149E-13,-0.707106781186547,0.707106781186548));
#7806=DIRECTION('center_axis',(0.,0.,-1.));
#7807=DIRECTION('ref_axis',(0.707106781186548,-0.707106781186548,0.));
#7808=DIRECTION('center_axis',(0.,0.,-1.));
#7809=DIRECTION('ref_axis',(0.707106781186548,-0.707106781186548,0.));
#7810=DIRECTION('',(0.,0.,-1.));
#7811=DIRECTION('center_axis',(0.,0.,1.));
#7812=DIRECTION('ref_axis',(0.,-1.,0.));
#7813=DIRECTION('',(0.,0.,1.));
#7814=DIRECTION('center_axis',(-1.,3.21803775253668E-16,0.));
#7815=DIRECTION('ref_axis',(0.,0.,-1.));
#7816=DIRECTION('center_axis',(0.,0.,-1.));
#7817=DIRECTION('ref_axis',(0.,1.,0.));
#7818=DIRECTION('center_axis',(1.,-3.21803775253668E-16,0.));
#7819=DIRECTION('ref_axis',(1.47939528239305E-32,4.5971967893381E-17,-1.));
#7820=DIRECTION('center_axis',(-1.,3.21803775253668E-16,0.));
#7821=DIRECTION('ref_axis',(0.,4.5971967893381E-17,-1.));
#7822=DIRECTION('center_axis',(0.,0.,1.));
#7823=DIRECTION('ref_axis',(0.707106781186548,0.707106781186548,0.));
#7824=DIRECTION('center_axis',(0.,0.,-1.));
#7825=DIRECTION('ref_axis',(0.707106781186548,0.707106781186548,0.));
#7826=DIRECTION('',(0.,0.,-1.));
#7827=DIRECTION('',(0.,0.,1.));
#7828=DIRECTION('center_axis',(1.,-3.21803775253668E-16,0.));
#7829=DIRECTION('ref_axis',(-3.21803775253668E-16,-1.,0.));
#7830=DIRECTION('',(-3.21803775253668E-16,-1.,0.));
#7831=DIRECTION('',(0.,0.,1.));
#7832=DIRECTION('',(-3.21803775253668E-16,-1.,0.));
#7833=DIRECTION('',(0.,0.,-1.));
#7834=DIRECTION('',(-3.21803775253668E-16,-1.,0.));
#7835=DIRECTION('',(-3.21803775253668E-16,-1.,0.));
#7836=DIRECTION('',(1.19091320232641E-31,3.70074341541719E-16,1.));
#7837=DIRECTION('',(3.21803775253668E-16,1.,0.));
#7838=DIRECTION('',(0.,0.,-1.));
#7839=DIRECTION('center_axis',(-2.31608632915583E-16,0.592336478221648,
0.80569069534653));
#7840=DIRECTION('ref_axis',(1.,0.,2.87465939787188E-16));
#7841=DIRECTION('',(1.,3.91008559207654E-16,0.));
#7842=DIRECTION('',(-0.627393355544054,0.627393355544058,-0.461253894117264));
#7843=DIRECTION('',(-1.,-3.91008559207654E-16,0.));
#7844=DIRECTION('',(-0.627393355544059,-0.627393355544058,0.461253894117257));
#7845=DIRECTION('center_axis',(-0.592336478221657,-3.66806686744914E-17,
0.805690695346523));
#7846=DIRECTION('ref_axis',(0.805690695346523,0.,0.592336478221657));
#7847=DIRECTION('',(6.19253921092552E-17,-1.,0.));
#7848=DIRECTION('',(-6.19253921092552E-17,1.,0.));
#7849=DIRECTION('',(0.627393355544053,0.627393355544058,0.461253894117265));
#7850=DIRECTION('center_axis',(0.592336478221646,-3.66806686744907E-16,
0.805690695346532));
#7851=DIRECTION('ref_axis',(0.805690695346532,0.,-0.592336478221646));
#7852=DIRECTION('',(-6.19253921092551E-16,-1.,0.));
#7853=DIRECTION('',(6.19253921092551E-16,1.,0.));
#7854=DIRECTION('',(-0.627393355544064,0.627393355544051,0.46125389411726));
#7855=DIRECTION('center_axis',(1.38965179749351E-16,-0.592336478221653,
0.805690695346526));
#7856=DIRECTION('ref_axis',(1.,0.,-1.72479563872315E-16));
#7857=DIRECTION('',(-1.,-2.34605135524593E-16,0.));
#7858=DIRECTION('',(1.,2.34605135524593E-16,0.));
#7859=DIRECTION('center_axis',(0.95447997803503,-5.91065469002525E-16,0.298274993135946));
#7860=DIRECTION('ref_axis',(0.298274993135946,0.,-0.95447997803503));
#7861=DIRECTION('',(-0.285830975237514,-0.285830975237515,0.914659120760047));
#7862=DIRECTION('',(8.88178419700126E-16,1.,0.));
#7863=DIRECTION('',(-0.285830975237514,0.285830975237515,0.914659120760047));
#7864=DIRECTION('center_axis',(-3.73209841004031E-16,0.95447997803503,0.298274993135947));
#7865=DIRECTION('ref_axis',(0.,-0.298274993135947,0.95447997803503));
#7866=DIRECTION('',(0.285830975237516,-0.285830975237515,0.914659120760046));
#7867=DIRECTION('',(-1.,7.40148683083438E-16,0.));
#7868=DIRECTION('',(-1.,7.40148683083438E-16,0.));
#7869=DIRECTION('',(-1.,7.40148683083438E-16,0.));
#7870=DIRECTION('center_axis',(0.,0.,1.));
#7871=DIRECTION('ref_axis',(1.,0.,0.));
#7872=DIRECTION('center_axis',(0.,0.,-1.));
#7873=DIRECTION('ref_axis',(0.707106781186547,0.707106781186547,0.));
#7874=DIRECTION('',(1.,0.,0.));
#7875=DIRECTION('center_axis',(0.,0.,-1.));
#7876=DIRECTION('ref_axis',(-0.707106781186547,0.707106781186547,0.));
#7877=DIRECTION('',(0.,1.,0.));
#7878=DIRECTION('center_axis',(0.,0.,-1.));
#7879=DIRECTION('ref_axis',(-0.707106781186547,-0.707106781186547,0.));
#7880=DIRECTION('',(-1.,0.,0.));
#7881=DIRECTION('center_axis',(0.,0.,-1.));
#7882=DIRECTION('ref_axis',(0.707106781186547,-0.707106781186547,0.));
#7883=DIRECTION('',(-1.,0.,0.));
#7884=DIRECTION('',(0.,1.,0.));
#7885=DIRECTION('',(1.,8.84639860259089E-17,0.));
#7886=DIRECTION('',(-9.82498251880669E-17,-1.,0.));
#7887=DIRECTION('center_axis',(0.,0.,-1.));
#7888=DIRECTION('ref_axis',(1.,-1.48383720769467E-12,0.));
#7889=DIRECTION('',(1.,-4.51182301396276E-13,0.));
#7890=DIRECTION('center_axis',(0.,0.,1.));
#7891=DIRECTION('ref_axis',(-1.,0.,0.));
#7892=DIRECTION('',(-1.,-4.54883044811693E-13,0.));
#7893=DIRECTION('center_axis',(0.,0.,-1.));
#7894=DIRECTION('ref_axis',(-3.86164530304404E-15,-1.,0.));
#7895=DIRECTION('',(-9.82498251880669E-17,-1.,0.));
#7896=DIRECTION('',(-1.,0.,0.));
#7897=DIRECTION('',(0.,1.,0.));
#7898=DIRECTION('center_axis',(0.,0.,-1.));
#7899=DIRECTION('ref_axis',(-1.,1.48673344167195E-12,0.));
#7900=DIRECTION('',(-1.,4.53957858957839E-13,0.));
#7901=DIRECTION('center_axis',(0.,0.,1.));
#7902=DIRECTION('ref_axis',(1.,0.,0.));
#7903=DIRECTION('',(1.,4.51490696680894E-13,0.));
#7904=DIRECTION('',(1.,0.,0.));
#7905=DIRECTION('',(-1.,2.73705991445358E-16,0.));
#7906=DIRECTION('',(4.95403136874041E-16,1.,0.));
#7907=DIRECTION('',(1.,-1.17302567762296E-15,0.));
#7908=DIRECTION('',(-5.88291225037924E-16,-1.,0.));
#7909=DIRECTION('',(1.,0.,0.));
#7910=DIRECTION('',(0.,1.,0.));
#7911=DIRECTION('',(1.,-3.91008559207655E-17,0.));
#7912=DIRECTION('',(1.17706223783413E-16,-1.,0.));
#7913=DIRECTION('',(1.,7.82017118415308E-17,0.));
#7914=DIRECTION('',(8.35992793474945E-16,-1.,0.));
#7915=DIRECTION('',(-1.,3.91008559207654E-17,0.));
#7916=DIRECTION('',(-6.19253921092552E-17,1.,0.));
#7917=DIRECTION('center_axis',(-1.62126043040909E-16,-0.592336478221651,
0.805690695346528));
#7918=DIRECTION('ref_axis',(1.,0.,2.01226157851033E-16));
#7919=DIRECTION('',(0.627393355544049,-0.627393355544061,-0.461253894117265));
#7920=DIRECTION('',(1.,-2.73705991445358E-16,0.));
#7921=DIRECTION('',(0.627393355544059,0.627393355544055,0.461253894117261));
#7922=DIRECTION('center_axis',(0.592336478221658,-3.48466352407669E-16,
0.805690695346523));
#7923=DIRECTION('ref_axis',(0.805690695346523,0.,-0.592336478221658));
#7924=DIRECTION('',(0.627393355544052,0.627393355544056,-0.461253894117269));
#7925=DIRECTION('',(5.88291225037924E-16,1.,0.));
#7926=DIRECTION('center_axis',(6.94825898746759E-16,0.592336478221657,0.805690695346523));
#7927=DIRECTION('ref_axis',(1.,0.,-8.62397819361583E-16));
#7928=DIRECTION('',(-0.627393355544062,0.627393355544053,-0.46125389411726));
#7929=DIRECTION('',(-1.,1.17302567762296E-15,0.));
#7930=DIRECTION('center_axis',(-0.592336478221649,2.93445349395927E-16,
0.805690695346529));
#7931=DIRECTION('ref_axis',(0.805690695346529,0.,0.592336478221649));
#7932=DIRECTION('',(-4.95403136874041E-16,-1.,0.));
#7933=DIRECTION('center_axis',(0.95447997803503,-4.7285237520202E-16,-0.298274993135947));
#7934=DIRECTION('ref_axis',(-0.298274993135947,0.,-0.95447997803503));
#7935=DIRECTION('',(0.285830975237515,0.285830975237515,0.914659120760047));
#7936=DIRECTION('',(8.88178419700125E-16,1.,0.));
#7937=DIRECTION('',(0.285830975237515,-0.285830975237516,0.914659120760047));
#7938=DIRECTION('center_axis',(2.61246888702822E-16,0.95447997803503,-0.298274993135947));
#7939=DIRECTION('ref_axis',(0.,0.298274993135947,0.95447997803503));
#7940=DIRECTION('',(-0.285830975237515,0.285830975237514,0.914659120760047));
#7941=DIRECTION('',(-1.,7.40148683083438E-16,0.));
#7942=DIRECTION('',(-1.,7.40148683083438E-16,0.));
#7943=DIRECTION('center_axis',(-2.31608632915584E-17,-0.592336478221651,
0.805690695346528));
#7944=DIRECTION('ref_axis',(1.,0.,2.87465939787189E-17));
#7945=DIRECTION('',(0.627393355544054,-0.627393355544058,-0.461253894117263));
#7946=DIRECTION('',(1.,-3.91008559207654E-17,0.));
#7947=DIRECTION('',(-0.627393355544068,-0.62739335554405,-0.461253894117255));
#7948=DIRECTION('center_axis',(-4.63217265831166E-17,0.592336478221649,
0.80569069534653));
#7949=DIRECTION('ref_axis',(1.,0.,5.74931879574375E-17));
#7950=DIRECTION('',(-0.627393355544065,0.627393355544054,-0.461253894117254));
#7951=DIRECTION('',(-1.,-7.82017118415308E-17,0.));
#7952=DIRECTION('',(-0.627393355544052,-0.62739335554406,0.461253894117264));
#7953=DIRECTION('center_axis',(-0.592336478221642,-3.66806686744905E-17,
0.805690695346534));
#7954=DIRECTION('ref_axis',(0.805690695346534,0.,0.592336478221642));
#7955=DIRECTION('',(6.19253921092552E-17,-1.,0.));
#7956=DIRECTION('center_axis',(0.592336478221653,4.95189027105631E-16,0.805690695346526));
#7957=DIRECTION('ref_axis',(0.805690695346526,0.,-0.592336478221653));
#7958=DIRECTION('',(-8.35992793474945E-16,1.,0.));
#7959=DIRECTION('center_axis',(-0.954479978035029,-7.97938383153409E-16,
-0.298274993135948));
#7960=DIRECTION('ref_axis',(-0.298274993135948,0.,0.95447997803503));
#7961=DIRECTION('',(-0.285830975237515,-0.285830975237515,0.914659120760047));
#7962=DIRECTION('',(0.,-1.,0.));
#7963=DIRECTION('',(-0.285830975237516,0.285830975237514,0.914659120760047));
#7964=DIRECTION('center_axis',(7.46419682008061E-17,-0.95447997803503,-0.298274993135946));
#7965=DIRECTION('ref_axis',(0.,0.298274993135946,-0.95447997803503));
#7966=DIRECTION('',(0.285830975237516,-0.285830975237514,0.914659120760047));
#7967=DIRECTION('',(1.,0.,0.));
#7968=DIRECTION('',(1.,0.,0.));
#7969=DIRECTION('',(1.,0.,0.));
#7970=DIRECTION('center_axis',(-0.592336478221657,0.,0.805690695346523));
#7971=DIRECTION('ref_axis',(0.805690695346523,0.,0.592336478221657));
#7972=DIRECTION('',(0.792232512642868,0.182013170183496,0.582442144587187));
#7973=DIRECTION('',(0.,-1.,0.));
#7974=DIRECTION('',(0.627393355544051,-0.62739335554406,0.461253894117265));
#7975=DIRECTION('center_axis',(2.31608632915584E-17,0.592336478221651,0.805690695346528));
#7976=DIRECTION('ref_axis',(1.,0.,-2.8746593978719E-17));
#7977=DIRECTION('',(-1.,3.91008559207655E-17,0.));
#7978=DIRECTION('',(-0.627393355544064,-0.627393355544052,0.461253894117258));
#7979=DIRECTION('center_axis',(0.592336478221645,6.9721690060636E-17,0.805690695346532));
#7980=DIRECTION('ref_axis',(0.805690695346532,0.,-0.592336478221645));
#7981=DIRECTION('',(-1.17706223783413E-16,1.,0.));
#7982=DIRECTION('',(0.792232512642877,-0.182013170183492,-0.582442144587176));
#7983=DIRECTION('center_axis',(0.,-1.,0.));
#7984=DIRECTION('ref_axis',(-0.707106781186546,0.,-0.707106781186549));
#7985=DIRECTION('center_axis',(0.,-1.,0.));
#7986=DIRECTION('ref_axis',(-1.,0.,0.));
#7987=DIRECTION('',(0.,-1.,0.));
#7988=DIRECTION('center_axis',(0.,-1.,0.));
#7989=DIRECTION('ref_axis',(-0.707106781186546,0.,-0.707106781186549));
#7990=DIRECTION('center_axis',(0.,0.,-1.));
#7991=DIRECTION('ref_axis',(-0.707106781186549,0.707106781186546,0.));
#7992=DIRECTION('center_axis',(0.707106781186547,0.,-0.707106781186548));
#7993=DIRECTION('ref_axis',(-0.707106781186548,0.,-0.707106781186547));
#7994=DIRECTION('',(0.,0.,-1.));
#7995=DIRECTION('center_axis',(0.,0.,1.));
#7996=DIRECTION('ref_axis',(0.,1.,0.));
#7997=DIRECTION('center_axis',(0.408248290463863,-0.408248290463861,-0.816496580927727));
#7998=DIRECTION('ref_axis',(-0.577350269189627,0.577350269189625,-0.577350269189625));
#7999=DIRECTION('center_axis',(-1.,0.,0.));
#8000=DIRECTION('ref_axis',(0.,0.707106781186548,-0.707106781186547));
#8001=DIRECTION('center_axis',(0.,0.,1.));
#8002=DIRECTION('ref_axis',(0.,-1.,0.));
#8003=DIRECTION('',(-1.,0.,0.));
#8004=DIRECTION('',(0.,-1.,0.));
#8005=DIRECTION('',(1.,0.,0.));
#8006=DIRECTION('center_axis',(-1.,0.,0.));
#8007=DIRECTION('ref_axis',(0.,0.707106781186548,-0.707106781186548));
#8008=DIRECTION('',(1.,0.,0.));
#8009=DIRECTION('center_axis',(1.,0.,0.));
#8010=DIRECTION('ref_axis',(0.,0.,-1.));
#8011=DIRECTION('center_axis',(0.,-1.,0.));
#8012=DIRECTION('ref_axis',(0.,0.,1.));
#8013=DIRECTION('',(-1.,0.,0.));
#8014=DIRECTION('center_axis',(0.,1.,0.));
#8015=DIRECTION('ref_axis',(0.707106781186547,0.,0.707106781186548));
#8016=DIRECTION('center_axis',(0.,0.,-1.));
#8017=DIRECTION('ref_axis',(-1.,0.,0.));
#8018=DIRECTION('center_axis',(0.61394061351492,0.789352217376326,-2.50387716077177E-16));
#8019=DIRECTION('ref_axis',(0.789352217376326,-0.61394061351492,0.));
#8020=DIRECTION('center_axis',(-0.789352217376326,-0.613940613514921,-1.9474600139336E-16));
#8021=DIRECTION('ref_axis',(0.61394061351492,-0.789352217376326,0.));
#8022=DIRECTION('center_axis',(0.,-1.,0.));
#8023=DIRECTION('ref_axis',(0.,0.,-1.));
#8024=DIRECTION('center_axis',(0.,-1.,0.));
#8025=DIRECTION('ref_axis',(0.707106781186547,0.,0.707106781186548));
#8026=DIRECTION('center_axis',(-1.,0.,0.));
#8027=DIRECTION('ref_axis',(0.,1.,0.));
#8028=DIRECTION('',(1.,0.,0.));
#8029=DIRECTION('',(-1.,0.,0.));
#8030=DIRECTION('center_axis',(-1.,-8.88178419700126E-15,3.51729954152793E-21));
#8031=DIRECTION('ref_axis',(0.,-3.96012722614359E-7,-0.999999999999922));
#8032=DIRECTION('center_axis',(-1.,0.,0.));
#8033=DIRECTION('ref_axis',(0.,-0.707106921198174,-0.707106641174893));
#8034=DIRECTION('',(1.,0.,0.));
#8035=DIRECTION('',(-1.,0.,0.));
#8036=DIRECTION('center_axis',(0.,-3.96012722562585E-7,-0.999999999999922));
#8037=DIRECTION('ref_axis',(0.,0.999999999999922,-3.96012722562585E-7));
#8038=DIRECTION('',(0.,0.99999999999998,-1.98006361281289E-7));
#8039=DIRECTION('',(0.,0.99999999999998,-1.98006361281289E-7));
#8040=DIRECTION('center_axis',(0.,1.,0.));
#8041=DIRECTION('ref_axis',(0.,0.,1.));
#8042=DIRECTION('center_axis',(0.,1.,0.));
#8043=DIRECTION('ref_axis',(-1.,0.,0.));
#8044=DIRECTION('center_axis',(0.,-1.,0.));
#8045=DIRECTION('ref_axis',(-1.,0.,0.));
#8046=DIRECTION('center_axis',(0.,-1.,0.));
#8047=DIRECTION('ref_axis',(-1.,0.,0.));
#8048=DIRECTION('center_axis',(0.,-1.,0.));
#8049=DIRECTION('ref_axis',(0.,0.,-1.));
#8050=DIRECTION('center_axis',(0.,1.,0.));
#8051=DIRECTION('ref_axis',(1.,0.,0.));
#8052=DIRECTION('center_axis',(0.,1.,0.));
#8053=DIRECTION('ref_axis',(1.,0.,0.));
#8054=DIRECTION('center_axis',(0.,1.,0.));
#8055=DIRECTION('ref_axis',(1.,0.,0.));
#8056=DIRECTION('',(0.,1.,0.));
#8057=DIRECTION('center_axis',(0.,-1.,0.));
#8058=DIRECTION('ref_axis',(-1.,0.,0.));
#8059=DIRECTION('',(0.,0.,-1.));
#8060=DIRECTION('',(0.,0.,1.));
#8061=DIRECTION('',(-1.,0.,0.));
#8062=DIRECTION('',(0.,0.,-1.));
#8063=DIRECTION('center_axis',(0.,-1.,0.));
#8064=DIRECTION('ref_axis',(1.,0.,0.));
#8065=DIRECTION('',(0.,0.,1.));
#8066=DIRECTION('',(1.,0.,0.));
#8067=DIRECTION('center_axis',(-1.,-4.44089209850063E-16,0.));
#8068=DIRECTION('ref_axis',(4.44089209850063E-16,-1.,0.));
#8069=DIRECTION('',(-4.44089209850063E-16,1.,4.78320511561181E-32));
#8070=DIRECTION('center_axis',(-4.98761559063866E-30,-4.78320511561204E-32,
1.));
#8071=DIRECTION('ref_axis',(1.,0.,4.98761559063866E-30));
#8072=DIRECTION('',(-8.88178419700125E-16,-1.,0.));
#8073=DIRECTION('',(1.,0.,0.));
#8074=DIRECTION('center_axis',(1.,0.,0.));
#8075=DIRECTION('ref_axis',(0.,1.,0.));
#8076=DIRECTION('',(0.,0.,1.));
#8077=DIRECTION('',(0.,-1.,9.02670837129586E-30));
#8078=DIRECTION('center_axis',(0.,-1.,0.));
#8079=DIRECTION('ref_axis',(1.,0.,0.));
#8080=DIRECTION('',(-1.,0.,0.));
#8081=DIRECTION('center_axis',(4.86496930562295E-30,9.02670837129586E-30,
1.));
#8082=DIRECTION('ref_axis',(1.,0.,-4.86496930562295E-30));
#8083=DIRECTION('',(1.,0.,0.));
#8084=DIRECTION('',(0.,1.,0.));
#8085=DIRECTION('',(-1.,0.,0.));
#8086=DIRECTION('center_axis',(4.86496930562295E-30,9.02670837129586E-30,
1.));
#8087=DIRECTION('ref_axis',(1.,0.,-4.86496930562295E-30));
#8088=DIRECTION('',(-1.,0.,0.));
#8089=DIRECTION('',(0.,-1.,0.));
#8090=DIRECTION('',(1.,0.,0.));
#8091=DIRECTION('center_axis',(1.,0.,0.));
#8092=DIRECTION('ref_axis',(0.,1.,0.));
#8093=DIRECTION('',(0.,0.,1.));
#8094=DIRECTION('',(0.,-1.,1.19580127890316E-31));
#8095=DIRECTION('center_axis',(0.,-1.,0.));
#8096=DIRECTION('ref_axis',(1.,0.,0.));
#8097=DIRECTION('center_axis',(-4.90585140062819E-30,1.19580127890316E-31,
1.));
#8098=DIRECTION('ref_axis',(1.,0.,4.90585140062819E-30));
#8099=DIRECTION('',(1.,0.,0.));
#8100=DIRECTION('center_axis',(-4.90585140062819E-30,1.19580127890316E-31,
1.));
#8101=DIRECTION('ref_axis',(1.,0.,4.90585140062819E-30));
#8102=DIRECTION('',(-8.88178419700125E-16,-1.,0.));
#8103=DIRECTION('',(1.,0.,0.));
#8104=DIRECTION('center_axis',(1.,0.,0.));
#8105=DIRECTION('ref_axis',(0.,1.,0.));
#8106=DIRECTION('',(0.,0.,1.));
#8107=DIRECTION('',(0.,-1.,5.13274702790723E-31));
#8108=DIRECTION('center_axis',(0.,-1.,0.));
#8109=DIRECTION('ref_axis',(1.,0.,0.));
#8110=DIRECTION('center_axis',(-4.0882095005235E-32,5.13274702790723E-31,
1.));
#8111=DIRECTION('ref_axis',(1.,0.,4.0882095005235E-32));
#8112=DIRECTION('',(-1.,0.,0.));
#8113=DIRECTION('center_axis',(-4.0882095005235E-32,5.13274702790723E-31,
1.));
#8114=DIRECTION('ref_axis',(1.,0.,4.0882095005235E-32));
#8115=DIRECTION('',(0.,1.,0.));
#8116=DIRECTION('',(-1.,0.,0.));
#8117=DIRECTION('center_axis',(2.23925904602419E-16,-0.95447997803503,0.298274993135947));
#8118=DIRECTION('ref_axis',(0.,-0.298274993135947,-0.95447997803503));
#8119=DIRECTION('',(0.285830975237516,0.285830975237515,0.914659120760047));
#8120=DIRECTION('center_axis',(-0.954479978035029,-5.91065469002525E-17,
0.298274993135948));
#8121=DIRECTION('ref_axis',(0.298274993135948,0.,0.95447997803503));
#8122=DIRECTION('center_axis',(-4.98761559063866E-30,-4.78320511561204E-32,
1.));
#8123=DIRECTION('ref_axis',(1.,0.,4.98761559063866E-30));
#8124=DIRECTION('',(1.,0.,0.));
#8125=DIRECTION('center_axis',(-0.95447997803503,5.61512195552399E-16,-0.298274993135947));
#8126=DIRECTION('ref_axis',(-0.298274993135947,0.,0.95447997803503));
#8127=DIRECTION('',(-0.285830975237515,-0.285830975237515,0.914659120760047));
#8128=DIRECTION('center_axis',(-1.11962952301209E-15,-0.95447997803503,
-0.298274993135947));
#8129=DIRECTION('ref_axis',(0.,0.298274993135947,-0.95447997803503));
#8130=DIRECTION('center_axis',(0.954479978035029,5.91065469002525E-17,-0.298274993135948));
#8131=DIRECTION('ref_axis',(-0.298274993135948,0.,-0.954479978035029));
#8132=DIRECTION('',(0.285830975237516,0.285830975237514,0.914659120760047));
#8133=DIRECTION('center_axis',(3.7320984100403E-17,0.95447997803503,-0.298274993135946));
#8134=DIRECTION('ref_axis',(0.,0.298274993135946,0.95447997803503));
#8135=DIRECTION('center_axis',(-0.95447997803503,0.,0.298274993135947));
#8136=DIRECTION('ref_axis',(0.298274993135947,0.,0.95447997803503));
#8137=DIRECTION('',(0.285830975237515,0.285830975237515,0.914659120760047));
#8138=DIRECTION('',(0.285830975237515,-0.285830975237514,0.914659120760047));
#8139=DIRECTION('center_axis',(3.73209841004031E-17,0.95447997803503,0.298274993135946));
#8140=DIRECTION('ref_axis',(0.,-0.298274993135946,0.95447997803503));
#8141=DIRECTION('',(-0.285830975237515,-0.285830975237514,0.914659120760047));
#8142=DIRECTION('center_axis',(0.95447997803503,1.12348233891379E-16,0.298274993135947));
#8143=DIRECTION('ref_axis',(0.298274993135947,0.,-0.95447997803503));
#8144=DIRECTION('',(-0.285830975237515,0.285830975237515,0.914659120760047));
#8145=DIRECTION('center_axis',(0.,-0.95447997803503,0.298274993135947));
#8146=DIRECTION('ref_axis',(0.,-0.298274993135947,-0.95447997803503));
#8147=DIRECTION('',(0.,-1.,0.));
#8148=DIRECTION('',(0.,-1.,0.));
#8149=DIRECTION('center_axis',(-1.,0.,0.));
#8150=DIRECTION('ref_axis',(0.,0.,-1.));
#8151=DIRECTION('',(0.,0.,-1.));
#8152=DIRECTION('',(0.,-1.,0.));
#8153=DIRECTION('',(0.,0.,-1.));
#8154=DIRECTION('center_axis',(0.,0.,1.));
#8155=DIRECTION('ref_axis',(-1.,0.,0.));
#8156=DIRECTION('',(-1.,0.,0.));
#8157=DIRECTION('',(0.,-1.,0.));
#8158=DIRECTION('',(-1.,0.,0.));
#8159=DIRECTION('center_axis',(1.,0.,0.));
#8160=DIRECTION('ref_axis',(0.,0.,1.));
#8161=DIRECTION('',(0.,0.,1.));
#8162=DIRECTION('',(0.,-1.,0.));
#8163=DIRECTION('',(0.,0.,1.));
#8164=DIRECTION('center_axis',(0.,0.,-1.));
#8165=DIRECTION('ref_axis',(1.,0.,0.));
#8166=DIRECTION('',(1.,0.,0.));
#8167=DIRECTION('',(0.,-1.,0.));
#8168=DIRECTION('',(1.,0.,0.));
#8169=DIRECTION('center_axis',(-1.,0.,0.));
#8170=DIRECTION('ref_axis',(0.,0.,-1.));
#8171=DIRECTION('',(0.,0.,-1.));
#8172=DIRECTION('',(0.,-1.,0.));
#8173=DIRECTION('',(0.,0.,-1.));
#8174=DIRECTION('',(0.,-1.,0.));
#8175=DIRECTION('',(0.,-1.,0.));
#8176=DIRECTION('',(0.,-1.,0.));
#8177=DIRECTION('',(0.,-1.,0.));
#8178=DIRECTION('center_axis',(1.,0.,0.));
#8179=DIRECTION('ref_axis',(0.,0.,1.));
#8180=DIRECTION('',(0.,0.,1.));
#8181=DIRECTION('',(0.,-1.,0.));
#8182=DIRECTION('',(0.,0.,1.));
#8183=DIRECTION('center_axis',(0.,0.,-1.));
#8184=DIRECTION('ref_axis',(1.,0.,0.));
#8185=DIRECTION('',(1.,0.,0.));
#8186=DIRECTION('',(0.,-1.,0.));
#8187=DIRECTION('',(1.,0.,0.));
#8188=DIRECTION('center_axis',(-1.,0.,0.));
#8189=DIRECTION('ref_axis',(0.,0.,-1.));
#8190=DIRECTION('',(0.,0.,-1.));
#8191=DIRECTION('',(0.,-1.,0.));
#8192=DIRECTION('',(0.,0.,-1.));
#8193=DIRECTION('',(0.,-1.,0.));
#8194=DIRECTION('',(0.,-1.,0.));
#8195=DIRECTION('',(0.,-1.,0.));
#8196=DIRECTION('center_axis',(0.,1.,0.));
#8197=DIRECTION('ref_axis',(-1.,0.,0.));
#8198=DIRECTION('center_axis',(0.913117609711425,0.,0.407696248247264));
#8199=DIRECTION('ref_axis',(-0.407696248247264,0.,0.913117609711425));
#8200=DIRECTION('',(-0.407696248247264,0.,0.913117609711424));
#8201=DIRECTION('',(0.,-1.,0.));
#8202=DIRECTION('',(-0.407696248247264,0.,0.913117609711425));
#8203=DIRECTION('',(0.,-1.,0.));
#8204=DIRECTION('center_axis',(-0.913117609711425,0.,0.407696248247264));
#8205=DIRECTION('ref_axis',(-0.407696248247264,0.,-0.913117609711425));
#8206=DIRECTION('',(-0.407696248247264,0.,-0.913117609711425));
#8207=DIRECTION('',(0.,-1.,0.));
#8208=DIRECTION('',(-0.407696248247264,0.,-0.913117609711425));
#8209=DIRECTION('center_axis',(0.,0.,1.));
#8210=DIRECTION('ref_axis',(-1.,0.,0.));
#8211=DIRECTION('',(-1.,0.,0.));
#8212=DIRECTION('',(0.,-1.,0.));
#8213=DIRECTION('',(-1.,0.,0.));
#8214=DIRECTION('center_axis',(1.,0.,0.));
#8215=DIRECTION('ref_axis',(0.,0.,1.));
#8216=DIRECTION('',(0.,0.,1.));
#8217=DIRECTION('',(0.,-1.,0.));
#8218=DIRECTION('',(0.,0.,1.));
#8219=DIRECTION('center_axis',(0.,0.,-1.));
#8220=DIRECTION('ref_axis',(1.,0.,0.));
#8221=DIRECTION('',(1.,0.,0.));
#8222=DIRECTION('',(0.,-1.,0.));
#8223=DIRECTION('',(1.,0.,0.));
#8224=DIRECTION('center_axis',(-1.,0.,0.));
#8225=DIRECTION('ref_axis',(0.,0.,-1.));
#8226=DIRECTION('',(0.,0.,-1.));
#8227=DIRECTION('',(0.,-1.,0.));
#8228=DIRECTION('',(0.,0.,-1.));
#8229=DIRECTION('center_axis',(0.912573562895833,0.,-0.408912572934124));
#8230=DIRECTION('ref_axis',(0.408912572934124,0.,0.912573562895833));
#8231=DIRECTION('',(0.408912572934124,0.,0.912573562895833));
#8232=DIRECTION('',(0.,-1.,0.));
#8233=DIRECTION('',(0.408912572934124,0.,0.912573562895833));
#8234=DIRECTION('center_axis',(0.,0.,-1.));
#8235=DIRECTION('ref_axis',(1.,0.,0.));
#8236=DIRECTION('',(1.,0.,0.));
#8237=DIRECTION('',(0.,-1.,0.));
#8238=DIRECTION('',(1.,0.,0.));
#8239=DIRECTION('center_axis',(-0.913126821358151,0.,-0.407675616288686));
#8240=DIRECTION('ref_axis',(0.407675616288686,0.,-0.913126821358151));
#8241=DIRECTION('',(0.407675616288686,0.,-0.913126821358151));
#8242=DIRECTION('',(0.,-1.,0.));
#8243=DIRECTION('',(0.407675616288686,0.,-0.913126821358151));
#8244=DIRECTION('center_axis',(1.,0.,0.));
#8245=DIRECTION('ref_axis',(0.,0.,1.));
#8246=DIRECTION('',(0.,0.,1.));
#8247=DIRECTION('',(0.,-1.,0.));
#8248=DIRECTION('',(0.,0.,1.));
#8249=DIRECTION('center_axis',(0.,0.,-1.));
#8250=DIRECTION('ref_axis',(1.,0.,0.));
#8251=DIRECTION('',(1.,0.,0.));
#8252=DIRECTION('',(0.,-1.,0.));
#8253=DIRECTION('',(1.,0.,0.));
#8254=DIRECTION('center_axis',(-1.,0.,0.));
#8255=DIRECTION('ref_axis',(0.,0.,-1.));
#8256=DIRECTION('',(0.,0.,-1.));
#8257=DIRECTION('',(0.,-1.,0.));
#8258=DIRECTION('',(0.,0.,-1.));
#8259=DIRECTION('center_axis',(0.,0.,1.));
#8260=DIRECTION('ref_axis',(-1.,0.,0.));
#8261=DIRECTION('',(-1.,0.,0.));
#8262=DIRECTION('',(-1.,0.,0.));
#8263=DIRECTION('center_axis',(0.,-1.,0.));
#8264=DIRECTION('ref_axis',(0.,0.,-1.));
#8265=DIRECTION('',(0.,-1.,0.));
#8266=DIRECTION('',(0.,-1.,0.));
#8267=DIRECTION('',(0.,-1.,0.));
#8268=DIRECTION('',(0.,-1.,0.));
#8269=DIRECTION('',(0.,-1.,0.));
#8270=DIRECTION('center_axis',(0.,0.,1.));
#8271=DIRECTION('ref_axis',(-1.,0.,0.));
#8272=DIRECTION('',(-1.,0.,0.));
#8273=DIRECTION('',(0.,-1.,0.));
#8274=DIRECTION('',(-1.,0.,0.));
#8275=DIRECTION('',(0.,-1.,0.));
#8276=DIRECTION('',(0.,-1.,0.));
#8277=DIRECTION('',(0.,-1.,0.));
#8278=DIRECTION('',(0.,-1.,0.));
#8279=DIRECTION('',(0.,-1.,0.));
#8280=DIRECTION('',(0.,-1.,0.));
#8281=DIRECTION('',(0.,-1.,0.));
#8282=DIRECTION('',(0.,-1.,0.));
#8283=DIRECTION('',(0.,-1.,0.));
#8284=DIRECTION('',(0.,-1.,0.));
#8285=DIRECTION('center_axis',(0.,0.,-1.));
#8286=DIRECTION('ref_axis',(1.,0.,0.));
#8287=DIRECTION('',(1.,0.,0.));
#8288=DIRECTION('',(0.,-1.,0.));
#8289=DIRECTION('',(1.,0.,0.));
#8290=DIRECTION('',(0.,-1.,0.));
#8291=DIRECTION('',(0.,-1.,0.));
#8292=DIRECTION('',(0.,-1.,0.));
#8293=DIRECTION('',(0.,-1.,0.));
#8294=DIRECTION('',(0.,-1.,0.));
#8295=DIRECTION('center_axis',(0.,1.,0.));
#8296=DIRECTION('ref_axis',(-1.,0.,0.));
#8297=DIRECTION('',(0.,-1.,0.));
#8298=DIRECTION('',(0.,-1.,0.));
#8299=DIRECTION('center_axis',(-1.,0.,0.));
#8300=DIRECTION('ref_axis',(0.,0.,-1.));
#8301=DIRECTION('',(0.,0.,-1.));
#8302=DIRECTION('',(0.,-1.,0.));
#8303=DIRECTION('',(0.,0.,-1.));
#8304=DIRECTION('center_axis',(0.,0.,1.));
#8305=DIRECTION('ref_axis',(-1.,0.,0.));
#8306=DIRECTION('',(-1.,0.,0.));
#8307=DIRECTION('',(0.,-1.,0.));
#8308=DIRECTION('',(-1.,0.,0.));
#8309=DIRECTION('center_axis',(1.,0.,0.));
#8310=DIRECTION('ref_axis',(0.,0.,1.));
#8311=DIRECTION('',(0.,0.,1.));
#8312=DIRECTION('',(0.,-1.,0.));
#8313=DIRECTION('',(0.,0.,1.));
#8314=DIRECTION('center_axis',(0.,0.,-1.));
#8315=DIRECTION('ref_axis',(1.,0.,0.));
#8316=DIRECTION('',(1.,0.,0.));
#8317=DIRECTION('',(0.,-1.,0.));
#8318=DIRECTION('',(1.,0.,0.));
#8319=DIRECTION('center_axis',(-1.,0.,0.));
#8320=DIRECTION('ref_axis',(0.,0.,-1.));
#8321=DIRECTION('',(0.,0.,-1.));
#8322=DIRECTION('',(0.,-1.,0.));
#8323=DIRECTION('',(0.,0.,-1.));
#8324=DIRECTION('',(0.,-1.,0.));
#8325=DIRECTION('',(0.,-1.,0.));
#8326=DIRECTION('',(0.,-1.,0.));
#8327=DIRECTION('',(0.,-1.,0.));
#8328=DIRECTION('center_axis',(1.,0.,0.));
#8329=DIRECTION('ref_axis',(0.,0.,1.));
#8330=DIRECTION('',(0.,0.,1.));
#8331=DIRECTION('',(0.,-1.,0.));
#8332=DIRECTION('',(0.,0.,1.));
#8333=DIRECTION('center_axis',(0.,0.,-1.));
#8334=DIRECTION('ref_axis',(1.,0.,0.));
#8335=DIRECTION('',(1.,0.,0.));
#8336=DIRECTION('',(0.,-1.,0.));
#8337=DIRECTION('',(1.,0.,0.));
#8338=DIRECTION('center_axis',(-1.,0.,0.));
#8339=DIRECTION('ref_axis',(0.,0.,-1.));
#8340=DIRECTION('',(0.,0.,-1.));
#8341=DIRECTION('',(0.,-1.,0.));
#8342=DIRECTION('',(0.,0.,-1.));
#8343=DIRECTION('',(0.,-1.,0.));
#8344=DIRECTION('',(0.,-1.,0.));
#8345=DIRECTION('',(0.,-1.,0.));
#8346=DIRECTION('center_axis',(0.,1.,0.));
#8347=DIRECTION('ref_axis',(-1.,0.,0.));
#8348=DIRECTION('',(0.,-1.,0.));
#8349=DIRECTION('',(0.,-1.,0.));
#8350=DIRECTION('center_axis',(-1.,0.,0.));
#8351=DIRECTION('ref_axis',(0.,0.,-1.));
#8352=DIRECTION('',(0.,0.,-1.));
#8353=DIRECTION('',(0.,-1.,0.));
#8354=DIRECTION('',(0.,0.,-1.));
#8355=DIRECTION('center_axis',(0.,0.,1.));
#8356=DIRECTION('ref_axis',(-1.,0.,0.));
#8357=DIRECTION('',(-1.,0.,0.));
#8358=DIRECTION('',(0.,-1.,0.));
#8359=DIRECTION('',(-1.,0.,0.));
#8360=DIRECTION('center_axis',(1.,0.,0.));
#8361=DIRECTION('ref_axis',(0.,0.,1.));
#8362=DIRECTION('',(0.,0.,1.));
#8363=DIRECTION('',(0.,-1.,0.));
#8364=DIRECTION('',(0.,0.,1.));
#8365=DIRECTION('center_axis',(0.,0.,-1.));
#8366=DIRECTION('ref_axis',(1.,0.,0.));
#8367=DIRECTION('',(1.,0.,0.));
#8368=DIRECTION('',(0.,-1.,0.));
#8369=DIRECTION('',(1.,0.,0.));
#8370=DIRECTION('center_axis',(-1.,0.,0.));
#8371=DIRECTION('ref_axis',(0.,0.,-1.));
#8372=DIRECTION('',(0.,0.,-1.));
#8373=DIRECTION('',(0.,-1.,0.));
#8374=DIRECTION('',(0.,0.,-1.));
#8375=DIRECTION('',(0.,-1.,0.));
#8376=DIRECTION('',(0.,-1.,0.));
#8377=DIRECTION('',(0.,-1.,0.));
#8378=DIRECTION('',(0.,-1.,0.));
#8379=DIRECTION('center_axis',(1.,0.,0.));
#8380=DIRECTION('ref_axis',(0.,0.,1.));
#8381=DIRECTION('',(0.,0.,1.));
#8382=DIRECTION('',(0.,-1.,0.));
#8383=DIRECTION('',(0.,0.,1.));
#8384=DIRECTION('center_axis',(0.,0.,-1.));
#8385=DIRECTION('ref_axis',(1.,0.,0.));
#8386=DIRECTION('',(1.,0.,0.));
#8387=DIRECTION('',(0.,-1.,0.));
#8388=DIRECTION('',(1.,0.,0.));
#8389=DIRECTION('center_axis',(-1.,0.,0.));
#8390=DIRECTION('ref_axis',(0.,0.,-1.));
#8391=DIRECTION('',(0.,0.,-1.));
#8392=DIRECTION('',(0.,-1.,0.));
#8393=DIRECTION('',(0.,0.,-1.));
#8394=DIRECTION('',(0.,-1.,0.));
#8395=DIRECTION('',(0.,-1.,0.));
#8396=DIRECTION('center_axis',(0.,1.,0.));
#8397=DIRECTION('ref_axis',(-1.,0.,0.));
#8398=DIRECTION('center_axis',(1.,0.,0.));
#8399=DIRECTION('ref_axis',(0.,0.,1.));
#8400=DIRECTION('',(0.,0.,1.));
#8401=DIRECTION('',(0.,-1.,0.));
#8402=DIRECTION('',(0.,0.,1.));
#8403=DIRECTION('',(0.,-1.,0.));
#8404=DIRECTION('center_axis',(0.,0.,-1.));
#8405=DIRECTION('ref_axis',(1.,0.,0.));
#8406=DIRECTION('',(1.,0.,0.));
#8407=DIRECTION('',(0.,-1.,0.));
#8408=DIRECTION('',(1.,0.,0.));
#8409=DIRECTION('center_axis',(-1.,0.,0.));
#8410=DIRECTION('ref_axis',(0.,0.,-1.));
#8411=DIRECTION('',(0.,0.,-1.));
#8412=DIRECTION('',(0.,-1.,0.));
#8413=DIRECTION('',(0.,0.,-1.));
#8414=DIRECTION('center_axis',(0.,0.,1.));
#8415=DIRECTION('ref_axis',(-1.,0.,0.));
#8416=DIRECTION('',(-1.,0.,0.));
#8417=DIRECTION('',(-1.,0.,0.));
#8418=DIRECTION('center_axis',(0.,-1.,0.));
#8419=DIRECTION('ref_axis',(0.,0.,-1.));
#8420=DIRECTION('',(0.,-1.,0.));
#8421=DIRECTION('',(0.,-1.,0.));
#8422=DIRECTION('',(0.,-1.,0.));
#8423=DIRECTION('',(0.,-1.,0.));
#8424=DIRECTION('',(0.,-1.,0.));
#8425=DIRECTION('center_axis',(0.,0.,1.));
#8426=DIRECTION('ref_axis',(-1.,0.,0.));
#8427=DIRECTION('',(-1.,0.,0.));
#8428=DIRECTION('',(0.,-1.,0.));
#8429=DIRECTION('',(-1.,0.,0.));
#8430=DIRECTION('',(0.,-1.,0.));
#8431=DIRECTION('',(0.,-1.,0.));
#8432=DIRECTION('',(0.,-1.,0.));
#8433=DIRECTION('',(0.,-1.,0.));
#8434=DIRECTION('',(0.,-1.,0.));
#8435=DIRECTION('',(0.,-1.,0.));
#8436=DIRECTION('',(0.,-1.,0.));
#8437=DIRECTION('',(0.,-1.,0.));
#8438=DIRECTION('',(0.,-1.,0.));
#8439=DIRECTION('',(0.,-1.,0.));
#8440=DIRECTION('center_axis',(0.,0.,-1.));
#8441=DIRECTION('ref_axis',(1.,0.,0.));
#8442=DIRECTION('',(1.,0.,0.));
#8443=DIRECTION('',(0.,-1.,0.));
#8444=DIRECTION('',(1.,0.,0.));
#8445=DIRECTION('',(0.,-1.,0.));
#8446=DIRECTION('',(0.,-1.,0.));
#8447=DIRECTION('',(0.,-1.,0.));
#8448=DIRECTION('',(0.,-1.,0.));
#8449=DIRECTION('',(0.,-1.,0.));
#8450=DIRECTION('center_axis',(0.,1.,0.));
#8451=DIRECTION('ref_axis',(-1.,0.,0.));
#8452=DIRECTION('',(0.,-1.,0.));
#8453=DIRECTION('',(0.,-1.,0.));
#8454=DIRECTION('',(0.,-1.,0.));
#8455=DIRECTION('',(0.,-1.,0.));
#8456=DIRECTION('',(0.,-1.,0.));
#8457=DIRECTION('',(0.,-1.,0.));
#8458=DIRECTION('',(0.,-1.,0.));
#8459=DIRECTION('',(0.,-1.,0.));
#8460=DIRECTION('center_axis',(0.,1.,0.));
#8461=DIRECTION('ref_axis',(-1.,0.,0.));
#8462=DIRECTION('',(0.,-1.,0.));
#8463=DIRECTION('',(0.,-1.,0.));
#8464=DIRECTION('',(0.,-1.,0.));
#8465=DIRECTION('',(0.,-1.,0.));
#8466=DIRECTION('',(0.,-1.,0.));
#8467=DIRECTION('',(0.,-1.,0.));
#8468=DIRECTION('',(0.,-1.,0.));
#8469=DIRECTION('',(0.,-1.,0.));
#8470=DIRECTION('',(0.,-1.,0.));
#8471=DIRECTION('',(0.,-1.,0.));
#8472=DIRECTION('',(0.,-1.,0.));
#8473=DIRECTION('',(0.,-1.,0.));
#8474=DIRECTION('',(0.,-1.,0.));
#8475=DIRECTION('',(0.,-1.,0.));
#8476=DIRECTION('',(0.,-1.,0.));
#8477=DIRECTION('',(0.,-1.,0.));
#8478=DIRECTION('',(0.,-1.,0.));
#8479=DIRECTION('center_axis',(1.,0.,0.));
#8480=DIRECTION('ref_axis',(0.,0.,1.));
#8481=DIRECTION('',(0.,0.,1.));
#8482=DIRECTION('',(0.,-1.,0.));
#8483=DIRECTION('',(0.,0.,1.));
#8484=DIRECTION('center_axis',(0.,0.,-1.));
#8485=DIRECTION('ref_axis',(1.,0.,0.));
#8486=DIRECTION('',(1.,0.,0.));
#8487=DIRECTION('',(0.,-1.,0.));
#8488=DIRECTION('',(1.,0.,0.));
#8489=DIRECTION('center_axis',(-1.,0.,0.));
#8490=DIRECTION('ref_axis',(0.,0.,-1.));
#8491=DIRECTION('',(0.,0.,-1.));
#8492=DIRECTION('',(0.,-1.,0.));
#8493=DIRECTION('',(0.,0.,-1.));
#8494=DIRECTION('center_axis',(0.,0.,1.));
#8495=DIRECTION('ref_axis',(-1.,0.,0.));
#8496=DIRECTION('',(-1.,0.,0.));
#8497=DIRECTION('',(0.,-1.,0.));
#8498=DIRECTION('',(-1.,0.,0.));
#8499=DIRECTION('center_axis',(1.,0.,0.));
#8500=DIRECTION('ref_axis',(0.,0.,1.));
#8501=DIRECTION('',(0.,0.,1.));
#8502=DIRECTION('',(0.,-1.,0.));
#8503=DIRECTION('',(0.,0.,1.));
#8504=DIRECTION('',(0.,-1.,0.));
#8505=DIRECTION('',(0.,-1.,0.));
#8506=DIRECTION('',(0.,-1.,0.));
#8507=DIRECTION('',(0.,-1.,0.));
#8508=DIRECTION('',(0.,-1.,0.));
#8509=DIRECTION('center_axis',(0.,1.,0.));
#8510=DIRECTION('ref_axis',(-1.,0.,0.));
#8511=DIRECTION('',(0.,-1.,0.));
#8512=DIRECTION('',(0.,-1.,0.));
#8513=DIRECTION('',(0.,-1.,0.));
#8514=DIRECTION('',(0.,-1.,0.));
#8515=DIRECTION('',(0.,-1.,0.));
#8516=DIRECTION('',(0.,-1.,0.));
#8517=DIRECTION('',(0.,-1.,0.));
#8518=DIRECTION('',(0.,-1.,0.));
#8519=DIRECTION('',(0.,-1.,0.));
#8520=DIRECTION('',(0.,-1.,0.));
#8521=DIRECTION('',(0.,-1.,0.));
#8522=DIRECTION('',(0.,-1.,0.));
#8523=DIRECTION('',(0.,-1.,0.));
#8524=DIRECTION('center_axis',(0.,0.,-1.));
#8525=DIRECTION('ref_axis',(1.,0.,0.));
#8526=DIRECTION('',(1.,0.,0.));
#8527=DIRECTION('',(0.,-1.,0.));
#8528=DIRECTION('',(1.,0.,0.));
#8529=DIRECTION('',(0.,-1.,0.));
#8530=DIRECTION('',(0.,-1.,0.));
#8531=DIRECTION('',(0.,-1.,0.));
#8532=DIRECTION('',(0.,-1.,0.));
#8533=DIRECTION('',(0.,-1.,0.));
#8534=DIRECTION('',(0.,-1.,0.));
#8535=DIRECTION('',(0.,-1.,0.));
#8536=DIRECTION('',(0.,-1.,0.));
#8537=DIRECTION('',(0.,-1.,0.));
#8538=DIRECTION('',(0.,-1.,0.));
#8539=DIRECTION('',(0.,-1.,0.));
#8540=DIRECTION('',(0.,-1.,0.));
#8541=DIRECTION('',(0.,-1.,0.));
#8542=DIRECTION('',(0.,-1.,0.));
#8543=DIRECTION('',(0.,-1.,0.));
#8544=DIRECTION('center_axis',(0.,0.,1.));
#8545=DIRECTION('ref_axis',(-1.,0.,0.));
#8546=DIRECTION('',(-1.,0.,0.));
#8547=DIRECTION('',(0.,-1.,0.));
#8548=DIRECTION('',(-1.,0.,0.));
#8549=DIRECTION('',(0.,-1.,0.));
#8550=DIRECTION('',(0.,-1.,0.));
#8551=DIRECTION('center_axis',(0.,1.,0.));
#8552=DIRECTION('ref_axis',(-1.,0.,0.));
#8553=DIRECTION('',(0.,-1.,0.));
#8554=DIRECTION('',(0.,-1.,0.));
#8555=DIRECTION('',(0.,-1.,0.));
#8556=DIRECTION('',(0.,-1.,0.));
#8557=DIRECTION('',(0.,-1.,0.));
#8558=DIRECTION('',(0.,-1.,0.));
#8559=DIRECTION('center_axis',(0.,0.,1.));
#8560=DIRECTION('ref_axis',(-1.,0.,0.));
#8561=DIRECTION('',(-1.,0.,0.));
#8562=DIRECTION('',(-1.,0.,0.));
#8563=DIRECTION('',(0.,-1.,0.));
#8564=DIRECTION('',(0.,-1.,0.));
#8565=DIRECTION('',(0.,-1.,0.));
#8566=DIRECTION('',(0.,-1.,0.));
#8567=DIRECTION('',(0.,-1.,0.));
#8568=DIRECTION('',(0.,-1.,0.));
#8569=DIRECTION('',(0.,-1.,0.));
#8570=DIRECTION('',(0.,-1.,0.));
#8571=DIRECTION('',(0.,-1.,0.));
#8572=DIRECTION('',(0.,-1.,0.));
#8573=DIRECTION('',(0.,-1.,0.));
#8574=DIRECTION('center_axis',(0.,0.,1.));
#8575=DIRECTION('ref_axis',(-1.,0.,0.));
#8576=DIRECTION('',(-1.,0.,0.));
#8577=DIRECTION('',(0.,-1.,0.));
#8578=DIRECTION('',(-1.,0.,0.));
#8579=DIRECTION('',(0.,-1.,0.));
#8580=DIRECTION('',(0.,-1.,0.));
#8581=DIRECTION('',(0.,-1.,0.));
#8582=DIRECTION('',(0.,-1.,0.));
#8583=DIRECTION('',(0.,-1.,0.));
#8584=DIRECTION('center_axis',(0.,0.,-1.));
#8585=DIRECTION('ref_axis',(1.,0.,0.));
#8586=DIRECTION('',(1.,0.,0.));
#8587=DIRECTION('',(0.,-1.,0.));
#8588=DIRECTION('',(1.,0.,0.));
#8589=DIRECTION('',(0.,-1.,0.));
#8590=DIRECTION('center_axis',(0.,1.,0.));
#8591=DIRECTION('ref_axis',(-1.,0.,0.));
#8592=DIRECTION('',(0.,-1.,0.));
#8593=DIRECTION('',(0.,-1.,0.));
#8594=DIRECTION('',(0.,-1.,0.));
#8595=DIRECTION('',(0.,-1.,0.));
#8596=DIRECTION('',(0.,-1.,0.));
#8597=DIRECTION('',(0.,-1.,0.));
#8598=DIRECTION('center_axis',(0.,0.,1.));
#8599=DIRECTION('ref_axis',(-1.,0.,0.));
#8600=DIRECTION('',(-1.,0.,0.));
#8601=DIRECTION('',(-1.,0.,0.));
#8602=DIRECTION('',(0.,-1.,0.));
#8603=DIRECTION('',(0.,-1.,0.));
#8604=DIRECTION('',(0.,-1.,0.));
#8605=DIRECTION('',(0.,-1.,0.));
#8606=DIRECTION('',(0.,-1.,0.));
#8607=DIRECTION('',(0.,-1.,0.));
#8608=DIRECTION('',(0.,-1.,0.));
#8609=DIRECTION('',(0.,-1.,0.));
#8610=DIRECTION('',(0.,-1.,0.));
#8611=DIRECTION('',(0.,-1.,0.));
#8612=DIRECTION('',(0.,-1.,0.));
#8613=DIRECTION('center_axis',(0.,0.,1.));
#8614=DIRECTION('ref_axis',(-1.,0.,0.));
#8615=DIRECTION('',(-1.,0.,0.));
#8616=DIRECTION('',(0.,-1.,0.));
#8617=DIRECTION('',(-1.,0.,0.));
#8618=DIRECTION('',(0.,-1.,0.));
#8619=DIRECTION('',(0.,-1.,0.));
#8620=DIRECTION('',(0.,-1.,0.));
#8621=DIRECTION('',(0.,-1.,0.));
#8622=DIRECTION('',(0.,-1.,0.));
#8623=DIRECTION('center_axis',(0.,0.,-1.));
#8624=DIRECTION('ref_axis',(1.,0.,0.));
#8625=DIRECTION('',(1.,0.,0.));
#8626=DIRECTION('',(0.,-1.,0.));
#8627=DIRECTION('',(1.,0.,0.));
#8628=DIRECTION('',(0.,-1.,0.));
#8629=DIRECTION('center_axis',(0.,1.,0.));
#8630=DIRECTION('ref_axis',(-1.,0.,0.));
#8631=DIRECTION('center_axis',(1.,0.,0.));
#8632=DIRECTION('ref_axis',(0.,0.,1.));
#8633=DIRECTION('',(0.,0.,1.));
#8634=DIRECTION('',(0.,-1.,0.));
#8635=DIRECTION('',(0.,0.,1.));
#8636=DIRECTION('',(0.,-1.,0.));
#8637=DIRECTION('center_axis',(0.,0.,-1.));
#8638=DIRECTION('ref_axis',(1.,0.,0.));
#8639=DIRECTION('',(1.,0.,0.));
#8640=DIRECTION('',(0.,-1.,0.));
#8641=DIRECTION('',(1.,0.,0.));
#8642=DIRECTION('center_axis',(1.,0.,0.));
#8643=DIRECTION('ref_axis',(0.,0.,1.));
#8644=DIRECTION('',(0.,0.,1.));
#8645=DIRECTION('',(0.,-1.,0.));
#8646=DIRECTION('',(0.,0.,1.));
#8647=DIRECTION('center_axis',(0.,0.,-1.));
#8648=DIRECTION('ref_axis',(1.,0.,0.));
#8649=DIRECTION('',(1.,0.,0.));
#8650=DIRECTION('',(0.,-1.,0.));
#8651=DIRECTION('',(1.,0.,0.));
#8652=DIRECTION('center_axis',(-1.,0.,0.));
#8653=DIRECTION('ref_axis',(0.,0.,-1.));
#8654=DIRECTION('',(0.,0.,-1.));
#8655=DIRECTION('',(0.,-1.,0.));
#8656=DIRECTION('',(0.,0.,-1.));
#8657=DIRECTION('center_axis',(0.,0.,-1.));
#8658=DIRECTION('ref_axis',(1.,0.,0.));
#8659=DIRECTION('',(1.,0.,0.));
#8660=DIRECTION('',(0.,-1.,0.));
#8661=DIRECTION('',(1.,0.,0.));
#8662=DIRECTION('center_axis',(-1.,0.,0.));
#8663=DIRECTION('ref_axis',(0.,0.,-1.));
#8664=DIRECTION('',(0.,0.,-1.));
#8665=DIRECTION('',(0.,-1.,0.));
#8666=DIRECTION('',(0.,0.,-1.));
#8667=DIRECTION('center_axis',(0.,0.,1.));
#8668=DIRECTION('ref_axis',(-1.,0.,0.));
#8669=DIRECTION('',(-1.,0.,0.));
#8670=DIRECTION('',(-1.,0.,0.));
#8671=DIRECTION('center_axis',(0.,-1.,0.));
#8672=DIRECTION('ref_axis',(0.,0.,-1.));
#8673=DIRECTION('center_axis',(0.,1.,0.));
#8674=DIRECTION('ref_axis',(1.,0.,0.));
#8675=DIRECTION('center_axis',(0.,1.,0.));
#8676=DIRECTION('ref_axis',(1.,0.,0.));
#8677=DIRECTION('center_axis',(0.,1.,0.));
#8678=DIRECTION('ref_axis',(1.,0.,0.));
#8679=DIRECTION('center_axis',(-0.707106781186547,0.,0.707106781186548));
#8680=DIRECTION('ref_axis',(0.707106781186548,0.,0.707106781186547));
#8681=DIRECTION('',(0.577350269189626,-0.577350269189626,0.577350269189625));
#8682=DIRECTION('center_axis',(-6.25534844097121E-17,0.707106781186547,
0.707106781186548));
#8683=DIRECTION('ref_axis',(1.,0.,8.84639860259088E-17));
#8684=DIRECTION('',(-1.,-8.84639860259089E-17,0.));
#8685=DIRECTION('',(-0.577350269189626,-0.577350269189626,0.577350269189625));
#8686=DIRECTION('center_axis',(0.707106781186547,-6.9473117640875E-17,0.707106781186548));
#8687=DIRECTION('ref_axis',(0.707106781186548,0.,-0.707106781186547));
#8688=DIRECTION('',(9.82498251880669E-17,1.,0.));
#8689=DIRECTION('',(-0.707106781186564,0.,0.707106781186532));
#8690=DIRECTION('center_axis',(0.,0.,-1.));
#8691=DIRECTION('ref_axis',(1.,-1.48383720769467E-12,0.));
#8692=DIRECTION('',(3.14018491736755E-15,-0.707106781186548,0.707106781186547));
#8693=DIRECTION('center_axis',(0.,0.,1.));
#8694=DIRECTION('ref_axis',(1.,-1.48383720769467E-12,0.));
#8695=DIRECTION('center_axis',(3.1903406486866E-13,0.707106781186547,0.707106781186548));
#8696=DIRECTION('ref_axis',(1.,0.,-4.51182301396276E-13));
#8697=DIRECTION('',(-3.17158676654122E-13,-0.707106781186548,0.707106781186547));
#8698=DIRECTION('',(-1.,4.51182301396276E-13,0.));
#8699=DIRECTION('center_axis',(0.,0.,1.));
#8700=DIRECTION('ref_axis',(-1.,0.,0.));
#8701=DIRECTION('',(0.,0.707106781186549,0.707106781186546));
#8702=DIRECTION('center_axis',(0.,0.,-1.));
#8703=DIRECTION('ref_axis',(-1.,0.,0.));
#8704=DIRECTION('center_axis',(3.21650885633133E-13,-0.707106781186548,
0.707106781186547));
#8705=DIRECTION('ref_axis',(1.,0.,-4.54883044811694E-13));
#8706=DIRECTION('',(-3.23439046488858E-13,0.707106781186547,0.707106781186548));
#8707=DIRECTION('',(1.,4.54883044811693E-13,0.));
#8708=DIRECTION('center_axis',(0.,0.,-1.));
#8709=DIRECTION('ref_axis',(-3.86164530304404E-15,-1.,0.));
#8710=DIRECTION('',(-0.707106781186546,-1.05196194731813E-12,0.707106781186549));
#8711=DIRECTION('center_axis',(0.,0.,1.));
#8712=DIRECTION('ref_axis',(-3.86164530304404E-15,-1.,0.));
#8713=DIRECTION('center_axis',(0.707106781186549,-6.94731176408751E-17,
0.707106781186546));
#8714=DIRECTION('ref_axis',(0.707106781186546,0.,-0.707106781186549));
#8715=DIRECTION('',(9.82498251880669E-17,1.,0.));
#8716=DIRECTION('',(-0.577350269189627,0.577350269189624,0.577350269189626));
#8717=DIRECTION('center_axis',(0.,-0.707106781186547,0.707106781186548));
#8718=DIRECTION('ref_axis',(1.,0.,0.));
#8719=DIRECTION('',(1.,0.,0.));
#8720=DIRECTION('',(0.577350269189626,0.577350269189626,0.577350269189625));
#8721=DIRECTION('center_axis',(-0.707106781186547,0.,0.707106781186548));
#8722=DIRECTION('ref_axis',(0.707106781186548,0.,0.707106781186547));
#8723=DIRECTION('',(0.707106781186554,0.,0.707106781186541));
#8724=DIRECTION('center_axis',(0.,0.,-1.));
#8725=DIRECTION('ref_axis',(-1.,1.48673344167195E-12,0.));
#8726=DIRECTION('',(-3.14018491736755E-15,0.707106781186547,0.707106781186548));
#8727=DIRECTION('center_axis',(0.,0.,1.));
#8728=DIRECTION('ref_axis',(-1.,1.48673344167195E-12,0.));
#8729=DIRECTION('center_axis',(-3.20996680442014E-13,-0.707106781186548,
0.707106781186547));
#8730=DIRECTION('ref_axis',(1.,0.,4.53957858957839E-13));
#8731=DIRECTION('',(3.2029886157149E-13,0.707106781186547,0.707106781186548));
#8732=DIRECTION('',(1.,-4.53957858957839E-13,0.));
#8733=DIRECTION('center_axis',(0.,0.,1.));
#8734=DIRECTION('ref_axis',(1.,0.,0.));
#8735=DIRECTION('',(-3.14018491736757E-15,-0.707106781186542,0.707106781186553));
#8736=DIRECTION('center_axis',(0.,0.,-1.));
#8737=DIRECTION('ref_axis',(1.,0.,0.));
#8738=DIRECTION('center_axis',(-3.19252133265699E-13,0.707106781186548,
0.707106781186547));
#8739=DIRECTION('ref_axis',(1.,0.,4.51490696680895E-13));
#8740=DIRECTION('',(-1.,-4.51490696680894E-13,0.));
#8741=DIRECTION('center_axis',(-4.51490696680894E-13,1.,0.));
#8742=DIRECTION('ref_axis',(1.,4.51490696680894E-13,0.));
#8743=DIRECTION('',(0.,0.,-1.));
#8744=DIRECTION('',(-1.,-4.51490696680894E-13,0.));
#8745=DIRECTION('center_axis',(0.,0.,-1.));
#8746=DIRECTION('ref_axis',(1.,0.,0.));
#8747=DIRECTION('',(0.,0.,-1.));
#8748=DIRECTION('center_axis',(0.,0.,-1.));
#8749=DIRECTION('ref_axis',(1.,0.,0.));
#8750=DIRECTION('center_axis',(-4.53957858957839E-13,-1.,0.));
#8751=DIRECTION('ref_axis',(-1.,4.53957858957839E-13,0.));
#8752=DIRECTION('',(0.,0.,-1.));
#8753=DIRECTION('',(1.,-4.53957858957839E-13,0.));
#8754=DIRECTION('center_axis',(0.,0.,-1.));
#8755=DIRECTION('ref_axis',(-1.,1.48673344167195E-12,0.));
#8756=DIRECTION('center_axis',(0.,0.,1.));
#8757=DIRECTION('ref_axis',(-1.,1.48673344167195E-12,0.));
#8758=DIRECTION('center_axis',(0.,-1.,0.));
#8759=DIRECTION('ref_axis',(-1.,0.,0.));
#8760=DIRECTION('',(0.,0.,-1.));
#8761=DIRECTION('',(1.,0.,0.));
#8762=DIRECTION('center_axis',(0.,0.,-1.));
#8763=DIRECTION('ref_axis',(-3.86164530304404E-15,-1.,0.));
#8764=DIRECTION('',(0.,0.,-1.));
#8765=DIRECTION('center_axis',(0.,0.,1.));
#8766=DIRECTION('ref_axis',(-3.86164530304404E-15,-1.,0.));
#8767=DIRECTION('',(0.,0.,-1.));
#8768=DIRECTION('center_axis',(4.54883044811693E-13,-1.,0.));
#8769=DIRECTION('ref_axis',(-1.,-4.54883044811693E-13,0.));
#8770=DIRECTION('',(0.,0.,-1.));
#8771=DIRECTION('',(1.,4.54883044811693E-13,0.));
#8772=DIRECTION('center_axis',(0.,0.,-1.));
#8773=DIRECTION('ref_axis',(-1.,-1.89882151931499E-15,0.));
#8774=DIRECTION('',(0.,0.,-1.));
#8775=DIRECTION('center_axis',(0.,0.,-1.));
#8776=DIRECTION('ref_axis',(1.,0.,0.));
#8777=DIRECTION('center_axis',(4.51182301396276E-13,1.,0.));
#8778=DIRECTION('ref_axis',(1.,-4.51182301396276E-13,0.));
#8779=DIRECTION('',(0.,0.,-1.));
#8780=DIRECTION('',(-1.,4.51182301396276E-13,0.));
#8781=DIRECTION('center_axis',(0.,0.,-1.));
#8782=DIRECTION('ref_axis',(1.,-1.48383720769467E-12,0.));
#8783=DIRECTION('',(0.,0.,-1.));
#8784=DIRECTION('center_axis',(0.,0.,1.));
#8785=DIRECTION('ref_axis',(1.,-1.48383720769467E-12,0.));
#8786=DIRECTION('center_axis',(1.,-9.82498251880669E-17,0.));
#8787=DIRECTION('ref_axis',(-9.82498251880669E-17,-1.,0.));
#8788=DIRECTION('',(9.82498251880669E-17,1.,0.));
#8789=DIRECTION('',(0.,0.,-1.));
#8790=DIRECTION('',(9.82498251880669E-17,1.,0.));
#8791=DIRECTION('center_axis',(-8.84639860259089E-17,1.,0.));
#8792=DIRECTION('ref_axis',(1.,8.84639860259089E-17,0.));
#8793=DIRECTION('',(-1.,-8.84639860259089E-17,0.));
#8794=DIRECTION('center_axis',(0.,0.,-1.));
#8795=DIRECTION('ref_axis',(-0.707106781186547,0.707106781186547,0.));
#8796=DIRECTION('center_axis',(0.,0.,1.));
#8797=DIRECTION('ref_axis',(-0.707106781186547,0.707106781186547,0.));
#8798=DIRECTION('',(0.,0.,1.));
#8799=DIRECTION('',(0.,0.,-1.));
#8800=DIRECTION('center_axis',(-1.,0.,0.));
#8801=DIRECTION('ref_axis',(0.,1.,0.));
#8802=DIRECTION('',(0.,1.,0.));
#8803=DIRECTION('',(0.,0.,-1.));
#8804=DIRECTION('center_axis',(0.,0.,-1.));
#8805=DIRECTION('ref_axis',(-0.707106781186547,-0.707106781186547,0.));
#8806=DIRECTION('center_axis',(0.,0.,1.));
#8807=DIRECTION('ref_axis',(-0.707106781186547,-0.707106781186547,0.));
#8808=DIRECTION('center_axis',(0.,0.,-1.));
#8809=DIRECTION('ref_axis',(0.707106781186547,-0.707106781186547,0.));
#8810=DIRECTION('center_axis',(0.,0.,1.));
#8811=DIRECTION('ref_axis',(0.707106781186547,-0.707106781186547,0.));
#8812=DIRECTION('center_axis',(0.,0.,-1.));
#8813=DIRECTION('ref_axis',(0.707106781186547,0.707106781186547,0.));
#8814=DIRECTION('center_axis',(0.,0.,1.));
#8815=DIRECTION('ref_axis',(0.707106781186547,0.707106781186547,0.));
#8816=DIRECTION('',(0.,0.,1.));
#8817=DIRECTION('center_axis',(-1.,0.,0.));
#8818=DIRECTION('ref_axis',(0.,0.,1.));
#8819=DIRECTION('',(0.,-1.,0.));
#8820=DIRECTION('',(0.,-3.70074341541719E-16,-1.));
#8821=DIRECTION('',(0.,1.,0.));
#8822=DIRECTION('',(0.,0.,1.));
#8823=DIRECTION('center_axis',(0.,0.,-1.));
#8824=DIRECTION('ref_axis',(0.,-1.,0.));
#8825=DIRECTION('',(-1.,0.,0.));
#8826=DIRECTION('',(-1.,0.,0.));
#8827=DIRECTION('center_axis',(0.,1.,0.));
#8828=DIRECTION('ref_axis',(0.,0.,-1.));
#8829=DIRECTION('',(-1.,0.,0.));
#8830=DIRECTION('center_axis',(0.,0.,1.));
#8831=DIRECTION('ref_axis',(0.,1.,0.));
#8832=DIRECTION('',(-1.,0.,0.));
#8833=DIRECTION('center_axis',(0.,-1.,3.70074341541719E-16));
#8834=DIRECTION('ref_axis',(0.,3.70074341541719E-16,1.));
#8835=DIRECTION('center_axis',(0.,1.,0.));
#8836=DIRECTION('ref_axis',(0.,0.,-1.));
#8837=DIRECTION('center_axis',(0.,0.,1.));
#8838=DIRECTION('ref_axis',(1.,0.,0.));
#8839=DIRECTION('center_axis',(0.,0.,-1.));
#8840=DIRECTION('ref_axis',(1.,0.,0.));
#8841=DIRECTION('center_axis',(0.,0.,1.));
#8842=DIRECTION('ref_axis',(1.,0.,0.));
#8843=DIRECTION('center_axis',(0.,0.,-1.));
#8844=DIRECTION('ref_axis',(1.,0.,0.));
#8845=DIRECTION('center_axis',(0.,0.,-1.));
#8846=DIRECTION('ref_axis',(1.,0.,0.));
#8847=DIRECTION('',(0.,0.,1.));
#8848=DIRECTION('center_axis',(0.,0.,-1.));
#8849=DIRECTION('ref_axis',(1.,0.,0.));
#8850=DIRECTION('center_axis',(0.,0.,1.));
#8851=DIRECTION('ref_axis',(1.,0.,0.));
#8852=DIRECTION('center_axis',(0.,0.,-1.));
#8853=DIRECTION('ref_axis',(1.,0.,0.));
#8854=DIRECTION('',(0.,0.,1.));
#8855=DIRECTION('center_axis',(0.,0.,-1.));
#8856=DIRECTION('ref_axis',(1.,0.,0.));
#8857=DIRECTION('center_axis',(0.,0.,1.));
#8858=DIRECTION('ref_axis',(1.,0.,0.));
#8859=DIRECTION('center_axis',(0.,0.,1.));
#8860=DIRECTION('ref_axis',(1.,0.,0.));
#8861=DIRECTION('center_axis',(0.,1.,0.));
#8862=DIRECTION('ref_axis',(1.,0.,0.));
#8863=DIRECTION('',(1.,0.,0.));
#8864=DIRECTION('center_axis',(0.,0.,1.));
#8865=DIRECTION('ref_axis',(1.,0.,0.));
#8866=CARTESIAN_POINT('',(0.,0.,0.));
#8867=CARTESIAN_POINT('Origin',(-30.275,19.35,-2.25));
#8868=CARTESIAN_POINT('',(-31.05,19.1,-2.));
#8869=CARTESIAN_POINT('',(-30.35,19.1,-2.));
#8870=CARTESIAN_POINT('',(-30.275,19.1,-2.));
#8871=CARTESIAN_POINT('',(-29.85,19.6,-2.5));
#8872=CARTESIAN_POINT('',(-30.35,19.1,-2.));
#8873=CARTESIAN_POINT('',(-31.55,19.6,-2.5));
#8874=CARTESIAN_POINT('',(-30.275,19.6,-2.5));
#8875=CARTESIAN_POINT('',(-31.05,19.1,-2.));
#8876=CARTESIAN_POINT('Origin',(-30.1,12.1,-2.25));
#8877=CARTESIAN_POINT('',(-30.35,10.1,-2.));
#8878=CARTESIAN_POINT('',(-30.35,12.1,-2.));
#8879=CARTESIAN_POINT('',(-29.85,9.6,-2.5));
#8880=CARTESIAN_POINT('',(-30.35,10.1,-2.));
#8881=CARTESIAN_POINT('',(-29.85,12.1,-2.5));
#8882=CARTESIAN_POINT('Origin',(-31.125,9.85,-2.25));
#8883=CARTESIAN_POINT('',(-31.05,10.1,-2.));
#8884=CARTESIAN_POINT('',(-31.125,10.1,-2.));
#8885=CARTESIAN_POINT('',(-31.55,9.6,-2.5));
#8886=CARTESIAN_POINT('',(-31.05,10.1,-2.));
#8887=CARTESIAN_POINT('',(-31.125,9.6,-2.5));
#8888=CARTESIAN_POINT('Origin',(-31.3,17.1,-2.25));
#8889=CARTESIAN_POINT('',(-31.55,17.1,-2.5));
#8890=CARTESIAN_POINT('',(-31.05,17.1,-2.));
#8891=CARTESIAN_POINT('Origin',(-31.55,19.6,-4.));
#8892=CARTESIAN_POINT('',(-31.55,19.6,-4.));
#8893=CARTESIAN_POINT('',(-31.55,19.6,-4.));
#8894=CARTESIAN_POINT('',(-31.55,9.6,-4.));
#8895=CARTESIAN_POINT('',(-31.55,17.1,-4.));
#8896=CARTESIAN_POINT('',(-31.55,9.6,-4.));
#8897=CARTESIAN_POINT('Origin',(-29.85,19.6,-4.));
#8898=CARTESIAN_POINT('',(-29.85,19.6,-4.));
#8899=CARTESIAN_POINT('',(-29.85,19.6,-4.));
#8900=CARTESIAN_POINT('',(-32.2,19.6,-4.));
#8901=CARTESIAN_POINT('Origin',(-30.7,14.6,-2.));
#8902=CARTESIAN_POINT('Origin',(-30.1,-17.1,-2.25));
#8903=CARTESIAN_POINT('',(-30.35,-10.1,-2.));
#8904=CARTESIAN_POINT('',(-30.35,-19.1,-2.));
#8905=CARTESIAN_POINT('',(-30.35,-17.1,-2.));
#8906=CARTESIAN_POINT('',(-29.85,-19.6,-2.5));
#8907=CARTESIAN_POINT('',(-30.35,-19.1,-2.));
#8908=CARTESIAN_POINT('',(-29.85,-9.59999999999999,-2.5));
#8909=CARTESIAN_POINT('',(-29.85,-17.1,-2.5));
#8910=CARTESIAN_POINT('',(-30.35,-10.1,-2.));
#8911=CARTESIAN_POINT('Origin',(-31.125,-19.35,-2.25));
#8912=CARTESIAN_POINT('',(-31.05,-19.1,-2.));
#8913=CARTESIAN_POINT('',(-31.125,-19.1,-2.));
#8914=CARTESIAN_POINT('',(-31.55,-19.6,-2.5));
#8915=CARTESIAN_POINT('',(-31.05,-19.1,-2.));
#8916=CARTESIAN_POINT('',(-31.125,-19.6,-2.5));
#8917=CARTESIAN_POINT('Origin',(-31.3,-12.1,-2.25));
#8918=CARTESIAN_POINT('',(-31.05,-10.1,-2.));
#8919=CARTESIAN_POINT('',(-31.05,-12.1,-2.));
#8920=CARTESIAN_POINT('',(-31.55,-9.59999999999999,-2.5));
#8921=CARTESIAN_POINT('',(-31.05,-10.1,-2.));
#8922=CARTESIAN_POINT('',(-31.55,-12.1,-2.5));
#8923=CARTESIAN_POINT('Origin',(-30.275,-9.85,-2.25));
#8924=CARTESIAN_POINT('',(-30.275,-9.59999999999999,-2.5));
#8925=CARTESIAN_POINT('',(-30.275,-10.1,-2.));
#8926=CARTESIAN_POINT('Origin',(-29.85,-9.59999999999999,-4.));
#8927=CARTESIAN_POINT('',(-29.85,-9.59999999999999,-4.));
#8928=CARTESIAN_POINT('',(-29.85,-9.59999999999999,-4.));
#8929=CARTESIAN_POINT('',(-31.55,-9.59999999999999,-4.));
#8930=CARTESIAN_POINT('',(-29.2,-9.59999999999999,-4.));
#8931=CARTESIAN_POINT('',(-31.55,-9.59999999999999,-4.));
#8932=CARTESIAN_POINT('Origin',(-29.85,-19.6,-4.));
#8933=CARTESIAN_POINT('',(-29.85,-19.6,-4.));
#8934=CARTESIAN_POINT('',(-29.85,-19.6,-4.));
#8935=CARTESIAN_POINT('',(-29.85,-17.1,-4.));
#8936=CARTESIAN_POINT('Origin',(-30.7,-14.6,-2.));
#8937=CARTESIAN_POINT('Origin',(31.125,19.35,-2.25));
#8938=CARTESIAN_POINT('',(30.35,19.1,-2.));
#8939=CARTESIAN_POINT('',(31.05,19.1,-2.));
#8940=CARTESIAN_POINT('',(31.125,19.1,-2.));
#8941=CARTESIAN_POINT('',(31.55,19.6,-2.5));
#8942=CARTESIAN_POINT('',(31.05,19.1,-2.));
#8943=CARTESIAN_POINT('',(29.85,19.6,-2.5));
#8944=CARTESIAN_POINT('',(31.125,19.6,-2.5));
#8945=CARTESIAN_POINT('',(30.35,19.1,-2.));
#8946=CARTESIAN_POINT('Origin',(31.3,12.1,-2.25));
#8947=CARTESIAN_POINT('',(31.05,10.1,-2.));
#8948=CARTESIAN_POINT('',(31.05,12.1,-2.));
#8949=CARTESIAN_POINT('',(31.55,9.6,-2.5));
#8950=CARTESIAN_POINT('',(31.05,10.1,-2.));
#8951=CARTESIAN_POINT('',(31.55,12.1,-2.5));
#8952=CARTESIAN_POINT('Origin',(30.275,9.85,-2.25));
#8953=CARTESIAN_POINT('',(30.35,10.1,-2.));
#8954=CARTESIAN_POINT('',(30.275,10.1,-2.));
#8955=CARTESIAN_POINT('',(29.85,9.6,-2.5));
#8956=CARTESIAN_POINT('',(30.35,10.1,-2.));
#8957=CARTESIAN_POINT('',(30.275,9.6,-2.5));
#8958=CARTESIAN_POINT('Origin',(30.1,17.1,-2.25));
#8959=CARTESIAN_POINT('',(29.85,17.1,-2.5));
#8960=CARTESIAN_POINT('',(30.35,17.1,-2.));
#8961=CARTESIAN_POINT('Origin',(29.85,19.6,-4.));
#8962=CARTESIAN_POINT('',(29.85,19.6,-4.));
#8963=CARTESIAN_POINT('',(29.85,19.6,-4.));
#8964=CARTESIAN_POINT('',(29.85,9.6,-4.));
#8965=CARTESIAN_POINT('',(29.85,17.1,-4.));
#8966=CARTESIAN_POINT('',(29.85,9.6,-4.));
#8967=CARTESIAN_POINT('Origin',(31.55,19.6,-4.));
#8968=CARTESIAN_POINT('',(31.55,19.6,-4.));
#8969=CARTESIAN_POINT('',(31.55,19.6,-4.));
#8970=CARTESIAN_POINT('',(32.2,19.6,-4.));
#8971=CARTESIAN_POINT('Origin',(30.7,14.6,-2.));
#8972=CARTESIAN_POINT('Origin',(31.125,-16.8999997004867,-2.25));
#8973=CARTESIAN_POINT('',(30.35,-17.1499997004867,-2.));
#8974=CARTESIAN_POINT('',(31.05,-17.1499997004867,-2.));
#8975=CARTESIAN_POINT('',(31.125,-17.1499997004867,-2.));
#8976=CARTESIAN_POINT('',(31.55,-16.6499997004867,-2.5));
#8977=CARTESIAN_POINT('',(31.05,-17.1499997004867,-2.));
#8978=CARTESIAN_POINT('',(29.85,-16.6499997004867,-2.5));
#8979=CARTESIAN_POINT('',(31.125,-16.6499997004867,-2.5));
#8980=CARTESIAN_POINT('',(30.35,-17.1499997004867,-2.));
#8981=CARTESIAN_POINT('Origin',(31.3,-18.8624999251217,-2.25));
#8982=CARTESIAN_POINT('',(31.05,-19.1,-2.));
#8983=CARTESIAN_POINT('',(31.05,-18.8624999251217,-2.));
#8984=CARTESIAN_POINT('',(31.55,-19.6,-2.5));
#8985=CARTESIAN_POINT('',(31.05,-19.1,-2.));
#8986=CARTESIAN_POINT('',(31.55,-18.8624999251217,-2.5));
#8987=CARTESIAN_POINT('Origin',(30.275,-19.35,-2.25));
#8988=CARTESIAN_POINT('',(30.35,-19.1,-2.));
#8989=CARTESIAN_POINT('',(30.275,-19.1,-2.));
#8990=CARTESIAN_POINT('',(29.85,-19.6,-2.5));
#8991=CARTESIAN_POINT('',(30.35,-19.1,-2.));
#8992=CARTESIAN_POINT('',(30.275,-19.6,-2.5));
#8993=CARTESIAN_POINT('Origin',(30.1,-17.387499775365,-2.25));
#8994=CARTESIAN_POINT('',(29.85,-17.387499775365,-2.5));
#8995=CARTESIAN_POINT('',(30.35,-17.387499775365,-2.));
#8996=CARTESIAN_POINT('Origin',(29.85,-16.6499997004867,-4.));
#8997=CARTESIAN_POINT('',(29.85,-16.6499997004867,-4.));
#8998=CARTESIAN_POINT('',(29.85,-16.6499997004867,-4.));
#8999=CARTESIAN_POINT('',(29.85,-19.6,-4.));
#9000=CARTESIAN_POINT('',(29.85,-17.387499775365,-4.));
#9001=CARTESIAN_POINT('',(29.85,-19.6,-4.));
#9002=CARTESIAN_POINT('Origin',(31.55,-16.6499997004867,-4.));
#9003=CARTESIAN_POINT('',(31.55,-16.6499997004867,-4.));
#9004=CARTESIAN_POINT('',(31.55,-16.6499997004867,-4.));
#9005=CARTESIAN_POINT('',(32.2,-16.6499997004867,-4.));
#9006=CARTESIAN_POINT('Origin',(30.7,-18.1249998502433,-2.));
#9007=CARTESIAN_POINT('Origin',(25.6,-18.8999997004867,-2.75));
#9008=CARTESIAN_POINT('',(25.6,-18.3999997004867,-11.4999970299046));
#9009=CARTESIAN_POINT('',(25.1,-18.8999997004867,-11.4999970299046));
#9010=CARTESIAN_POINT('Origin',(25.6,-18.8999997004867,-11.4999970299046));
#9011=CARTESIAN_POINT('',(25.1,-18.8999997004867,-4.5));
#9012=CARTESIAN_POINT('',(25.1,-18.8999997004867,-2.75));
#9013=CARTESIAN_POINT('',(25.6,-18.3999997004867,-5.36602540378444));
#9014=CARTESIAN_POINT('Ctrl Pts',(25.6,-18.3999997004867,-5.36602540378444));
#9015=CARTESIAN_POINT('Ctrl Pts',(25.5345563753959,-18.3999997004867,-5.32824150950251));
#9016=CARTESIAN_POINT('Ctrl Pts',(25.4697549789331,-18.4134187975647,-5.28029342306493));
#9017=CARTESIAN_POINT('Ctrl Pts',(25.3565372814097,-18.4590340949681,-5.17329766317836));
#9018=CARTESIAN_POINT('Ctrl Pts',(25.308000677999,-18.4910067992428,-5.11428215811392));
#9019=CARTESIAN_POINT('Ctrl Pts',(25.2145745500853,-18.5730237864562,-4.97532872457473));
#9020=CARTESIAN_POINT('Ctrl Pts',(25.1701836010215,-18.6346649008364,-4.88146130404133));
#9021=CARTESIAN_POINT('Ctrl Pts',(25.1129256489405,-18.7661962377575,-4.68909093056915));
#9022=CARTESIAN_POINT('Ctrl Pts',(25.1,-18.8359823185873,-4.59053424970975));
#9023=CARTESIAN_POINT('Ctrl Pts',(25.1,-18.8999997004867,-4.5));
#9024=CARTESIAN_POINT('',(25.6,-18.3999997004867,-2.75));
#9025=CARTESIAN_POINT('Origin',(25.6,-17.3999997004867,-11.4999970299046));
#9026=CARTESIAN_POINT('',(25.6,-17.4000000964994,-12.4999970299045));
#9027=CARTESIAN_POINT('',(25.1,-17.4000002945057,-12.9999970299045));
#9028=CARTESIAN_POINT('Origin',(25.6,-17.4000002945057,-12.9999970299045));
#9029=CARTESIAN_POINT('Origin',(25.1,-17.3999997004867,-11.4999970299046));
#9030=CARTESIAN_POINT('Origin',(25.6,-17.3999997004867,-11.4999970299046));
#9031=CARTESIAN_POINT('Origin',(25.6,-9.90000000000422,-9.));
#9032=CARTESIAN_POINT('',(25.1,-9.90000000000423,-13.));
#9033=CARTESIAN_POINT('',(25.6,-9.90000000000423,-12.5));
#9034=CARTESIAN_POINT('Origin',(25.6,-9.90000000000423,-13.));
#9035=CARTESIAN_POINT('',(25.6,-6.83750000000422,-10.6944302139657));
#9036=CARTESIAN_POINT('Origin',(25.6,-9.90000000000422,-9.));
#9037=CARTESIAN_POINT('',(25.1,-6.40000000000422,-10.9364916731037));
#9038=CARTESIAN_POINT('Origin',(25.6,-6.40000000000422,-10.9364916731037));
#9039=CARTESIAN_POINT('Origin',(25.1,-9.90000000000422,-9.));
#9040=CARTESIAN_POINT('Origin',(25.6,-18.0000025233282,-12.999996792296));
#9041=CARTESIAN_POINT('',(25.1,-18.0000025233282,-12.999996792296));
#9042=CARTESIAN_POINT('',(25.6,-18.0000023253218,-12.499996792296));
#9043=CARTESIAN_POINT('Origin',(25.6708383534199,-5.90000000000422,0.));
#9044=CARTESIAN_POINT('',(25.6708383534199,-6.40000000000422,-0.429161646580043));
#9045=CARTESIAN_POINT('',(25.1905156738144,-5.76111111111628,-1.));
#9046=CARTESIAN_POINT('Ctrl Pts',(25.6708383534209,-6.40000000000422,-0.429161646579057));
#9047=CARTESIAN_POINT('Ctrl Pts',(25.6010289044035,-6.40000000000436,-0.498971095596506));
#9048=CARTESIAN_POINT('Ctrl Pts',(25.5254938781045,-6.38468876019776,-0.57429976373806));
#9049=CARTESIAN_POINT('Ctrl Pts',(25.3851451342026,-6.31764516131228,-0.716287281358704));
#9050=CARTESIAN_POINT('Ctrl Pts',(25.32040649108,-6.26593234349757,-0.783029542971373));
#9051=CARTESIAN_POINT('Ctrl Pts',(25.228478720958,-6.14365697861313,-0.885967194298739));
#9052=CARTESIAN_POINT('Ctrl Pts',(25.190590317695,-6.06103042759869,-0.9339631300308));
#9053=CARTESIAN_POINT('Ctrl Pts',(25.1719646587843,-5.94765245583506,-0.973268162580265));
#9054=CARTESIAN_POINT('Ctrl Pts',(25.1694863980694,-5.9099058953916,-0.98341322718077));
#9055=CARTESIAN_POINT('Ctrl Pts',(25.1737750197912,-5.83381879269108,-0.996787240495236));
#9056=CARTESIAN_POINT('Ctrl Pts',(25.180578385598,-5.7954774664261,-1.));
#9057=CARTESIAN_POINT('Ctrl Pts',(25.1905156738144,-5.76111111111628,-1.));
#9058=CARTESIAN_POINT('',(25.1905156738144,-5.76111111111628,-9.));
#9059=CARTESIAN_POINT('',(25.1905156738144,-5.76111111111628,0.));
#9060=CARTESIAN_POINT('',(25.6708383534199,-6.40000000000422,-9.));
#9061=CARTESIAN_POINT('Origin',(25.6708383534199,-5.90000000000422,-9.));
#9062=CARTESIAN_POINT('',(25.6708383534199,-6.40000000000422,0.));
#9063=CARTESIAN_POINT('Ctrl Pts',(25.6,-6.83750000000414,-10.6944302139656));
#9064=CARTESIAN_POINT('Ctrl Pts',(25.5999999999997,-6.69467650916859,-10.4362921466207));
#9065=CARTESIAN_POINT('Ctrl Pts',(25.6424938321523,-6.47505347639111,-9.88461552379304));
#9066=CARTESIAN_POINT('Ctrl Pts',(25.6708383534199,-6.40000000000422,-9.29501493410844));
#9067=CARTESIAN_POINT('Ctrl Pts',(25.6708383534199,-6.40000000000422,-9.));
#9068=CARTESIAN_POINT('Ctrl Pts',(25.5252001749146,-6.83750000000417,-10.6944302139656));
#9069=CARTESIAN_POINT('Ctrl Pts',(25.5214151179239,-6.69310132287543,-10.4334169302224));
#9070=CARTESIAN_POINT('Ctrl Pts',(25.5572749241382,-6.47362540937936,-9.87848375559542));
#9071=CARTESIAN_POINT('Ctrl Pts',(25.5826347153236,-6.40000000000422,-9.29285199341004));
#9072=CARTESIAN_POINT('Ctrl Pts',(25.5826347153236,-6.40000000000422,-9.));
#9073=CARTESIAN_POINT('Ctrl Pts',(25.3758695646602,-6.80756119476725,-10.7109948559784));
#9074=CARTESIAN_POINT('Ctrl Pts',(25.3645605260775,-6.65551087872419,-10.4434190051869));
#9075=CARTESIAN_POINT('Ctrl Pts',(25.3873052044912,-6.42716188059901,-9.87827658391601));
#9076=CARTESIAN_POINT('Ctrl Pts',(25.4067805563017,-6.35217023865721,-9.29259805686459));
#9077=CARTESIAN_POINT('Ctrl Pts',(25.4067805563017,-6.35217023865721,-9.));
#9078=CARTESIAN_POINT('Ctrl Pts',(25.1655704829474,-6.66119998406482,-10.7919740747759));
#9079=CARTESIAN_POINT('Ctrl Pts',(25.1487706098556,-6.483841462306,-10.5117415085467));
#9080=CARTESIAN_POINT('Ctrl Pts',(25.1646080772816,-6.21435516388849,-9.91959100603342));
#9081=CARTESIAN_POINT('Ctrl Pts',(25.1818274407622,-6.1242560612289,-9.30633529899932));
#9082=CARTESIAN_POINT('Ctrl Pts',(25.1818274407622,-6.1242560612289,-9.));
#9083=CARTESIAN_POINT('Ctrl Pts',(25.1000000000002,-6.49817477042962,-10.8821732086932));
#9084=CARTESIAN_POINT('Ctrl Pts',(25.0909744262002,-6.29913169913974,-10.5926825462512));
#9085=CARTESIAN_POINT('Ctrl Pts',(25.1263379707977,-5.99285625422629,-9.97652010217284));
#9086=CARTESIAN_POINT('Ctrl Pts',(25.1537641579411,-5.88820973452051,-9.32552241108416));
#9087=CARTESIAN_POINT('Ctrl Pts',(25.1537641579411,-5.88820973452051,-9.));
#9088=CARTESIAN_POINT('Ctrl Pts',(25.1,-6.40000000000504,-10.9364916731035));
#9089=CARTESIAN_POINT('Ctrl Pts',(25.0999999999996,-6.1914323625944,-10.6414767389951));
#9090=CARTESIAN_POINT('Ctrl Pts',(25.1542976744168,-5.87071301314157,-10.0109891700492));
#9091=CARTESIAN_POINT('Ctrl Pts',(25.1905156738144,-5.76111111111628,-9.33715992469536));
#9092=CARTESIAN_POINT('Ctrl Pts',(25.1905156738144,-5.76111111111628,-9.));
#9093=CARTESIAN_POINT('Ctrl Pts',(25.1905156738144,-5.76111111111628,-9.));
#9094=CARTESIAN_POINT('Ctrl Pts',(25.1905156738144,-5.76111111111628,-9.33715992469536));
#9095=CARTESIAN_POINT('Ctrl Pts',(25.1542976744168,-5.87071301314157,-10.0109891700492));
#9096=CARTESIAN_POINT('Ctrl Pts',(25.0999999999996,-6.1914323625944,-10.6414767389951));
#9097=CARTESIAN_POINT('Ctrl Pts',(25.1,-6.40000000000504,-10.9364916731035));
#9098=CARTESIAN_POINT('Ctrl Pts',(25.6,-6.83750000000414,-10.6944302139656));
#9099=CARTESIAN_POINT('Ctrl Pts',(25.5999999999997,-6.69467650916859,-10.4362921466207));
#9100=CARTESIAN_POINT('Ctrl Pts',(25.6424938321523,-6.47505347639111,-9.88461552379304));
#9101=CARTESIAN_POINT('Ctrl Pts',(25.6708383534199,-6.40000000000422,-9.29501493410844));
#9102=CARTESIAN_POINT('Ctrl Pts',(25.6708383534199,-6.40000000000422,-9.));
#9103=CARTESIAN_POINT('Origin',(25.1,-22.6,0.));
#9104=CARTESIAN_POINT('',(25.1,-14.3999997004867,-4.5));
#9105=CARTESIAN_POINT('',(25.1,-16.2500000000021,-4.5));
#9106=CARTESIAN_POINT('',(25.1,-6.40000000000422,-11.));
#9107=CARTESIAN_POINT('',(25.1,-6.40000000000422,0.));
#9108=CARTESIAN_POINT('',(25.1,6.40000000000422,-11.));
#9109=CARTESIAN_POINT('',(25.1,22.6,-11.));
#9110=CARTESIAN_POINT('',(25.1,6.40000000000422,-1.));
#9111=CARTESIAN_POINT('',(25.1,6.40000000000422,0.));
#9112=CARTESIAN_POINT('',(25.1,22.6,-1.));
#9113=CARTESIAN_POINT('',(25.1,-11.3,-1.));
#9114=CARTESIAN_POINT('',(25.1,22.6,-22.));
#9115=CARTESIAN_POINT('',(25.1,22.6,0.));
#9116=CARTESIAN_POINT('',(25.1,19.6,-22.));
#9117=CARTESIAN_POINT('',(25.1,22.6,-22.));
#9118=CARTESIAN_POINT('',(25.1,19.6,-16.5));
#9119=CARTESIAN_POINT('',(25.1,19.6,-8.25));
#9120=CARTESIAN_POINT('',(25.1,15.6,-16.5));
#9121=CARTESIAN_POINT('',(25.1,-3.5,-16.5));
#9122=CARTESIAN_POINT('',(25.1,15.6,-22.));
#9123=CARTESIAN_POINT('',(25.1,15.6,-11.25));
#9124=CARTESIAN_POINT('',(25.1,-22.6,-22.));
#9125=CARTESIAN_POINT('',(25.1,22.6,-22.));
#9126=CARTESIAN_POINT('',(25.1,-22.6,-1.));
#9127=CARTESIAN_POINT('',(25.1,-22.6,0.));
#9128=CARTESIAN_POINT('',(25.1,-14.3999997004867,-1.));
#9129=CARTESIAN_POINT('',(25.1,-11.3,-1.));
#9130=CARTESIAN_POINT('',(25.1,-14.3999997004867,-4.5));
#9131=CARTESIAN_POINT('Origin',(27.4,-6.40000000000081,0.));
#9132=CARTESIAN_POINT('',(27.4,-4.10000000000082,-1.));
#9133=CARTESIAN_POINT('Origin',(27.4,-6.40000000000081,-1.));
#9134=CARTESIAN_POINT('',(27.4,-4.10000000000082,-11.));
#9135=CARTESIAN_POINT('',(27.4,-4.10000000000082,0.));
#9136=CARTESIAN_POINT('Origin',(27.4,-6.40000000000081,-11.));
#9137=CARTESIAN_POINT('Origin',(27.4,-6.40000000000081,-0.5));
#9138=CARTESIAN_POINT('',(26.1,-6.40000000000422,0.));
#9139=CARTESIAN_POINT('',(25.6,-6.40000000000422,-0.5));
#9140=CARTESIAN_POINT('',(27.4000000000004,-5.10000000000082,0.));
#9141=CARTESIAN_POINT('Origin',(27.4,-6.40000000000081,0.));
#9142=CARTESIAN_POINT('',(27.4,-4.10000000000082,-1.));
#9143=CARTESIAN_POINT('Origin',(34.8,-5.90000000000422,0.));
#9144=CARTESIAN_POINT('',(35.3,-5.90000000000423,0.));
#9145=CARTESIAN_POINT('',(34.8,-6.40000000000422,0.));
#9146=CARTESIAN_POINT('Origin',(34.8,-5.90000000000422,0.));
#9147=CARTESIAN_POINT('',(34.8,-6.40000000000422,-9.));
#9148=CARTESIAN_POINT('',(34.8,-6.40000000000422,0.));
#9149=CARTESIAN_POINT('',(35.3,-5.90000000000422,-9.));
#9150=CARTESIAN_POINT('Origin',(34.8,-5.90000000000422,-9.));
#9151=CARTESIAN_POINT('',(35.3,-5.90000000000422,0.));
#9152=CARTESIAN_POINT('Origin',(34.8,-9.90000000000422,-9.));
#9153=CARTESIAN_POINT('',(34.8,-13.3999997004867,-9.));
#9154=CARTESIAN_POINT('',(35.3,-13.9000000000042,-9.));
#9155=CARTESIAN_POINT('Origin',(34.8,-13.9000000000042,-9.));
#9156=CARTESIAN_POINT('Origin',(35.3,-9.90000000000422,-9.));
#9157=CARTESIAN_POINT('Origin',(34.8,-9.90000000000422,-9.));
#9158=CARTESIAN_POINT('Origin',(34.8,-13.8999997004867,-4.5));
#9159=CARTESIAN_POINT('',(34.8,-13.3999997004867,0.));
#9160=CARTESIAN_POINT('',(35.3,-13.8999997004867,0.));
#9161=CARTESIAN_POINT('Origin',(34.8,-13.8999997004867,0.));
#9162=CARTESIAN_POINT('',(35.3,-13.8999997004867,-4.5));
#9163=CARTESIAN_POINT('',(34.8,-13.3999997004867,-4.5));
#9164=CARTESIAN_POINT('Origin',(35.3,27.6,0.));
#9165=CARTESIAN_POINT('',(35.3,-22.6,0.));
#9166=CARTESIAN_POINT('',(35.3,27.6,0.));
#9167=CARTESIAN_POINT('',(35.3,-22.6,-24.5));
#9168=CARTESIAN_POINT('',(35.3,-22.6,0.));
#9169=CARTESIAN_POINT('',(35.3,22.6,-24.5));
#9170=CARTESIAN_POINT('',(35.3,27.6,-24.5));
#9171=CARTESIAN_POINT('',(35.3,22.6,0.));
#9172=CARTESIAN_POINT('',(35.3,22.6,0.));
#9173=CARTESIAN_POINT('',(35.3,27.6,0.));
#9174=CARTESIAN_POINT('',(35.3,19.6,-22.5));
#9175=CARTESIAN_POINT('',(35.3,15.6,-22.5));
#9176=CARTESIAN_POINT('',(35.3,23.6,-22.5));
#9177=CARTESIAN_POINT('',(35.3,15.6,-16.5));
#9178=CARTESIAN_POINT('',(35.3,15.6,-11.25));
#9179=CARTESIAN_POINT('',(35.3,19.6,-16.5));
#9180=CARTESIAN_POINT('',(35.3,21.6,-16.5));
#9181=CARTESIAN_POINT('',(35.3,19.6,-8.25));
#9182=CARTESIAN_POINT('Origin',(-14.6,8.174568748284,-0.238619994508757));
#9183=CARTESIAN_POINT('',(-33.95,7.85,0.));
#9184=CARTESIAN_POINT('',(-27.45,7.85000000000001,0.));
#9185=CARTESIAN_POINT('',(-14.6,7.85000000000001,0.));
#9186=CARTESIAN_POINT('',(-28.099137496568,8.49913749656798,-0.477239989017517));
#9187=CARTESIAN_POINT('',(-27.45,7.85000000000001,0.));
#9188=CARTESIAN_POINT('',(-33.300862503432,8.49913749656798,-0.477239989017513));
#9189=CARTESIAN_POINT('',(-14.6,8.49913749656799,-0.477239989017515));
#9190=CARTESIAN_POINT('',(-33.300862503432,8.49913749656798,-0.477239989017513));
#9191=CARTESIAN_POINT('Origin',(-27.774568748284,9.8,-0.238619994508759));
#9192=CARTESIAN_POINT('',(-28.099137496568,20.700862503432,-0.477239989017518));
#9193=CARTESIAN_POINT('',(-28.099137496568,9.8,-0.477239989017518));
#9194=CARTESIAN_POINT('',(-27.45,21.35,0.));
#9195=CARTESIAN_POINT('',(-27.45,9.8,0.));
#9196=CARTESIAN_POINT('',(-28.099137496568,20.700862503432,-0.477239989017516));
#9197=CARTESIAN_POINT('Origin',(-33.625431251716,4.80000000000002,-0.238619994508757));
#9198=CARTESIAN_POINT('',(-33.95,21.35,0.));
#9199=CARTESIAN_POINT('',(-33.95,4.80000000000002,0.));
#9200=CARTESIAN_POINT('',(-33.300862503432,20.700862503432,-0.477239989017516));
#9201=CARTESIAN_POINT('',(-33.300862503432,4.80000000000002,-0.477239989017513));
#9202=CARTESIAN_POINT('',(-33.300862503432,20.700862503432,-0.477239989017512));
#9203=CARTESIAN_POINT('Origin',(-16.1,21.025431251716,-0.238619994508758));
#9204=CARTESIAN_POINT('',(-16.1,21.35,0.));
#9205=CARTESIAN_POINT('',(-16.1,20.700862503432,-0.477239989017516));
#9206=CARTESIAN_POINT('Origin',(-32.2,9.60000000000001,-4.));
#9207=CARTESIAN_POINT('',(-32.2,9.60000000000001,-4.));
#9208=CARTESIAN_POINT('',(-32.2,9.60000000000001,-4.));
#9209=CARTESIAN_POINT('',(-32.2,19.6,-4.));
#9210=CARTESIAN_POINT('',(-32.2,9.60000000000001,-4.));
#9211=CARTESIAN_POINT('',(-32.2,19.6,-4.));
#9212=CARTESIAN_POINT('Origin',(-29.2,9.60000000000001,-4.));
#9213=CARTESIAN_POINT('',(-29.2,9.60000000000001,-4.));
#9214=CARTESIAN_POINT('',(-29.2,9.60000000000001,-4.));
#9215=CARTESIAN_POINT('',(-29.85,9.6,-4.));
#9216=CARTESIAN_POINT('',(-29.2,9.60000000000001,-4.));
#9217=CARTESIAN_POINT('',(-29.2,9.60000000000001,-4.));
#9218=CARTESIAN_POINT('',(-29.2,9.60000000000001,-4.));
#9219=CARTESIAN_POINT('Origin',(8.88178419700125E-15,0.,0.));
#9220=CARTESIAN_POINT('',(30.3,27.6,0.));
#9221=CARTESIAN_POINT('Origin',(30.3,22.6,0.));
#9222=CARTESIAN_POINT('',(-30.3,27.6,0.));
#9223=CARTESIAN_POINT('',(-35.3,27.6,0.));
#9224=CARTESIAN_POINT('',(-35.3,22.6,0.));
#9225=CARTESIAN_POINT('Origin',(-30.3,22.6,0.));
#9226=CARTESIAN_POINT('',(-35.3,-22.6,0.));
#9227=CARTESIAN_POINT('',(-35.3,-27.6,0.));
#9228=CARTESIAN_POINT('',(-30.3,-27.6,0.));
#9229=CARTESIAN_POINT('Origin',(-30.3,-22.6,0.));
#9230=CARTESIAN_POINT('',(30.3,-27.6,0.));
#9231=CARTESIAN_POINT('',(35.3,-27.6,0.));
#9232=CARTESIAN_POINT('Origin',(30.3,-22.6,0.));
#9233=CARTESIAN_POINT('',(26.1,-13.3999997004867,0.));
#9234=CARTESIAN_POINT('',(17.65,-13.3999997004867,0.));
#9235=CARTESIAN_POINT('',(26.1,-23.6,0.));
#9236=CARTESIAN_POINT('',(26.1,-11.3,0.));
#9237=CARTESIAN_POINT('',(-26.1,-23.6,0.));
#9238=CARTESIAN_POINT('',(-12.55,-23.6,0.));
#9239=CARTESIAN_POINT('',(-26.1,-6.40000000000422,0.));
#9240=CARTESIAN_POINT('',(-26.1,-3.20000000000211,0.));
#9241=CARTESIAN_POINT('',(-27.4,-5.10000000000081,0.));
#9242=CARTESIAN_POINT('Origin',(-27.4,-6.40000000000081,0.));
#9243=CARTESIAN_POINT('',(-29.2000000000004,-5.10000000000001,0.));
#9244=CARTESIAN_POINT('',(-14.6000000000014,-5.1000000000066,0.));
#9245=CARTESIAN_POINT('',(-29.2,5.1,0.));
#9246=CARTESIAN_POINT('Origin',(-29.2,-7.00724705629162E-15,0.));
#9247=CARTESIAN_POINT('',(-27.4000000000004,5.10000000000081,0.));
#9248=CARTESIAN_POINT('',(-13.7000000000014,5.10000000000704,0.));
#9249=CARTESIAN_POINT('',(-26.1,6.40000000000274,0.));
#9250=CARTESIAN_POINT('Origin',(-27.4,6.4000000000008,0.));
#9251=CARTESIAN_POINT('',(-26.1,23.6,0.));
#9252=CARTESIAN_POINT('',(-26.1,-3.20000000000211,0.));
#9253=CARTESIAN_POINT('',(26.1,23.6,0.));
#9254=CARTESIAN_POINT('',(12.55,23.6,0.));
#9255=CARTESIAN_POINT('',(26.1,6.40000000000422,0.));
#9256=CARTESIAN_POINT('',(26.1,-11.3,0.));
#9257=CARTESIAN_POINT('',(27.4,5.10000000000081,0.));
#9258=CARTESIAN_POINT('Origin',(27.4,6.40000000000081,0.));
#9259=CARTESIAN_POINT('',(29.2000000000005,5.09999999999999,0.));
#9260=CARTESIAN_POINT('',(14.6000000000014,5.10000000000662,0.));
#9261=CARTESIAN_POINT('',(29.2,-5.09999999999999,0.));
#9262=CARTESIAN_POINT('Origin',(29.2,1.15012594596104E-14,0.));
#9263=CARTESIAN_POINT('',(13.7000000000014,-5.100000000007,0.));
#9264=CARTESIAN_POINT('',(17.65,-6.40000000000422,0.));
#9265=CARTESIAN_POINT('',(-27.45,-7.85,0.));
#9266=CARTESIAN_POINT('',(-33.95,-7.85,0.));
#9267=CARTESIAN_POINT('',(-14.6,-7.85,0.));
#9268=CARTESIAN_POINT('',(-27.45,-21.35,0.));
#9269=CARTESIAN_POINT('',(-27.45,-9.79999999999999,0.));
#9270=CARTESIAN_POINT('',(-33.95,-21.35,0.));
#9271=CARTESIAN_POINT('',(-16.1,-21.35,0.));
#9272=CARTESIAN_POINT('',(-33.95,-4.79999999999999,0.));
#9273=CARTESIAN_POINT('',(27.45,-15.3999997004867,0.));
#9274=CARTESIAN_POINT('',(33.95,-15.3999997004867,0.));
#9275=CARTESIAN_POINT('',(14.6,-15.3999997004867,3.46944695195361E-17));
#9276=CARTESIAN_POINT('',(33.95,-21.35,0.));
#9277=CARTESIAN_POINT('',(33.95,-8.32499985024333,0.));
#9278=CARTESIAN_POINT('',(27.45,-21.35,0.));
#9279=CARTESIAN_POINT('',(16.1,-21.35,0.));
#9280=CARTESIAN_POINT('',(27.45,-9.8,0.));
#9281=CARTESIAN_POINT('',(27.45,7.85,0.));
#9282=CARTESIAN_POINT('',(33.95,7.85,0.));
#9283=CARTESIAN_POINT('',(14.6,7.85,0.));
#9284=CARTESIAN_POINT('',(27.45,21.35,0.));
#9285=CARTESIAN_POINT('',(27.45,9.80000000000001,0.));
#9286=CARTESIAN_POINT('',(33.95,21.35,0.));
#9287=CARTESIAN_POINT('',(16.1,21.35,0.));
#9288=CARTESIAN_POINT('',(33.95,4.8,0.));
#9289=CARTESIAN_POINT('Origin',(-14.6,-8.17456874828399,-0.238619994508758));
#9290=CARTESIAN_POINT('',(-33.300862503432,-8.49913749656797,-0.477239989017516));
#9291=CARTESIAN_POINT('',(-33.95,-7.85,0.));
#9292=CARTESIAN_POINT('',(-28.099137496568,-8.49913749656797,-0.477239989017514));
#9293=CARTESIAN_POINT('',(-14.6,-8.49913749656797,-0.477239989017516));
#9294=CARTESIAN_POINT('',(-28.099137496568,-8.49913749656797,-0.477239989017514));
#9295=CARTESIAN_POINT('Origin',(-33.625431251716,-4.79999999999999,-0.238619994508759));
#9296=CARTESIAN_POINT('',(-33.300862503432,-20.700862503432,-0.477239989017519));
#9297=CARTESIAN_POINT('',(-33.95,-21.35,0.));
#9298=CARTESIAN_POINT('',(-33.300862503432,-4.79999999999999,-0.477239989017518));
#9299=CARTESIAN_POINT('Origin',(-16.1,-21.025431251716,-0.238619994508759));
#9300=CARTESIAN_POINT('',(-28.099137496568,-20.700862503432,-0.477239989017516));
#9301=CARTESIAN_POINT('',(-27.45,-21.35,0.));
#9302=CARTESIAN_POINT('',(-16.1,-20.700862503432,-0.477239989017517));
#9303=CARTESIAN_POINT('Origin',(-27.774568748284,-9.79999999999999,-0.238619994508757));
#9304=CARTESIAN_POINT('',(-28.099137496568,-9.79999999999999,-0.477239989017514));
#9305=CARTESIAN_POINT('Origin',(-29.2,-19.6,-4.));
#9306=CARTESIAN_POINT('',(-29.2,-9.59999999999999,-4.));
#9307=CARTESIAN_POINT('',(-29.2,-9.59999999999999,-4.));
#9308=CARTESIAN_POINT('',(-29.2,-19.6,-4.));
#9309=CARTESIAN_POINT('',(-29.2,-19.6,-4.));
#9310=CARTESIAN_POINT('',(-29.2,-19.6,-4.));
#9311=CARTESIAN_POINT('Origin',(-29.2,-9.59999999999999,-4.));
#9312=CARTESIAN_POINT('',(-32.2,-9.59999999999999,-4.));
#9313=CARTESIAN_POINT('',(-32.2,-9.59999999999999,-4.));
#9314=CARTESIAN_POINT('',(-29.2,-9.59999999999999,-4.));
#9315=CARTESIAN_POINT('',(-29.2,-9.59999999999999,-4.));
#9316=CARTESIAN_POINT('Origin',(16.1,21.025431251716,-0.238619994508758));
#9317=CARTESIAN_POINT('',(28.099137496568,20.700862503432,-0.477239989017517));
#9318=CARTESIAN_POINT('',(27.45,21.35,0.));
#9319=CARTESIAN_POINT('',(33.300862503432,20.700862503432,-0.477239989017511));
#9320=CARTESIAN_POINT('',(16.1,20.700862503432,-0.477239989017517));
#9321=CARTESIAN_POINT('',(33.95,21.35,0.));
#9322=CARTESIAN_POINT('Origin',(14.6,8.17456874828399,-0.238619994508758));
#9323=CARTESIAN_POINT('',(33.300862503432,8.49913749656798,-0.477239989017516));
#9324=CARTESIAN_POINT('',(33.95,7.85,0.));
#9325=CARTESIAN_POINT('',(28.099137496568,8.49913749656798,-0.477239989017518));
#9326=CARTESIAN_POINT('',(14.6,8.49913749656798,-0.477239989017515));
#9327=CARTESIAN_POINT('',(28.099137496568,8.49913749656798,-0.477239989017516));
#9328=CARTESIAN_POINT('Origin',(33.625431251716,4.8,-0.238619994508756));
#9329=CARTESIAN_POINT('',(33.300862503432,4.8,-0.477239989017512));
#9330=CARTESIAN_POINT('Origin',(27.774568748284,9.80000000000001,-0.238619994508758));
#9331=CARTESIAN_POINT('',(28.099137496568,9.80000000000001,-0.477239989017516));
#9332=CARTESIAN_POINT('Origin',(29.2,19.6,-4.));
#9333=CARTESIAN_POINT('',(29.2,9.6,-4.));
#9334=CARTESIAN_POINT('',(29.2,9.6,-4.));
#9335=CARTESIAN_POINT('',(29.2,19.6,-4.));
#9336=CARTESIAN_POINT('',(29.2,19.6,-4.));
#9337=CARTESIAN_POINT('',(29.2,19.6,-4.));
#9338=CARTESIAN_POINT('Origin',(29.2,9.6,-4.));
#9339=CARTESIAN_POINT('',(32.2,9.6,-4.));
#9340=CARTESIAN_POINT('',(32.2,9.6,-4.));
#9341=CARTESIAN_POINT('',(31.55,9.6,-4.));
#9342=CARTESIAN_POINT('',(29.2,9.6,-4.));
#9343=CARTESIAN_POINT('',(29.2,9.6,-4.));
#9344=CARTESIAN_POINT('',(29.2,9.6,-4.));
#9345=CARTESIAN_POINT('Origin',(33.625431251716,-8.32499985024333,-0.238619994508759));
#9346=CARTESIAN_POINT('',(33.300862503432,-15.5491371970546,-0.477239989017518));
#9347=CARTESIAN_POINT('',(31.79957889009,-15.8940528442266,-1.5809700599679));
#9348=CARTESIAN_POINT('',(33.300862503432,-20.700862503432,-0.477239989017517));
#9349=CARTESIAN_POINT('',(33.300862503432,-8.32499985024333,-0.477239989017518));
#9350=CARTESIAN_POINT('',(33.300862503432,-20.700862503432,-0.477239989017517));
#9351=CARTESIAN_POINT('Origin',(16.1,-21.025431251716,-0.238619994508758));
#9352=CARTESIAN_POINT('',(28.099137496568,-20.700862503432,-0.477239989017513));
#9353=CARTESIAN_POINT('',(16.1,-20.700862503432,-0.477239989017516));
#9354=CARTESIAN_POINT('',(28.099137496568,-20.700862503432,-0.477239989017513));
#9355=CARTESIAN_POINT('Origin',(27.774568748284,-9.8,-0.238619994508756));
#9356=CARTESIAN_POINT('',(28.099137496568,-15.5491371970546,-0.477239989017512));
#9357=CARTESIAN_POINT('',(28.099137496568,-9.8,-0.477239989017513));
#9358=CARTESIAN_POINT('',(28.7653176935466,-15.7021902056481,-0.967009616516568));
#9359=CARTESIAN_POINT('Origin',(26.1,-16.2500000000021,-4.5));
#9360=CARTESIAN_POINT('',(26.1,-14.3999997004867,-5.5));
#9361=CARTESIAN_POINT('Origin',(26.1,-14.3999997004867,-4.5));
#9362=CARTESIAN_POINT('',(26.1,-18.3999997004867,-5.5));
#9363=CARTESIAN_POINT('',(26.1,-16.2500000000021,-5.5));
#9364=CARTESIAN_POINT('Origin',(26.1,-18.3999997004867,-4.5));
#9365=CARTESIAN_POINT('Origin',(26.1,-14.3999997004867,-4.5));
#9366=CARTESIAN_POINT('Origin',(26.1,-14.3999997004867,2.22044604925031E-15));
#9367=CARTESIAN_POINT('',(26.1,-13.3999997004867,-4.5));
#9368=CARTESIAN_POINT('',(26.1,-13.3999997004867,-4.5));
#9369=CARTESIAN_POINT('Origin',(26.1,-14.3999997004867,-4.5));
#9370=CARTESIAN_POINT('Origin',(26.1,-14.3999997004867,-4.5));
#9371=CARTESIAN_POINT('Origin',(26.1,-14.3999997004867,-4.5));
#9372=CARTESIAN_POINT('Origin',(25.1,-9.90000000000423,-5.5));
#9373=CARTESIAN_POINT('',(30.2,-14.3999997004867,-5.5));
#9374=CARTESIAN_POINT('',(30.2,-14.3999997004867,-5.5));
#9375=CARTESIAN_POINT('',(30.2,-19.3999997004867,-5.5));
#9376=CARTESIAN_POINT('',(30.2,-27.6,-5.5));
#9377=CARTESIAN_POINT('',(27.3715728752538,-18.3999997004867,-5.5));
#9378=CARTESIAN_POINT('Ctrl Pts',(30.2,-19.3999997004867,-5.5));
#9379=CARTESIAN_POINT('Ctrl Pts',(29.3512979450095,-18.9463493700259,-5.5));
#9380=CARTESIAN_POINT('Ctrl Pts',(28.3339105501228,-18.3999997004867,-5.5));
#9381=CARTESIAN_POINT('Ctrl Pts',(27.3715728752538,-18.3999997004867,-5.5));
#9382=CARTESIAN_POINT('',(25.1,-18.3999997004867,-5.5));
#9383=CARTESIAN_POINT('Origin',(30.2,-14.3999997004867,-4.5));
#9384=CARTESIAN_POINT('',(30.2,-13.3999997004867,-4.5));
#9385=CARTESIAN_POINT('',(30.2,-13.3999997004867,-4.5));
#9386=CARTESIAN_POINT('Origin',(30.2,-14.3999997004867,-4.5));
#9387=CARTESIAN_POINT('Origin',(35.3,-13.3999997004867,-9.));
#9388=CARTESIAN_POINT('',(34.699999614906,-13.3999997004867,-9.));
#9389=CARTESIAN_POINT('',(35.3,-13.3999997004867,-9.));
#9390=CARTESIAN_POINT('Origin',(30.2,-13.3999997004867,-9.));
#9391=CARTESIAN_POINT('Ctrl Pts',(30.2,-9.90000000000423,-12.5));
#9392=CARTESIAN_POINT('Ctrl Pts',(30.9853981633975,-10.9097976386581,-12.5));
#9393=CARTESIAN_POINT('Ctrl Pts',(32.289697047376,-12.5867533466305,-12.0412469468755));
#9394=CARTESIAN_POINT('Ctrl Pts',(33.460560413267,-14.092149102776,-10.5690183631301));
#9395=CARTESIAN_POINT('Ctrl Pts',(33.7,-14.4000000000042,-9.5235987755983));
#9396=CARTESIAN_POINT('Ctrl Pts',(33.7,-14.4000000000042,-9.));
#9397=CARTESIAN_POINT('Ctrl Pts',(30.2,-9.90000000000423,-12.5));
#9398=CARTESIAN_POINT('Ctrl Pts',(31.0281409205892,-10.8670548814664,-12.5));
#9399=CARTESIAN_POINT('Ctrl Pts',(32.4022871253856,-12.4736240519183,-11.981493976823));
#9400=CARTESIAN_POINT('Ctrl Pts',(33.5109430621419,-13.8457747846371,-10.4452788862036));
#9401=CARTESIAN_POINT('Ctrl Pts',(33.7,-14.1008006996623,-9.47816663209832));
#9402=CARTESIAN_POINT('Ctrl Pts',(33.7,-14.1008006996623,-9.));
#9403=CARTESIAN_POINT('Ctrl Pts',(30.2,-9.90000000000422,-12.5));
#9404=CARTESIAN_POINT('Ctrl Pts',(31.1029407456746,-10.7922550563809,-12.5));
#9405=CARTESIAN_POINT('Ctrl Pts',(32.6020116328958,-12.2731377373644,-11.9374420947277));
#9406=CARTESIAN_POINT('Ctrl Pts',(33.7752385806749,-13.4162203865755,-10.3410724845739));
#9407=CARTESIAN_POINT('Ctrl Pts',(33.951201702567,-13.5828870872833,-9.43913463297813));
#9408=CARTESIAN_POINT('Ctrl Pts',(33.951201702567,-13.5828870872833,-9.));
#9409=CARTESIAN_POINT('Ctrl Pts',(30.2,-9.90000000000422,-12.5));
#9410=CARTESIAN_POINT('Ctrl Pts',(31.1777405707601,-10.7174552312954,-12.5));
#9411=CARTESIAN_POINT('Ctrl Pts',(32.8011995033765,-12.0733552313399,-11.9962019933906));
#9412=CARTESIAN_POINT('Ctrl Pts',(34.207191323757,-13.1981582877716,-10.4769608022715));
#9413=CARTESIAN_POINT('Ctrl Pts',(34.4756005247436,-13.4000000000042,-9.48997577623249));
#9414=CARTESIAN_POINT('Ctrl Pts',(34.4756005247436,-13.4000000000042,-9.));
#9415=CARTESIAN_POINT('Ctrl Pts',(30.2,-9.90000000000422,-12.5));
#9416=CARTESIAN_POINT('Ctrl Pts',(31.2097976386539,-10.6853981634017,-12.5));
#9417=CARTESIAN_POINT('Ctrl Pts',(32.8867533466263,-11.9896970473802,-12.0412469468755));
#9418=CARTESIAN_POINT('Ctrl Pts',(34.3921491027718,-13.1605604132712,-10.5690183631301));
#9419=CARTESIAN_POINT('Ctrl Pts',(34.7,-13.4000000000042,-9.5235987755983));
#9420=CARTESIAN_POINT('Ctrl Pts',(34.7,-13.4000000000042,-9.));
#9421=CARTESIAN_POINT('',(33.7,-14.4000000000042,-9.));
#9422=CARTESIAN_POINT('Origin',(34.7,-14.4000000000042,-9.));
#9423=CARTESIAN_POINT('',(30.2,-9.90000000000423,-12.5));
#9424=CARTESIAN_POINT('Origin',(30.2,-9.90000000000423,-9.));
#9425=CARTESIAN_POINT('Origin',(30.2,-9.90000000000422,-9.));
#9426=CARTESIAN_POINT('Origin',(30.2,-14.3999997004867,-9.));
#9427=CARTESIAN_POINT('Origin',(30.2,-14.3999997004867,-9.));
#9428=CARTESIAN_POINT('Origin',(35.3,-9.90000000000422,-9.));
#9429=CARTESIAN_POINT('',(35.3,-9.90000000000423,-12.5));
#9430=CARTESIAN_POINT('',(35.3,-6.40000000000422,-9.));
#9431=CARTESIAN_POINT('Ctrl Pts',(30.2,-19.3999993044739,-12.5000000000001));
#9432=CARTESIAN_POINT('Ctrl Pts',(30.1802812833883,-19.3939025066814,-12.5000000024145));
#9433=CARTESIAN_POINT('Ctrl Pts',(30.1609697760314,-19.3876533224549,-12.4998666931844));
#9434=CARTESIAN_POINT('Ctrl Pts',(29.5486641720726,-19.1916020900517,-12.494502912467));
#9435=CARTESIAN_POINT('Ctrl Pts',(28.6528931820457,-18.9010572822325,-12.3195332487055));
#9436=CARTESIAN_POINT('Ctrl Pts',(27.4480999566545,-18.5272944126816,-11.8833488637658));
#9437=CARTESIAN_POINT('Ctrl Pts',(26.830121170779,-18.3999997004867,-11.6312305465116));
#9438=CARTESIAN_POINT('Ctrl Pts',(26.4583406287493,-18.3999997004867,-11.4999970299046));
#9439=CARTESIAN_POINT('Ctrl Pts',(30.2,-19.3999993044739,-12.5000000000001));
#9440=CARTESIAN_POINT('Ctrl Pts',(30.1814569032233,-19.3926493113091,-12.4999211226335));
#9441=CARTESIAN_POINT('Ctrl Pts',(30.1629394667781,-19.385364054683,-12.4999964051421));
#9442=CARTESIAN_POINT('Ctrl Pts',(29.5866056014731,-19.1510666998611,-12.4952875705511));
#9443=CARTESIAN_POINT('Ctrl Pts',(28.7269604153661,-18.8098322003735,-12.3896530924968));
#9444=CARTESIAN_POINT('Ctrl Pts',(27.4865207661761,-18.4342338036305,-12.0956246483431));
#9445=CARTESIAN_POINT('Ctrl Pts',(26.8297692565809,-18.3591071438813,-11.9059408603782));
#9446=CARTESIAN_POINT('Ctrl Pts',(26.4583406287493,-18.3999997004867,-11.7991962548155));
#9447=CARTESIAN_POINT('Ctrl Pts',(30.2,-19.3999993044739,-12.5000000000001));
#9448=CARTESIAN_POINT('Ctrl Pts',(30.1831631949324,-19.3905581272231,-12.4999705802256));
#9449=CARTESIAN_POINT('Ctrl Pts',(30.1667507901862,-19.3812503810552,-12.5000077630507));
#9450=CARTESIAN_POINT('Ctrl Pts',(29.6475820976143,-19.0815709483838,-12.4987253136454));
#9451=CARTESIAN_POINT('Ctrl Pts',(28.8660617840202,-18.6440903877426,-12.4748487442936));
#9452=CARTESIAN_POINT('Ctrl Pts',(27.6126903680981,-18.1663750140267,-12.4017610801866));
#9453=CARTESIAN_POINT('Ctrl Pts',(26.8781377337119,-18.0838469051667,-12.3492057501892));
#9454=CARTESIAN_POINT('Ctrl Pts',(26.4583406287493,-18.1487892354258,-12.3170990674049));
#9455=CARTESIAN_POINT('Ctrl Pts',(30.2,-19.3999993044739,-12.5000000000001));
#9456=CARTESIAN_POINT('Ctrl Pts',(30.1849193927047,-19.3884997926859,-12.500000004554));
#9457=CARTESIAN_POINT('Ctrl Pts',(30.1705226720992,-19.3770991604491,-12.4999960153669));
#9458=CARTESIAN_POINT('Ctrl Pts',(29.7087881170872,-19.0125940566905,-12.5000065929032));
#9459=CARTESIAN_POINT('Ctrl Pts',(29.0120018279851,-18.4746270783965,-12.4999976077219));
#9460=CARTESIAN_POINT('Ctrl Pts',(27.7914059797291,-17.8080396624912,-12.4999995708932));
#9461=CARTESIAN_POINT('Ctrl Pts',(26.9815298297859,-17.6047501263835,-12.4999969488209));
#9462=CARTESIAN_POINT('Ctrl Pts',(26.4583406287493,-17.6243995151825,-12.4999969410395));
#9463=CARTESIAN_POINT('Ctrl Pts',(30.2,-19.3999993044739,-12.5000000000001));
#9464=CARTESIAN_POINT('Ctrl Pts',(30.1857118134005,-19.3876297124561,-12.5000000048986));
#9465=CARTESIAN_POINT('Ctrl Pts',(30.1720994043414,-19.3753071927158,-12.4999960160765));
#9466=CARTESIAN_POINT('Ctrl Pts',(29.7355592671059,-18.9832219004553,-12.500006604535));
#9467=CARTESIAN_POINT('Ctrl Pts',(29.0748110256483,-18.4021170494541,-12.4999976364368));
#9468=CARTESIAN_POINT('Ctrl Pts',(27.8681235331009,-17.6545940277842,-12.4999996316596));
#9469=CARTESIAN_POINT('Ctrl Pts',(27.0265338510186,-17.4000000964994,-12.4999970299045));
#9470=CARTESIAN_POINT('Ctrl Pts',(26.4583406287493,-17.4000000964994,-12.4999970299045));
#9471=CARTESIAN_POINT('',(26.4583406287493,-17.4000000964994,-12.4999970299045));
#9472=CARTESIAN_POINT('',(26.4583406287493,-18.3999997004867,-11.4999970299046));
#9473=CARTESIAN_POINT('Origin',(26.4583406287493,-17.3999997004867,-11.4999970299046));
#9474=CARTESIAN_POINT('',(30.2,-19.3999997004867,-12.5));
#9475=CARTESIAN_POINT('Ctrl Pts',(26.4583406287493,-18.3999997004867,-11.4999970299046));
#9476=CARTESIAN_POINT('Ctrl Pts',(26.830121170779,-18.3999997004867,-11.6312305465116));
#9477=CARTESIAN_POINT('Ctrl Pts',(27.4480999566545,-18.5272944126816,-11.8833488637658));
#9478=CARTESIAN_POINT('Ctrl Pts',(28.6528931820457,-18.9010572822325,-12.3195332487055));
#9479=CARTESIAN_POINT('Ctrl Pts',(29.5486641720726,-19.1916020900517,-12.494502912467));
#9480=CARTESIAN_POINT('Ctrl Pts',(30.1609697760314,-19.3876533224549,-12.4998666931844));
#9481=CARTESIAN_POINT('Ctrl Pts',(30.1802812833883,-19.3939025066814,-12.5000000024145));
#9482=CARTESIAN_POINT('Ctrl Pts',(30.2,-19.3999993044739,-12.5000000000001));
#9483=CARTESIAN_POINT('Ctrl Pts',(30.2,-19.3999993044739,-12.5000000000001));
#9484=CARTESIAN_POINT('Ctrl Pts',(30.1857118134005,-19.3876297124561,-12.5000000048986));
#9485=CARTESIAN_POINT('Ctrl Pts',(30.1720994043414,-19.3753071927158,-12.4999960160765));
#9486=CARTESIAN_POINT('Ctrl Pts',(29.7355592671059,-18.9832219004553,-12.500006604535));
#9487=CARTESIAN_POINT('Ctrl Pts',(29.0748110256483,-18.4021170494541,-12.4999976364368));
#9488=CARTESIAN_POINT('Ctrl Pts',(27.8681235331009,-17.6545940277842,-12.4999996316596));
#9489=CARTESIAN_POINT('Ctrl Pts',(27.0265338510186,-17.4000000964994,-12.4999970299045));
#9490=CARTESIAN_POINT('Ctrl Pts',(26.4583406287493,-17.4000000964994,-12.4999970299045));
#9491=CARTESIAN_POINT('Origin',(25.1,-17.3999997004867,-11.4999970299046));
#9492=CARTESIAN_POINT('',(25.1,-18.3999997004867,-11.4999970299046));
#9493=CARTESIAN_POINT('',(25.1,-17.4000000964994,-12.4999970299045));
#9494=CARTESIAN_POINT('Origin',(25.1,-13.3999997004867,-12.4999986139556));
#9495=CARTESIAN_POINT('',(30.2,-18.3999997004867,-12.4999986139556));
#9496=CARTESIAN_POINT('',(30.2,-13.3999997004867,-12.4999986139556));
#9497=CARTESIAN_POINT('',(30.2,-13.3999997004867,-12.4999986139556));
#9498=CARTESIAN_POINT('Origin',(30.2,-19.3999997004867,-9.));
#9499=CARTESIAN_POINT('Origin',(30.2,-18.3999997004867,-9.));
#9500=CARTESIAN_POINT('',(26.7,-19.3999997004867,-9.));
#9501=CARTESIAN_POINT('Origin',(30.2,-19.3999997004867,-9.));
#9502=CARTESIAN_POINT('Origin',(30.2,-19.3999997004867,-9.));
#9503=CARTESIAN_POINT('Origin',(25.1,-18.3999997004867,-5.5));
#9504=CARTESIAN_POINT('Origin',(30.2,-27.6,-9.));
#9505=CARTESIAN_POINT('',(30.3,-27.6,-12.4985711369072));
#9506=CARTESIAN_POINT('',(26.7,-27.6,-9.));
#9507=CARTESIAN_POINT('Origin',(30.2,-27.6,-9.));
#9508=CARTESIAN_POINT('',(30.3,-27.6,-5.50142886309282));
#9509=CARTESIAN_POINT('Ctrl Pts',(30.3,-27.6,-5.50142886309282));
#9510=CARTESIAN_POINT('Ctrl Pts',(30.7234550958228,-27.6,-5.51353252139365));
#9511=CARTESIAN_POINT('Ctrl Pts',(31.1608233740783,-27.542440436027,-5.606934544803));
#9512=CARTESIAN_POINT('Ctrl Pts',(31.9873092325937,-27.3275167402942,-5.95498136272055));
#9513=CARTESIAN_POINT('Ctrl Pts',(32.3706724997941,-27.1638627773843,-6.221819274896));
#9514=CARTESIAN_POINT('Ctrl Pts',(32.9770429237091,-26.8372300267378,-6.82639638233471));
#9515=CARTESIAN_POINT('Ctrl Pts',(33.2430215401152,-26.6487225123462,-7.20968287424219));
#9516=CARTESIAN_POINT('Ctrl Pts',(33.6043480311295,-26.3596302870894,-8.06425300108039));
#9517=CARTESIAN_POINT('Ctrl Pts',(33.7,-26.2660605559647,-8.53776527871132));
#9518=CARTESIAN_POINT('Ctrl Pts',(33.7,-26.2660605559647,-9.));
#9519=CARTESIAN_POINT('Ctrl Pts',(33.7,-26.2660605559647,-9.46223472128869));
#9520=CARTESIAN_POINT('Ctrl Pts',(33.6043480311295,-26.3596302870894,-9.93574699891962));
#9521=CARTESIAN_POINT('Ctrl Pts',(33.2430215401152,-26.6487225123462,-10.7903171257578));
#9522=CARTESIAN_POINT('Ctrl Pts',(32.9770429237091,-26.8372300267378,-11.1736036176653));
#9523=CARTESIAN_POINT('Ctrl Pts',(32.3706724997941,-27.1638627773843,-11.778180725104));
#9524=CARTESIAN_POINT('Ctrl Pts',(31.9873092325937,-27.3275167402942,-12.0450186372794));
#9525=CARTESIAN_POINT('Ctrl Pts',(31.1608233740783,-27.542440436027,-12.393065455197));
#9526=CARTESIAN_POINT('Ctrl Pts',(30.7234550958228,-27.6,-12.4864674786064));
#9527=CARTESIAN_POINT('Ctrl Pts',(30.3,-27.6,-12.4985711369072));
#9528=CARTESIAN_POINT('Origin',(30.2,-27.6,-9.));
#9529=CARTESIAN_POINT('',(26.7,-27.6,-9.));
#9530=CARTESIAN_POINT('Origin',(35.3,-27.6,0.));
#9531=CARTESIAN_POINT('',(30.3,-27.6,0.));
#9532=CARTESIAN_POINT('',(-30.3,-27.6,-24.5));
#9533=CARTESIAN_POINT('',(-30.3,-27.6,0.));
#9534=CARTESIAN_POINT('',(30.3,-27.6,-24.5));
#9535=CARTESIAN_POINT('',(35.3,-27.6,-24.5));
#9536=CARTESIAN_POINT('',(30.3,-27.6,0.));
#9537=CARTESIAN_POINT('Origin',(-31.55,-19.6,-4.));
#9538=CARTESIAN_POINT('',(-31.55,-19.6,-4.));
#9539=CARTESIAN_POINT('',(-31.55,-19.6,-4.));
#9540=CARTESIAN_POINT('',(-32.2,-19.6,-4.));
#9541=CARTESIAN_POINT('Origin',(-31.55,-9.59999999999999,-4.));
#9542=CARTESIAN_POINT('',(-31.55,-12.1,-4.));
#9543=CARTESIAN_POINT('Origin',(-30.7,-14.6,-4.));
#9544=CARTESIAN_POINT('',(-32.2,-19.6,-4.));
#9545=CARTESIAN_POINT('',(-32.2,-9.59999999999999,-4.));
#9546=CARTESIAN_POINT('',(-32.2,-19.6,-4.));
#9547=CARTESIAN_POINT('Origin',(31.55,-19.6,-4.));
#9548=CARTESIAN_POINT('',(31.55,-19.6,-4.));
#9549=CARTESIAN_POINT('',(31.55,-19.6,-4.));
#9550=CARTESIAN_POINT('',(31.55,-18.8624999251217,-4.));
#9551=CARTESIAN_POINT('Origin',(29.85,-19.6,-4.));
#9552=CARTESIAN_POINT('',(32.2,-19.6,-4.));
#9553=CARTESIAN_POINT('Origin',(30.7,-18.1249998502433,-4.));
#9554=CARTESIAN_POINT('',(29.2,-16.6499997004867,-4.));
#9555=CARTESIAN_POINT('',(32.2,-16.6499997004867,-4.));
#9556=CARTESIAN_POINT('',(29.2,-19.6,-4.));
#9557=CARTESIAN_POINT('',(29.2,-19.6,-4.));
#9558=CARTESIAN_POINT('',(32.2,-19.6,-4.));
#9559=CARTESIAN_POINT('Origin',(30.7,-18.1249998502433,-4.));
#9560=CARTESIAN_POINT('',(32.2,-19.6,-4.));
#9561=CARTESIAN_POINT('',(32.2,-19.6,-4.));
#9562=CARTESIAN_POINT('',(32.2,-16.6499997004867,-4.));
#9563=CARTESIAN_POINT('',(32.2,-9.6,-4.));
#9564=CARTESIAN_POINT('',(32.2,-16.6499997004867,-4.));
#9565=CARTESIAN_POINT('Origin',(-29.85,9.6,-4.));
#9566=CARTESIAN_POINT('',(-29.85,9.6,-4.));
#9567=CARTESIAN_POINT('',(-29.85,12.1,-4.));
#9568=CARTESIAN_POINT('Origin',(-31.55,9.6,-4.));
#9569=CARTESIAN_POINT('Origin',(-30.7,14.6,-4.));
#9570=CARTESIAN_POINT('',(-32.2,19.6,-4.));
#9571=CARTESIAN_POINT('Origin',(-30.7,14.6,-4.));
#9572=CARTESIAN_POINT('',(-29.2,19.6,-4.));
#9573=CARTESIAN_POINT('',(-29.2,19.6,-4.));
#9574=CARTESIAN_POINT('',(-32.2,19.6,-4.));
#9575=CARTESIAN_POINT('Origin',(31.55,9.6,-4.));
#9576=CARTESIAN_POINT('',(31.55,9.6,-4.));
#9577=CARTESIAN_POINT('',(31.55,12.1,-4.));
#9578=CARTESIAN_POINT('Origin',(29.85,9.6,-4.));
#9579=CARTESIAN_POINT('Origin',(30.7,14.6,-4.));
#9580=CARTESIAN_POINT('',(32.2,19.6,-4.));
#9581=CARTESIAN_POINT('Origin',(30.7,14.6,-4.));
#9582=CARTESIAN_POINT('',(32.2,19.6,-4.));
#9583=CARTESIAN_POINT('',(32.2,9.6,-4.));
#9584=CARTESIAN_POINT('',(32.2,19.6,-4.));
#9585=CARTESIAN_POINT('Origin',(-32.2,19.6,-4.));
#9586=CARTESIAN_POINT('',(-29.2,19.6,-4.));
#9587=CARTESIAN_POINT('Origin',(-29.2,19.6,-4.));
#9588=CARTESIAN_POINT('Origin',(-30.7,-14.6,-4.));
#9589=CARTESIAN_POINT('',(-32.2,-19.6,-4.));
#9590=CARTESIAN_POINT('Origin',(-32.2,-9.59999999999999,-4.));
#9591=CARTESIAN_POINT('',(-32.2,-19.6,-4.));
#9592=CARTESIAN_POINT('Origin',(-32.2,-19.6,-4.));
#9593=CARTESIAN_POINT('Origin',(32.2,9.6,-4.));
#9594=CARTESIAN_POINT('',(32.2,19.6,-4.));
#9595=CARTESIAN_POINT('Origin',(32.2,19.6,-4.));
#9596=CARTESIAN_POINT('Origin',(32.2,-16.6499997004867,-4.));
#9597=CARTESIAN_POINT('',(32.2,-16.6499997004867,-4.));
#9598=CARTESIAN_POINT('',(32.2,-19.6,-4.));
#9599=CARTESIAN_POINT('Origin',(32.2,-19.6,-4.));
#9600=CARTESIAN_POINT('',(29.2,-19.6,-4.));
#9601=CARTESIAN_POINT('Origin',(29.2,-19.6,-4.));
#9602=CARTESIAN_POINT('',(29.2,-16.6499997004867,-4.));
#9603=CARTESIAN_POINT('Origin',(29.2,-16.6499997004867,-4.));
#9604=CARTESIAN_POINT('Ctrl Pts',(20.9623188100755,27.6,-11.9173913121223));
#9605=CARTESIAN_POINT('Ctrl Pts',(20.9623188100755,26.6,-11.9173913121223));
#9606=CARTESIAN_POINT('Ctrl Pts',(20.7739127002657,27.6,-11.5623189926147));
#9607=CARTESIAN_POINT('Ctrl Pts',(20.7739127002657,26.6,-11.5623189926147));
#9608=CARTESIAN_POINT('Ctrl Pts',(20.4115939460695,27.6,-11.3666667461395));
#9609=CARTESIAN_POINT('Ctrl Pts',(20.4115939460695,26.6,-11.3666667461395));
#9610=CARTESIAN_POINT('',(20.9623188100755,27.6,-11.9173913121223));
#9611=CARTESIAN_POINT('',(20.4115939460695,27.6,-11.3666667461395));
#9612=CARTESIAN_POINT('Ctrl Pts',(20.9623188100755,27.6,-11.9173913121223));
#9613=CARTESIAN_POINT('Ctrl Pts',(20.7739127002657,27.6,-11.5623189926147));
#9614=CARTESIAN_POINT('Ctrl Pts',(20.4115939460695,27.6,-11.3666667461395));
#9615=CARTESIAN_POINT('',(20.9623188100755,26.6,-11.9173913121223));
#9616=CARTESIAN_POINT('',(20.9623188100755,27.6,-11.9173913121223));
#9617=CARTESIAN_POINT('',(20.4115939460695,26.6,-11.3666667461395));
#9618=CARTESIAN_POINT('Ctrl Pts',(20.9623188100755,26.6,-11.9173913121223));
#9619=CARTESIAN_POINT('Ctrl Pts',(20.7739127002657,26.6,-11.5623189926147));
#9620=CARTESIAN_POINT('Ctrl Pts',(20.4115939460695,26.6,-11.3666667461395));
#9621=CARTESIAN_POINT('',(20.4115939460695,27.6,-11.3666667461395));
#9622=CARTESIAN_POINT('Origin',(20.9623188100755,27.6,-9.83768124580383));
#9623=CARTESIAN_POINT('',(20.9623188100755,27.6,-9.83768124580383));
#9624=CARTESIAN_POINT('',(20.9623188100755,27.6,-4.91884062290192));
#9625=CARTESIAN_POINT('',(20.9623188100755,26.6,-9.83768124580383));
#9626=CARTESIAN_POINT('',(20.9623188100755,27.6,-9.83768124580383));
#9627=CARTESIAN_POINT('',(20.9623188100755,26.6,-9.83768124580383));
#9628=CARTESIAN_POINT('Origin',(21.4695650659502,27.6,-9.83768124580383));
#9629=CARTESIAN_POINT('',(21.4695650659502,27.6,-9.83768124580383));
#9630=CARTESIAN_POINT('',(-6.91521746702491,27.6,-9.83768124580383));
#9631=CARTESIAN_POINT('',(21.4695650659502,26.6,-9.83768124580383));
#9632=CARTESIAN_POINT('',(21.4695650659502,27.6,-9.83768124580383));
#9633=CARTESIAN_POINT('',(21.4695650659502,26.6,-9.83768124580383));
#9634=CARTESIAN_POINT('Origin',(21.4695650659502,27.6,-15.2));
#9635=CARTESIAN_POINT('',(21.4695650659502,27.6,-15.2));
#9636=CARTESIAN_POINT('',(21.4695650659502,27.6,-7.6));
#9637=CARTESIAN_POINT('',(21.4695650659502,26.6,-15.2));
#9638=CARTESIAN_POINT('',(21.4695650659502,27.6,-15.2));
#9639=CARTESIAN_POINT('',(21.4695650659502,26.6,-15.2));
#9640=CARTESIAN_POINT('Origin',(20.9623188100755,27.6,-15.2));
#9641=CARTESIAN_POINT('',(20.9623188100755,27.6,-15.2));
#9642=CARTESIAN_POINT('',(-7.16884059496223,27.6,-15.2));
#9643=CARTESIAN_POINT('',(20.9623188100755,26.6,-15.2));
#9644=CARTESIAN_POINT('',(20.9623188100755,27.6,-15.2));
#9645=CARTESIAN_POINT('',(20.9623188100755,26.6,-15.2));
#9646=CARTESIAN_POINT('Origin',(20.9623188100755,27.6,-13.0405797481537));
#9647=CARTESIAN_POINT('',(20.9623188100755,27.6,-13.0405797481537));
#9648=CARTESIAN_POINT('',(20.9623188100755,27.6,-6.52028987407684));
#9649=CARTESIAN_POINT('',(20.9623188100755,26.6,-13.0405797481537));
#9650=CARTESIAN_POINT('',(20.9623188100755,27.6,-13.0405797481537));
#9651=CARTESIAN_POINT('',(20.9623188100755,26.6,-13.0405797481537));
#9652=CARTESIAN_POINT('Ctrl Pts',(20.6217390619219,27.6,-11.9753624916077));
#9653=CARTESIAN_POINT('Ctrl Pts',(20.6217390619219,26.6,-11.9753624916077));
#9654=CARTESIAN_POINT('Ctrl Pts',(20.9623188100755,27.6,-12.3376812458038));
#9655=CARTESIAN_POINT('Ctrl Pts',(20.9623188100755,26.6,-12.3376812458038));
#9656=CARTESIAN_POINT('Ctrl Pts',(20.9623188100755,27.6,-13.0405797481537));
#9657=CARTESIAN_POINT('Ctrl Pts',(20.9623188100755,26.6,-13.0405797481537));
#9658=CARTESIAN_POINT('',(20.6217390619219,27.6,-11.9753624916077));
#9659=CARTESIAN_POINT('Ctrl Pts',(20.6217390619219,27.6,-11.9753624916077));
#9660=CARTESIAN_POINT('Ctrl Pts',(20.9623188100755,27.6,-12.3376812458038));
#9661=CARTESIAN_POINT('Ctrl Pts',(20.9623188100755,27.6,-13.0405797481537));
#9662=CARTESIAN_POINT('',(20.6217390619219,26.6,-11.9753624916077));
#9663=CARTESIAN_POINT('',(20.6217390619219,27.6,-11.9753624916077));
#9664=CARTESIAN_POINT('Ctrl Pts',(20.6217390619219,26.6,-11.9753624916077));
#9665=CARTESIAN_POINT('Ctrl Pts',(20.9623188100755,26.6,-12.3376812458038));
#9666=CARTESIAN_POINT('Ctrl Pts',(20.9623188100755,26.6,-13.0405797481537));
#9667=CARTESIAN_POINT('Ctrl Pts',(19.7086954437196,27.6,-11.6130437374115));
#9668=CARTESIAN_POINT('Ctrl Pts',(19.7086954437196,26.6,-11.6130437374115));
#9669=CARTESIAN_POINT('Ctrl Pts',(20.2811593137682,27.6,-11.6130437374115));
#9670=CARTESIAN_POINT('Ctrl Pts',(20.2811593137682,26.6,-11.6130437374115));
#9671=CARTESIAN_POINT('Ctrl Pts',(20.6217390619219,27.6,-11.9753624916077));
#9672=CARTESIAN_POINT('Ctrl Pts',(20.6217390619219,26.6,-11.9753624916077));
#9673=CARTESIAN_POINT('',(19.7086954437196,27.6,-11.6130437374115));
#9674=CARTESIAN_POINT('Ctrl Pts',(19.7086954437196,27.6,-11.6130437374115));
#9675=CARTESIAN_POINT('Ctrl Pts',(20.2811593137682,27.6,-11.6130437374115));
#9676=CARTESIAN_POINT('Ctrl Pts',(20.6217390619219,27.6,-11.9753624916077));
#9677=CARTESIAN_POINT('',(19.7086954437196,26.6,-11.6130437374115));
#9678=CARTESIAN_POINT('',(19.7086954437196,27.6,-11.6130437374115));
#9679=CARTESIAN_POINT('Ctrl Pts',(19.7086954437196,26.6,-11.6130437374115));
#9680=CARTESIAN_POINT('Ctrl Pts',(20.2811593137682,26.6,-11.6130437374115));
#9681=CARTESIAN_POINT('Ctrl Pts',(20.6217390619219,26.6,-11.9753624916077));
#9682=CARTESIAN_POINT('Ctrl Pts',(18.831883700937,27.6,-11.9536234855652));
#9683=CARTESIAN_POINT('Ctrl Pts',(18.831883700937,26.6,-11.9536234855652));
#9684=CARTESIAN_POINT('Ctrl Pts',(19.1507244430483,27.6,-11.6130437374115));
#9685=CARTESIAN_POINT('Ctrl Pts',(19.1507244430483,26.6,-11.6130437374115));
#9686=CARTESIAN_POINT('Ctrl Pts',(19.7086954437196,27.6,-11.6130437374115));
#9687=CARTESIAN_POINT('Ctrl Pts',(19.7086954437196,26.6,-11.6130437374115));
#9688=CARTESIAN_POINT('',(18.831883700937,27.6,-11.9536234855652));
#9689=CARTESIAN_POINT('Ctrl Pts',(18.831883700937,27.6,-11.9536234855652));
#9690=CARTESIAN_POINT('Ctrl Pts',(19.1507244430483,27.6,-11.6130437374115));
#9691=CARTESIAN_POINT('Ctrl Pts',(19.7086954437196,27.6,-11.6130437374115));
#9692=CARTESIAN_POINT('',(18.831883700937,26.6,-11.9536234855652));
#9693=CARTESIAN_POINT('',(18.831883700937,27.6,-11.9536234855652));
#9694=CARTESIAN_POINT('Ctrl Pts',(18.831883700937,26.6,-11.9536234855652));
#9695=CARTESIAN_POINT('Ctrl Pts',(19.1507244430483,26.6,-11.6130437374115));
#9696=CARTESIAN_POINT('Ctrl Pts',(19.7086954437196,26.6,-11.6130437374115));
#9697=CARTESIAN_POINT('Ctrl Pts',(18.5057968221605,27.6,-12.9391308546066));
#9698=CARTESIAN_POINT('Ctrl Pts',(18.5057968221605,26.6,-12.9391308546066));
#9699=CARTESIAN_POINT('Ctrl Pts',(18.5057968221605,27.6,-12.2942029356956));
#9700=CARTESIAN_POINT('Ctrl Pts',(18.5057968221605,26.6,-12.2942029356956));
#9701=CARTESIAN_POINT('Ctrl Pts',(18.831883700937,27.6,-11.9536234855652));
#9702=CARTESIAN_POINT('Ctrl Pts',(18.831883700937,26.6,-11.9536234855652));
#9703=CARTESIAN_POINT('',(18.5057968221605,27.6,-12.9391308546066));
#9704=CARTESIAN_POINT('Ctrl Pts',(18.5057968221605,27.6,-12.9391308546066));
#9705=CARTESIAN_POINT('Ctrl Pts',(18.5057968221605,27.6,-12.2942029356956));
#9706=CARTESIAN_POINT('Ctrl Pts',(18.831883700937,27.6,-11.9536234855652));
#9707=CARTESIAN_POINT('',(18.5057968221605,26.6,-12.9391308546066));
#9708=CARTESIAN_POINT('',(18.5057968221605,27.6,-12.9391308546066));
#9709=CARTESIAN_POINT('Ctrl Pts',(18.5057968221605,26.6,-12.9391308546066));
#9710=CARTESIAN_POINT('Ctrl Pts',(18.5057968221605,26.6,-12.2942029356956));
#9711=CARTESIAN_POINT('Ctrl Pts',(18.831883700937,26.6,-11.9536234855652));
#9712=CARTESIAN_POINT('Origin',(18.5057968221605,27.6,-15.2));
#9713=CARTESIAN_POINT('',(18.5057968221605,27.6,-15.2));
#9714=CARTESIAN_POINT('',(18.5057968221605,27.6,-7.6));
#9715=CARTESIAN_POINT('',(18.5057968221605,26.6,-15.2));
#9716=CARTESIAN_POINT('',(18.5057968221605,27.6,-15.2));
#9717=CARTESIAN_POINT('',(18.5057968221605,26.6,-15.2));
#9718=CARTESIAN_POINT('Origin',(18.0057967029512,27.6,-15.2));
#9719=CARTESIAN_POINT('',(18.0057967029512,27.6,-15.2));
#9720=CARTESIAN_POINT('',(-8.6471016485244,27.6,-15.2));
#9721=CARTESIAN_POINT('',(18.0057967029512,26.6,-15.2));
#9722=CARTESIAN_POINT('',(18.0057967029512,27.6,-15.2));
#9723=CARTESIAN_POINT('',(18.0057967029512,26.6,-15.2));
#9724=CARTESIAN_POINT('Origin',(18.0057967029512,27.6,-12.8811593770981));
#9725=CARTESIAN_POINT('',(18.0057967029512,27.6,-12.8811593770981));
#9726=CARTESIAN_POINT('',(18.0057967029512,27.6,-6.44057968854904));
#9727=CARTESIAN_POINT('',(18.0057967029512,26.6,-12.8811593770981));
#9728=CARTESIAN_POINT('',(18.0057967029512,27.6,-12.8811593770981));
#9729=CARTESIAN_POINT('',(18.0057967029512,26.6,-12.8811593770981));
#9730=CARTESIAN_POINT('Ctrl Pts',(18.2159418188036,27.6,-11.939130616188));
#9731=CARTESIAN_POINT('Ctrl Pts',(18.2159418188036,26.6,-11.939130616188));
#9732=CARTESIAN_POINT('Ctrl Pts',(18.0057967029512,27.6,-12.3231886744499));
#9733=CARTESIAN_POINT('Ctrl Pts',(18.0057967029512,26.6,-12.3231886744499));
#9734=CARTESIAN_POINT('Ctrl Pts',(18.0057967029512,27.6,-12.8811593770981));
#9735=CARTESIAN_POINT('Ctrl Pts',(18.0057967029512,26.6,-12.8811593770981));
#9736=CARTESIAN_POINT('',(18.2159418188036,27.6,-11.939130616188));
#9737=CARTESIAN_POINT('Ctrl Pts',(18.2159418188036,27.6,-11.939130616188));
#9738=CARTESIAN_POINT('Ctrl Pts',(18.0057967029512,27.6,-12.3231886744499));
#9739=CARTESIAN_POINT('Ctrl Pts',(18.0057967029512,27.6,-12.8811593770981));
#9740=CARTESIAN_POINT('',(18.2159418188036,26.6,-11.939130616188));
#9741=CARTESIAN_POINT('',(18.2159418188036,27.6,-11.939130616188));
#9742=CARTESIAN_POINT('Ctrl Pts',(18.2159418188036,26.6,-11.939130616188));
#9743=CARTESIAN_POINT('Ctrl Pts',(18.0057967029512,26.6,-12.3231886744499));
#9744=CARTESIAN_POINT('Ctrl Pts',(18.0057967029512,26.6,-12.8811593770981));
#9745=CARTESIAN_POINT('Ctrl Pts',(18.7811589561403,27.6,-11.3594206094742));
#9746=CARTESIAN_POINT('Ctrl Pts',(18.7811589561403,26.6,-11.3594206094742));
#9747=CARTESIAN_POINT('Ctrl Pts',(18.4188402019441,27.6,-11.5478261232376));
#9748=CARTESIAN_POINT('Ctrl Pts',(18.4188402019441,26.6,-11.5478261232376));
#9749=CARTESIAN_POINT('Ctrl Pts',(18.2159418188036,27.6,-11.939130616188));
#9750=CARTESIAN_POINT('Ctrl Pts',(18.2159418188036,26.6,-11.939130616188));
#9751=CARTESIAN_POINT('',(18.7811589561403,27.6,-11.3594206094742));
#9752=CARTESIAN_POINT('Ctrl Pts',(18.7811589561403,27.6,-11.3594206094742));
#9753=CARTESIAN_POINT('Ctrl Pts',(18.4188402019441,27.6,-11.5478261232376));
#9754=CARTESIAN_POINT('Ctrl Pts',(18.2159418188036,27.6,-11.939130616188));
#9755=CARTESIAN_POINT('',(18.7811589561403,26.6,-11.3594206094742));
#9756=CARTESIAN_POINT('',(18.7811589561403,27.6,-11.3594206094742));
#9757=CARTESIAN_POINT('Ctrl Pts',(18.7811589561403,26.6,-11.3594206094742));
#9758=CARTESIAN_POINT('Ctrl Pts',(18.4188402019441,26.6,-11.5478261232376));
#9759=CARTESIAN_POINT('Ctrl Pts',(18.2159418188036,26.6,-11.939130616188));
#9760=CARTESIAN_POINT('Ctrl Pts',(19.5855069480837,27.6,-11.1710147976875));
#9761=CARTESIAN_POINT('Ctrl Pts',(19.5855069480837,26.6,-11.1710147976875));
#9762=CARTESIAN_POINT('Ctrl Pts',(19.1362315736711,27.6,-11.1710147976875));
#9763=CARTESIAN_POINT('Ctrl Pts',(19.1362315736711,26.6,-11.1710147976875));
#9764=CARTESIAN_POINT('Ctrl Pts',(18.7811589561403,27.6,-11.3594206094742));
#9765=CARTESIAN_POINT('Ctrl Pts',(18.7811589561403,26.6,-11.3594206094742));
#9766=CARTESIAN_POINT('',(19.5855069480837,27.6,-11.1710147976875));
#9767=CARTESIAN_POINT('Ctrl Pts',(19.5855069480837,27.6,-11.1710147976875));
#9768=CARTESIAN_POINT('Ctrl Pts',(19.1362315736711,27.6,-11.1710147976875));
#9769=CARTESIAN_POINT('Ctrl Pts',(18.7811589561403,27.6,-11.3594206094742));
#9770=CARTESIAN_POINT('',(19.5855069480837,26.6,-11.1710147976875));
#9771=CARTESIAN_POINT('',(19.5855069480837,27.6,-11.1710147976875));
#9772=CARTESIAN_POINT('Ctrl Pts',(19.5855069480837,26.6,-11.1710147976875));
#9773=CARTESIAN_POINT('Ctrl Pts',(19.1362315736711,26.6,-11.1710147976875));
#9774=CARTESIAN_POINT('Ctrl Pts',(18.7811589561403,26.6,-11.3594206094742));
#9775=CARTESIAN_POINT('Ctrl Pts',(20.4115939460695,27.6,-11.3666667461395));
#9776=CARTESIAN_POINT('Ctrl Pts',(20.4115939460695,26.6,-11.3666667461395));
#9777=CARTESIAN_POINT('Ctrl Pts',(20.042029055208,27.6,-11.1710147976875));
#9778=CARTESIAN_POINT('Ctrl Pts',(20.042029055208,26.6,-11.1710147976875));
#9779=CARTESIAN_POINT('Ctrl Pts',(19.5855069480837,27.6,-11.1710147976875));
#9780=CARTESIAN_POINT('Ctrl Pts',(19.5855069480837,26.6,-11.1710147976875));
#9781=CARTESIAN_POINT('Ctrl Pts',(20.4115939460695,27.6,-11.3666667461395));
#9782=CARTESIAN_POINT('Ctrl Pts',(20.042029055208,27.6,-11.1710147976875));
#9783=CARTESIAN_POINT('Ctrl Pts',(19.5855069480837,27.6,-11.1710147976875));
#9784=CARTESIAN_POINT('Ctrl Pts',(20.4115939460695,26.6,-11.3666667461395));
#9785=CARTESIAN_POINT('Ctrl Pts',(20.042029055208,26.6,-11.1710147976875));
#9786=CARTESIAN_POINT('Ctrl Pts',(19.5855069480837,26.6,-11.1710147976875));
#9787=CARTESIAN_POINT('Origin',(0.00941873006524041,26.6,-12.5043477535248));
#9788=CARTESIAN_POINT('Origin',(9.90434828624131,27.6,-14.5333333730698));
#9789=CARTESIAN_POINT('',(9.90434828624131,27.6,-14.5333333730698));
#9790=CARTESIAN_POINT('',(7.96956601962449,27.6,-10.2));
#9791=CARTESIAN_POINT('',(3.44230448530302,27.6,-0.0602887602465452));
#9792=CARTESIAN_POINT('',(9.90434828624131,26.6,-14.5333333730698));
#9793=CARTESIAN_POINT('',(9.90434828624131,27.6,-14.5333333730698));
#9794=CARTESIAN_POINT('',(7.96956601962449,26.6,-10.2));
#9795=CARTESIAN_POINT('',(9.90434828624131,26.6,-14.5333333730698));
#9796=CARTESIAN_POINT('',(7.96956601962449,27.6,-10.2));
#9797=CARTESIAN_POINT('Origin',(11.8391305528581,27.6,-10.2));
#9798=CARTESIAN_POINT('',(11.8391305528581,27.6,-10.2));
#9799=CARTESIAN_POINT('',(9.82008683100115,27.6,-14.722053821027));
#9800=CARTESIAN_POINT('',(11.8391305528581,26.6,-10.2));
#9801=CARTESIAN_POINT('',(11.8391305528581,27.6,-10.2));
#9802=CARTESIAN_POINT('',(11.8391305528581,26.6,-10.2));
#9803=CARTESIAN_POINT('Origin',(12.375362547487,27.6,-10.2));
#9804=CARTESIAN_POINT('',(12.375362547487,27.6,-10.2));
#9805=CARTESIAN_POINT('',(-11.4623187262565,27.6,-10.2));
#9806=CARTESIAN_POINT('',(12.375362547487,26.6,-10.2));
#9807=CARTESIAN_POINT('',(12.375362547487,27.6,-10.2));
#9808=CARTESIAN_POINT('',(12.375362547487,26.6,-10.2));
#9809=CARTESIAN_POINT('Origin',(12.375362547487,27.6,-15.2));
#9810=CARTESIAN_POINT('',(12.375362547487,27.6,-15.2));
#9811=CARTESIAN_POINT('',(12.375362547487,27.6,-7.6));
#9812=CARTESIAN_POINT('',(12.375362547487,26.6,-15.2));
#9813=CARTESIAN_POINT('',(12.375362547487,27.6,-15.2));
#9814=CARTESIAN_POINT('',(12.375362547487,26.6,-15.2));
#9815=CARTESIAN_POINT('Origin',(11.8681162916124,27.6,-15.2));
#9816=CARTESIAN_POINT('',(11.8681162916124,27.6,-15.2));
#9817=CARTESIAN_POINT('',(-11.7159418541938,27.6,-15.2));
#9818=CARTESIAN_POINT('',(11.8681162916124,26.6,-15.2));
#9819=CARTESIAN_POINT('',(11.8681162916124,27.6,-15.2));
#9820=CARTESIAN_POINT('',(11.8681162916124,26.6,-15.2));
#9821=CARTESIAN_POINT('Origin',(11.8681162916124,27.6,-11.2217389464378));
#9822=CARTESIAN_POINT('',(11.8681162916124,27.6,-11.2217389464378));
#9823=CARTESIAN_POINT('',(11.8681162916124,27.6,-5.61086947321892));
#9824=CARTESIAN_POINT('',(11.8681162916124,26.6,-11.2217389464378));
#9825=CARTESIAN_POINT('',(11.8681162916124,27.6,-11.2217389464378));
#9826=CARTESIAN_POINT('',(11.8681162916124,26.6,-11.2217389464378));
#9827=CARTESIAN_POINT('Origin',(10.0855082593858,27.6,-15.2));
#9828=CARTESIAN_POINT('',(10.0855082593858,27.6,-15.2));
#9829=CARTESIAN_POINT('',(9.12710166971435,27.6,-17.3388838938446));
#9830=CARTESIAN_POINT('',(10.0855082593858,26.6,-15.2));
#9831=CARTESIAN_POINT('',(10.0855082593858,27.6,-15.2));
#9832=CARTESIAN_POINT('',(10.0855082593858,26.6,-15.2));
#9833=CARTESIAN_POINT('Origin',(9.71594277247788,27.6,-15.2));
#9834=CARTESIAN_POINT('',(9.71594277247788,27.6,-15.2));
#9835=CARTESIAN_POINT('',(-12.7920286137611,27.6,-15.2));
#9836=CARTESIAN_POINT('',(9.71594277247788,26.6,-15.2));
#9837=CARTESIAN_POINT('',(9.71594277247788,27.6,-15.2));
#9838=CARTESIAN_POINT('',(9.71594277247788,26.6,-15.2));
#9839=CARTESIAN_POINT('Origin',(7.93333354815842,27.6,-11.2072463750839));
#9840=CARTESIAN_POINT('',(7.93333354815842,27.6,-11.2072463750839));
#9841=CARTESIAN_POINT('',(2.25465413670874,27.6,1.5120683774009));
#9842=CARTESIAN_POINT('',(7.93333354815842,26.6,-11.2072463750839));
#9843=CARTESIAN_POINT('',(7.93333354815842,27.6,-11.2072463750839));
#9844=CARTESIAN_POINT('',(7.93333354815842,26.6,-11.2072463750839));
#9845=CARTESIAN_POINT('Origin',(7.93333354815842,27.6,-15.2));
#9846=CARTESIAN_POINT('',(7.93333354815842,27.6,-15.2));
#9847=CARTESIAN_POINT('',(7.93333354815842,27.6,-7.6));
#9848=CARTESIAN_POINT('',(7.93333354815842,26.6,-15.2));
#9849=CARTESIAN_POINT('',(7.93333354815842,27.6,-15.2));
#9850=CARTESIAN_POINT('',(7.93333354815842,26.6,-15.2));
#9851=CARTESIAN_POINT('Origin',(7.42608729228379,27.6,-15.2));
#9852=CARTESIAN_POINT('',(7.42608729228379,27.6,-15.2));
#9853=CARTESIAN_POINT('',(-13.9369563538581,27.6,-15.2));
#9854=CARTESIAN_POINT('',(7.42608729228379,26.6,-15.2));
#9855=CARTESIAN_POINT('',(7.42608729228379,27.6,-15.2));
#9856=CARTESIAN_POINT('',(7.42608729228379,26.6,-15.2));
#9857=CARTESIAN_POINT('Origin',(7.42608729228379,27.6,-10.2));
#9858=CARTESIAN_POINT('',(7.42608729228379,27.6,-10.2));
#9859=CARTESIAN_POINT('',(7.42608729228379,27.6,-5.1));
#9860=CARTESIAN_POINT('',(7.42608729228379,26.6,-10.2));
#9861=CARTESIAN_POINT('',(7.42608729228379,27.6,-10.2));
#9862=CARTESIAN_POINT('',(7.42608729228379,26.6,-10.2));
#9863=CARTESIAN_POINT('Origin',(7.96956601962449,27.6,-10.2));
#9864=CARTESIAN_POINT('',(-13.6652169901878,27.6,-10.2));
#9865=CARTESIAN_POINT('',(7.96956601962449,26.6,-10.2));
#9866=CARTESIAN_POINT('Origin',(0.00941873006524041,26.6,-12.5043477535248));
#9867=CARTESIAN_POINT('Ctrl Pts',(1.07101384028794,27.6,-15.0115938901901));
#9868=CARTESIAN_POINT('Ctrl Pts',(1.07101384028794,26.6,-15.0115938901901));
#9869=CARTESIAN_POINT('Ctrl Pts',(1.50579634532334,27.6,-14.7579707622528));
#9870=CARTESIAN_POINT('Ctrl Pts',(1.50579634532334,26.6,-14.7579707622528));
#9871=CARTESIAN_POINT('Ctrl Pts',(1.75217333659531,27.6,-14.3014492511749));
#9872=CARTESIAN_POINT('Ctrl Pts',(1.75217333659531,26.6,-14.3014492511749));
#9873=CARTESIAN_POINT('',(1.07101384028794,27.6,-15.0115938901901));
#9874=CARTESIAN_POINT('',(1.75217333659531,27.6,-14.3014492511749));
#9875=CARTESIAN_POINT('Ctrl Pts',(1.07101384028794,27.6,-15.0115938901901));
#9876=CARTESIAN_POINT('Ctrl Pts',(1.50579634532334,27.6,-14.7579707622528));
#9877=CARTESIAN_POINT('Ctrl Pts',(1.75217333659531,27.6,-14.3014492511749));
#9878=CARTESIAN_POINT('',(1.07101384028794,26.6,-15.0115938901901));
#9879=CARTESIAN_POINT('',(1.07101384028794,27.6,-15.0115938901901));
#9880=CARTESIAN_POINT('',(1.75217333659531,26.6,-14.3014492511749));
#9881=CARTESIAN_POINT('Ctrl Pts',(1.07101384028794,26.6,-15.0115938901901));
#9882=CARTESIAN_POINT('Ctrl Pts',(1.50579634532334,26.6,-14.7579707622528));
#9883=CARTESIAN_POINT('Ctrl Pts',(1.75217333659531,26.6,-14.3014492511749));
#9884=CARTESIAN_POINT('',(1.75217333659531,27.6,-14.3014492511749));
#9885=CARTESIAN_POINT('Ctrl Pts',(0.0782603345811506,27.6,-15.2579708814621));
#9886=CARTESIAN_POINT('Ctrl Pts',(0.0782603345811506,26.6,-15.2579708814621));
#9887=CARTESIAN_POINT('Ctrl Pts',(0.636231335252537,27.6,-15.2579708814621));
#9888=CARTESIAN_POINT('Ctrl Pts',(0.636231335252537,26.6,-15.2579708814621));
#9889=CARTESIAN_POINT('Ctrl Pts',(1.07101384028794,27.6,-15.0115938901901));
#9890=CARTESIAN_POINT('Ctrl Pts',(1.07101384028794,26.6,-15.0115938901901));
#9891=CARTESIAN_POINT('',(0.0782603345811506,27.6,-15.2579708814621));
#9892=CARTESIAN_POINT('Ctrl Pts',(0.0782603345811506,27.6,-15.2579708814621));
#9893=CARTESIAN_POINT('Ctrl Pts',(0.636231335252537,27.6,-15.2579708814621));
#9894=CARTESIAN_POINT('Ctrl Pts',(1.07101384028794,27.6,-15.0115938901901));
#9895=CARTESIAN_POINT('',(0.0782603345811506,26.6,-15.2579708814621));
#9896=CARTESIAN_POINT('',(0.0782603345811506,27.6,-15.2579708814621));
#9897=CARTESIAN_POINT('Ctrl Pts',(0.0782603345811506,26.6,-15.2579708814621));
#9898=CARTESIAN_POINT('Ctrl Pts',(0.636231335252537,26.6,-15.2579708814621));
#9899=CARTESIAN_POINT('Ctrl Pts',(1.07101384028794,26.6,-15.0115938901901));
#9900=CARTESIAN_POINT('Ctrl Pts',(-1.12464007511734,27.6,-14.8884059906006));
#9901=CARTESIAN_POINT('Ctrl Pts',(-1.12464007511734,26.6,-14.8884059906006));
#9902=CARTESIAN_POINT('Ctrl Pts',(-0.646377173811183,27.6,-15.2579708814621));
#9903=CARTESIAN_POINT('Ctrl Pts',(-0.646377173811183,26.6,-15.2579708814621));
#9904=CARTESIAN_POINT('Ctrl Pts',(0.0782603345811506,27.6,-15.2579708814621));
#9905=CARTESIAN_POINT('Ctrl Pts',(0.0782603345811506,26.6,-15.2579708814621));
#9906=CARTESIAN_POINT('',(-1.12464007511734,27.6,-14.8884059906006));
#9907=CARTESIAN_POINT('Ctrl Pts',(-1.12464007511734,27.6,-14.8884059906006));
#9908=CARTESIAN_POINT('Ctrl Pts',(-0.646377173811183,27.6,-15.2579708814621));
#9909=CARTESIAN_POINT('Ctrl Pts',(0.0782603345811506,27.6,-15.2579708814621));
#9910=CARTESIAN_POINT('',(-1.12464007511734,26.6,-14.8884059906006));
#9911=CARTESIAN_POINT('',(-1.12464007511734,27.6,-14.8884059906006));
#9912=CARTESIAN_POINT('Ctrl Pts',(-1.12464007511734,26.6,-14.8884059906006));
#9913=CARTESIAN_POINT('Ctrl Pts',(-0.646377173811183,26.6,-15.2579708814621));
#9914=CARTESIAN_POINT('Ctrl Pts',(0.0782603345811506,26.6,-15.2579708814621));
#9915=CARTESIAN_POINT('Ctrl Pts',(-1.74058016911148,27.6,-13.9101447582245));
#9916=CARTESIAN_POINT('Ctrl Pts',(-1.74058016911148,26.6,-13.9101447582245));
#9917=CARTESIAN_POINT('Ctrl Pts',(-1.6029005922377,27.6,-14.5188405036926));
#9918=CARTESIAN_POINT('Ctrl Pts',(-1.6029005922377,26.6,-14.5188405036926));
#9919=CARTESIAN_POINT('Ctrl Pts',(-1.12464007511734,27.6,-14.8884059906006));
#9920=CARTESIAN_POINT('Ctrl Pts',(-1.12464007511734,26.6,-14.8884059906006));
#9921=CARTESIAN_POINT('',(-1.74058016911148,27.6,-13.9101447582245));
#9922=CARTESIAN_POINT('Ctrl Pts',(-1.74058016911148,27.6,-13.9101447582245));
#9923=CARTESIAN_POINT('Ctrl Pts',(-1.6029005922377,27.6,-14.5188405036926));
#9924=CARTESIAN_POINT('Ctrl Pts',(-1.12464007511734,27.6,-14.8884059906006));
#9925=CARTESIAN_POINT('',(-1.74058016911148,26.6,-13.9101447582245));
#9926=CARTESIAN_POINT('',(-1.74058016911148,27.6,-13.9101447582245));
#9927=CARTESIAN_POINT('Ctrl Pts',(-1.74058016911148,26.6,-13.9101447582245));
#9928=CARTESIAN_POINT('Ctrl Pts',(-1.6029005922377,26.6,-14.5188405036926));
#9929=CARTESIAN_POINT('Ctrl Pts',(-1.12464007511734,26.6,-14.8884059906006));
#9930=CARTESIAN_POINT('Origin',(-1.19710263386367,27.6,-13.9101447582245));
#9931=CARTESIAN_POINT('',(-1.19710263386367,27.6,-13.9101447582245));
#9932=CARTESIAN_POINT('',(-18.2485513169318,27.6,-13.9101447582245));
#9933=CARTESIAN_POINT('',(-1.19710263386367,26.6,-13.9101447582245));
#9934=CARTESIAN_POINT('',(-1.19710263386367,27.6,-13.9101447582245));
#9935=CARTESIAN_POINT('',(-1.19710263386367,26.6,-13.9101447582245));
#9936=CARTESIAN_POINT('Ctrl Pts',(-0.755074588209377,27.6,-14.5913042545319));
#9937=CARTESIAN_POINT('Ctrl Pts',(-0.755074588209377,26.6,-14.5913042545319));
#9938=CARTESIAN_POINT('Ctrl Pts',(-1.09565314427017,27.6,-14.3449272632599));
#9939=CARTESIAN_POINT('Ctrl Pts',(-1.09565314427017,26.6,-14.3449272632599));
#9940=CARTESIAN_POINT('Ctrl Pts',(-1.19710263386367,27.6,-13.9101447582245));
#9941=CARTESIAN_POINT('Ctrl Pts',(-1.19710263386367,26.6,-13.9101447582245));
#9942=CARTESIAN_POINT('',(-0.755074588209377,27.6,-14.5913042545319));
#9943=CARTESIAN_POINT('Ctrl Pts',(-0.755074588209377,27.6,-14.5913042545319));
#9944=CARTESIAN_POINT('Ctrl Pts',(-1.09565314427017,27.6,-14.3449272632599));
#9945=CARTESIAN_POINT('Ctrl Pts',(-1.19710263386367,27.6,-13.9101447582245));
#9946=CARTESIAN_POINT('',(-0.755074588209377,26.6,-14.5913042545319));
#9947=CARTESIAN_POINT('',(-0.755074588209377,27.6,-14.5913042545319));
#9948=CARTESIAN_POINT('Ctrl Pts',(-0.755074588209377,26.6,-14.5913042545319));
#9949=CARTESIAN_POINT('Ctrl Pts',(-1.09565314427017,26.6,-14.3449272632599));
#9950=CARTESIAN_POINT('Ctrl Pts',(-1.19710263386367,26.6,-13.9101447582245));
#9951=CARTESIAN_POINT('Ctrl Pts',(0.0782603345811506,27.6,-14.830434513092));
#9952=CARTESIAN_POINT('Ctrl Pts',(0.0782603345811506,26.6,-14.830434513092));
#9953=CARTESIAN_POINT('Ctrl Pts',(-0.421741572767482,27.6,-14.830434513092));
#9954=CARTESIAN_POINT('Ctrl Pts',(-0.421741572767482,26.6,-14.830434513092));
#9955=CARTESIAN_POINT('Ctrl Pts',(-0.755074588209377,27.6,-14.5913042545319));
#9956=CARTESIAN_POINT('Ctrl Pts',(-0.755074588209377,26.6,-14.5913042545319));
#9957=CARTESIAN_POINT('',(0.0782603345811506,27.6,-14.830434513092));
#9958=CARTESIAN_POINT('Ctrl Pts',(0.0782603345811506,27.6,-14.830434513092));
#9959=CARTESIAN_POINT('Ctrl Pts',(-0.421741572767482,27.6,-14.830434513092));
#9960=CARTESIAN_POINT('Ctrl Pts',(-0.755074588209377,27.6,-14.5913042545319));
#9961=CARTESIAN_POINT('',(0.0782603345811506,26.6,-14.830434513092));
#9962=CARTESIAN_POINT('',(0.0782603345811506,27.6,-14.830434513092));
#9963=CARTESIAN_POINT('Ctrl Pts',(0.0782603345811506,26.6,-14.830434513092));
#9964=CARTESIAN_POINT('Ctrl Pts',(-0.421741572767482,26.6,-14.830434513092));
#9965=CARTESIAN_POINT('Ctrl Pts',(-0.755074588209377,26.6,-14.5913042545319));
#9966=CARTESIAN_POINT('Ctrl Pts',(0.795649918168797,27.6,-14.649275135994));
#9967=CARTESIAN_POINT('Ctrl Pts',(0.795649918168797,26.6,-14.649275135994));
#9968=CARTESIAN_POINT('Ctrl Pts',(0.476810368150486,27.6,-14.830434513092));
#9969=CARTESIAN_POINT('Ctrl Pts',(0.476810368150486,26.6,-14.830434513092));
#9970=CARTESIAN_POINT('Ctrl Pts',(0.0782603345811506,27.6,-14.830434513092));
#9971=CARTESIAN_POINT('Ctrl Pts',(0.0782603345811506,26.6,-14.830434513092));
#9972=CARTESIAN_POINT('',(0.795649918168797,27.6,-14.649275135994));
#9973=CARTESIAN_POINT('Ctrl Pts',(0.795649918168797,27.6,-14.649275135994));
#9974=CARTESIAN_POINT('Ctrl Pts',(0.476810368150486,27.6,-14.830434513092));
#9975=CARTESIAN_POINT('Ctrl Pts',(0.0782603345811506,27.6,-14.830434513092));
#9976=CARTESIAN_POINT('',(0.795649918168797,26.6,-14.649275135994));
#9977=CARTESIAN_POINT('',(0.795649918168797,27.6,-14.649275135994));
#9978=CARTESIAN_POINT('Ctrl Pts',(0.795649918168797,26.6,-14.649275135994));
#9979=CARTESIAN_POINT('Ctrl Pts',(0.476810368150486,26.6,-14.830434513092));
#9980=CARTESIAN_POINT('Ctrl Pts',(0.0782603345811506,26.6,-14.830434513092));
#9981=CARTESIAN_POINT('Ctrl Pts',(1.30289736613633,27.6,-14.1057970046997));
#9982=CARTESIAN_POINT('Ctrl Pts',(1.30289736613633,26.6,-14.1057970046997));
#9983=CARTESIAN_POINT('Ctrl Pts',(1.1144918523729,27.6,-14.4681157588959));
#9984=CARTESIAN_POINT('Ctrl Pts',(1.1144918523729,26.6,-14.4681157588959));
#9985=CARTESIAN_POINT('Ctrl Pts',(0.795649918168797,27.6,-14.649275135994));
#9986=CARTESIAN_POINT('Ctrl Pts',(0.795649918168797,26.6,-14.649275135994));
#9987=CARTESIAN_POINT('',(1.30289736613633,27.6,-14.1057970046997));
#9988=CARTESIAN_POINT('Ctrl Pts',(1.30289736613633,27.6,-14.1057970046997));
#9989=CARTESIAN_POINT('Ctrl Pts',(1.1144918523729,27.6,-14.4681157588959));
#9990=CARTESIAN_POINT('Ctrl Pts',(0.795649918168797,27.6,-14.649275135994));
#9991=CARTESIAN_POINT('',(1.30289736613633,26.6,-14.1057970046997));
#9992=CARTESIAN_POINT('',(1.30289736613633,27.6,-14.1057970046997));
#9993=CARTESIAN_POINT('Ctrl Pts',(1.30289736613633,26.6,-14.1057970046997));
#9994=CARTESIAN_POINT('Ctrl Pts',(1.1144918523729,26.6,-14.4681157588959));
#9995=CARTESIAN_POINT('Ctrl Pts',(0.795649918168797,26.6,-14.649275135994));
#9996=CARTESIAN_POINT('Ctrl Pts',(1.48405733928086,27.6,-13.2217391252518));
#9997=CARTESIAN_POINT('Ctrl Pts',(1.48405733928086,26.6,-13.2217391252518));
#9998=CARTESIAN_POINT('Ctrl Pts',(1.48405733928086,27.6,-13.7434782505035));
#9999=CARTESIAN_POINT('Ctrl Pts',(1.48405733928086,26.6,-13.7434782505035));
#10000=CARTESIAN_POINT('Ctrl Pts',(1.30289736613633,27.6,-14.1057970046997));
#10001=CARTESIAN_POINT('Ctrl Pts',(1.30289736613633,26.6,-14.1057970046997));
#10002=CARTESIAN_POINT('',(1.48405733928086,27.6,-13.2217391252518));
#10003=CARTESIAN_POINT('Ctrl Pts',(1.48405733928086,27.6,-13.2217391252518));
#10004=CARTESIAN_POINT('Ctrl Pts',(1.48405733928086,27.6,-13.7434782505035));
#10005=CARTESIAN_POINT('Ctrl Pts',(1.30289736613633,27.6,-14.1057970046997));
#10006=CARTESIAN_POINT('',(1.48405733928086,26.6,-13.2217391252518));
#10007=CARTESIAN_POINT('',(1.48405733928086,27.6,-13.2217391252518));
#10008=CARTESIAN_POINT('Ctrl Pts',(1.48405733928086,26.6,-13.2217391252518));
#10009=CARTESIAN_POINT('Ctrl Pts',(1.48405733928086,26.6,-13.7434782505035));
#10010=CARTESIAN_POINT('Ctrl Pts',(1.30289736613633,26.6,-14.1057970046997));
#10011=CARTESIAN_POINT('Ctrl Pts',(1.30289736613633,27.6,-12.3449273824692));
#10012=CARTESIAN_POINT('Ctrl Pts',(1.30289736613633,26.6,-12.3449273824692));
#10013=CARTESIAN_POINT('Ctrl Pts',(1.48405733928086,27.6,-12.7));
#10014=CARTESIAN_POINT('Ctrl Pts',(1.48405733928086,26.6,-12.7));
#10015=CARTESIAN_POINT('Ctrl Pts',(1.48405733928086,27.6,-13.2217391252518));
#10016=CARTESIAN_POINT('Ctrl Pts',(1.48405733928086,26.6,-13.2217391252518));
#10017=CARTESIAN_POINT('',(1.30289736613633,27.6,-12.3449273824692));
#10018=CARTESIAN_POINT('Ctrl Pts',(1.30289736613633,27.6,-12.3449273824692));
#10019=CARTESIAN_POINT('Ctrl Pts',(1.48405733928086,27.6,-12.7));
#10020=CARTESIAN_POINT('Ctrl Pts',(1.48405733928086,27.6,-13.2217391252518));
#10021=CARTESIAN_POINT('',(1.30289736613633,26.6,-12.3449273824692));
#10022=CARTESIAN_POINT('',(1.30289736613633,27.6,-12.3449273824692));
#10023=CARTESIAN_POINT('Ctrl Pts',(1.30289736613633,26.6,-12.3449273824692));
#10024=CARTESIAN_POINT('Ctrl Pts',(1.48405733928086,26.6,-12.7));
#10025=CARTESIAN_POINT('Ctrl Pts',(1.48405733928086,26.6,-13.2217391252518));
#10026=CARTESIAN_POINT('Ctrl Pts',(0.795649918168797,27.6,-11.8014492511749));
#10027=CARTESIAN_POINT('Ctrl Pts',(0.795649918168797,26.6,-11.8014492511749));
#10028=CARTESIAN_POINT('Ctrl Pts',(1.1144918523729,27.6,-11.982608628273));
#10029=CARTESIAN_POINT('Ctrl Pts',(1.1144918523729,26.6,-11.982608628273));
#10030=CARTESIAN_POINT('Ctrl Pts',(1.30289736613633,27.6,-12.3449273824692));
#10031=CARTESIAN_POINT('Ctrl Pts',(1.30289736613633,26.6,-12.3449273824692));
#10032=CARTESIAN_POINT('',(0.795649918168797,27.6,-11.8014492511749));
#10033=CARTESIAN_POINT('Ctrl Pts',(0.795649918168797,27.6,-11.8014492511749));
#10034=CARTESIAN_POINT('Ctrl Pts',(1.1144918523729,27.6,-11.982608628273));
#10035=CARTESIAN_POINT('Ctrl Pts',(1.30289736613633,27.6,-12.3449273824692));
#10036=CARTESIAN_POINT('',(0.795649918168797,26.6,-11.8014492511749));
#10037=CARTESIAN_POINT('',(0.795649918168797,27.6,-11.8014492511749));
#10038=CARTESIAN_POINT('Ctrl Pts',(0.795649918168797,26.6,-11.8014492511749));
#10039=CARTESIAN_POINT('Ctrl Pts',(1.1144918523729,26.6,-11.982608628273));
#10040=CARTESIAN_POINT('Ctrl Pts',(1.30289736613633,26.6,-12.3449273824692));
#10041=CARTESIAN_POINT('Ctrl Pts',(0.0782603345811506,27.6,-11.6202898740768));
#10042=CARTESIAN_POINT('Ctrl Pts',(0.0782603345811506,26.6,-11.6202898740768));
#10043=CARTESIAN_POINT('Ctrl Pts',(0.476810368150486,27.6,-11.6202898740768));
#10044=CARTESIAN_POINT('Ctrl Pts',(0.476810368150486,26.6,-11.6202898740768));
#10045=CARTESIAN_POINT('Ctrl Pts',(0.795649918168797,27.6,-11.8014492511749));
#10046=CARTESIAN_POINT('Ctrl Pts',(0.795649918168797,26.6,-11.8014492511749));
#10047=CARTESIAN_POINT('',(0.0782603345811506,27.6,-11.6202898740768));
#10048=CARTESIAN_POINT('Ctrl Pts',(0.0782603345811506,27.6,-11.6202898740768));
#10049=CARTESIAN_POINT('Ctrl Pts',(0.476810368150486,27.6,-11.6202898740768));
#10050=CARTESIAN_POINT('Ctrl Pts',(0.795649918168797,27.6,-11.8014492511749));
#10051=CARTESIAN_POINT('',(0.0782603345811506,26.6,-11.6202898740768));
#10052=CARTESIAN_POINT('',(0.0782603345811506,27.6,-11.6202898740768));
#10053=CARTESIAN_POINT('Ctrl Pts',(0.0782603345811506,26.6,-11.6202898740768));
#10054=CARTESIAN_POINT('Ctrl Pts',(0.476810368150486,26.6,-11.6202898740768));
#10055=CARTESIAN_POINT('Ctrl Pts',(0.795649918168797,26.6,-11.8014492511749));
#10056=CARTESIAN_POINT('Ctrl Pts',(-0.755074588209377,27.6,-11.8666665673256));
#10057=CARTESIAN_POINT('Ctrl Pts',(-0.755074588209377,26.6,-11.8666665673256));
#10058=CARTESIAN_POINT('Ctrl Pts',(-0.421741572767482,27.6,-11.6202898740768));
#10059=CARTESIAN_POINT('Ctrl Pts',(-0.421741572767482,26.6,-11.6202898740768));
#10060=CARTESIAN_POINT('Ctrl Pts',(0.0782603345811506,27.6,-11.6202898740768));
#10061=CARTESIAN_POINT('Ctrl Pts',(0.0782603345811506,26.6,-11.6202898740768));
#10062=CARTESIAN_POINT('',(-0.755074588209377,27.6,-11.8666665673256));
#10063=CARTESIAN_POINT('Ctrl Pts',(-0.755074588209377,27.6,-11.8666665673256));
#10064=CARTESIAN_POINT('Ctrl Pts',(-0.421741572767482,27.6,-11.6202898740768));
#10065=CARTESIAN_POINT('Ctrl Pts',(0.0782603345811506,27.6,-11.6202898740768));
#10066=CARTESIAN_POINT('',(-0.755074588209377,26.6,-11.8666665673256));
#10067=CARTESIAN_POINT('',(-0.755074588209377,27.6,-11.8666665673256));
#10068=CARTESIAN_POINT('Ctrl Pts',(-0.755074588209377,26.6,-11.8666665673256));
#10069=CARTESIAN_POINT('Ctrl Pts',(-0.421741572767482,26.6,-11.6202898740768));
#10070=CARTESIAN_POINT('Ctrl Pts',(0.0782603345811506,26.6,-11.6202898740768));
#10071=CARTESIAN_POINT('Ctrl Pts',(-1.19710263386367,27.6,-12.5333331942558));
#10072=CARTESIAN_POINT('Ctrl Pts',(-1.19710263386367,26.6,-12.5333331942558));
#10073=CARTESIAN_POINT('Ctrl Pts',(-1.09565314427017,27.6,-12.105797123909));
#10074=CARTESIAN_POINT('Ctrl Pts',(-1.09565314427017,26.6,-12.105797123909));
#10075=CARTESIAN_POINT('Ctrl Pts',(-0.755074588209377,27.6,-11.8666665673256));
#10076=CARTESIAN_POINT('Ctrl Pts',(-0.755074588209377,26.6,-11.8666665673256));
#10077=CARTESIAN_POINT('',(-1.19710263386367,27.6,-12.5333331942558));
#10078=CARTESIAN_POINT('Ctrl Pts',(-1.19710263386367,27.6,-12.5333331942558));
#10079=CARTESIAN_POINT('Ctrl Pts',(-1.09565314427017,27.6,-12.105797123909));
#10080=CARTESIAN_POINT('Ctrl Pts',(-0.755074588209377,27.6,-11.8666665673256));
#10081=CARTESIAN_POINT('',(-1.19710263386367,26.6,-12.5333331942558));
#10082=CARTESIAN_POINT('',(-1.19710263386367,27.6,-12.5333331942558));
#10083=CARTESIAN_POINT('Ctrl Pts',(-1.19710263386367,26.6,-12.5333331942558));
#10084=CARTESIAN_POINT('Ctrl Pts',(-1.09565314427017,26.6,-12.105797123909));
#10085=CARTESIAN_POINT('Ctrl Pts',(-0.755074588209377,26.6,-11.8666665673256));
#10086=CARTESIAN_POINT('Origin',(-1.74058016911148,27.6,-12.5333331942558));
#10087=CARTESIAN_POINT('',(-1.74058016911148,27.6,-12.5333331942558));
#10088=CARTESIAN_POINT('',(-18.5202900845557,27.6,-12.5333331942558));
#10089=CARTESIAN_POINT('',(-1.74058016911148,26.6,-12.5333331942558));
#10090=CARTESIAN_POINT('',(-1.74058016911148,27.6,-12.5333331942558));
#10091=CARTESIAN_POINT('',(-1.74058016911148,26.6,-12.5333331942558));
#10092=CARTESIAN_POINT('Ctrl Pts',(-1.12464007511734,27.6,-11.5478258252144));
#10093=CARTESIAN_POINT('Ctrl Pts',(-1.12464007511734,26.6,-11.5478258252144));
#10094=CARTESIAN_POINT('Ctrl Pts',(-1.6029005922377,27.6,-11.9101448774338));
#10095=CARTESIAN_POINT('Ctrl Pts',(-1.6029005922377,26.6,-11.9101448774338));
#10096=CARTESIAN_POINT('Ctrl Pts',(-1.74058016911148,27.6,-12.5333331942558));
#10097=CARTESIAN_POINT('Ctrl Pts',(-1.74058016911148,26.6,-12.5333331942558));
#10098=CARTESIAN_POINT('',(-1.12464007511734,27.6,-11.5478258252144));
#10099=CARTESIAN_POINT('Ctrl Pts',(-1.12464007511734,27.6,-11.5478258252144));
#10100=CARTESIAN_POINT('Ctrl Pts',(-1.6029005922377,27.6,-11.9101448774338));
#10101=CARTESIAN_POINT('Ctrl Pts',(-1.74058016911148,27.6,-12.5333331942558));
#10102=CARTESIAN_POINT('',(-1.12464007511734,26.6,-11.5478258252144));
#10103=CARTESIAN_POINT('',(-1.12464007511734,27.6,-11.5478258252144));
#10104=CARTESIAN_POINT('Ctrl Pts',(-1.12464007511734,26.6,-11.5478258252144));
#10105=CARTESIAN_POINT('Ctrl Pts',(-1.6029005922377,26.6,-11.9101448774338));
#10106=CARTESIAN_POINT('Ctrl Pts',(-1.74058016911148,26.6,-12.5333331942558));
#10107=CARTESIAN_POINT('Ctrl Pts',(0.0782603345811506,27.6,-11.1855070710182));
#10108=CARTESIAN_POINT('Ctrl Pts',(0.0782603345811506,26.6,-11.1855070710182));
#10109=CARTESIAN_POINT('Ctrl Pts',(-0.653625098615871,27.6,-11.1855070710182));
#10110=CARTESIAN_POINT('Ctrl Pts',(-0.653625098615871,26.6,-11.1855070710182));
#10111=CARTESIAN_POINT('Ctrl Pts',(-1.12464007511734,27.6,-11.5478258252144));
#10112=CARTESIAN_POINT('Ctrl Pts',(-1.12464007511734,26.6,-11.5478258252144));
#10113=CARTESIAN_POINT('',(0.0782603345811506,27.6,-11.1855070710182));
#10114=CARTESIAN_POINT('Ctrl Pts',(0.0782603345811506,27.6,-11.1855070710182));
#10115=CARTESIAN_POINT('Ctrl Pts',(-0.653625098615871,27.6,-11.1855070710182));
#10116=CARTESIAN_POINT('Ctrl Pts',(-1.12464007511734,27.6,-11.5478258252144));
#10117=CARTESIAN_POINT('',(0.0782603345811506,26.6,-11.1855070710182));
#10118=CARTESIAN_POINT('',(0.0782603345811506,27.6,-11.1855070710182));
#10119=CARTESIAN_POINT('Ctrl Pts',(0.0782603345811506,26.6,-11.1855070710182));
#10120=CARTESIAN_POINT('Ctrl Pts',(-0.653625098615871,26.6,-11.1855070710182));
#10121=CARTESIAN_POINT('Ctrl Pts',(-1.12464007511734,26.6,-11.5478258252144));
#10122=CARTESIAN_POINT('Ctrl Pts',(1.07101384028794,27.6,-11.4391301989555));
#10123=CARTESIAN_POINT('Ctrl Pts',(1.07101384028794,26.6,-11.4391301989555));
#10124=CARTESIAN_POINT('Ctrl Pts',(0.636231335252537,27.6,-11.1855070710182));
#10125=CARTESIAN_POINT('Ctrl Pts',(0.636231335252537,26.6,-11.1855070710182));
#10126=CARTESIAN_POINT('Ctrl Pts',(0.0782603345811506,27.6,-11.1855070710182));
#10127=CARTESIAN_POINT('Ctrl Pts',(0.0782603345811506,26.6,-11.1855070710182));
#10128=CARTESIAN_POINT('',(1.07101384028794,27.6,-11.4391301989555));
#10129=CARTESIAN_POINT('Ctrl Pts',(1.07101384028794,27.6,-11.4391301989555));
#10130=CARTESIAN_POINT('Ctrl Pts',(0.636231335252537,27.6,-11.1855070710182));
#10131=CARTESIAN_POINT('Ctrl Pts',(0.0782603345811506,27.6,-11.1855070710182));
#10132=CARTESIAN_POINT('',(1.07101384028794,26.6,-11.4391301989555));
#10133=CARTESIAN_POINT('',(1.07101384028794,27.6,-11.4391301989555));
#10134=CARTESIAN_POINT('Ctrl Pts',(1.07101384028794,26.6,-11.4391301989555));
#10135=CARTESIAN_POINT('Ctrl Pts',(0.636231335252537,26.6,-11.1855070710182));
#10136=CARTESIAN_POINT('Ctrl Pts',(0.0782603345811506,26.6,-11.1855070710182));
#10137=CARTESIAN_POINT('Ctrl Pts',(1.75217333659531,27.6,-12.149275135994));
#10138=CARTESIAN_POINT('Ctrl Pts',(1.75217333659531,26.6,-12.149275135994));
#10139=CARTESIAN_POINT('Ctrl Pts',(1.50579634532334,27.6,-11.6855071902275));
#10140=CARTESIAN_POINT('Ctrl Pts',(1.50579634532334,26.6,-11.6855071902275));
#10141=CARTESIAN_POINT('Ctrl Pts',(1.07101384028794,27.6,-11.4391301989555));
#10142=CARTESIAN_POINT('Ctrl Pts',(1.07101384028794,26.6,-11.4391301989555));
#10143=CARTESIAN_POINT('',(1.75217333659531,27.6,-12.149275135994));
#10144=CARTESIAN_POINT('Ctrl Pts',(1.75217333659531,27.6,-12.149275135994));
#10145=CARTESIAN_POINT('Ctrl Pts',(1.50579634532334,27.6,-11.6855071902275));
#10146=CARTESIAN_POINT('Ctrl Pts',(1.07101384028794,27.6,-11.4391301989555));
#10147=CARTESIAN_POINT('',(1.75217333659531,26.6,-12.149275135994));
#10148=CARTESIAN_POINT('',(1.75217333659531,27.6,-12.149275135994));
#10149=CARTESIAN_POINT('Ctrl Pts',(1.75217333659531,26.6,-12.149275135994));
#10150=CARTESIAN_POINT('Ctrl Pts',(1.50579634532334,26.6,-11.6855071902275));
#10151=CARTESIAN_POINT('Ctrl Pts',(1.07101384028794,26.6,-11.4391301989555));
#10152=CARTESIAN_POINT('Ctrl Pts',(1.99855032786728,27.6,-13.2217391252518));
#10153=CARTESIAN_POINT('Ctrl Pts',(1.99855032786728,26.6,-13.2217391252518));
#10154=CARTESIAN_POINT('Ctrl Pts',(1.99855032786728,27.6,-12.6057966470718));
#10155=CARTESIAN_POINT('Ctrl Pts',(1.99855032786728,26.6,-12.6057966470718));
#10156=CARTESIAN_POINT('Ctrl Pts',(1.75217333659531,27.6,-12.149275135994));
#10157=CARTESIAN_POINT('Ctrl Pts',(1.75217333659531,26.6,-12.149275135994));
#10158=CARTESIAN_POINT('',(1.99855032786728,27.6,-13.2217391252518));
#10159=CARTESIAN_POINT('Ctrl Pts',(1.99855032786728,27.6,-13.2217391252518));
#10160=CARTESIAN_POINT('Ctrl Pts',(1.99855032786728,27.6,-12.6057966470718));
#10161=CARTESIAN_POINT('Ctrl Pts',(1.75217333659531,27.6,-12.149275135994));
#10162=CARTESIAN_POINT('',(1.99855032786728,26.6,-13.2217391252518));
#10163=CARTESIAN_POINT('',(1.99855032786728,27.6,-13.2217391252518));
#10164=CARTESIAN_POINT('Ctrl Pts',(1.99855032786728,26.6,-13.2217391252518));
#10165=CARTESIAN_POINT('Ctrl Pts',(1.99855032786728,26.6,-12.6057966470718));
#10166=CARTESIAN_POINT('Ctrl Pts',(1.75217333659531,26.6,-12.149275135994));
#10167=CARTESIAN_POINT('Ctrl Pts',(1.75217333659531,27.6,-14.3014492511749));
#10168=CARTESIAN_POINT('Ctrl Pts',(1.75217333659531,26.6,-14.3014492511749));
#10169=CARTESIAN_POINT('Ctrl Pts',(1.99855032786728,27.6,-13.8376810073853));
#10170=CARTESIAN_POINT('Ctrl Pts',(1.99855032786728,26.6,-13.8376810073853));
#10171=CARTESIAN_POINT('Ctrl Pts',(1.99855032786728,27.6,-13.2217391252518));
#10172=CARTESIAN_POINT('Ctrl Pts',(1.99855032786728,26.6,-13.2217391252518));
#10173=CARTESIAN_POINT('Ctrl Pts',(1.75217333659531,27.6,-14.3014492511749));
#10174=CARTESIAN_POINT('Ctrl Pts',(1.99855032786728,27.6,-13.8376810073853));
#10175=CARTESIAN_POINT('Ctrl Pts',(1.99855032786728,27.6,-13.2217391252518));
#10176=CARTESIAN_POINT('Ctrl Pts',(1.75217333659531,26.6,-14.3014492511749));
#10177=CARTESIAN_POINT('Ctrl Pts',(1.99855032786728,26.6,-13.8376810073853));
#10178=CARTESIAN_POINT('Ctrl Pts',(1.99855032786728,26.6,-13.2217391252518));
#10179=CARTESIAN_POINT('Origin',(0.00941873006524041,26.6,-12.5043477535248));
#10180=CARTESIAN_POINT('Ctrl Pts',(-3.18260726109146,27.6,-11.9173913121223));
#10181=CARTESIAN_POINT('Ctrl Pts',(-3.18260726109146,26.6,-11.9173913121223));
#10182=CARTESIAN_POINT('Ctrl Pts',(-3.37101515904068,27.6,-11.5623189926147));
#10183=CARTESIAN_POINT('Ctrl Pts',(-3.37101515904068,26.6,-11.5623189926147));
#10184=CARTESIAN_POINT('Ctrl Pts',(-3.73333272114395,27.6,-11.3666667461395));
#10185=CARTESIAN_POINT('Ctrl Pts',(-3.73333272114395,26.6,-11.3666667461395));
#10186=CARTESIAN_POINT('',(-3.18260726109146,27.6,-11.9173913121223));
#10187=CARTESIAN_POINT('',(-3.73333272114395,27.6,-11.3666667461395));
#10188=CARTESIAN_POINT('Ctrl Pts',(-3.18260726109146,27.6,-11.9173913121223));
#10189=CARTESIAN_POINT('Ctrl Pts',(-3.37101515904068,27.6,-11.5623189926147));
#10190=CARTESIAN_POINT('Ctrl Pts',(-3.73333272114395,27.6,-11.3666667461395));
#10191=CARTESIAN_POINT('',(-3.18260726109146,26.6,-11.9173913121223));
#10192=CARTESIAN_POINT('',(-3.18260726109146,27.6,-11.9173913121223));
#10193=CARTESIAN_POINT('',(-3.73333272114395,26.6,-11.3666667461395));
#10194=CARTESIAN_POINT('Ctrl Pts',(-3.18260726109146,26.6,-11.9173913121223));
#10195=CARTESIAN_POINT('Ctrl Pts',(-3.37101515904068,26.6,-11.5623189926147));
#10196=CARTESIAN_POINT('Ctrl Pts',(-3.73333272114395,26.6,-11.3666667461395));
#10197=CARTESIAN_POINT('',(-3.73333272114395,27.6,-11.3666667461395));
#10198=CARTESIAN_POINT('Origin',(-3.18260726109146,27.6,-9.83768124580383));
#10199=CARTESIAN_POINT('',(-3.18260726109146,27.6,-9.83768124580383));
#10200=CARTESIAN_POINT('',(-3.18260726109146,27.6,-4.91884062290192));
#10201=CARTESIAN_POINT('',(-3.18260726109146,26.6,-9.83768124580383));
#10202=CARTESIAN_POINT('',(-3.18260726109146,27.6,-9.83768124580383));
#10203=CARTESIAN_POINT('',(-3.18260726109146,26.6,-9.83768124580383));
#10204=CARTESIAN_POINT('Origin',(-2.67536219730972,27.6,-9.83768124580383));
#10205=CARTESIAN_POINT('',(-2.67536219730972,27.6,-9.83768124580383));
#10206=CARTESIAN_POINT('',(-18.9876810986549,27.6,-9.83768124580383));
#10207=CARTESIAN_POINT('',(-2.67536219730972,26.6,-9.83768124580383));
#10208=CARTESIAN_POINT('',(-2.67536219730972,27.6,-9.83768124580383));
#10209=CARTESIAN_POINT('',(-2.67536219730972,26.6,-9.83768124580383));
#10210=CARTESIAN_POINT('Origin',(-2.67536219730972,27.6,-15.2));
#10211=CARTESIAN_POINT('',(-2.67536219730972,27.6,-15.2));
#10212=CARTESIAN_POINT('',(-2.67536219730972,27.6,-7.6));
#10213=CARTESIAN_POINT('',(-2.67536219730972,26.6,-15.2));
#10214=CARTESIAN_POINT('',(-2.67536219730972,27.6,-15.2));
#10215=CARTESIAN_POINT('',(-2.67536219730972,26.6,-15.2));
#10216=CARTESIAN_POINT('Origin',(-3.18260726109146,27.6,-15.2));
#10217=CARTESIAN_POINT('',(-3.18260726109146,27.6,-15.2));
#10218=CARTESIAN_POINT('',(-19.2413036305457,27.6,-15.2));
#10219=CARTESIAN_POINT('',(-3.18260726109146,26.6,-15.2));
#10220=CARTESIAN_POINT('',(-3.18260726109146,27.6,-15.2));
#10221=CARTESIAN_POINT('',(-3.18260726109146,26.6,-15.2));
#10222=CARTESIAN_POINT('Origin',(-3.18260726109146,27.6,-13.0405797481537));
#10223=CARTESIAN_POINT('',(-3.18260726109146,27.6,-13.0405797481537));
#10224=CARTESIAN_POINT('',(-3.18260726109146,27.6,-6.52028987407684));
#10225=CARTESIAN_POINT('',(-3.18260726109146,26.6,-13.0405797481537));
#10226=CARTESIAN_POINT('',(-3.18260726109146,27.6,-13.0405797481537));
#10227=CARTESIAN_POINT('',(-3.18260726109146,26.6,-13.0405797481537));
#10228=CARTESIAN_POINT('Ctrl Pts',(-3.52318820133804,27.6,-11.9753624916077));
#10229=CARTESIAN_POINT('Ctrl Pts',(-3.52318820133804,26.6,-11.9753624916077));
#10230=CARTESIAN_POINT('Ctrl Pts',(-3.18260726109146,27.6,-12.3376812458038));
#10231=CARTESIAN_POINT('Ctrl Pts',(-3.18260726109146,26.6,-12.3376812458038));
#10232=CARTESIAN_POINT('Ctrl Pts',(-3.18260726109146,27.6,-13.0405797481537));
#10233=CARTESIAN_POINT('Ctrl Pts',(-3.18260726109146,26.6,-13.0405797481537));
#10234=CARTESIAN_POINT('',(-3.52318820133804,27.6,-11.9753624916077));
#10235=CARTESIAN_POINT('Ctrl Pts',(-3.52318820133804,27.6,-11.9753624916077));
#10236=CARTESIAN_POINT('Ctrl Pts',(-3.18260726109146,27.6,-12.3376812458038));
#10237=CARTESIAN_POINT('Ctrl Pts',(-3.18260726109146,27.6,-13.0405797481537));
#10238=CARTESIAN_POINT('',(-3.52318820133804,26.6,-11.9753624916077));
#10239=CARTESIAN_POINT('',(-3.52318820133804,27.6,-11.9753624916077));
#10240=CARTESIAN_POINT('Ctrl Pts',(-3.52318820133804,26.6,-11.9753624916077));
#10241=CARTESIAN_POINT('Ctrl Pts',(-3.18260726109146,26.6,-12.3376812458038));
#10242=CARTESIAN_POINT('Ctrl Pts',(-3.18260726109146,26.6,-13.0405797481537));
#10243=CARTESIAN_POINT('Ctrl Pts',(-4.4362312234938,27.6,-11.6130437374115));
#10244=CARTESIAN_POINT('Ctrl Pts',(-4.4362312234938,26.6,-11.6130437374115));
#10245=CARTESIAN_POINT('Ctrl Pts',(-3.86376675739883,27.6,-11.6130437374115));
#10246=CARTESIAN_POINT('Ctrl Pts',(-3.86376675739883,26.6,-11.6130437374115));
#10247=CARTESIAN_POINT('Ctrl Pts',(-3.52318820133804,27.6,-11.9753624916077));
#10248=CARTESIAN_POINT('Ctrl Pts',(-3.52318820133804,26.6,-11.9753624916077));
#10249=CARTESIAN_POINT('',(-4.4362312234938,27.6,-11.6130437374115));
#10250=CARTESIAN_POINT('Ctrl Pts',(-4.4362312234938,27.6,-11.6130437374115));
#10251=CARTESIAN_POINT('Ctrl Pts',(-3.86376675739883,27.6,-11.6130437374115));
#10252=CARTESIAN_POINT('Ctrl Pts',(-3.52318820133804,27.6,-11.9753624916077));
#10253=CARTESIAN_POINT('',(-4.4362312234938,26.6,-11.6130437374115));
#10254=CARTESIAN_POINT('',(-4.4362312234938,27.6,-11.6130437374115));
#10255=CARTESIAN_POINT('Ctrl Pts',(-4.4362312234938,26.6,-11.6130437374115));
#10256=CARTESIAN_POINT('Ctrl Pts',(-3.86376675739883,26.6,-11.6130437374115));
#10257=CARTESIAN_POINT('Ctrl Pts',(-3.52318820133804,26.6,-11.9753624916077));
#10258=CARTESIAN_POINT('Ctrl Pts',(-5.31304415836929,27.6,-11.9536234855652));
#10259=CARTESIAN_POINT('Ctrl Pts',(-5.31304415836929,26.6,-11.9536234855652));
#10260=CARTESIAN_POINT('Ctrl Pts',(-4.99420222416519,27.6,-11.6130437374115));
#10261=CARTESIAN_POINT('Ctrl Pts',(-4.99420222416519,26.6,-11.6130437374115));
#10262=CARTESIAN_POINT('Ctrl Pts',(-4.4362312234938,27.6,-11.6130437374115));
#10263=CARTESIAN_POINT('Ctrl Pts',(-4.4362312234938,26.6,-11.6130437374115));
#10264=CARTESIAN_POINT('',(-5.31304415836929,27.6,-11.9536234855652));
#10265=CARTESIAN_POINT('Ctrl Pts',(-5.31304415836929,27.6,-11.9536234855652));
#10266=CARTESIAN_POINT('Ctrl Pts',(-4.99420222416519,27.6,-11.6130437374115));
#10267=CARTESIAN_POINT('Ctrl Pts',(-4.4362312234938,27.6,-11.6130437374115));
#10268=CARTESIAN_POINT('',(-5.31304415836929,26.6,-11.9536234855652));
#10269=CARTESIAN_POINT('',(-5.31304415836929,27.6,-11.9536234855652));
#10270=CARTESIAN_POINT('Ctrl Pts',(-5.31304415836929,26.6,-11.9536234855652));
#10271=CARTESIAN_POINT('Ctrl Pts',(-4.99420222416519,26.6,-11.6130437374115));
#10272=CARTESIAN_POINT('Ctrl Pts',(-4.4362312234938,26.6,-11.6130437374115));
#10273=CARTESIAN_POINT('Ctrl Pts',(-5.6391292490065,27.6,-12.9391308546066));
#10274=CARTESIAN_POINT('Ctrl Pts',(-5.6391292490065,26.6,-12.9391308546066));
#10275=CARTESIAN_POINT('Ctrl Pts',(-5.6391292490065,27.6,-12.2942029356956));
#10276=CARTESIAN_POINT('Ctrl Pts',(-5.6391292490065,26.6,-12.2942029356956));
#10277=CARTESIAN_POINT('Ctrl Pts',(-5.31304415836929,27.6,-11.9536234855652));
#10278=CARTESIAN_POINT('Ctrl Pts',(-5.31304415836929,26.6,-11.9536234855652));
#10279=CARTESIAN_POINT('',(-5.6391292490065,27.6,-12.9391308546066));
#10280=CARTESIAN_POINT('Ctrl Pts',(-5.6391292490065,27.6,-12.9391308546066));
#10281=CARTESIAN_POINT('Ctrl Pts',(-5.6391292490065,27.6,-12.2942029356956));
#10282=CARTESIAN_POINT('Ctrl Pts',(-5.31304415836929,27.6,-11.9536234855652));
#10283=CARTESIAN_POINT('',(-5.6391292490065,26.6,-12.9391308546066));
#10284=CARTESIAN_POINT('',(-5.6391292490065,27.6,-12.9391308546066));
#10285=CARTESIAN_POINT('Ctrl Pts',(-5.6391292490065,26.6,-12.9391308546066));
#10286=CARTESIAN_POINT('Ctrl Pts',(-5.6391292490065,26.6,-12.2942029356956));
#10287=CARTESIAN_POINT('Ctrl Pts',(-5.31304415836929,26.6,-11.9536234855652));
#10288=CARTESIAN_POINT('Origin',(-5.6391292490065,27.6,-15.2));
#10289=CARTESIAN_POINT('',(-5.6391292490065,27.6,-15.2));
#10290=CARTESIAN_POINT('',(-5.6391292490065,27.6,-7.6));
#10291=CARTESIAN_POINT('',(-5.6391292490065,26.6,-15.2));
#10292=CARTESIAN_POINT('',(-5.6391292490065,27.6,-15.2));
#10293=CARTESIAN_POINT('',(-5.6391292490065,26.6,-15.2));
#10294=CARTESIAN_POINT('Origin',(-6.13913115635513,27.6,-15.2));
#10295=CARTESIAN_POINT('',(-6.13913115635513,27.6,-15.2));
#10296=CARTESIAN_POINT('',(-20.7195655781776,27.6,-15.2));
#10297=CARTESIAN_POINT('',(-6.13913115635513,26.6,-15.2));
#10298=CARTESIAN_POINT('',(-6.13913115635513,27.6,-15.2));
#10299=CARTESIAN_POINT('',(-6.13913115635513,26.6,-15.2));
#10300=CARTESIAN_POINT('Origin',(-6.13913115635513,27.6,-12.8811593770981));
#10301=CARTESIAN_POINT('',(-6.13913115635513,27.6,-12.8811593770981));
#10302=CARTESIAN_POINT('',(-6.13913115635513,27.6,-6.44057968854904));
#10303=CARTESIAN_POINT('',(-6.13913115635513,26.6,-12.8811593770981));
#10304=CARTESIAN_POINT('',(-6.13913115635513,27.6,-12.8811593770981));
#10305=CARTESIAN_POINT('',(-6.13913115635513,26.6,-12.8811593770981));
#10306=CARTESIAN_POINT('Ctrl Pts',(-5.92898425236343,27.6,-11.939130616188));
#10307=CARTESIAN_POINT('Ctrl Pts',(-5.92898425236343,26.6,-11.939130616188));
#10308=CARTESIAN_POINT('Ctrl Pts',(-6.13913115635513,27.6,-12.3231886744499));
#10309=CARTESIAN_POINT('Ctrl Pts',(-6.13913115635513,26.6,-12.3231886744499));
#10310=CARTESIAN_POINT('Ctrl Pts',(-6.13913115635513,27.6,-12.8811593770981));
#10311=CARTESIAN_POINT('Ctrl Pts',(-6.13913115635513,26.6,-12.8811593770981));
#10312=CARTESIAN_POINT('',(-5.92898425236343,27.6,-11.939130616188));
#10313=CARTESIAN_POINT('Ctrl Pts',(-5.92898425236343,27.6,-11.939130616188));
#10314=CARTESIAN_POINT('Ctrl Pts',(-6.13913115635513,27.6,-12.3231886744499));
#10315=CARTESIAN_POINT('Ctrl Pts',(-6.13913115635513,27.6,-12.8811593770981));
#10316=CARTESIAN_POINT('',(-5.92898425236343,26.6,-11.939130616188));
#10317=CARTESIAN_POINT('',(-5.92898425236343,27.6,-11.939130616188));
#10318=CARTESIAN_POINT('Ctrl Pts',(-5.92898425236343,26.6,-11.939130616188));
#10319=CARTESIAN_POINT('Ctrl Pts',(-6.13913115635513,26.6,-12.3231886744499));
#10320=CARTESIAN_POINT('Ctrl Pts',(-6.13913115635513,26.6,-12.8811593770981));
#10321=CARTESIAN_POINT('Ctrl Pts',(-5.36376771107315,27.6,-11.3594206094742));
#10322=CARTESIAN_POINT('Ctrl Pts',(-5.36376771107315,26.6,-11.3594206094742));
#10323=CARTESIAN_POINT('Ctrl Pts',(-5.72608765736221,27.6,-11.5478261232376));
#10324=CARTESIAN_POINT('Ctrl Pts',(-5.72608765736221,26.6,-11.5478261232376));
#10325=CARTESIAN_POINT('Ctrl Pts',(-5.92898425236343,27.6,-11.939130616188));
#10326=CARTESIAN_POINT('Ctrl Pts',(-5.92898425236343,26.6,-11.939130616188));
#10327=CARTESIAN_POINT('',(-5.36376771107315,27.6,-11.3594206094742));
#10328=CARTESIAN_POINT('Ctrl Pts',(-5.36376771107315,27.6,-11.3594206094742));
#10329=CARTESIAN_POINT('Ctrl Pts',(-5.72608765736221,27.6,-11.5478261232376));
#10330=CARTESIAN_POINT('Ctrl Pts',(-5.92898425236343,27.6,-11.939130616188));
#10331=CARTESIAN_POINT('',(-5.36376771107315,26.6,-11.3594206094742));
#10332=CARTESIAN_POINT('',(-5.36376771107315,27.6,-11.3594206094742));
#10333=CARTESIAN_POINT('Ctrl Pts',(-5.36376771107315,26.6,-11.3594206094742));
#10334=CARTESIAN_POINT('Ctrl Pts',(-5.72608765736221,26.6,-11.5478261232376));
#10335=CARTESIAN_POINT('Ctrl Pts',(-5.92898425236343,26.6,-11.939130616188));
#10336=CARTESIAN_POINT('Ctrl Pts',(-4.55941971912979,27.6,-11.1710147976875));
#10337=CARTESIAN_POINT('Ctrl Pts',(-4.55941971912979,26.6,-11.1710147976875));
#10338=CARTESIAN_POINT('Ctrl Pts',(-5.00869568958877,27.6,-11.1710147976875));
#10339=CARTESIAN_POINT('Ctrl Pts',(-5.00869568958877,26.6,-11.1710147976875));
#10340=CARTESIAN_POINT('Ctrl Pts',(-5.36376771107315,27.6,-11.3594206094742));
#10341=CARTESIAN_POINT('Ctrl Pts',(-5.36376771107315,26.6,-11.3594206094742));
#10342=CARTESIAN_POINT('',(-4.55941971912979,27.6,-11.1710147976875));
#10343=CARTESIAN_POINT('Ctrl Pts',(-4.55941971912979,27.6,-11.1710147976875));
#10344=CARTESIAN_POINT('Ctrl Pts',(-5.00869568958877,27.6,-11.1710147976875));
#10345=CARTESIAN_POINT('Ctrl Pts',(-5.36376771107315,27.6,-11.3594206094742));
#10346=CARTESIAN_POINT('',(-4.55941971912979,26.6,-11.1710147976875));
#10347=CARTESIAN_POINT('',(-4.55941971912979,27.6,-11.1710147976875));
#10348=CARTESIAN_POINT('Ctrl Pts',(-4.55941971912979,26.6,-11.1710147976875));
#10349=CARTESIAN_POINT('Ctrl Pts',(-5.00869568958877,26.6,-11.1710147976875));
#10350=CARTESIAN_POINT('Ctrl Pts',(-5.36376771107315,26.6,-11.3594206094742));
#10351=CARTESIAN_POINT('Ctrl Pts',(-3.73333272114395,27.6,-11.3666667461395));
#10352=CARTESIAN_POINT('Ctrl Pts',(-3.73333272114395,26.6,-11.3666667461395));
#10353=CARTESIAN_POINT('Ctrl Pts',(-4.10289820805191,27.6,-11.1710147976875));
#10354=CARTESIAN_POINT('Ctrl Pts',(-4.10289820805191,26.6,-11.1710147976875));
#10355=CARTESIAN_POINT('Ctrl Pts',(-4.55941971912979,27.6,-11.1710147976875));
#10356=CARTESIAN_POINT('Ctrl Pts',(-4.55941971912979,26.6,-11.1710147976875));
#10357=CARTESIAN_POINT('Ctrl Pts',(-3.73333272114395,27.6,-11.3666667461395));
#10358=CARTESIAN_POINT('Ctrl Pts',(-4.10289820805191,27.6,-11.1710147976875));
#10359=CARTESIAN_POINT('Ctrl Pts',(-4.55941971912979,27.6,-11.1710147976875));
#10360=CARTESIAN_POINT('Ctrl Pts',(-3.73333272114395,26.6,-11.3666667461395));
#10361=CARTESIAN_POINT('Ctrl Pts',(-4.10289820805191,26.6,-11.1710147976875));
#10362=CARTESIAN_POINT('Ctrl Pts',(-4.55941971912979,26.6,-11.1710147976875));
#10363=CARTESIAN_POINT('Origin',(0.00941873006524041,26.6,-12.5043477535248));
#10364=CARTESIAN_POINT('Ctrl Pts',(-12.6608687318861,27.6,-11.9173913121223));
#10365=CARTESIAN_POINT('Ctrl Pts',(-12.6608687318861,26.6,-11.9173913121223));
#10366=CARTESIAN_POINT('Ctrl Pts',(-12.8492766298354,27.6,-11.555072259903));
#10367=CARTESIAN_POINT('Ctrl Pts',(-12.8492766298354,26.6,-11.555072259903));
#10368=CARTESIAN_POINT('Ctrl Pts',(-13.2043486513197,27.6,-11.3666664481163));
#10369=CARTESIAN_POINT('Ctrl Pts',(-13.2043486513197,26.6,-11.3666664481163));
#10370=CARTESIAN_POINT('',(-12.6608687318861,27.6,-11.9173913121223));
#10371=CARTESIAN_POINT('',(-13.2043486513197,27.6,-11.3666664481163));
#10372=CARTESIAN_POINT('Ctrl Pts',(-12.6608687318861,27.6,-11.9173913121223));
#10373=CARTESIAN_POINT('Ctrl Pts',(-12.8492766298354,27.6,-11.555072259903));
#10374=CARTESIAN_POINT('Ctrl Pts',(-13.2043486513197,27.6,-11.3666664481163));
#10375=CARTESIAN_POINT('',(-12.6608687318861,26.6,-11.9173913121223));
#10376=CARTESIAN_POINT('',(-12.6608687318861,27.6,-11.9173913121223));
#10377=CARTESIAN_POINT('',(-13.2043486513197,26.6,-11.3666664481163));
#10378=CARTESIAN_POINT('Ctrl Pts',(-12.6608687318861,26.6,-11.9173913121223));
#10379=CARTESIAN_POINT('Ctrl Pts',(-12.8492766298354,26.6,-11.555072259903));
#10380=CARTESIAN_POINT('Ctrl Pts',(-13.2043486513197,26.6,-11.3666664481163));
#10381=CARTESIAN_POINT('',(-13.2043486513197,27.6,-11.3666664481163));
#10382=CARTESIAN_POINT('Origin',(-12.6608687318861,27.6,-11.2434782505035));
#10383=CARTESIAN_POINT('',(-12.6608687318861,27.6,-11.2434782505035));
#10384=CARTESIAN_POINT('',(-12.6608687318861,27.6,-5.62173912525177));
#10385=CARTESIAN_POINT('',(-12.6608687318861,26.6,-11.2434782505035));
#10386=CARTESIAN_POINT('',(-12.6608687318861,27.6,-11.2434782505035));
#10387=CARTESIAN_POINT('',(-12.6608687318861,26.6,-11.2434782505035));
#10388=CARTESIAN_POINT('Origin',(-12.1536236681044,27.6,-11.2434782505035));
#10389=CARTESIAN_POINT('',(-12.1536236681044,27.6,-11.2434782505035));
#10390=CARTESIAN_POINT('',(-23.7268118340522,27.6,-11.2434782505035));
#10391=CARTESIAN_POINT('',(-12.1536236681044,26.6,-11.2434782505035));
#10392=CARTESIAN_POINT('',(-12.1536236681044,27.6,-11.2434782505035));
#10393=CARTESIAN_POINT('',(-12.1536236681044,26.6,-11.2434782505035));
#10394=CARTESIAN_POINT('Origin',(-12.1536236681044,27.6,-15.2));
#10395=CARTESIAN_POINT('',(-12.1536236681044,27.6,-15.2));
#10396=CARTESIAN_POINT('',(-12.1536236681044,27.6,-7.6));
#10397=CARTESIAN_POINT('',(-12.1536236681044,26.6,-15.2));
#10398=CARTESIAN_POINT('',(-12.1536236681044,27.6,-15.2));
#10399=CARTESIAN_POINT('',(-12.1536236681044,26.6,-15.2));
#10400=CARTESIAN_POINT('Origin',(-12.6608687318861,27.6,-15.2));
#10401=CARTESIAN_POINT('',(-12.6608687318861,27.6,-15.2));
#10402=CARTESIAN_POINT('',(-23.9804343659431,27.6,-15.2));
#10403=CARTESIAN_POINT('',(-12.6608687318861,26.6,-15.2));
#10404=CARTESIAN_POINT('',(-12.6608687318861,27.6,-15.2));
#10405=CARTESIAN_POINT('',(-12.6608687318861,26.6,-15.2));
#10406=CARTESIAN_POINT('Origin',(-12.6608687318861,27.6,-13.0405797481537));
#10407=CARTESIAN_POINT('',(-12.6608687318861,27.6,-13.0405797481537));
#10408=CARTESIAN_POINT('',(-12.6608687318861,27.6,-6.52028987407684));
#10409=CARTESIAN_POINT('',(-12.6608687318861,26.6,-13.0405797481537));
#10410=CARTESIAN_POINT('',(-12.6608687318861,27.6,-13.0405797481537));
#10411=CARTESIAN_POINT('',(-12.6608687318861,26.6,-13.0405797481537));
#10412=CARTESIAN_POINT('Ctrl Pts',(-13.0014496721327,27.6,-11.9753621935844));
#10413=CARTESIAN_POINT('Ctrl Pts',(-13.0014496721327,26.6,-11.9753621935844));
#10414=CARTESIAN_POINT('Ctrl Pts',(-12.6608687318861,27.6,-12.3376809477806));
#10415=CARTESIAN_POINT('Ctrl Pts',(-12.6608687318861,26.6,-12.3376809477806));
#10416=CARTESIAN_POINT('Ctrl Pts',(-12.6608687318861,27.6,-13.0405797481537));
#10417=CARTESIAN_POINT('Ctrl Pts',(-12.6608687318861,26.6,-13.0405797481537));
#10418=CARTESIAN_POINT('',(-13.0014496721327,27.6,-11.9753621935844));
#10419=CARTESIAN_POINT('Ctrl Pts',(-13.0014496721327,27.6,-11.9753621935844));
#10420=CARTESIAN_POINT('Ctrl Pts',(-12.6608687318861,27.6,-12.3376809477806));
#10421=CARTESIAN_POINT('Ctrl Pts',(-12.6608687318861,27.6,-13.0405797481537));
#10422=CARTESIAN_POINT('',(-13.0014496721327,26.6,-11.9753621935844));
#10423=CARTESIAN_POINT('',(-13.0014496721327,27.6,-11.9753621935844));
#10424=CARTESIAN_POINT('Ctrl Pts',(-13.0014496721327,26.6,-11.9753621935844));
#10425=CARTESIAN_POINT('Ctrl Pts',(-12.6608687318861,26.6,-12.3376809477806));
#10426=CARTESIAN_POINT('Ctrl Pts',(-12.6608687318861,26.6,-13.0405797481537));
#10427=CARTESIAN_POINT('Ctrl Pts',(-13.9144926942885,27.6,-11.6130434393883));
#10428=CARTESIAN_POINT('Ctrl Pts',(-13.9144926942885,26.6,-11.6130434393883));
#10429=CARTESIAN_POINT('Ctrl Pts',(-13.3420282281935,27.6,-11.6130434393883));
#10430=CARTESIAN_POINT('Ctrl Pts',(-13.3420282281935,26.6,-11.6130434393883));
#10431=CARTESIAN_POINT('Ctrl Pts',(-13.0014496721327,27.6,-11.9753621935844));
#10432=CARTESIAN_POINT('Ctrl Pts',(-13.0014496721327,26.6,-11.9753621935844));
#10433=CARTESIAN_POINT('',(-13.9144926942885,27.6,-11.6130434393883));
#10434=CARTESIAN_POINT('Ctrl Pts',(-13.9144926942885,27.6,-11.6130434393883));
#10435=CARTESIAN_POINT('Ctrl Pts',(-13.3420282281935,27.6,-11.6130434393883));
#10436=CARTESIAN_POINT('Ctrl Pts',(-13.0014496721327,27.6,-11.9753621935844));
#10437=CARTESIAN_POINT('',(-13.9144926942885,26.6,-11.6130434393883));
#10438=CARTESIAN_POINT('',(-13.9144926942885,27.6,-11.6130434393883));
#10439=CARTESIAN_POINT('Ctrl Pts',(-13.9144926942885,26.6,-11.6130434393883));
#10440=CARTESIAN_POINT('Ctrl Pts',(-13.3420282281935,26.6,-11.6130434393883));
#10441=CARTESIAN_POINT('Ctrl Pts',(-13.0014496721327,26.6,-11.9753621935844));
#10442=CARTESIAN_POINT('Ctrl Pts',(-14.791305629164,27.6,-11.953623187542));
#10443=CARTESIAN_POINT('Ctrl Pts',(-14.791305629164,26.6,-11.953623187542));
#10444=CARTESIAN_POINT('Ctrl Pts',(-14.4724636949599,27.6,-11.6130434393883));
#10445=CARTESIAN_POINT('Ctrl Pts',(-14.4724636949599,26.6,-11.6130434393883));
#10446=CARTESIAN_POINT('Ctrl Pts',(-13.9144926942885,27.6,-11.6130434393883));
#10447=CARTESIAN_POINT('Ctrl Pts',(-13.9144926942885,26.6,-11.6130434393883));
#10448=CARTESIAN_POINT('',(-14.791305629164,27.6,-11.953623187542));
#10449=CARTESIAN_POINT('Ctrl Pts',(-14.791305629164,27.6,-11.953623187542));
#10450=CARTESIAN_POINT('Ctrl Pts',(-14.4724636949599,27.6,-11.6130434393883));
#10451=CARTESIAN_POINT('Ctrl Pts',(-13.9144926942885,27.6,-11.6130434393883));
#10452=CARTESIAN_POINT('',(-14.791305629164,26.6,-11.953623187542));
#10453=CARTESIAN_POINT('',(-14.791305629164,27.6,-11.953623187542));
#10454=CARTESIAN_POINT('Ctrl Pts',(-14.791305629164,26.6,-11.953623187542));
#10455=CARTESIAN_POINT('Ctrl Pts',(-14.4724636949599,26.6,-11.6130434393883));
#10456=CARTESIAN_POINT('Ctrl Pts',(-13.9144926942885,26.6,-11.6130434393883));
#10457=CARTESIAN_POINT('Ctrl Pts',(-15.1173907198012,27.6,-12.9391302585602));
#10458=CARTESIAN_POINT('Ctrl Pts',(-15.1173907198012,26.6,-12.9391302585602));
#10459=CARTESIAN_POINT('Ctrl Pts',(-15.1173907198012,27.6,-12.2942029356956));
#10460=CARTESIAN_POINT('Ctrl Pts',(-15.1173907198012,26.6,-12.2942029356956));
#10461=CARTESIAN_POINT('Ctrl Pts',(-14.791305629164,27.6,-11.953623187542));
#10462=CARTESIAN_POINT('Ctrl Pts',(-14.791305629164,26.6,-11.953623187542));
#10463=CARTESIAN_POINT('',(-15.1173907198012,27.6,-12.9391302585602));
#10464=CARTESIAN_POINT('Ctrl Pts',(-15.1173907198012,27.6,-12.9391302585602));
#10465=CARTESIAN_POINT('Ctrl Pts',(-15.1173907198012,27.6,-12.2942029356956));
#10466=CARTESIAN_POINT('Ctrl Pts',(-14.791305629164,27.6,-11.953623187542));
#10467=CARTESIAN_POINT('',(-15.1173907198012,26.6,-12.9391302585602));
#10468=CARTESIAN_POINT('',(-15.1173907198012,27.6,-12.9391302585602));
#10469=CARTESIAN_POINT('Ctrl Pts',(-15.1173907198012,26.6,-12.9391302585602));
#10470=CARTESIAN_POINT('Ctrl Pts',(-15.1173907198012,26.6,-12.2942029356956));
#10471=CARTESIAN_POINT('Ctrl Pts',(-14.791305629164,26.6,-11.953623187542));
#10472=CARTESIAN_POINT('Origin',(-15.1173907198012,27.6,-15.2));
#10473=CARTESIAN_POINT('',(-15.1173907198012,27.6,-15.2));
#10474=CARTESIAN_POINT('',(-15.1173907198012,27.6,-7.6));
#10475=CARTESIAN_POINT('',(-15.1173907198012,26.6,-15.2));
#10476=CARTESIAN_POINT('',(-15.1173907198012,27.6,-15.2));
#10477=CARTESIAN_POINT('',(-15.1173907198012,26.6,-15.2));
#10478=CARTESIAN_POINT('Origin',(-15.6173926271498,27.6,-15.2));
#10479=CARTESIAN_POINT('',(-15.6173926271498,27.6,-15.2));
#10480=CARTESIAN_POINT('',(-25.4586963135749,27.6,-15.2));
#10481=CARTESIAN_POINT('',(-15.6173926271498,26.6,-15.2));
#10482=CARTESIAN_POINT('',(-15.6173926271498,27.6,-15.2));
#10483=CARTESIAN_POINT('',(-15.6173926271498,26.6,-15.2));
#10484=CARTESIAN_POINT('Origin',(-15.6173926271498,27.6,-12.8811593770981));
#10485=CARTESIAN_POINT('',(-15.6173926271498,27.6,-12.8811593770981));
#10486=CARTESIAN_POINT('',(-15.6173926271498,27.6,-6.44057968854904));
#10487=CARTESIAN_POINT('',(-15.6173926271498,26.6,-12.8811593770981));
#10488=CARTESIAN_POINT('',(-15.6173926271498,27.6,-12.8811593770981));
#10489=CARTESIAN_POINT('',(-15.6173926271498,26.6,-12.8811593770981));
#10490=CARTESIAN_POINT('Ctrl Pts',(-15.1681166566908,27.6,-11.6130434393883));
#10491=CARTESIAN_POINT('Ctrl Pts',(-15.1681166566908,26.6,-11.6130434393883));
#10492=CARTESIAN_POINT('Ctrl Pts',(-15.6173926271498,27.6,-12.0478259444237));
#10493=CARTESIAN_POINT('Ctrl Pts',(-15.6173926271498,26.6,-12.0478259444237));
#10494=CARTESIAN_POINT('Ctrl Pts',(-15.6173926271498,27.6,-12.8811593770981));
#10495=CARTESIAN_POINT('Ctrl Pts',(-15.6173926271498,26.6,-12.8811593770981));
#10496=CARTESIAN_POINT('',(-15.1681166566908,27.6,-11.6130434393883));
#10497=CARTESIAN_POINT('Ctrl Pts',(-15.1681166566908,27.6,-11.6130434393883));
#10498=CARTESIAN_POINT('Ctrl Pts',(-15.6173926271498,27.6,-12.0478259444237));
#10499=CARTESIAN_POINT('Ctrl Pts',(-15.6173926271498,27.6,-12.8811593770981));
#10500=CARTESIAN_POINT('',(-15.1681166566908,26.6,-11.6130434393883));
#10501=CARTESIAN_POINT('',(-15.1681166566908,27.6,-11.6130434393883));
#10502=CARTESIAN_POINT('Ctrl Pts',(-15.1681166566908,26.6,-11.6130434393883));
#10503=CARTESIAN_POINT('Ctrl Pts',(-15.6173926271498,26.6,-12.0478259444237));
#10504=CARTESIAN_POINT('Ctrl Pts',(-15.6173926271498,26.6,-12.8811593770981));
#10505=CARTESIAN_POINT('Ctrl Pts',(-14.0086966432631,27.6,-11.1710144996643));
#10506=CARTESIAN_POINT('Ctrl Pts',(-14.0086966432631,26.6,-11.1710144996643));
#10507=CARTESIAN_POINT('Ctrl Pts',(-14.7188406862318,27.6,-11.1710144996643));
#10508=CARTESIAN_POINT('Ctrl Pts',(-14.7188406862318,26.6,-11.1710144996643));
#10509=CARTESIAN_POINT('Ctrl Pts',(-15.1681166566908,27.6,-11.6130434393883));
#10510=CARTESIAN_POINT('Ctrl Pts',(-15.1681166566908,26.6,-11.6130434393883));
#10511=CARTESIAN_POINT('',(-14.0086966432631,27.6,-11.1710144996643));
#10512=CARTESIAN_POINT('Ctrl Pts',(-14.0086966432631,27.6,-11.1710144996643));
#10513=CARTESIAN_POINT('Ctrl Pts',(-14.7188406862318,27.6,-11.1710144996643));
#10514=CARTESIAN_POINT('Ctrl Pts',(-15.1681166566908,27.6,-11.6130434393883));
#10515=CARTESIAN_POINT('',(-14.0086966432631,26.6,-11.1710144996643));
#10516=CARTESIAN_POINT('',(-14.0086966432631,27.6,-11.1710144996643));
#10517=CARTESIAN_POINT('Ctrl Pts',(-14.0086966432631,26.6,-11.1710144996643));
#10518=CARTESIAN_POINT('Ctrl Pts',(-14.7188406862318,26.6,-11.1710144996643));
#10519=CARTESIAN_POINT('Ctrl Pts',(-15.1681166566908,26.6,-11.6130434393883));
#10520=CARTESIAN_POINT('Ctrl Pts',(-13.2043486513197,27.6,-11.3666664481163));
#10521=CARTESIAN_POINT('Ctrl Pts',(-13.2043486513197,26.6,-11.3666664481163));
#10522=CARTESIAN_POINT('Ctrl Pts',(-13.5594206728041,27.6,-11.1710144996643));
#10523=CARTESIAN_POINT('Ctrl Pts',(-13.5594206728041,26.6,-11.1710144996643));
#10524=CARTESIAN_POINT('Ctrl Pts',(-14.0086966432631,27.6,-11.1710144996643));
#10525=CARTESIAN_POINT('Ctrl Pts',(-14.0086966432631,26.6,-11.1710144996643));
#10526=CARTESIAN_POINT('Ctrl Pts',(-13.2043486513197,27.6,-11.3666664481163));
#10527=CARTESIAN_POINT('Ctrl Pts',(-13.5594206728041,27.6,-11.1710144996643));
#10528=CARTESIAN_POINT('Ctrl Pts',(-14.0086966432631,27.6,-11.1710144996643));
#10529=CARTESIAN_POINT('Ctrl Pts',(-13.2043486513197,26.6,-11.3666664481163));
#10530=CARTESIAN_POINT('Ctrl Pts',(-13.5594206728041,26.6,-11.1710144996643));
#10531=CARTESIAN_POINT('Ctrl Pts',(-14.0086966432631,26.6,-11.1710144996643));
#10532=CARTESIAN_POINT('Origin',(0.00941873006524041,26.6,-12.5043477535248));
#10533=CARTESIAN_POINT('Origin',(-16.7405825532973,27.6,-15.2));
#10534=CARTESIAN_POINT('',(-16.7405825532973,27.6,-15.2));
#10535=CARTESIAN_POINT('',(-16.7405825532973,27.6,-11.2434782505035));
#10536=CARTESIAN_POINT('',(-16.7405825532973,27.6,-7.6));
#10537=CARTESIAN_POINT('',(-16.7405825532973,26.6,-15.2));
#10538=CARTESIAN_POINT('',(-16.7405825532973,27.6,-15.2));
#10539=CARTESIAN_POINT('',(-16.7405825532973,26.6,-11.2434782505035));
#10540=CARTESIAN_POINT('',(-16.7405825532973,26.6,-15.2));
#10541=CARTESIAN_POINT('',(-16.7405825532973,27.6,-11.2434782505035));
#10542=CARTESIAN_POINT('Origin',(-17.2478323854506,27.6,-15.2));
#10543=CARTESIAN_POINT('',(-17.2478323854506,27.6,-15.2));
#10544=CARTESIAN_POINT('',(-26.2739161927253,27.6,-15.2));
#10545=CARTESIAN_POINT('',(-17.2478323854506,26.6,-15.2));
#10546=CARTESIAN_POINT('',(-17.2478323854506,27.6,-15.2));
#10547=CARTESIAN_POINT('',(-17.2478323854506,26.6,-15.2));
#10548=CARTESIAN_POINT('Origin',(-17.2478323854506,27.6,-11.2434782505035));
#10549=CARTESIAN_POINT('',(-17.2478323854506,27.6,-11.2434782505035));
#10550=CARTESIAN_POINT('',(-17.2478323854506,27.6,-5.62173912525177));
#10551=CARTESIAN_POINT('',(-17.2478323854506,26.6,-11.2434782505035));
#10552=CARTESIAN_POINT('',(-17.2478323854506,27.6,-11.2434782505035));
#10553=CARTESIAN_POINT('',(-17.2478323854506,26.6,-11.2434782505035));
#10554=CARTESIAN_POINT('Origin',(-16.7405825532973,27.6,-11.2434782505035));
#10555=CARTESIAN_POINT('',(-26.0202912766486,27.6,-11.2434782505035));
#10556=CARTESIAN_POINT('',(-16.7405825532973,26.6,-11.2434782505035));
#10557=CARTESIAN_POINT('Origin',(0.00941873006524041,26.6,-12.5043477535248));
#10558=CARTESIAN_POINT('Ctrl Pts',(-19.095652667433,27.6,-15.0115938901901));
#10559=CARTESIAN_POINT('Ctrl Pts',(-19.095652667433,26.6,-15.0115938901901));
#10560=CARTESIAN_POINT('Ctrl Pts',(-18.6608725465834,27.6,-14.7579707622528));
#10561=CARTESIAN_POINT('Ctrl Pts',(-18.6608725465834,26.6,-14.7579707622528));
#10562=CARTESIAN_POINT('Ctrl Pts',(-18.4144955553114,27.6,-14.3014492511749));
#10563=CARTESIAN_POINT('Ctrl Pts',(-18.4144955553114,26.6,-14.3014492511749));
#10564=CARTESIAN_POINT('',(-19.095652667433,27.6,-15.0115938901901));
#10565=CARTESIAN_POINT('',(-18.4144955553114,27.6,-14.3014492511749));
#10566=CARTESIAN_POINT('Ctrl Pts',(-19.095652667433,27.6,-15.0115938901901));
#10567=CARTESIAN_POINT('Ctrl Pts',(-18.6608725465834,27.6,-14.7579707622528));
#10568=CARTESIAN_POINT('Ctrl Pts',(-18.4144955553114,27.6,-14.3014492511749));
#10569=CARTESIAN_POINT('',(-19.095652667433,26.6,-15.0115938901901));
#10570=CARTESIAN_POINT('',(-19.095652667433,27.6,-15.0115938901901));
#10571=CARTESIAN_POINT('',(-18.4144955553114,26.6,-14.3014492511749));
#10572=CARTESIAN_POINT('Ctrl Pts',(-19.095652667433,26.6,-15.0115938901901));
#10573=CARTESIAN_POINT('Ctrl Pts',(-18.6608725465834,26.6,-14.7579707622528));
#10574=CARTESIAN_POINT('Ctrl Pts',(-18.4144955553114,26.6,-14.3014492511749));
#10575=CARTESIAN_POINT('',(-18.4144955553114,27.6,-14.3014492511749));
#10576=CARTESIAN_POINT('Ctrl Pts',(-20.0884085573256,27.6,-15.2579708814621));
#10577=CARTESIAN_POINT('Ctrl Pts',(-20.0884085573256,26.6,-15.2579708814621));
#10578=CARTESIAN_POINT('Ctrl Pts',(-19.5304375566542,27.6,-15.2579708814621));
#10579=CARTESIAN_POINT('Ctrl Pts',(-19.5304375566542,26.6,-15.2579708814621));
#10580=CARTESIAN_POINT('Ctrl Pts',(-19.095652667433,27.6,-15.0115938901901));
#10581=CARTESIAN_POINT('Ctrl Pts',(-19.095652667433,26.6,-15.0115938901901));
#10582=CARTESIAN_POINT('',(-20.0884085573256,27.6,-15.2579708814621));
#10583=CARTESIAN_POINT('Ctrl Pts',(-20.0884085573256,27.6,-15.2579708814621));
#10584=CARTESIAN_POINT('Ctrl Pts',(-19.5304375566542,27.6,-15.2579708814621));
#10585=CARTESIAN_POINT('Ctrl Pts',(-19.095652667433,27.6,-15.0115938901901));
#10586=CARTESIAN_POINT('',(-20.0884085573256,26.6,-15.2579708814621));
#10587=CARTESIAN_POINT('',(-20.0884085573256,27.6,-15.2579708814621));
#10588=CARTESIAN_POINT('Ctrl Pts',(-20.0884085573256,26.6,-15.2579708814621));
#10589=CARTESIAN_POINT('Ctrl Pts',(-19.5304375566542,26.6,-15.2579708814621));
#10590=CARTESIAN_POINT('Ctrl Pts',(-19.095652667433,26.6,-15.0115938901901));
#10591=CARTESIAN_POINT('Ctrl Pts',(-21.2913065828383,27.6,-14.8884059906006));
#10592=CARTESIAN_POINT('Ctrl Pts',(-21.2913065828383,26.6,-14.8884059906006));
#10593=CARTESIAN_POINT('Ctrl Pts',(-20.8130436815321,27.6,-15.2579708814621));
#10594=CARTESIAN_POINT('Ctrl Pts',(-20.8130436815321,26.6,-15.2579708814621));
#10595=CARTESIAN_POINT('Ctrl Pts',(-20.0884085573256,27.6,-15.2579708814621));
#10596=CARTESIAN_POINT('Ctrl Pts',(-20.0884085573256,26.6,-15.2579708814621));
#10597=CARTESIAN_POINT('',(-21.2913065828383,27.6,-14.8884059906006));
#10598=CARTESIAN_POINT('Ctrl Pts',(-21.2913065828383,27.6,-14.8884059906006));
#10599=CARTESIAN_POINT('Ctrl Pts',(-20.8130436815321,27.6,-15.2579708814621));
#10600=CARTESIAN_POINT('Ctrl Pts',(-20.0884085573256,27.6,-15.2579708814621));
#10601=CARTESIAN_POINT('',(-21.2913065828383,26.6,-14.8884059906006));
#10602=CARTESIAN_POINT('',(-21.2913065828383,27.6,-14.8884059906006));
#10603=CARTESIAN_POINT('Ctrl Pts',(-21.2913065828383,26.6,-14.8884059906006));
#10604=CARTESIAN_POINT('Ctrl Pts',(-20.8130436815321,26.6,-15.2579708814621));
#10605=CARTESIAN_POINT('Ctrl Pts',(-20.0884085573256,26.6,-15.2579708814621));
#10606=CARTESIAN_POINT('Ctrl Pts',(-21.9072466768324,27.6,-13.9101447582245));
#10607=CARTESIAN_POINT('Ctrl Pts',(-21.9072466768324,26.6,-13.9101447582245));
#10608=CARTESIAN_POINT('Ctrl Pts',(-21.7695647157729,27.6,-14.5188405036926));
#10609=CARTESIAN_POINT('Ctrl Pts',(-21.7695647157729,26.6,-14.5188405036926));
#10610=CARTESIAN_POINT('Ctrl Pts',(-21.2913065828383,27.6,-14.8884059906006));
#10611=CARTESIAN_POINT('Ctrl Pts',(-21.2913065828383,26.6,-14.8884059906006));
#10612=CARTESIAN_POINT('',(-21.9072466768324,27.6,-13.9101447582245));
#10613=CARTESIAN_POINT('Ctrl Pts',(-21.9072466768324,27.6,-13.9101447582245));
#10614=CARTESIAN_POINT('Ctrl Pts',(-21.7695647157729,27.6,-14.5188405036926));
#10615=CARTESIAN_POINT('Ctrl Pts',(-21.2913065828383,27.6,-14.8884059906006));
#10616=CARTESIAN_POINT('',(-21.9072466768324,26.6,-13.9101447582245));
#10617=CARTESIAN_POINT('',(-21.9072466768324,27.6,-13.9101447582245));
#10618=CARTESIAN_POINT('Ctrl Pts',(-21.9072466768324,26.6,-13.9101447582245));
#10619=CARTESIAN_POINT('Ctrl Pts',(-21.7695647157729,26.6,-14.5188405036926));
#10620=CARTESIAN_POINT('Ctrl Pts',(-21.2913065828383,26.6,-14.8884059906006));
#10621=CARTESIAN_POINT('Origin',(-21.3637715257704,27.6,-13.9101447582245));
#10622=CARTESIAN_POINT('',(-21.3637715257704,27.6,-13.9101447582245));
#10623=CARTESIAN_POINT('',(-28.3318857628852,27.6,-13.9101447582245));
#10624=CARTESIAN_POINT('',(-21.3637715257704,26.6,-13.9101447582245));
#10625=CARTESIAN_POINT('',(-21.3637715257704,27.6,-13.9101447582245));
#10626=CARTESIAN_POINT('',(-21.3637715257704,26.6,-13.9101447582245));
#10627=CARTESIAN_POINT('Ctrl Pts',(-20.9217387117445,27.6,-14.5913042545319));
#10628=CARTESIAN_POINT('Ctrl Pts',(-20.9217387117445,26.6,-14.5913042545319));
#10629=CARTESIAN_POINT('Ctrl Pts',(-21.2623196519911,27.6,-14.3449272632599));
#10630=CARTESIAN_POINT('Ctrl Pts',(-21.2623196519911,26.6,-14.3449272632599));
#10631=CARTESIAN_POINT('Ctrl Pts',(-21.3637715257704,27.6,-13.9101447582245));
#10632=CARTESIAN_POINT('Ctrl Pts',(-21.3637715257704,26.6,-13.9101447582245));
#10633=CARTESIAN_POINT('',(-20.9217387117445,27.6,-14.5913042545319));
#10634=CARTESIAN_POINT('Ctrl Pts',(-20.9217387117445,27.6,-14.5913042545319));
#10635=CARTESIAN_POINT('Ctrl Pts',(-21.2623196519911,27.6,-14.3449272632599));
#10636=CARTESIAN_POINT('Ctrl Pts',(-21.3637715257704,27.6,-13.9101447582245));
#10637=CARTESIAN_POINT('',(-20.9217387117445,26.6,-14.5913042545319));
#10638=CARTESIAN_POINT('',(-20.9217387117445,27.6,-14.5913042545319));
#10639=CARTESIAN_POINT('Ctrl Pts',(-20.9217387117445,26.6,-14.5913042545319));
#10640=CARTESIAN_POINT('Ctrl Pts',(-21.2623196519911,26.6,-14.3449272632599));
#10641=CARTESIAN_POINT('Ctrl Pts',(-21.3637715257704,26.6,-13.9101447582245));
#10642=CARTESIAN_POINT('Ctrl Pts',(-20.0884085573256,27.6,-14.830434513092));
#10643=CARTESIAN_POINT('Ctrl Pts',(-20.0884085573256,26.6,-14.830434513092));
#10644=CARTESIAN_POINT('Ctrl Pts',(-20.5884056963026,27.6,-14.830434513092));
#10645=CARTESIAN_POINT('Ctrl Pts',(-20.5884056963026,26.6,-14.830434513092));
#10646=CARTESIAN_POINT('Ctrl Pts',(-20.9217387117445,27.6,-14.5913042545319));
#10647=CARTESIAN_POINT('Ctrl Pts',(-20.9217387117445,26.6,-14.5913042545319));
#10648=CARTESIAN_POINT('',(-20.0884085573256,27.6,-14.830434513092));
#10649=CARTESIAN_POINT('Ctrl Pts',(-20.0884085573256,27.6,-14.830434513092));
#10650=CARTESIAN_POINT('Ctrl Pts',(-20.5884056963026,27.6,-14.830434513092));
#10651=CARTESIAN_POINT('Ctrl Pts',(-20.9217387117445,27.6,-14.5913042545319));
#10652=CARTESIAN_POINT('',(-20.0884085573256,26.6,-14.830434513092));
#10653=CARTESIAN_POINT('',(-20.0884085573256,27.6,-14.830434513092));
#10654=CARTESIAN_POINT('Ctrl Pts',(-20.0884085573256,26.6,-14.830434513092));
#10655=CARTESIAN_POINT('Ctrl Pts',(-20.5884056963026,26.6,-14.830434513092));
#10656=CARTESIAN_POINT('Ctrl Pts',(-20.9217387117445,26.6,-14.5913042545319));
#10657=CARTESIAN_POINT('Ctrl Pts',(-19.3710165895521,27.6,-14.649275135994));
#10658=CARTESIAN_POINT('Ctrl Pts',(-19.3710165895521,26.6,-14.649275135994));
#10659=CARTESIAN_POINT('Ctrl Pts',(-19.6898585237563,27.6,-14.830434513092));
#10660=CARTESIAN_POINT('Ctrl Pts',(-19.6898585237563,26.6,-14.830434513092));
#10661=CARTESIAN_POINT('Ctrl Pts',(-20.0884085573256,27.6,-14.830434513092));
#10662=CARTESIAN_POINT('Ctrl Pts',(-20.0884085573256,26.6,-14.830434513092));
#10663=CARTESIAN_POINT('',(-19.3710165895521,27.6,-14.649275135994));
#10664=CARTESIAN_POINT('Ctrl Pts',(-19.3710165895521,27.6,-14.649275135994));
#10665=CARTESIAN_POINT('Ctrl Pts',(-19.6898585237563,27.6,-14.830434513092));
#10666=CARTESIAN_POINT('Ctrl Pts',(-20.0884085573256,27.6,-14.830434513092));
#10667=CARTESIAN_POINT('',(-19.3710165895521,26.6,-14.649275135994));
#10668=CARTESIAN_POINT('',(-19.3710165895521,27.6,-14.649275135994));
#10669=CARTESIAN_POINT('Ctrl Pts',(-19.3710165895521,26.6,-14.649275135994));
#10670=CARTESIAN_POINT('Ctrl Pts',(-19.6898585237563,26.6,-14.830434513092));
#10671=CARTESIAN_POINT('Ctrl Pts',(-20.0884085573256,26.6,-14.830434513092));
#10672=CARTESIAN_POINT('Ctrl Pts',(-18.8637715257704,27.6,-14.1057970046997));
#10673=CARTESIAN_POINT('Ctrl Pts',(-18.8637715257704,26.6,-14.1057970046997));
#10674=CARTESIAN_POINT('Ctrl Pts',(-19.052174655348,27.6,-14.4681157588959));
#10675=CARTESIAN_POINT('Ctrl Pts',(-19.052174655348,26.6,-14.4681157588959));
#10676=CARTESIAN_POINT('Ctrl Pts',(-19.3710165895521,27.6,-14.649275135994));
#10677=CARTESIAN_POINT('Ctrl Pts',(-19.3710165895521,26.6,-14.649275135994));
#10678=CARTESIAN_POINT('',(-18.8637715257704,27.6,-14.1057970046997));
#10679=CARTESIAN_POINT('Ctrl Pts',(-18.8637715257704,27.6,-14.1057970046997));
#10680=CARTESIAN_POINT('Ctrl Pts',(-19.052174655348,27.6,-14.4681157588959));
#10681=CARTESIAN_POINT('Ctrl Pts',(-19.3710165895521,27.6,-14.649275135994));
#10682=CARTESIAN_POINT('',(-18.8637715257704,26.6,-14.1057970046997));
#10683=CARTESIAN_POINT('',(-18.8637715257704,27.6,-14.1057970046997));
#10684=CARTESIAN_POINT('Ctrl Pts',(-18.8637715257704,26.6,-14.1057970046997));
#10685=CARTESIAN_POINT('Ctrl Pts',(-19.052174655348,26.6,-14.4681157588959));
#10686=CARTESIAN_POINT('Ctrl Pts',(-19.3710165895521,26.6,-14.649275135994));
#10687=CARTESIAN_POINT('Ctrl Pts',(-18.6826115526259,27.6,-13.2217391252518));
#10688=CARTESIAN_POINT('Ctrl Pts',(-18.6826115526259,26.6,-13.2217391252518));
#10689=CARTESIAN_POINT('Ctrl Pts',(-18.6826115526259,27.6,-13.7434782505035));
#10690=CARTESIAN_POINT('Ctrl Pts',(-18.6826115526259,26.6,-13.7434782505035));
#10691=CARTESIAN_POINT('Ctrl Pts',(-18.8637715257704,27.6,-14.1057970046997));
#10692=CARTESIAN_POINT('Ctrl Pts',(-18.8637715257704,26.6,-14.1057970046997));
#10693=CARTESIAN_POINT('',(-18.6826115526259,27.6,-13.2217391252518));
#10694=CARTESIAN_POINT('Ctrl Pts',(-18.6826115526259,27.6,-13.2217391252518));
#10695=CARTESIAN_POINT('Ctrl Pts',(-18.6826115526259,27.6,-13.7434782505035));
#10696=CARTESIAN_POINT('Ctrl Pts',(-18.8637715257704,27.6,-14.1057970046997));
#10697=CARTESIAN_POINT('',(-18.6826115526259,26.6,-13.2217391252518));
#10698=CARTESIAN_POINT('',(-18.6826115526259,27.6,-13.2217391252518));
#10699=CARTESIAN_POINT('Ctrl Pts',(-18.6826115526259,26.6,-13.2217391252518));
#10700=CARTESIAN_POINT('Ctrl Pts',(-18.6826115526259,26.6,-13.7434782505035));
#10701=CARTESIAN_POINT('Ctrl Pts',(-18.8637715257704,26.6,-14.1057970046997));
#10702=CARTESIAN_POINT('Ctrl Pts',(-18.8637715257704,27.6,-12.3449273824692));
#10703=CARTESIAN_POINT('Ctrl Pts',(-18.8637715257704,26.6,-12.3449273824692));
#10704=CARTESIAN_POINT('Ctrl Pts',(-18.6826115526259,27.6,-12.7));
#10705=CARTESIAN_POINT('Ctrl Pts',(-18.6826115526259,26.6,-12.7));
#10706=CARTESIAN_POINT('Ctrl Pts',(-18.6826115526259,27.6,-13.2217391252518));
#10707=CARTESIAN_POINT('Ctrl Pts',(-18.6826115526259,26.6,-13.2217391252518));
#10708=CARTESIAN_POINT('',(-18.8637715257704,27.6,-12.3449273824692));
#10709=CARTESIAN_POINT('Ctrl Pts',(-18.8637715257704,27.6,-12.3449273824692));
#10710=CARTESIAN_POINT('Ctrl Pts',(-18.6826115526259,27.6,-12.7));
#10711=CARTESIAN_POINT('Ctrl Pts',(-18.6826115526259,27.6,-13.2217391252518));
#10712=CARTESIAN_POINT('',(-18.8637715257704,26.6,-12.3449273824692));
#10713=CARTESIAN_POINT('',(-18.8637715257704,27.6,-12.3449273824692));
#10714=CARTESIAN_POINT('Ctrl Pts',(-18.8637715257704,26.6,-12.3449273824692));
#10715=CARTESIAN_POINT('Ctrl Pts',(-18.6826115526259,26.6,-12.7));
#10716=CARTESIAN_POINT('Ctrl Pts',(-18.6826115526259,26.6,-13.2217391252518));
#10717=CARTESIAN_POINT('Ctrl Pts',(-19.3710165895521,27.6,-11.8014492511749));
#10718=CARTESIAN_POINT('Ctrl Pts',(-19.3710165895521,26.6,-11.8014492511749));
#10719=CARTESIAN_POINT('Ctrl Pts',(-19.052174655348,27.6,-11.982608628273));
#10720=CARTESIAN_POINT('Ctrl Pts',(-19.052174655348,26.6,-11.982608628273));
#10721=CARTESIAN_POINT('Ctrl Pts',(-18.8637715257704,27.6,-12.3449273824692));
#10722=CARTESIAN_POINT('Ctrl Pts',(-18.8637715257704,26.6,-12.3449273824692));
#10723=CARTESIAN_POINT('',(-19.3710165895521,27.6,-11.8014492511749));
#10724=CARTESIAN_POINT('Ctrl Pts',(-19.3710165895521,27.6,-11.8014492511749));
#10725=CARTESIAN_POINT('Ctrl Pts',(-19.052174655348,27.6,-11.982608628273));
#10726=CARTESIAN_POINT('Ctrl Pts',(-18.8637715257704,27.6,-12.3449273824692));
#10727=CARTESIAN_POINT('',(-19.3710165895521,26.6,-11.8014492511749));
#10728=CARTESIAN_POINT('',(-19.3710165895521,27.6,-11.8014492511749));
#10729=CARTESIAN_POINT('Ctrl Pts',(-19.3710165895521,26.6,-11.8014492511749));
#10730=CARTESIAN_POINT('Ctrl Pts',(-19.052174655348,26.6,-11.982608628273));
#10731=CARTESIAN_POINT('Ctrl Pts',(-18.8637715257704,26.6,-12.3449273824692));
#10732=CARTESIAN_POINT('Ctrl Pts',(-20.0884085573256,27.6,-11.6202898740768));
#10733=CARTESIAN_POINT('Ctrl Pts',(-20.0884085573256,26.6,-11.6202898740768));
#10734=CARTESIAN_POINT('Ctrl Pts',(-19.6898585237563,27.6,-11.6202898740768));
#10735=CARTESIAN_POINT('Ctrl Pts',(-19.6898585237563,26.6,-11.6202898740768));
#10736=CARTESIAN_POINT('Ctrl Pts',(-19.3710165895521,27.6,-11.8014492511749));
#10737=CARTESIAN_POINT('Ctrl Pts',(-19.3710165895521,26.6,-11.8014492511749));
#10738=CARTESIAN_POINT('',(-20.0884085573256,27.6,-11.6202898740768));
#10739=CARTESIAN_POINT('Ctrl Pts',(-20.0884085573256,27.6,-11.6202898740768));
#10740=CARTESIAN_POINT('Ctrl Pts',(-19.6898585237563,27.6,-11.6202898740768));
#10741=CARTESIAN_POINT('Ctrl Pts',(-19.3710165895521,27.6,-11.8014492511749));
#10742=CARTESIAN_POINT('',(-20.0884085573256,26.6,-11.6202898740768));
#10743=CARTESIAN_POINT('',(-20.0884085573256,27.6,-11.6202898740768));
#10744=CARTESIAN_POINT('Ctrl Pts',(-20.0884085573256,26.6,-11.6202898740768));
#10745=CARTESIAN_POINT('Ctrl Pts',(-19.6898585237563,26.6,-11.6202898740768));
#10746=CARTESIAN_POINT('Ctrl Pts',(-19.3710165895521,26.6,-11.8014492511749));
#10747=CARTESIAN_POINT('Ctrl Pts',(-20.9217387117445,27.6,-11.8666665673256));
#10748=CARTESIAN_POINT('Ctrl Pts',(-20.9217387117445,26.6,-11.8666665673256));
#10749=CARTESIAN_POINT('Ctrl Pts',(-20.5884056963026,27.6,-11.6202898740768));
#10750=CARTESIAN_POINT('Ctrl Pts',(-20.5884056963026,26.6,-11.6202898740768));
#10751=CARTESIAN_POINT('Ctrl Pts',(-20.0884085573256,27.6,-11.6202898740768));
#10752=CARTESIAN_POINT('Ctrl Pts',(-20.0884085573256,26.6,-11.6202898740768));
#10753=CARTESIAN_POINT('',(-20.9217387117445,27.6,-11.8666665673256));
#10754=CARTESIAN_POINT('Ctrl Pts',(-20.9217387117445,27.6,-11.8666665673256));
#10755=CARTESIAN_POINT('Ctrl Pts',(-20.5884056963026,27.6,-11.6202898740768));
#10756=CARTESIAN_POINT('Ctrl Pts',(-20.0884085573256,27.6,-11.6202898740768));
#10757=CARTESIAN_POINT('',(-20.9217387117445,26.6,-11.8666665673256));
#10758=CARTESIAN_POINT('',(-20.9217387117445,27.6,-11.8666665673256));
#10759=CARTESIAN_POINT('Ctrl Pts',(-20.9217387117445,26.6,-11.8666665673256));
#10760=CARTESIAN_POINT('Ctrl Pts',(-20.5884056963026,26.6,-11.6202898740768));
#10761=CARTESIAN_POINT('Ctrl Pts',(-20.0884085573256,26.6,-11.6202898740768));
#10762=CARTESIAN_POINT('Ctrl Pts',(-21.3637715257704,27.6,-12.5333331942558));
#10763=CARTESIAN_POINT('Ctrl Pts',(-21.3637715257704,26.6,-12.5333331942558));
#10764=CARTESIAN_POINT('Ctrl Pts',(-21.2623196519911,27.6,-12.105797123909));
#10765=CARTESIAN_POINT('Ctrl Pts',(-21.2623196519911,26.6,-12.105797123909));
#10766=CARTESIAN_POINT('Ctrl Pts',(-20.9217387117445,27.6,-11.8666665673256));
#10767=CARTESIAN_POINT('Ctrl Pts',(-20.9217387117445,26.6,-11.8666665673256));
#10768=CARTESIAN_POINT('',(-21.3637715257704,27.6,-12.5333331942558));
#10769=CARTESIAN_POINT('Ctrl Pts',(-21.3637715257704,27.6,-12.5333331942558));
#10770=CARTESIAN_POINT('Ctrl Pts',(-21.2623196519911,27.6,-12.105797123909));
#10771=CARTESIAN_POINT('Ctrl Pts',(-20.9217387117445,27.6,-11.8666665673256));
#10772=CARTESIAN_POINT('',(-21.3637715257704,26.6,-12.5333331942558));
#10773=CARTESIAN_POINT('',(-21.3637715257704,27.6,-12.5333331942558));
#10774=CARTESIAN_POINT('Ctrl Pts',(-21.3637715257704,26.6,-12.5333331942558));
#10775=CARTESIAN_POINT('Ctrl Pts',(-21.2623196519911,26.6,-12.105797123909));
#10776=CARTESIAN_POINT('Ctrl Pts',(-20.9217387117445,26.6,-11.8666665673256));
#10777=CARTESIAN_POINT('Origin',(-21.9072466768324,27.6,-12.5333331942558));
#10778=CARTESIAN_POINT('',(-21.9072466768324,27.6,-12.5333331942558));
#10779=CARTESIAN_POINT('',(-28.6036233384162,27.6,-12.5333331942558));
#10780=CARTESIAN_POINT('',(-21.9072466768324,26.6,-12.5333331942558));
#10781=CARTESIAN_POINT('',(-21.9072466768324,27.6,-12.5333331942558));
#10782=CARTESIAN_POINT('',(-21.9072466768324,26.6,-12.5333331942558));
#10783=CARTESIAN_POINT('Ctrl Pts',(-21.2913065828383,27.6,-11.5478258252144));
#10784=CARTESIAN_POINT('Ctrl Pts',(-21.2913065828383,26.6,-11.5478258252144));
#10785=CARTESIAN_POINT('Ctrl Pts',(-21.7695647157729,27.6,-11.9101448774338));
#10786=CARTESIAN_POINT('Ctrl Pts',(-21.7695647157729,26.6,-11.9101448774338));
#10787=CARTESIAN_POINT('Ctrl Pts',(-21.9072466768324,27.6,-12.5333331942558));
#10788=CARTESIAN_POINT('Ctrl Pts',(-21.9072466768324,26.6,-12.5333331942558));
#10789=CARTESIAN_POINT('',(-21.2913065828383,27.6,-11.5478258252144));
#10790=CARTESIAN_POINT('Ctrl Pts',(-21.2913065828383,27.6,-11.5478258252144));
#10791=CARTESIAN_POINT('Ctrl Pts',(-21.7695647157729,27.6,-11.9101448774338));
#10792=CARTESIAN_POINT('Ctrl Pts',(-21.9072466768324,27.6,-12.5333331942558));
#10793=CARTESIAN_POINT('',(-21.2913065828383,26.6,-11.5478258252144));
#10794=CARTESIAN_POINT('',(-21.2913065828383,27.6,-11.5478258252144));
#10795=CARTESIAN_POINT('Ctrl Pts',(-21.2913065828383,26.6,-11.5478258252144));
#10796=CARTESIAN_POINT('Ctrl Pts',(-21.7695647157729,26.6,-11.9101448774338));
#10797=CARTESIAN_POINT('Ctrl Pts',(-21.9072466768324,26.6,-12.5333331942558));
#10798=CARTESIAN_POINT('Ctrl Pts',(-20.0884085573256,27.6,-11.1855070710182));
#10799=CARTESIAN_POINT('Ctrl Pts',(-20.0884085573256,26.6,-11.1855070710182));
#10800=CARTESIAN_POINT('Ctrl Pts',(-20.8202916063368,27.6,-11.1855070710182));
#10801=CARTESIAN_POINT('Ctrl Pts',(-20.8202916063368,26.6,-11.1855070710182));
#10802=CARTESIAN_POINT('Ctrl Pts',(-21.2913065828383,27.6,-11.5478258252144));
#10803=CARTESIAN_POINT('Ctrl Pts',(-21.2913065828383,26.6,-11.5478258252144));
#10804=CARTESIAN_POINT('',(-20.0884085573256,27.6,-11.1855070710182));
#10805=CARTESIAN_POINT('Ctrl Pts',(-20.0884085573256,27.6,-11.1855070710182));
#10806=CARTESIAN_POINT('Ctrl Pts',(-20.8202916063368,27.6,-11.1855070710182));
#10807=CARTESIAN_POINT('Ctrl Pts',(-21.2913065828383,27.6,-11.5478258252144));
#10808=CARTESIAN_POINT('',(-20.0884085573256,26.6,-11.1855070710182));
#10809=CARTESIAN_POINT('',(-20.0884085573256,27.6,-11.1855070710182));
#10810=CARTESIAN_POINT('Ctrl Pts',(-20.0884085573256,26.6,-11.1855070710182));
#10811=CARTESIAN_POINT('Ctrl Pts',(-20.8202916063368,26.6,-11.1855070710182));
#10812=CARTESIAN_POINT('Ctrl Pts',(-21.2913065828383,26.6,-11.5478258252144));
#10813=CARTESIAN_POINT('Ctrl Pts',(-19.095652667433,27.6,-11.4391301989555));
#10814=CARTESIAN_POINT('Ctrl Pts',(-19.095652667433,26.6,-11.4391301989555));
#10815=CARTESIAN_POINT('Ctrl Pts',(-19.5304375566542,27.6,-11.1855070710182));
#10816=CARTESIAN_POINT('Ctrl Pts',(-19.5304375566542,26.6,-11.1855070710182));
#10817=CARTESIAN_POINT('Ctrl Pts',(-20.0884085573256,27.6,-11.1855070710182));
#10818=CARTESIAN_POINT('Ctrl Pts',(-20.0884085573256,26.6,-11.1855070710182));
#10819=CARTESIAN_POINT('',(-19.095652667433,27.6,-11.4391301989555));
#10820=CARTESIAN_POINT('Ctrl Pts',(-19.095652667433,27.6,-11.4391301989555));
#10821=CARTESIAN_POINT('Ctrl Pts',(-19.5304375566542,27.6,-11.1855070710182));
#10822=CARTESIAN_POINT('Ctrl Pts',(-20.0884085573256,27.6,-11.1855070710182));
#10823=CARTESIAN_POINT('',(-19.095652667433,26.6,-11.4391301989555));
#10824=CARTESIAN_POINT('',(-19.095652667433,27.6,-11.4391301989555));
#10825=CARTESIAN_POINT('Ctrl Pts',(-19.095652667433,26.6,-11.4391301989555));
#10826=CARTESIAN_POINT('Ctrl Pts',(-19.5304375566542,26.6,-11.1855070710182));
#10827=CARTESIAN_POINT('Ctrl Pts',(-20.0884085573256,26.6,-11.1855070710182));
#10828=CARTESIAN_POINT('Ctrl Pts',(-18.4144955553114,27.6,-12.149275135994));
#10829=CARTESIAN_POINT('Ctrl Pts',(-18.4144955553114,26.6,-12.149275135994));
#10830=CARTESIAN_POINT('Ctrl Pts',(-18.6608725465834,27.6,-11.6855071902275));
#10831=CARTESIAN_POINT('Ctrl Pts',(-18.6608725465834,26.6,-11.6855071902275));
#10832=CARTESIAN_POINT('Ctrl Pts',(-19.095652667433,27.6,-11.4391301989555));
#10833=CARTESIAN_POINT('Ctrl Pts',(-19.095652667433,26.6,-11.4391301989555));
#10834=CARTESIAN_POINT('',(-18.4144955553114,27.6,-12.149275135994));
#10835=CARTESIAN_POINT('Ctrl Pts',(-18.4144955553114,27.6,-12.149275135994));
#10836=CARTESIAN_POINT('Ctrl Pts',(-18.6608725465834,27.6,-11.6855071902275));
#10837=CARTESIAN_POINT('Ctrl Pts',(-19.095652667433,27.6,-11.4391301989555));
#10838=CARTESIAN_POINT('',(-18.4144955553114,26.6,-12.149275135994));
#10839=CARTESIAN_POINT('',(-18.4144955553114,27.6,-12.149275135994));
#10840=CARTESIAN_POINT('Ctrl Pts',(-18.4144955553114,26.6,-12.149275135994));
#10841=CARTESIAN_POINT('Ctrl Pts',(-18.6608725465834,26.6,-11.6855071902275));
#10842=CARTESIAN_POINT('Ctrl Pts',(-19.095652667433,26.6,-11.4391301989555));
#10843=CARTESIAN_POINT('Ctrl Pts',(-18.1681185640395,27.6,-13.2217391252518));
#10844=CARTESIAN_POINT('Ctrl Pts',(-18.1681185640395,26.6,-13.2217391252518));
#10845=CARTESIAN_POINT('Ctrl Pts',(-18.1681185640395,27.6,-12.6057966470718));
#10846=CARTESIAN_POINT('Ctrl Pts',(-18.1681185640395,26.6,-12.6057966470718));
#10847=CARTESIAN_POINT('Ctrl Pts',(-18.4144955553114,27.6,-12.149275135994));
#10848=CARTESIAN_POINT('Ctrl Pts',(-18.4144955553114,26.6,-12.149275135994));
#10849=CARTESIAN_POINT('',(-18.1681185640395,27.6,-13.2217391252518));
#10850=CARTESIAN_POINT('Ctrl Pts',(-18.1681185640395,27.6,-13.2217391252518));
#10851=CARTESIAN_POINT('Ctrl Pts',(-18.1681185640395,27.6,-12.6057966470718));
#10852=CARTESIAN_POINT('Ctrl Pts',(-18.4144955553114,27.6,-12.149275135994));
#10853=CARTESIAN_POINT('',(-18.1681185640395,26.6,-13.2217391252518));
#10854=CARTESIAN_POINT('',(-18.1681185640395,27.6,-13.2217391252518));
#10855=CARTESIAN_POINT('Ctrl Pts',(-18.1681185640395,26.6,-13.2217391252518));
#10856=CARTESIAN_POINT('Ctrl Pts',(-18.1681185640395,26.6,-12.6057966470718));
#10857=CARTESIAN_POINT('Ctrl Pts',(-18.4144955553114,26.6,-12.149275135994));
#10858=CARTESIAN_POINT('Ctrl Pts',(-18.4144955553114,27.6,-14.3014492511749));
#10859=CARTESIAN_POINT('Ctrl Pts',(-18.4144955553114,26.6,-14.3014492511749));
#10860=CARTESIAN_POINT('Ctrl Pts',(-18.1681185640395,27.6,-13.8376810073853));
#10861=CARTESIAN_POINT('Ctrl Pts',(-18.1681185640395,26.6,-13.8376810073853));
#10862=CARTESIAN_POINT('Ctrl Pts',(-18.1681185640395,27.6,-13.2217391252518));
#10863=CARTESIAN_POINT('Ctrl Pts',(-18.1681185640395,26.6,-13.2217391252518));
#10864=CARTESIAN_POINT('Ctrl Pts',(-18.4144955553114,27.6,-14.3014492511749));
#10865=CARTESIAN_POINT('Ctrl Pts',(-18.1681185640395,27.6,-13.8376810073853));
#10866=CARTESIAN_POINT('Ctrl Pts',(-18.1681185640395,27.6,-13.2217391252518));
#10867=CARTESIAN_POINT('Ctrl Pts',(-18.4144955553114,26.6,-14.3014492511749));
#10868=CARTESIAN_POINT('Ctrl Pts',(-18.1681185640395,26.6,-13.8376810073853));
#10869=CARTESIAN_POINT('Ctrl Pts',(-18.1681185640395,26.6,-13.2217391252518));
#10870=CARTESIAN_POINT('Origin',(0.00941873006524041,26.6,-12.5043477535248));
#10871=CARTESIAN_POINT('Ctrl Pts',(-17.3637705720961,27.6,-10.120289516449));
#10872=CARTESIAN_POINT('Ctrl Pts',(-17.3637705720961,26.6,-10.120289516449));
#10873=CARTESIAN_POINT('Ctrl Pts',(-17.3637705720961,27.6,-10.2797098875046));
#10874=CARTESIAN_POINT('Ctrl Pts',(-17.3637705720961,26.6,-10.2797098875046));
#10875=CARTESIAN_POINT('Ctrl Pts',(-17.2550755418837,27.6,-10.3884055137634));
#10876=CARTESIAN_POINT('Ctrl Pts',(-17.2550755418837,26.6,-10.3884055137634));
#10877=CARTESIAN_POINT('',(-17.3637705720961,27.6,-10.120289516449));
#10878=CARTESIAN_POINT('',(-17.2550755418837,27.6,-10.3884055137634));
#10879=CARTESIAN_POINT('Ctrl Pts',(-17.3637705720961,27.6,-10.120289516449));
#10880=CARTESIAN_POINT('Ctrl Pts',(-17.3637705720961,27.6,-10.2797098875046));
#10881=CARTESIAN_POINT('Ctrl Pts',(-17.2550755418837,27.6,-10.3884055137634));
#10882=CARTESIAN_POINT('',(-17.3637705720961,26.6,-10.120289516449));
#10883=CARTESIAN_POINT('',(-17.3637705720961,27.6,-10.120289516449));
#10884=CARTESIAN_POINT('',(-17.2550755418837,26.6,-10.3884055137634));
#10885=CARTESIAN_POINT('Ctrl Pts',(-17.3637705720961,26.6,-10.120289516449));
#10886=CARTESIAN_POINT('Ctrl Pts',(-17.3637705720961,26.6,-10.2797098875046));
#10887=CARTESIAN_POINT('Ctrl Pts',(-17.2550755418837,26.6,-10.3884055137634));
#10888=CARTESIAN_POINT('',(-17.2550755418837,27.6,-10.3884055137634));
#10889=CARTESIAN_POINT('Ctrl Pts',(-17.2550755418837,27.6,-9.85942025184631));
#10890=CARTESIAN_POINT('Ctrl Pts',(-17.2550755418837,26.6,-9.85942025184631));
#10891=CARTESIAN_POINT('Ctrl Pts',(-17.3637705720961,27.6,-9.96086914539337));
#10892=CARTESIAN_POINT('Ctrl Pts',(-17.3637705720961,26.6,-9.96086914539337));
#10893=CARTESIAN_POINT('Ctrl Pts',(-17.3637705720961,27.6,-10.120289516449));
#10894=CARTESIAN_POINT('Ctrl Pts',(-17.3637705720961,26.6,-10.120289516449));
#10895=CARTESIAN_POINT('',(-17.2550755418837,27.6,-9.85942025184631));
#10896=CARTESIAN_POINT('Ctrl Pts',(-17.2550755418837,27.6,-9.85942025184631));
#10897=CARTESIAN_POINT('Ctrl Pts',(-17.3637705720961,27.6,-9.96086914539337));
#10898=CARTESIAN_POINT('Ctrl Pts',(-17.3637705720961,27.6,-10.120289516449));
#10899=CARTESIAN_POINT('',(-17.2550755418837,26.6,-9.85942025184631));
#10900=CARTESIAN_POINT('',(-17.2550755418837,27.6,-9.85942025184631));
#10901=CARTESIAN_POINT('Ctrl Pts',(-17.2550755418837,26.6,-9.85942025184631));
#10902=CARTESIAN_POINT('Ctrl Pts',(-17.3637705720961,26.6,-9.96086914539337));
#10903=CARTESIAN_POINT('Ctrl Pts',(-17.3637705720961,26.6,-10.120289516449));
#10904=CARTESIAN_POINT('Ctrl Pts',(-16.9942074693739,27.6,-9.75072462558746));
#10905=CARTESIAN_POINT('Ctrl Pts',(-16.9942074693739,26.6,-9.75072462558746));
#10906=CARTESIAN_POINT('Ctrl Pts',(-17.1463805116713,27.6,-9.75072462558746));
#10907=CARTESIAN_POINT('Ctrl Pts',(-17.1463805116713,26.6,-9.75072462558746));
#10908=CARTESIAN_POINT('Ctrl Pts',(-17.2550755418837,27.6,-9.85942025184631));
#10909=CARTESIAN_POINT('Ctrl Pts',(-17.2550755418837,26.6,-9.85942025184631));
#10910=CARTESIAN_POINT('',(-16.9942074693739,27.6,-9.75072462558746));
#10911=CARTESIAN_POINT('Ctrl Pts',(-16.9942074693739,27.6,-9.75072462558746));
#10912=CARTESIAN_POINT('Ctrl Pts',(-17.1463805116713,27.6,-9.75072462558746));
#10913=CARTESIAN_POINT('Ctrl Pts',(-17.2550755418837,27.6,-9.85942025184631));
#10914=CARTESIAN_POINT('',(-16.9942074693739,26.6,-9.75072462558746));
#10915=CARTESIAN_POINT('',(-16.9942074693739,27.6,-9.75072462558746));
#10916=CARTESIAN_POINT('Ctrl Pts',(-16.9942074693739,26.6,-9.75072462558746));
#10917=CARTESIAN_POINT('Ctrl Pts',(-17.1463805116713,26.6,-9.75072462558746));
#10918=CARTESIAN_POINT('Ctrl Pts',(-17.2550755418837,26.6,-9.85942025184631));
#10919=CARTESIAN_POINT('Ctrl Pts',(-16.7333393968642,27.6,-9.85942025184631));
#10920=CARTESIAN_POINT('Ctrl Pts',(-16.7333393968642,26.6,-9.85942025184631));
#10921=CARTESIAN_POINT('Ctrl Pts',(-16.8420344270766,27.6,-9.75072462558746));
#10922=CARTESIAN_POINT('Ctrl Pts',(-16.8420344270766,26.6,-9.75072462558746));
#10923=CARTESIAN_POINT('Ctrl Pts',(-16.9942074693739,27.6,-9.75072462558746));
#10924=CARTESIAN_POINT('Ctrl Pts',(-16.9942074693739,26.6,-9.75072462558746));
#10925=CARTESIAN_POINT('',(-16.7333393968642,27.6,-9.85942025184631));
#10926=CARTESIAN_POINT('Ctrl Pts',(-16.7333393968642,27.6,-9.85942025184631));
#10927=CARTESIAN_POINT('Ctrl Pts',(-16.8420344270766,27.6,-9.75072462558746));
#10928=CARTESIAN_POINT('Ctrl Pts',(-16.9942074693739,27.6,-9.75072462558746));
#10929=CARTESIAN_POINT('',(-16.7333393968642,26.6,-9.85942025184631));
#10930=CARTESIAN_POINT('',(-16.7333393968642,27.6,-9.85942025184631));
#10931=CARTESIAN_POINT('Ctrl Pts',(-16.7333393968642,26.6,-9.85942025184631));
#10932=CARTESIAN_POINT('Ctrl Pts',(-16.8420344270766,26.6,-9.75072462558746));
#10933=CARTESIAN_POINT('Ctrl Pts',(-16.9942074693739,26.6,-9.75072462558746));
#10934=CARTESIAN_POINT('Ctrl Pts',(-16.6246443666518,27.6,-10.120289516449));
#10935=CARTESIAN_POINT('Ctrl Pts',(-16.6246443666518,26.6,-10.120289516449));
#10936=CARTESIAN_POINT('Ctrl Pts',(-16.6246443666518,27.6,-9.96086914539337));
#10937=CARTESIAN_POINT('Ctrl Pts',(-16.6246443666518,26.6,-9.96086914539337));
#10938=CARTESIAN_POINT('Ctrl Pts',(-16.7333393968642,27.6,-9.85942025184631));
#10939=CARTESIAN_POINT('Ctrl Pts',(-16.7333393968642,26.6,-9.85942025184631));
#10940=CARTESIAN_POINT('',(-16.6246443666518,27.6,-10.120289516449));
#10941=CARTESIAN_POINT('Ctrl Pts',(-16.6246443666518,27.6,-10.120289516449));
#10942=CARTESIAN_POINT('Ctrl Pts',(-16.6246443666518,27.6,-9.96086914539337));
#10943=CARTESIAN_POINT('Ctrl Pts',(-16.7333393968642,27.6,-9.85942025184631));
#10944=CARTESIAN_POINT('',(-16.6246443666518,26.6,-10.120289516449));
#10945=CARTESIAN_POINT('',(-16.6246443666518,27.6,-10.120289516449));
#10946=CARTESIAN_POINT('Ctrl Pts',(-16.6246443666518,26.6,-10.120289516449));
#10947=CARTESIAN_POINT('Ctrl Pts',(-16.6246443666518,26.6,-9.96086914539337));
#10948=CARTESIAN_POINT('Ctrl Pts',(-16.7333393968642,26.6,-9.85942025184631));
#10949=CARTESIAN_POINT('Ctrl Pts',(-16.7333393968642,27.6,-10.3884055137634));
#10950=CARTESIAN_POINT('Ctrl Pts',(-16.7333393968642,26.6,-10.3884055137634));
#10951=CARTESIAN_POINT('Ctrl Pts',(-16.6246443666518,27.6,-10.2797098875046));
#10952=CARTESIAN_POINT('Ctrl Pts',(-16.6246443666518,26.6,-10.2797098875046));
#10953=CARTESIAN_POINT('Ctrl Pts',(-16.6246443666518,27.6,-10.120289516449));
#10954=CARTESIAN_POINT('Ctrl Pts',(-16.6246443666518,26.6,-10.120289516449));
#10955=CARTESIAN_POINT('',(-16.7333393968642,27.6,-10.3884055137634));
#10956=CARTESIAN_POINT('Ctrl Pts',(-16.7333393968642,27.6,-10.3884055137634));
#10957=CARTESIAN_POINT('Ctrl Pts',(-16.6246443666518,27.6,-10.2797098875046));
#10958=CARTESIAN_POINT('Ctrl Pts',(-16.6246443666518,27.6,-10.120289516449));
#10959=CARTESIAN_POINT('',(-16.7333393968642,26.6,-10.3884055137634));
#10960=CARTESIAN_POINT('',(-16.7333393968642,27.6,-10.3884055137634));
#10961=CARTESIAN_POINT('Ctrl Pts',(-16.7333393968642,26.6,-10.3884055137634));
#10962=CARTESIAN_POINT('Ctrl Pts',(-16.6246443666518,26.6,-10.2797098875046));
#10963=CARTESIAN_POINT('Ctrl Pts',(-16.6246443666518,26.6,-10.120289516449));
#10964=CARTESIAN_POINT('Ctrl Pts',(-16.9942074693739,27.6,-10.4971011400223));
#10965=CARTESIAN_POINT('Ctrl Pts',(-16.9942074693739,26.6,-10.4971011400223));
#10966=CARTESIAN_POINT('Ctrl Pts',(-16.8420344270766,27.6,-10.4971011400223));
#10967=CARTESIAN_POINT('Ctrl Pts',(-16.8420344270766,26.6,-10.4971011400223));
#10968=CARTESIAN_POINT('Ctrl Pts',(-16.7333393968642,27.6,-10.3884055137634));
#10969=CARTESIAN_POINT('Ctrl Pts',(-16.7333393968642,26.6,-10.3884055137634));
#10970=CARTESIAN_POINT('',(-16.9942074693739,27.6,-10.4971011400223));
#10971=CARTESIAN_POINT('Ctrl Pts',(-16.9942074693739,27.6,-10.4971011400223));
#10972=CARTESIAN_POINT('Ctrl Pts',(-16.8420344270766,27.6,-10.4971011400223));
#10973=CARTESIAN_POINT('Ctrl Pts',(-16.7333393968642,27.6,-10.3884055137634));
#10974=CARTESIAN_POINT('',(-16.9942074693739,26.6,-10.4971011400223));
#10975=CARTESIAN_POINT('',(-16.9942074693739,27.6,-10.4971011400223));
#10976=CARTESIAN_POINT('Ctrl Pts',(-16.9942074693739,26.6,-10.4971011400223));
#10977=CARTESIAN_POINT('Ctrl Pts',(-16.8420344270766,26.6,-10.4971011400223));
#10978=CARTESIAN_POINT('Ctrl Pts',(-16.7333393968642,26.6,-10.3884055137634));
#10979=CARTESIAN_POINT('Ctrl Pts',(-17.2550755418837,27.6,-10.3884055137634));
#10980=CARTESIAN_POINT('Ctrl Pts',(-17.2550755418837,26.6,-10.3884055137634));
#10981=CARTESIAN_POINT('Ctrl Pts',(-17.1463805116713,27.6,-10.4971011400223));
#10982=CARTESIAN_POINT('Ctrl Pts',(-17.1463805116713,26.6,-10.4971011400223));
#10983=CARTESIAN_POINT('Ctrl Pts',(-16.9942074693739,27.6,-10.4971011400223));
#10984=CARTESIAN_POINT('Ctrl Pts',(-16.9942074693739,26.6,-10.4971011400223));
#10985=CARTESIAN_POINT('Ctrl Pts',(-17.2550755418837,27.6,-10.3884055137634));
#10986=CARTESIAN_POINT('Ctrl Pts',(-17.1463805116713,27.6,-10.4971011400223));
#10987=CARTESIAN_POINT('Ctrl Pts',(-16.9942074693739,27.6,-10.4971011400223));
#10988=CARTESIAN_POINT('Ctrl Pts',(-17.2550755418837,26.6,-10.3884055137634));
#10989=CARTESIAN_POINT('Ctrl Pts',(-17.1463805116713,26.6,-10.4971011400223));
#10990=CARTESIAN_POINT('Ctrl Pts',(-16.9942074693739,26.6,-10.4971011400223));
#10991=CARTESIAN_POINT('Origin',(0.00941873006524041,26.6,-12.5043477535248));
#10992=CARTESIAN_POINT('Ctrl Pts',(-9.7550731576979,27.6,-14.6202899932861));
#10993=CARTESIAN_POINT('Ctrl Pts',(-9.7550731576979,26.6,-14.6202899932861));
#10994=CARTESIAN_POINT('Ctrl Pts',(-10.0956540979445,27.6,-14.4246377468109));
#10995=CARTESIAN_POINT('Ctrl Pts',(-10.0956540979445,26.6,-14.4246377468109));
#10996=CARTESIAN_POINT('Ctrl Pts',(-10.2913051523268,27.6,-14.0623189926147));
#10997=CARTESIAN_POINT('Ctrl Pts',(-10.2913051523268,26.6,-14.0623189926147));
#10998=CARTESIAN_POINT('',(-9.7550731576979,27.6,-14.6202899932861));
#10999=CARTESIAN_POINT('',(-10.2913051523268,27.6,-14.0623189926147));
#11000=CARTESIAN_POINT('Ctrl Pts',(-9.7550731576979,27.6,-14.6202899932861));
#11001=CARTESIAN_POINT('Ctrl Pts',(-10.0956540979445,27.6,-14.4246377468109));
#11002=CARTESIAN_POINT('Ctrl Pts',(-10.2913051523268,27.6,-14.0623189926147));
#11003=CARTESIAN_POINT('',(-9.7550731576979,26.6,-14.6202899932861));
#11004=CARTESIAN_POINT('',(-9.7550731576979,27.6,-14.6202899932861));
#11005=CARTESIAN_POINT('',(-10.2913051523268,26.6,-14.0623189926147));
#11006=CARTESIAN_POINT('Ctrl Pts',(-9.7550731576979,26.6,-14.6202899932861));
#11007=CARTESIAN_POINT('Ctrl Pts',(-10.0956540979445,26.6,-14.4246377468109));
#11008=CARTESIAN_POINT('Ctrl Pts',(-10.2913051523268,26.6,-14.0623189926147));
#11009=CARTESIAN_POINT('',(-10.2913051523268,27.6,-14.0623189926147));
#11010=CARTESIAN_POINT('Ctrl Pts',(-9.01594218388198,27.6,-14.8159422397614));
#11011=CARTESIAN_POINT('Ctrl Pts',(-9.01594218388198,26.6,-14.8159422397614));
#11012=CARTESIAN_POINT('Ctrl Pts',(-9.42174014225601,27.6,-14.8159422397614));
#11013=CARTESIAN_POINT('Ctrl Pts',(-9.42174014225601,26.6,-14.8159422397614));
#11014=CARTESIAN_POINT('Ctrl Pts',(-9.7550731576979,27.6,-14.6202899932861));
#11015=CARTESIAN_POINT('Ctrl Pts',(-9.7550731576979,26.6,-14.6202899932861));
#11016=CARTESIAN_POINT('',(-9.01594218388198,27.6,-14.8159422397614));
#11017=CARTESIAN_POINT('Ctrl Pts',(-9.01594218388198,27.6,-14.8159422397614));
#11018=CARTESIAN_POINT('Ctrl Pts',(-9.42174014225601,27.6,-14.8159422397614));
#11019=CARTESIAN_POINT('Ctrl Pts',(-9.7550731576979,27.6,-14.6202899932861));
#11020=CARTESIAN_POINT('',(-9.01594218388198,26.6,-14.8159422397614));
#11021=CARTESIAN_POINT('',(-9.01594218388198,27.6,-14.8159422397614));
#11022=CARTESIAN_POINT('Ctrl Pts',(-9.01594218388198,26.6,-14.8159422397614));
#11023=CARTESIAN_POINT('Ctrl Pts',(-9.42174014225601,26.6,-14.8159422397614));
#11024=CARTESIAN_POINT('Ctrl Pts',(-9.7550731576979,26.6,-14.6202899932861));
#11025=CARTESIAN_POINT('Ctrl Pts',(-8.26232012882827,27.6,-14.6275361299515));
#11026=CARTESIAN_POINT('Ctrl Pts',(-8.26232012882827,26.6,-14.6275361299515));
#11027=CARTESIAN_POINT('Ctrl Pts',(-8.59565314427017,27.6,-14.8159422397614));
#11028=CARTESIAN_POINT('Ctrl Pts',(-8.59565314427017,26.6,-14.8159422397614));
#11029=CARTESIAN_POINT('Ctrl Pts',(-9.01594218388198,27.6,-14.8159422397614));
#11030=CARTESIAN_POINT('Ctrl Pts',(-9.01594218388198,26.6,-14.8159422397614));
#11031=CARTESIAN_POINT('',(-8.26232012882827,27.6,-14.6275361299515));
#11032=CARTESIAN_POINT('Ctrl Pts',(-8.26232012882827,27.6,-14.6275361299515));
#11033=CARTESIAN_POINT('Ctrl Pts',(-8.59565314427017,27.6,-14.8159422397614));
#11034=CARTESIAN_POINT('Ctrl Pts',(-9.01594218388198,27.6,-14.8159422397614));
#11035=CARTESIAN_POINT('',(-8.26232012882827,26.6,-14.6275361299515));
#11036=CARTESIAN_POINT('',(-8.26232012882827,27.6,-14.6275361299515));
#11037=CARTESIAN_POINT('Ctrl Pts',(-8.26232012882827,26.6,-14.6275361299515));
#11038=CARTESIAN_POINT('Ctrl Pts',(-8.59565314427017,26.6,-14.8159422397614));
#11039=CARTESIAN_POINT('Ctrl Pts',(-9.01594218388198,26.6,-14.8159422397614));
#11040=CARTESIAN_POINT('Ctrl Pts',(-7.73333367481826,27.6,-14.0695651292801));
#11041=CARTESIAN_POINT('Ctrl Pts',(-7.73333367481826,26.6,-14.0695651292801));
#11042=CARTESIAN_POINT('Ctrl Pts',(-7.92898711338638,27.6,-14.4318838834763));
#11043=CARTESIAN_POINT('Ctrl Pts',(-7.92898711338638,26.6,-14.4318838834763));
#11044=CARTESIAN_POINT('Ctrl Pts',(-8.26232012882827,27.6,-14.6275361299515));
#11045=CARTESIAN_POINT('Ctrl Pts',(-8.26232012882827,26.6,-14.6275361299515));
#11046=CARTESIAN_POINT('',(-7.73333367481826,27.6,-14.0695651292801));
#11047=CARTESIAN_POINT('Ctrl Pts',(-7.73333367481826,27.6,-14.0695651292801));
#11048=CARTESIAN_POINT('Ctrl Pts',(-7.92898711338638,27.6,-14.4318838834763));
#11049=CARTESIAN_POINT('Ctrl Pts',(-8.26232012882827,27.6,-14.6275361299515));
#11050=CARTESIAN_POINT('',(-7.73333367481826,26.6,-14.0695651292801));
#11051=CARTESIAN_POINT('',(-7.73333367481826,27.6,-14.0695651292801));
#11052=CARTESIAN_POINT('Ctrl Pts',(-7.73333367481826,26.6,-14.0695651292801));
#11053=CARTESIAN_POINT('Ctrl Pts',(-7.92898711338638,26.6,-14.4318838834763));
#11054=CARTESIAN_POINT('Ctrl Pts',(-8.26232012882827,26.6,-14.6275361299515));
#11055=CARTESIAN_POINT('Ctrl Pts',(-7.54492816105484,27.6,-13.21449239254));
#11056=CARTESIAN_POINT('Ctrl Pts',(-7.54492816105484,26.6,-13.21449239254));
#11057=CARTESIAN_POINT('Ctrl Pts',(-7.54492816105484,27.6,-13.6999996423721));
#11058=CARTESIAN_POINT('Ctrl Pts',(-7.54492816105484,26.6,-13.6999996423721));
#11059=CARTESIAN_POINT('Ctrl Pts',(-7.73333367481826,27.6,-14.0695651292801));
#11060=CARTESIAN_POINT('Ctrl Pts',(-7.73333367481826,26.6,-14.0695651292801));
#11061=CARTESIAN_POINT('',(-7.54492816105484,27.6,-13.21449239254));
#11062=CARTESIAN_POINT('Ctrl Pts',(-7.54492816105484,27.6,-13.21449239254));
#11063=CARTESIAN_POINT('Ctrl Pts',(-7.54492816105484,27.6,-13.6999996423721));
#11064=CARTESIAN_POINT('Ctrl Pts',(-7.73333367481826,27.6,-14.0695651292801));
#11065=CARTESIAN_POINT('',(-7.54492816105484,26.6,-13.21449239254));
#11066=CARTESIAN_POINT('',(-7.54492816105484,27.6,-13.21449239254));
#11067=CARTESIAN_POINT('Ctrl Pts',(-7.54492816105484,26.6,-13.21449239254));
#11068=CARTESIAN_POINT('Ctrl Pts',(-7.54492816105484,26.6,-13.6999996423721));
#11069=CARTESIAN_POINT('Ctrl Pts',(-7.73333367481826,26.6,-14.0695651292801));
#11070=CARTESIAN_POINT('Ctrl Pts',(-7.73333367481826,27.6,-12.3666666865349));
#11071=CARTESIAN_POINT('Ctrl Pts',(-7.73333367481826,26.6,-12.3666666865349));
#11072=CARTESIAN_POINT('Ctrl Pts',(-7.54492816105484,27.6,-12.7217390060425));
#11073=CARTESIAN_POINT('Ctrl Pts',(-7.54492816105484,26.6,-12.7217390060425));
#11074=CARTESIAN_POINT('Ctrl Pts',(-7.54492816105484,27.6,-13.21449239254));
#11075=CARTESIAN_POINT('Ctrl Pts',(-7.54492816105484,26.6,-13.21449239254));
#11076=CARTESIAN_POINT('',(-7.73333367481826,27.6,-12.3666666865349));
#11077=CARTESIAN_POINT('Ctrl Pts',(-7.73333367481826,27.6,-12.3666666865349));
#11078=CARTESIAN_POINT('Ctrl Pts',(-7.54492816105484,27.6,-12.7217390060425));
#11079=CARTESIAN_POINT('Ctrl Pts',(-7.54492816105484,27.6,-13.21449239254));
#11080=CARTESIAN_POINT('',(-7.73333367481826,26.6,-12.3666666865349));
#11081=CARTESIAN_POINT('',(-7.73333367481826,27.6,-12.3666666865349));
#11082=CARTESIAN_POINT('Ctrl Pts',(-7.73333367481826,26.6,-12.3666666865349));
#11083=CARTESIAN_POINT('Ctrl Pts',(-7.54492816105484,26.6,-12.7217390060425));
#11084=CARTESIAN_POINT('Ctrl Pts',(-7.54492816105484,26.6,-13.21449239254));
#11085=CARTESIAN_POINT('Ctrl Pts',(-8.26232012882827,27.6,-11.8159418225288));
#11086=CARTESIAN_POINT('Ctrl Pts',(-8.26232012882827,26.6,-11.8159418225288));
#11087=CARTESIAN_POINT('Ctrl Pts',(-7.92898711338638,27.6,-12.0043476343155));
#11088=CARTESIAN_POINT('Ctrl Pts',(-7.92898711338638,26.6,-12.0043476343155));
#11089=CARTESIAN_POINT('Ctrl Pts',(-7.73333367481826,27.6,-12.3666666865349));
#11090=CARTESIAN_POINT('Ctrl Pts',(-7.73333367481826,26.6,-12.3666666865349));
#11091=CARTESIAN_POINT('',(-8.26232012882827,27.6,-11.8159418225288));
#11092=CARTESIAN_POINT('Ctrl Pts',(-8.26232012882827,27.6,-11.8159418225288));
#11093=CARTESIAN_POINT('Ctrl Pts',(-7.92898711338638,27.6,-12.0043476343155));
#11094=CARTESIAN_POINT('Ctrl Pts',(-7.73333367481826,27.6,-12.3666666865349));
#11095=CARTESIAN_POINT('',(-8.26232012882827,26.6,-11.8159418225288));
#11096=CARTESIAN_POINT('',(-8.26232012882827,27.6,-11.8159418225288));
#11097=CARTESIAN_POINT('Ctrl Pts',(-8.26232012882827,26.6,-11.8159418225288));
#11098=CARTESIAN_POINT('Ctrl Pts',(-7.92898711338638,26.6,-12.0043476343155));
#11099=CARTESIAN_POINT('Ctrl Pts',(-7.73333367481826,26.6,-12.3666666865349));
#11100=CARTESIAN_POINT('Ctrl Pts',(-9.01594218388198,27.6,-11.6275360107422));
#11101=CARTESIAN_POINT('Ctrl Pts',(-9.01594218388198,26.6,-11.6275360107422));
#11102=CARTESIAN_POINT('Ctrl Pts',(-8.59565314427017,27.6,-11.6275360107422));
#11103=CARTESIAN_POINT('Ctrl Pts',(-8.59565314427017,26.6,-11.6275360107422));
#11104=CARTESIAN_POINT('Ctrl Pts',(-8.26232012882827,27.6,-11.8159418225288));
#11105=CARTESIAN_POINT('Ctrl Pts',(-8.26232012882827,26.6,-11.8159418225288));
#11106=CARTESIAN_POINT('',(-9.01594218388198,27.6,-11.6275360107422));
#11107=CARTESIAN_POINT('Ctrl Pts',(-9.01594218388198,27.6,-11.6275360107422));
#11108=CARTESIAN_POINT('Ctrl Pts',(-8.59565314427017,27.6,-11.6275360107422));
#11109=CARTESIAN_POINT('Ctrl Pts',(-8.26232012882827,27.6,-11.8159418225288));
#11110=CARTESIAN_POINT('',(-9.01594218388198,26.6,-11.6275360107422));
#11111=CARTESIAN_POINT('',(-9.01594218388198,27.6,-11.6275360107422));
#11112=CARTESIAN_POINT('Ctrl Pts',(-9.01594218388198,26.6,-11.6275360107422));
#11113=CARTESIAN_POINT('Ctrl Pts',(-8.59565314427017,26.6,-11.6275360107422));
#11114=CARTESIAN_POINT('Ctrl Pts',(-8.26232012882827,26.6,-11.8159418225288));
#11115=CARTESIAN_POINT('Ctrl Pts',(-9.7550731576979,27.6,-11.8231882572174));
#11116=CARTESIAN_POINT('Ctrl Pts',(-9.7550731576979,26.6,-11.8231882572174));
#11117=CARTESIAN_POINT('Ctrl Pts',(-9.42174014225601,27.6,-11.6275360107422));
#11118=CARTESIAN_POINT('Ctrl Pts',(-9.42174014225601,26.6,-11.6275360107422));
#11119=CARTESIAN_POINT('Ctrl Pts',(-9.01594218388198,27.6,-11.6275360107422));
#11120=CARTESIAN_POINT('Ctrl Pts',(-9.01594218388198,26.6,-11.6275360107422));
#11121=CARTESIAN_POINT('',(-9.7550731576979,27.6,-11.8231882572174));
#11122=CARTESIAN_POINT('Ctrl Pts',(-9.7550731576979,27.6,-11.8231882572174));
#11123=CARTESIAN_POINT('Ctrl Pts',(-9.42174014225601,27.6,-11.6275360107422));
#11124=CARTESIAN_POINT('Ctrl Pts',(-9.01594218388198,27.6,-11.6275360107422));
#11125=CARTESIAN_POINT('',(-9.7550731576979,26.6,-11.8231882572174));
#11126=CARTESIAN_POINT('',(-9.7550731576979,27.6,-11.8231882572174));
#11127=CARTESIAN_POINT('Ctrl Pts',(-9.7550731576979,26.6,-11.8231882572174));
#11128=CARTESIAN_POINT('Ctrl Pts',(-9.42174014225601,26.6,-11.6275360107422));
#11129=CARTESIAN_POINT('Ctrl Pts',(-9.01594218388198,26.6,-11.6275360107422));
#11130=CARTESIAN_POINT('Ctrl Pts',(-10.2913051523268,27.6,-12.3811592578888));
#11131=CARTESIAN_POINT('Ctrl Pts',(-10.2913051523268,26.6,-12.3811592578888));
#11132=CARTESIAN_POINT('Ctrl Pts',(-10.0956540979445,27.6,-12.0188405036926));
#11133=CARTESIAN_POINT('Ctrl Pts',(-10.0956540979445,26.6,-12.0188405036926));
#11134=CARTESIAN_POINT('Ctrl Pts',(-9.7550731576979,27.6,-11.8231882572174));
#11135=CARTESIAN_POINT('Ctrl Pts',(-9.7550731576979,26.6,-11.8231882572174));
#11136=CARTESIAN_POINT('',(-10.2913051523268,27.6,-12.3811592578888));
#11137=CARTESIAN_POINT('Ctrl Pts',(-10.2913051523268,27.6,-12.3811592578888));
#11138=CARTESIAN_POINT('Ctrl Pts',(-10.0956540979445,27.6,-12.0188405036926));
#11139=CARTESIAN_POINT('Ctrl Pts',(-9.7550731576979,27.6,-11.8231882572174));
#11140=CARTESIAN_POINT('',(-10.2913051523268,26.6,-12.3811592578888));
#11141=CARTESIAN_POINT('',(-10.2913051523268,27.6,-12.3811592578888));
#11142=CARTESIAN_POINT('Ctrl Pts',(-10.2913051523268,26.6,-12.3811592578888));
#11143=CARTESIAN_POINT('Ctrl Pts',(-10.0956540979445,26.6,-12.0188405036926));
#11144=CARTESIAN_POINT('Ctrl Pts',(-9.7550731576979,26.6,-11.8231882572174));
#11145=CARTESIAN_POINT('Ctrl Pts',(-10.4869585908949,27.6,-13.2217391252518));
#11146=CARTESIAN_POINT('Ctrl Pts',(-10.4869585908949,26.6,-13.2217391252518));
#11147=CARTESIAN_POINT('Ctrl Pts',(-10.4869585908949,27.6,-12.743478012085));
#11148=CARTESIAN_POINT('Ctrl Pts',(-10.4869585908949,26.6,-12.743478012085));
#11149=CARTESIAN_POINT('Ctrl Pts',(-10.2913051523268,27.6,-12.3811592578888));
#11150=CARTESIAN_POINT('Ctrl Pts',(-10.2913051523268,26.6,-12.3811592578888));
#11151=CARTESIAN_POINT('',(-10.4869585908949,27.6,-13.2217391252518));
#11152=CARTESIAN_POINT('Ctrl Pts',(-10.4869585908949,27.6,-13.2217391252518));
#11153=CARTESIAN_POINT('Ctrl Pts',(-10.4869585908949,27.6,-12.743478012085));
#11154=CARTESIAN_POINT('Ctrl Pts',(-10.2913051523268,27.6,-12.3811592578888));
#11155=CARTESIAN_POINT('',(-10.4869585908949,26.6,-13.2217391252518));
#11156=CARTESIAN_POINT('',(-10.4869585908949,27.6,-13.2217391252518));
#11157=CARTESIAN_POINT('Ctrl Pts',(-10.4869585908949,26.6,-13.2217391252518));
#11158=CARTESIAN_POINT('Ctrl Pts',(-10.4869585908949,26.6,-12.743478012085));
#11159=CARTESIAN_POINT('Ctrl Pts',(-10.2913051523268,26.6,-12.3811592578888));
#11160=CARTESIAN_POINT('Ctrl Pts',(-10.2913051523268,27.6,-14.0623189926147));
#11161=CARTESIAN_POINT('Ctrl Pts',(-10.2913051523268,26.6,-14.0623189926147));
#11162=CARTESIAN_POINT('Ctrl Pts',(-10.4869585908949,27.6,-13.6999996423721));
#11163=CARTESIAN_POINT('Ctrl Pts',(-10.4869585908949,26.6,-13.6999996423721));
#11164=CARTESIAN_POINT('Ctrl Pts',(-10.4869585908949,27.6,-13.2217391252518));
#11165=CARTESIAN_POINT('Ctrl Pts',(-10.4869585908949,26.6,-13.2217391252518));
#11166=CARTESIAN_POINT('Ctrl Pts',(-10.2913051523268,27.6,-14.0623189926147));
#11167=CARTESIAN_POINT('Ctrl Pts',(-10.4869585908949,27.6,-13.6999996423721));
#11168=CARTESIAN_POINT('Ctrl Pts',(-10.4869585908949,27.6,-13.2217391252518));
#11169=CARTESIAN_POINT('Ctrl Pts',(-10.2913051523268,26.6,-14.0623189926147));
#11170=CARTESIAN_POINT('Ctrl Pts',(-10.4869585908949,26.6,-13.6999996423721));
#11171=CARTESIAN_POINT('Ctrl Pts',(-10.4869585908949,26.6,-13.2217391252518));
#11172=CARTESIAN_POINT('Ctrl Pts',(-7.94348057880996,27.6,-15.0043477535248));
#11173=CARTESIAN_POINT('Ctrl Pts',(-7.94348057880996,26.6,-15.0043477535248));
#11174=CARTESIAN_POINT('Ctrl Pts',(-7.51594361439346,27.6,-14.7507246255875));
#11175=CARTESIAN_POINT('Ctrl Pts',(-7.51594361439346,26.6,-14.7507246255875));
#11176=CARTESIAN_POINT('Ctrl Pts',(-7.26956662312149,27.6,-14.2869563817978));
#11177=CARTESIAN_POINT('Ctrl Pts',(-7.26956662312149,26.6,-14.2869563817978));
#11178=CARTESIAN_POINT('',(-7.94348057880996,27.6,-15.0043477535248));
#11179=CARTESIAN_POINT('',(-7.26956662312149,27.6,-14.2869563817978));
#11180=CARTESIAN_POINT('Ctrl Pts',(-7.94348057880996,27.6,-15.0043477535248));
#11181=CARTESIAN_POINT('Ctrl Pts',(-7.51594361439346,27.6,-14.7507246255875));
#11182=CARTESIAN_POINT('Ctrl Pts',(-7.26956662312149,27.6,-14.2869563817978));
#11183=CARTESIAN_POINT('',(-7.94348057880996,26.6,-15.0043477535248));
#11184=CARTESIAN_POINT('',(-7.94348057880996,27.6,-15.0043477535248));
#11185=CARTESIAN_POINT('',(-7.26956662312149,26.6,-14.2869563817978));
#11186=CARTESIAN_POINT('Ctrl Pts',(-7.94348057880996,26.6,-15.0043477535248));
#11187=CARTESIAN_POINT('Ctrl Pts',(-7.51594361439346,26.6,-14.7507246255875));
#11188=CARTESIAN_POINT('Ctrl Pts',(-7.26956662312149,26.6,-14.2869563817978));
#11189=CARTESIAN_POINT('',(-7.26956662312149,27.6,-14.2869563817978));
#11190=CARTESIAN_POINT('Ctrl Pts',(-8.91449507847427,27.6,-15.2579708814621));
#11191=CARTESIAN_POINT('Ctrl Pts',(-8.91449507847427,26.6,-15.2579708814621));
#11192=CARTESIAN_POINT('Ctrl Pts',(-8.37826308384536,27.6,-15.2579708814621));
#11193=CARTESIAN_POINT('Ctrl Pts',(-8.37826308384536,26.6,-15.2579708814621));
#11194=CARTESIAN_POINT('Ctrl Pts',(-7.94348057880996,27.6,-15.0043477535248));
#11195=CARTESIAN_POINT('Ctrl Pts',(-7.94348057880996,26.6,-15.0043477535248));
#11196=CARTESIAN_POINT('',(-8.91449507847427,27.6,-15.2579708814621));
#11197=CARTESIAN_POINT('Ctrl Pts',(-8.91449507847427,27.6,-15.2579708814621));
#11198=CARTESIAN_POINT('Ctrl Pts',(-8.37826308384536,27.6,-15.2579708814621));
#11199=CARTESIAN_POINT('Ctrl Pts',(-7.94348057880996,27.6,-15.0043477535248));
#11200=CARTESIAN_POINT('',(-8.91449507847427,26.6,-15.2579708814621));
#11201=CARTESIAN_POINT('',(-8.91449507847427,27.6,-15.2579708814621));
#11202=CARTESIAN_POINT('Ctrl Pts',(-8.91449507847427,26.6,-15.2579708814621));
#11203=CARTESIAN_POINT('Ctrl Pts',(-8.37826308384536,26.6,-15.2579708814621));
#11204=CARTESIAN_POINT('Ctrl Pts',(-7.94348057880996,26.6,-15.0043477535248));
#11205=CARTESIAN_POINT('Ctrl Pts',(-9.88550957813858,27.6,-14.9971016168594));
#11206=CARTESIAN_POINT('Ctrl Pts',(-9.88550957813858,26.6,-14.9971016168594));
#11207=CARTESIAN_POINT('Ctrl Pts',(-9.47971161976455,27.6,-15.2579708814621));
#11208=CARTESIAN_POINT('Ctrl Pts',(-9.47971161976455,26.6,-15.2579708814621));
#11209=CARTESIAN_POINT('Ctrl Pts',(-8.91449507847427,27.6,-15.2579708814621));
#11210=CARTESIAN_POINT('Ctrl Pts',(-8.91449507847427,26.6,-15.2579708814621));
#11211=CARTESIAN_POINT('',(-9.88550957813858,27.6,-14.9971016168594));
#11212=CARTESIAN_POINT('Ctrl Pts',(-9.88550957813858,27.6,-14.9971016168594));
#11213=CARTESIAN_POINT('Ctrl Pts',(-9.47971161976455,27.6,-15.2579708814621));
#11214=CARTESIAN_POINT('Ctrl Pts',(-8.91449507847427,27.6,-15.2579708814621));
#11215=CARTESIAN_POINT('',(-9.88550957813858,26.6,-14.9971016168594));
#11216=CARTESIAN_POINT('',(-9.88550957813858,27.6,-14.9971016168594));
#11217=CARTESIAN_POINT('Ctrl Pts',(-9.88550957813858,26.6,-14.9971016168594));
#11218=CARTESIAN_POINT('Ctrl Pts',(-9.47971161976455,26.6,-15.2579708814621));
#11219=CARTESIAN_POINT('Ctrl Pts',(-8.91449507847427,26.6,-15.2579708814621));
#11220=CARTESIAN_POINT('Ctrl Pts',(-10.4869585908949,27.6,-14.3231882572174));
#11221=CARTESIAN_POINT('Ctrl Pts',(-10.4869585908949,26.6,-14.3231882572174));
#11222=CARTESIAN_POINT('Ctrl Pts',(-10.2985530771315,27.6,-14.728985619545));
#11223=CARTESIAN_POINT('Ctrl Pts',(-10.2985530771315,26.6,-14.728985619545));
#11224=CARTESIAN_POINT('Ctrl Pts',(-9.88550957813858,27.6,-14.9971016168594));
#11225=CARTESIAN_POINT('Ctrl Pts',(-9.88550957813858,26.6,-14.9971016168594));
#11226=CARTESIAN_POINT('',(-10.4869585908949,27.6,-14.3231882572174));
#11227=CARTESIAN_POINT('Ctrl Pts',(-10.4869585908949,27.6,-14.3231882572174));
#11228=CARTESIAN_POINT('Ctrl Pts',(-10.2985530771315,27.6,-14.728985619545));
#11229=CARTESIAN_POINT('Ctrl Pts',(-9.88550957813858,27.6,-14.9971016168594));
#11230=CARTESIAN_POINT('',(-10.4869585908949,26.6,-14.3231882572174));
#11231=CARTESIAN_POINT('',(-10.4869585908949,27.6,-14.3231882572174));
#11232=CARTESIAN_POINT('Ctrl Pts',(-10.4869585908949,26.6,-14.3231882572174));
#11233=CARTESIAN_POINT('Ctrl Pts',(-10.2985530771315,26.6,-14.728985619545));
#11234=CARTESIAN_POINT('Ctrl Pts',(-9.88550957813858,26.6,-14.9971016168594));
#11235=CARTESIAN_POINT('Origin',(-10.4869585908949,27.6,-15.2));
#11236=CARTESIAN_POINT('',(-10.4869585908949,27.6,-15.2));
#11237=CARTESIAN_POINT('',(-10.4869585908949,27.6,-7.6));
#11238=CARTESIAN_POINT('',(-10.4869585908949,26.6,-15.2));
#11239=CARTESIAN_POINT('',(-10.4869585908949,27.6,-15.2));
#11240=CARTESIAN_POINT('',(-10.4869585908949,26.6,-15.2));
#11241=CARTESIAN_POINT('Origin',(-10.9942036546767,27.6,-15.2));
#11242=CARTESIAN_POINT('',(-10.9942036546767,27.6,-15.2));
#11243=CARTESIAN_POINT('',(-23.1471018273383,27.6,-15.2));
#11244=CARTESIAN_POINT('',(-10.9942036546767,26.6,-15.2));
#11245=CARTESIAN_POINT('',(-10.9942036546767,27.6,-15.2));
#11246=CARTESIAN_POINT('',(-10.9942036546767,26.6,-15.2));
#11247=CARTESIAN_POINT('Origin',(-10.9942036546767,27.6,-11.2434782505035));
#11248=CARTESIAN_POINT('',(-10.9942036546767,27.6,-11.2434782505035));
#11249=CARTESIAN_POINT('',(-10.9942036546767,27.6,-5.62173912525177));
#11250=CARTESIAN_POINT('',(-10.9942036546767,26.6,-11.2434782505035));
#11251=CARTESIAN_POINT('',(-10.9942036546767,27.6,-11.2434782505035));
#11252=CARTESIAN_POINT('',(-10.9942036546767,26.6,-11.2434782505035));
#11253=CARTESIAN_POINT('Origin',(-10.4869585908949,27.6,-11.2434782505035));
#11254=CARTESIAN_POINT('',(-10.4869585908949,27.6,-11.2434782505035));
#11255=CARTESIAN_POINT('',(-22.8934792954475,27.6,-11.2434782505035));
#11256=CARTESIAN_POINT('',(-10.4869585908949,26.6,-11.2434782505035));
#11257=CARTESIAN_POINT('',(-10.4869585908949,27.6,-11.2434782505035));
#11258=CARTESIAN_POINT('',(-10.4869585908949,26.6,-11.2434782505035));
#11259=CARTESIAN_POINT('Origin',(-10.4869585908949,27.6,-12.1130432605743));
#11260=CARTESIAN_POINT('',(-10.4869585908949,27.6,-12.1130432605743));
#11261=CARTESIAN_POINT('',(-10.4869585908949,27.6,-6.05652163028717));
#11262=CARTESIAN_POINT('',(-10.4869585908949,26.6,-12.1130432605743));
#11263=CARTESIAN_POINT('',(-10.4869585908949,27.6,-12.1130432605743));
#11264=CARTESIAN_POINT('',(-10.4869585908949,26.6,-12.1130432605743));
#11265=CARTESIAN_POINT('Ctrl Pts',(-9.89275511875747,27.6,-11.4463766336441));
#11266=CARTESIAN_POINT('Ctrl Pts',(-9.89275511875747,26.6,-11.4463766336441));
#11267=CARTESIAN_POINT('Ctrl Pts',(-10.3057986177504,27.6,-11.70724619627));
#11268=CARTESIAN_POINT('Ctrl Pts',(-10.3057986177504,26.6,-11.70724619627));
#11269=CARTESIAN_POINT('Ctrl Pts',(-10.4869585908949,27.6,-12.1130432605743));
#11270=CARTESIAN_POINT('Ctrl Pts',(-10.4869585908949,26.6,-12.1130432605743));
#11271=CARTESIAN_POINT('',(-9.89275511875747,27.6,-11.4463766336441));
#11272=CARTESIAN_POINT('Ctrl Pts',(-9.89275511875747,27.6,-11.4463766336441));
#11273=CARTESIAN_POINT('Ctrl Pts',(-10.3057986177504,27.6,-11.70724619627));
#11274=CARTESIAN_POINT('Ctrl Pts',(-10.4869585908949,27.6,-12.1130432605743));
#11275=CARTESIAN_POINT('',(-9.89275511875747,26.6,-11.4463766336441));
#11276=CARTESIAN_POINT('',(-9.89275511875747,27.6,-11.4463766336441));
#11277=CARTESIAN_POINT('Ctrl Pts',(-9.89275511875747,26.6,-11.4463766336441));
#11278=CARTESIAN_POINT('Ctrl Pts',(-10.3057986177504,26.6,-11.70724619627));
#11279=CARTESIAN_POINT('Ctrl Pts',(-10.4869585908949,26.6,-12.1130432605743));
#11280=CARTESIAN_POINT('Ctrl Pts',(-8.92174061909317,27.6,-11.1855070710182));
#11281=CARTESIAN_POINT('Ctrl Pts',(-8.92174061909317,26.6,-11.1855070710182));
#11282=CARTESIAN_POINT('Ctrl Pts',(-9.48695716038345,27.6,-11.1855070710182));
#11283=CARTESIAN_POINT('Ctrl Pts',(-9.48695716038345,26.6,-11.1855070710182));
#11284=CARTESIAN_POINT('Ctrl Pts',(-9.89275511875747,27.6,-11.4463766336441));
#11285=CARTESIAN_POINT('Ctrl Pts',(-9.89275511875747,26.6,-11.4463766336441));
#11286=CARTESIAN_POINT('',(-8.92174061909317,27.6,-11.1855070710182));
#11287=CARTESIAN_POINT('Ctrl Pts',(-8.92174061909317,27.6,-11.1855070710182));
#11288=CARTESIAN_POINT('Ctrl Pts',(-9.48695716038345,27.6,-11.1855070710182));
#11289=CARTESIAN_POINT('Ctrl Pts',(-9.89275511875747,27.6,-11.4463766336441));
#11290=CARTESIAN_POINT('',(-8.92174061909317,26.6,-11.1855070710182));
#11291=CARTESIAN_POINT('',(-8.92174061909317,27.6,-11.1855070710182));
#11292=CARTESIAN_POINT('Ctrl Pts',(-8.92174061909317,26.6,-11.1855070710182));
#11293=CARTESIAN_POINT('Ctrl Pts',(-9.48695716038345,26.6,-11.1855070710182));
#11294=CARTESIAN_POINT('Ctrl Pts',(-9.89275511875747,26.6,-11.4463766336441));
#11295=CARTESIAN_POINT('Ctrl Pts',(-7.94348057880996,27.6,-11.4391301989555));
#11296=CARTESIAN_POINT('Ctrl Pts',(-7.94348057880996,26.6,-11.4391301989555));
#11297=CARTESIAN_POINT('Ctrl Pts',(-8.37826308384536,27.6,-11.1855070710182));
#11298=CARTESIAN_POINT('Ctrl Pts',(-8.37826308384536,26.6,-11.1855070710182));
#11299=CARTESIAN_POINT('Ctrl Pts',(-8.92174061909317,27.6,-11.1855070710182));
#11300=CARTESIAN_POINT('Ctrl Pts',(-8.92174061909317,26.6,-11.1855070710182));
#11301=CARTESIAN_POINT('',(-7.94348057880996,27.6,-11.4391301989555));
#11302=CARTESIAN_POINT('Ctrl Pts',(-7.94348057880996,27.6,-11.4391301989555));
#11303=CARTESIAN_POINT('Ctrl Pts',(-8.37826308384536,27.6,-11.1855070710182));
#11304=CARTESIAN_POINT('Ctrl Pts',(-8.92174061909317,27.6,-11.1855070710182));
#11305=CARTESIAN_POINT('',(-7.94348057880996,26.6,-11.4391301989555));
#11306=CARTESIAN_POINT('',(-7.94348057880996,27.6,-11.4391301989555));
#11307=CARTESIAN_POINT('Ctrl Pts',(-7.94348057880996,26.6,-11.4391301989555));
#11308=CARTESIAN_POINT('Ctrl Pts',(-8.37826308384536,26.6,-11.1855070710182));
#11309=CARTESIAN_POINT('Ctrl Pts',(-8.92174061909317,26.6,-11.1855070710182));
#11310=CARTESIAN_POINT('Ctrl Pts',(-7.26956662312149,27.6,-12.149275135994));
#11311=CARTESIAN_POINT('Ctrl Pts',(-7.26956662312149,26.6,-12.149275135994));
#11312=CARTESIAN_POINT('Ctrl Pts',(-7.51594361439346,27.6,-11.6855071902275));
#11313=CARTESIAN_POINT('Ctrl Pts',(-7.51594361439346,26.6,-11.6855071902275));
#11314=CARTESIAN_POINT('Ctrl Pts',(-7.94348057880996,27.6,-11.4391301989555));
#11315=CARTESIAN_POINT('Ctrl Pts',(-7.94348057880996,26.6,-11.4391301989555));
#11316=CARTESIAN_POINT('',(-7.26956662312149,27.6,-12.149275135994));
#11317=CARTESIAN_POINT('Ctrl Pts',(-7.26956662312149,27.6,-12.149275135994));
#11318=CARTESIAN_POINT('Ctrl Pts',(-7.51594361439346,27.6,-11.6855071902275));
#11319=CARTESIAN_POINT('Ctrl Pts',(-7.94348057880996,27.6,-11.4391301989555));
#11320=CARTESIAN_POINT('',(-7.26956662312149,26.6,-12.149275135994));
#11321=CARTESIAN_POINT('',(-7.26956662312149,27.6,-12.149275135994));
#11322=CARTESIAN_POINT('Ctrl Pts',(-7.26956662312149,26.6,-12.149275135994));
#11323=CARTESIAN_POINT('Ctrl Pts',(-7.51594361439346,26.6,-11.6855071902275));
#11324=CARTESIAN_POINT('Ctrl Pts',(-7.94348057880996,26.6,-11.4391301989555));
#11325=CARTESIAN_POINT('Ctrl Pts',(-7.03043517246841,27.6,-13.21449239254));
#11326=CARTESIAN_POINT('Ctrl Pts',(-7.03043517246841,26.6,-13.21449239254));
#11327=CARTESIAN_POINT('Ctrl Pts',(-7.03043517246841,27.6,-12.6057966470718));
#11328=CARTESIAN_POINT('Ctrl Pts',(-7.03043517246841,26.6,-12.6057966470718));
#11329=CARTESIAN_POINT('Ctrl Pts',(-7.26956662312149,27.6,-12.149275135994));
#11330=CARTESIAN_POINT('Ctrl Pts',(-7.26956662312149,26.6,-12.149275135994));
#11331=CARTESIAN_POINT('',(-7.03043517246841,27.6,-13.21449239254));
#11332=CARTESIAN_POINT('Ctrl Pts',(-7.03043517246841,27.6,-13.21449239254));
#11333=CARTESIAN_POINT('Ctrl Pts',(-7.03043517246841,27.6,-12.6057966470718));
#11334=CARTESIAN_POINT('Ctrl Pts',(-7.26956662312149,27.6,-12.149275135994));
#11335=CARTESIAN_POINT('',(-7.03043517246841,26.6,-13.21449239254));
#11336=CARTESIAN_POINT('',(-7.03043517246841,27.6,-13.21449239254));
#11337=CARTESIAN_POINT('Ctrl Pts',(-7.03043517246841,26.6,-13.21449239254));
#11338=CARTESIAN_POINT('Ctrl Pts',(-7.03043517246841,26.6,-12.6057966470718));
#11339=CARTESIAN_POINT('Ctrl Pts',(-7.26956662312149,26.6,-12.149275135994));
#11340=CARTESIAN_POINT('Ctrl Pts',(-7.26956662312149,27.6,-14.2869563817978));
#11341=CARTESIAN_POINT('Ctrl Pts',(-7.26956662312149,26.6,-14.2869563817978));
#11342=CARTESIAN_POINT('Ctrl Pts',(-7.03043517246841,27.6,-13.8231881380081));
#11343=CARTESIAN_POINT('Ctrl Pts',(-7.03043517246841,26.6,-13.8231881380081));
#11344=CARTESIAN_POINT('Ctrl Pts',(-7.03043517246841,27.6,-13.21449239254));
#11345=CARTESIAN_POINT('Ctrl Pts',(-7.03043517246841,26.6,-13.21449239254));
#11346=CARTESIAN_POINT('Ctrl Pts',(-7.26956662312149,27.6,-14.2869563817978));
#11347=CARTESIAN_POINT('Ctrl Pts',(-7.03043517246841,27.6,-13.8231881380081));
#11348=CARTESIAN_POINT('Ctrl Pts',(-7.03043517246841,27.6,-13.21449239254));
#11349=CARTESIAN_POINT('Ctrl Pts',(-7.26956662312149,26.6,-14.2869563817978));
#11350=CARTESIAN_POINT('Ctrl Pts',(-7.03043517246841,26.6,-13.8231881380081));
#11351=CARTESIAN_POINT('Ctrl Pts',(-7.03043517246841,26.6,-13.21449239254));
#11352=CARTESIAN_POINT('Origin',(0.00941873006524041,26.6,-12.5043477535248));
#11353=CARTESIAN_POINT('Ctrl Pts',(-25.4072457231581,27.6,-14.7217388868332));
#11354=CARTESIAN_POINT('Ctrl Pts',(-25.4072457231581,26.6,-14.7217388868332));
#11355=CARTESIAN_POINT('Ctrl Pts',(-25.2333336748183,27.6,-14.9681158781052));
#11356=CARTESIAN_POINT('Ctrl Pts',(-25.2333336748183,26.6,-14.9681158781052));
#11357=CARTESIAN_POINT('Ctrl Pts',(-24.9217396654188,27.6,-15.1130433797836));
#11358=CARTESIAN_POINT('Ctrl Pts',(-24.9217396654188,26.6,-15.1130433797836));
#11359=CARTESIAN_POINT('',(-25.4072457231581,27.6,-14.7217388868332));
#11360=CARTESIAN_POINT('',(-24.9217396654188,27.6,-15.1130433797836));
#11361=CARTESIAN_POINT('Ctrl Pts',(-25.4072457231581,27.6,-14.7217388868332));
#11362=CARTESIAN_POINT('Ctrl Pts',(-25.2333336748183,27.6,-14.9681158781052));
#11363=CARTESIAN_POINT('Ctrl Pts',(-24.9217396654188,27.6,-15.1130433797836));
#11364=CARTESIAN_POINT('',(-25.4072457231581,26.6,-14.7217388868332));
#11365=CARTESIAN_POINT('',(-25.4072457231581,27.6,-14.7217388868332));
#11366=CARTESIAN_POINT('',(-24.9217396654188,26.6,-15.1130433797836));
#11367=CARTESIAN_POINT('Ctrl Pts',(-25.4072457231581,26.6,-14.7217388868332));
#11368=CARTESIAN_POINT('Ctrl Pts',(-25.2333336748183,26.6,-14.9681158781052));
#11369=CARTESIAN_POINT('Ctrl Pts',(-24.9217396654188,26.6,-15.1130433797836));
#11370=CARTESIAN_POINT('',(-24.9217396654188,27.6,-15.1130433797836));
#11371=CARTESIAN_POINT('Ctrl Pts',(-25.5811625398695,27.6,-14.1492756128311));
#11372=CARTESIAN_POINT('Ctrl Pts',(-25.5811625398695,26.6,-14.1492756128311));
#11373=CARTESIAN_POINT('Ctrl Pts',(-25.5811625398695,27.6,-14.4681157588959));
#11374=CARTESIAN_POINT('Ctrl Pts',(-25.5811625398695,26.6,-14.4681157588959));
#11375=CARTESIAN_POINT('Ctrl Pts',(-25.4072457231581,27.6,-14.7217388868332));
#11376=CARTESIAN_POINT('Ctrl Pts',(-25.4072457231581,26.6,-14.7217388868332));
#11377=CARTESIAN_POINT('',(-25.5811625398695,27.6,-14.1492756128311));
#11378=CARTESIAN_POINT('Ctrl Pts',(-25.5811625398695,27.6,-14.1492756128311));
#11379=CARTESIAN_POINT('Ctrl Pts',(-25.5811625398695,27.6,-14.4681157588959));
#11380=CARTESIAN_POINT('Ctrl Pts',(-25.4072457231581,27.6,-14.7217388868332));
#11381=CARTESIAN_POINT('',(-25.5811625398695,26.6,-14.1492756128311));
#11382=CARTESIAN_POINT('',(-25.5811625398695,27.6,-14.1492756128311));
#11383=CARTESIAN_POINT('Ctrl Pts',(-25.5811625398695,26.6,-14.1492756128311));
#11384=CARTESIAN_POINT('Ctrl Pts',(-25.5811625398695,26.6,-14.4681157588959));
#11385=CARTESIAN_POINT('Ctrl Pts',(-25.4072457231581,26.6,-14.7217388868332));
#11386=CARTESIAN_POINT('Ctrl Pts',(-25.3927546419203,27.6,-13.5913046121597));
#11387=CARTESIAN_POINT('Ctrl Pts',(-25.3927546419203,26.6,-13.5913046121597));
#11388=CARTESIAN_POINT('Ctrl Pts',(-25.5739146150648,27.6,-13.8014491319656));
#11389=CARTESIAN_POINT('Ctrl Pts',(-25.5739146150648,26.6,-13.8014491319656));
#11390=CARTESIAN_POINT('Ctrl Pts',(-25.5811625398695,27.6,-14.1492756128311));
#11391=CARTESIAN_POINT('Ctrl Pts',(-25.5811625398695,26.6,-14.1492756128311));
#11392=CARTESIAN_POINT('',(-25.3927546419203,27.6,-13.5913046121597));
#11393=CARTESIAN_POINT('Ctrl Pts',(-25.3927546419203,27.6,-13.5913046121597));
#11394=CARTESIAN_POINT('Ctrl Pts',(-25.5739146150648,27.6,-13.8014491319656));
#11395=CARTESIAN_POINT('Ctrl Pts',(-25.5811625398695,27.6,-14.1492756128311));
#11396=CARTESIAN_POINT('',(-25.3927546419203,26.6,-13.5913046121597));
#11397=CARTESIAN_POINT('',(-25.3927546419203,27.6,-13.5913046121597));
#11398=CARTESIAN_POINT('Ctrl Pts',(-25.3927546419203,26.6,-13.5913046121597));
#11399=CARTESIAN_POINT('Ctrl Pts',(-25.5739146150648,26.6,-13.8014491319656));
#11400=CARTESIAN_POINT('Ctrl Pts',(-25.5811625398695,26.6,-14.1492756128311));
#11401=CARTESIAN_POINT('Ctrl Pts',(-24.9579697526991,27.6,-13.2724638700485));
#11402=CARTESIAN_POINT('Ctrl Pts',(-24.9579697526991,26.6,-13.2724638700485));
#11403=CARTESIAN_POINT('Ctrl Pts',(-25.2115946687758,27.6,-13.3811594963074));
#11404=CARTESIAN_POINT('Ctrl Pts',(-25.2115946687758,26.6,-13.3811594963074));
#11405=CARTESIAN_POINT('Ctrl Pts',(-25.3927546419203,27.6,-13.5913046121597));
#11406=CARTESIAN_POINT('Ctrl Pts',(-25.3927546419203,26.6,-13.5913046121597));
#11407=CARTESIAN_POINT('',(-24.9579697526991,27.6,-13.2724638700485));
#11408=CARTESIAN_POINT('Ctrl Pts',(-24.9579697526991,27.6,-13.2724638700485));
#11409=CARTESIAN_POINT('Ctrl Pts',(-25.2115946687758,27.6,-13.3811594963074));
#11410=CARTESIAN_POINT('Ctrl Pts',(-25.3927546419203,27.6,-13.5913046121597));
#11411=CARTESIAN_POINT('',(-24.9579697526991,26.6,-13.2724638700485));
#11412=CARTESIAN_POINT('',(-24.9579697526991,27.6,-13.2724638700485));
#11413=CARTESIAN_POINT('Ctrl Pts',(-24.9579697526991,26.6,-13.2724638700485));
#11414=CARTESIAN_POINT('Ctrl Pts',(-25.2115946687758,26.6,-13.3811594963074));
#11415=CARTESIAN_POINT('Ctrl Pts',(-25.3927546419203,26.6,-13.5913046121597));
#11416=CARTESIAN_POINT('Ctrl Pts',(-24.2768126405775,27.6,-13.047825884819));
#11417=CARTESIAN_POINT('Ctrl Pts',(-24.2768126405775,26.6,-13.047825884819));
#11418=CARTESIAN_POINT('Ctrl Pts',(-24.704349604994,27.6,-13.1637682437897));
#11419=CARTESIAN_POINT('Ctrl Pts',(-24.704349604994,26.6,-13.1637682437897));
#11420=CARTESIAN_POINT('Ctrl Pts',(-24.9579697526991,27.6,-13.2724638700485));
#11421=CARTESIAN_POINT('Ctrl Pts',(-24.9579697526991,26.6,-13.2724638700485));
#11422=CARTESIAN_POINT('',(-24.2768126405775,27.6,-13.047825884819));
#11423=CARTESIAN_POINT('Ctrl Pts',(-24.2768126405775,27.6,-13.047825884819));
#11424=CARTESIAN_POINT('Ctrl Pts',(-24.704349604994,27.6,-13.1637682437897));
#11425=CARTESIAN_POINT('Ctrl Pts',(-24.9579697526991,27.6,-13.2724638700485));
#11426=CARTESIAN_POINT('',(-24.2768126405775,26.6,-13.047825884819));
#11427=CARTESIAN_POINT('',(-24.2768126405775,27.6,-13.047825884819));
#11428=CARTESIAN_POINT('Ctrl Pts',(-24.2768126405775,26.6,-13.047825884819));
#11429=CARTESIAN_POINT('Ctrl Pts',(-24.704349604994,26.6,-13.1637682437897));
#11430=CARTESIAN_POINT('Ctrl Pts',(-24.9579697526991,26.6,-13.2724638700485));
#11431=CARTESIAN_POINT('Ctrl Pts',(-23.7115937151015,27.6,-12.8666665077209));
#11432=CARTESIAN_POINT('Ctrl Pts',(-23.7115937151015,26.6,-12.8666665077209));
#11433=CARTESIAN_POINT('Ctrl Pts',(-23.9217406190932,27.6,-12.9463763952255));
#11434=CARTESIAN_POINT('Ctrl Pts',(-23.9217406190932,26.6,-12.9463763952255));
#11435=CARTESIAN_POINT('Ctrl Pts',(-24.2768126405775,27.6,-13.047825884819));
#11436=CARTESIAN_POINT('Ctrl Pts',(-24.2768126405775,26.6,-13.047825884819));
#11437=CARTESIAN_POINT('',(-23.7115937151015,27.6,-12.8666665077209));
#11438=CARTESIAN_POINT('Ctrl Pts',(-23.7115937151015,27.6,-12.8666665077209));
#11439=CARTESIAN_POINT('Ctrl Pts',(-23.9217406190932,27.6,-12.9463763952255));
#11440=CARTESIAN_POINT('Ctrl Pts',(-24.2768126405775,27.6,-13.047825884819));
#11441=CARTESIAN_POINT('',(-23.7115937151015,26.6,-12.8666665077209));
#11442=CARTESIAN_POINT('',(-23.7115937151015,27.6,-12.8666665077209));
#11443=CARTESIAN_POINT('Ctrl Pts',(-23.7115937151015,26.6,-12.8666665077209));
#11444=CARTESIAN_POINT('Ctrl Pts',(-23.9217406190932,26.6,-12.9463763952255));
#11445=CARTESIAN_POINT('Ctrl Pts',(-24.2768126405775,26.6,-13.047825884819));
#11446=CARTESIAN_POINT('Ctrl Pts',(-23.3565216936171,27.6,-12.6347823858261));
#11447=CARTESIAN_POINT('Ctrl Pts',(-23.3565216936171,26.6,-12.6347823858261));
#11448=CARTESIAN_POINT('Ctrl Pts',(-23.5014515794813,27.6,-12.7797098875046));
#11449=CARTESIAN_POINT('Ctrl Pts',(-23.5014515794813,26.6,-12.7797098875046));
#11450=CARTESIAN_POINT('Ctrl Pts',(-23.7115937151015,27.6,-12.8666665077209));
#11451=CARTESIAN_POINT('Ctrl Pts',(-23.7115937151015,26.6,-12.8666665077209));
#11452=CARTESIAN_POINT('',(-23.3565216936171,27.6,-12.6347823858261));
#11453=CARTESIAN_POINT('Ctrl Pts',(-23.3565216936171,27.6,-12.6347823858261));
#11454=CARTESIAN_POINT('Ctrl Pts',(-23.5014515794813,27.6,-12.7797098875046));
#11455=CARTESIAN_POINT('Ctrl Pts',(-23.7115937151015,27.6,-12.8666665077209));
#11456=CARTESIAN_POINT('',(-23.3565216936171,26.6,-12.6347823858261));
#11457=CARTESIAN_POINT('',(-23.3565216936171,27.6,-12.6347823858261));
#11458=CARTESIAN_POINT('Ctrl Pts',(-23.3565216936171,26.6,-12.6347823858261));
#11459=CARTESIAN_POINT('Ctrl Pts',(-23.5014515794813,26.6,-12.7797098875046));
#11460=CARTESIAN_POINT('Ctrl Pts',(-23.7115937151015,26.6,-12.8666665077209));
#11461=CARTESIAN_POINT('Ctrl Pts',(-23.2188397325575,27.6,-12.2507246255875));
#11462=CARTESIAN_POINT('Ctrl Pts',(-23.2188397325575,26.6,-12.2507246255875));
#11463=CARTESIAN_POINT('Ctrl Pts',(-23.2188397325575,27.6,-12.4826087474823));
#11464=CARTESIAN_POINT('Ctrl Pts',(-23.2188397325575,26.6,-12.4826087474823));
#11465=CARTESIAN_POINT('Ctrl Pts',(-23.3565216936171,27.6,-12.6347823858261));
#11466=CARTESIAN_POINT('Ctrl Pts',(-23.3565216936171,26.6,-12.6347823858261));
#11467=CARTESIAN_POINT('',(-23.2188397325575,27.6,-12.2507246255875));
#11468=CARTESIAN_POINT('Ctrl Pts',(-23.2188397325575,27.6,-12.2507246255875));
#11469=CARTESIAN_POINT('Ctrl Pts',(-23.2188397325575,27.6,-12.4826087474823));
#11470=CARTESIAN_POINT('Ctrl Pts',(-23.3565216936171,27.6,-12.6347823858261));
#11471=CARTESIAN_POINT('',(-23.2188397325575,26.6,-12.2507246255875));
#11472=CARTESIAN_POINT('',(-23.2188397325575,27.6,-12.2507246255875));
#11473=CARTESIAN_POINT('Ctrl Pts',(-23.2188397325575,26.6,-12.2507246255875));
#11474=CARTESIAN_POINT('Ctrl Pts',(-23.2188397325575,26.6,-12.4826087474823));
#11475=CARTESIAN_POINT('Ctrl Pts',(-23.3565216936171,26.6,-12.6347823858261));
#11476=CARTESIAN_POINT('Ctrl Pts',(-23.4579735673964,27.6,-11.8014492511749));
#11477=CARTESIAN_POINT('Ctrl Pts',(-23.4579735673964,26.6,-11.8014492511749));
#11478=CARTESIAN_POINT('Ctrl Pts',(-23.2188397325575,27.6,-11.982608628273));
#11479=CARTESIAN_POINT('Ctrl Pts',(-23.2188397325575,26.6,-11.982608628273));
#11480=CARTESIAN_POINT('Ctrl Pts',(-23.2188397325575,27.6,-12.2507246255875));
#11481=CARTESIAN_POINT('Ctrl Pts',(-23.2188397325575,26.6,-12.2507246255875));
#11482=CARTESIAN_POINT('',(-23.4579735673964,27.6,-11.8014492511749));
#11483=CARTESIAN_POINT('Ctrl Pts',(-23.4579735673964,27.6,-11.8014492511749));
#11484=CARTESIAN_POINT('Ctrl Pts',(-23.2188397325575,27.6,-11.982608628273));
#11485=CARTESIAN_POINT('Ctrl Pts',(-23.2188397325575,27.6,-12.2507246255875));
#11486=CARTESIAN_POINT('',(-23.4579735673964,26.6,-11.8014492511749));
#11487=CARTESIAN_POINT('',(-23.4579735673964,27.6,-11.8014492511749));
#11488=CARTESIAN_POINT('Ctrl Pts',(-23.4579735673964,26.6,-11.8014492511749));
#11489=CARTESIAN_POINT('Ctrl Pts',(-23.2188397325575,26.6,-11.982608628273));
#11490=CARTESIAN_POINT('Ctrl Pts',(-23.2188397325575,26.6,-12.2507246255875));
#11491=CARTESIAN_POINT('Ctrl Pts',(-24.0811615861952,27.6,-11.6202898740768));
#11492=CARTESIAN_POINT('Ctrl Pts',(-24.0811615861952,26.6,-11.6202898740768));
#11493=CARTESIAN_POINT('Ctrl Pts',(-23.6971026338637,27.6,-11.6202898740768));
#11494=CARTESIAN_POINT('Ctrl Pts',(-23.6971026338637,26.6,-11.6202898740768));
#11495=CARTESIAN_POINT('Ctrl Pts',(-23.4579735673964,27.6,-11.8014492511749));
#11496=CARTESIAN_POINT('Ctrl Pts',(-23.4579735673964,26.6,-11.8014492511749));
#11497=CARTESIAN_POINT('',(-24.0811615861952,27.6,-11.6202898740768));
#11498=CARTESIAN_POINT('Ctrl Pts',(-24.0811615861952,27.6,-11.6202898740768));
#11499=CARTESIAN_POINT('Ctrl Pts',(-23.6971026338637,27.6,-11.6202898740768));
#11500=CARTESIAN_POINT('Ctrl Pts',(-23.4579735673964,27.6,-11.8014492511749));
#11501=CARTESIAN_POINT('',(-24.0811615861952,26.6,-11.6202898740768));
#11502=CARTESIAN_POINT('',(-24.0811615861952,27.6,-11.6202898740768));
#11503=CARTESIAN_POINT('Ctrl Pts',(-24.0811615861952,26.6,-11.6202898740768));
#11504=CARTESIAN_POINT('Ctrl Pts',(-23.6971026338637,26.6,-11.6202898740768));
#11505=CARTESIAN_POINT('Ctrl Pts',(-23.4579735673964,26.6,-11.8014492511749));
#11506=CARTESIAN_POINT('Ctrl Pts',(-24.7623186983168,27.6,-11.8376811265945));
#11507=CARTESIAN_POINT('Ctrl Pts',(-24.7623186983168,26.6,-11.8376811265945));
#11508=CARTESIAN_POINT('Ctrl Pts',(-24.5159417070448,27.6,-11.6202898740768));
#11509=CARTESIAN_POINT('Ctrl Pts',(-24.5159417070448,26.6,-11.6202898740768));
#11510=CARTESIAN_POINT('Ctrl Pts',(-24.0811615861952,27.6,-11.6202898740768));
#11511=CARTESIAN_POINT('Ctrl Pts',(-24.0811615861952,26.6,-11.6202898740768));
#11512=CARTESIAN_POINT('',(-24.7623186983168,27.6,-11.8376811265945));
#11513=CARTESIAN_POINT('Ctrl Pts',(-24.7623186983168,27.6,-11.8376811265945));
#11514=CARTESIAN_POINT('Ctrl Pts',(-24.5159417070448,27.6,-11.6202898740768));
#11515=CARTESIAN_POINT('Ctrl Pts',(-24.0811615861952,27.6,-11.6202898740768));
#11516=CARTESIAN_POINT('',(-24.7623186983168,26.6,-11.8376811265945));
#11517=CARTESIAN_POINT('',(-24.7623186983168,27.6,-11.8376811265945));
#11518=CARTESIAN_POINT('Ctrl Pts',(-24.7623186983168,26.6,-11.8376811265945));
#11519=CARTESIAN_POINT('Ctrl Pts',(-24.5159417070448,26.6,-11.6202898740768));
#11520=CARTESIAN_POINT('Ctrl Pts',(-24.0811615861952,26.6,-11.6202898740768));
#11521=CARTESIAN_POINT('Ctrl Pts',(-25.0376826204359,27.6,-12.3956521272659));
#11522=CARTESIAN_POINT('Ctrl Pts',(-25.0376826204359,26.6,-12.3956521272659));
#11523=CARTESIAN_POINT('Ctrl Pts',(-25.0159436143935,27.6,-12.0478259444237));
#11524=CARTESIAN_POINT('Ctrl Pts',(-25.0159436143935,26.6,-12.0478259444237));
#11525=CARTESIAN_POINT('Ctrl Pts',(-24.7623186983168,27.6,-11.8376811265945));
#11526=CARTESIAN_POINT('Ctrl Pts',(-24.7623186983168,26.6,-11.8376811265945));
#11527=CARTESIAN_POINT('',(-25.0376826204359,27.6,-12.3956521272659));
#11528=CARTESIAN_POINT('Ctrl Pts',(-25.0376826204359,27.6,-12.3956521272659));
#11529=CARTESIAN_POINT('Ctrl Pts',(-25.0159436143935,27.6,-12.0478259444237));
#11530=CARTESIAN_POINT('Ctrl Pts',(-24.7623186983168,27.6,-11.8376811265945));
#11531=CARTESIAN_POINT('',(-25.0376826204359,26.6,-12.3956521272659));
#11532=CARTESIAN_POINT('',(-25.0376826204359,27.6,-12.3956521272659));
#11533=CARTESIAN_POINT('Ctrl Pts',(-25.0376826204359,26.6,-12.3956521272659));
#11534=CARTESIAN_POINT('Ctrl Pts',(-25.0159436143935,26.6,-12.0478259444237));
#11535=CARTESIAN_POINT('Ctrl Pts',(-24.7623186983168,26.6,-11.8376811265945));
#11536=CARTESIAN_POINT('Origin',(-25.5449276842177,27.6,-12.3956521272659));
#11537=CARTESIAN_POINT('',(-25.5449276842177,27.6,-12.3956521272659));
#11538=CARTESIAN_POINT('',(-30.4224638421088,27.6,-12.3956521272659));
#11539=CARTESIAN_POINT('',(-25.5449276842177,26.6,-12.3956521272659));
#11540=CARTESIAN_POINT('',(-25.5449276842177,27.6,-12.3956521272659));
#11541=CARTESIAN_POINT('',(-25.5449276842177,26.6,-12.3956521272659));
#11542=CARTESIAN_POINT('Ctrl Pts',(-25.1246386446059,27.6,-11.5115939497948));
#11543=CARTESIAN_POINT('Ctrl Pts',(-25.1246386446059,26.6,-11.5115939497948));
#11544=CARTESIAN_POINT('Ctrl Pts',(-25.5159455217421,27.6,-11.830434691906));
#11545=CARTESIAN_POINT('Ctrl Pts',(-25.5159455217421,26.6,-11.830434691906));
#11546=CARTESIAN_POINT('Ctrl Pts',(-25.5449276842177,27.6,-12.3956521272659));
#11547=CARTESIAN_POINT('Ctrl Pts',(-25.5449276842177,26.6,-12.3956521272659));
#11548=CARTESIAN_POINT('',(-25.1246386446059,27.6,-11.5115939497948));
#11549=CARTESIAN_POINT('Ctrl Pts',(-25.1246386446059,27.6,-11.5115939497948));
#11550=CARTESIAN_POINT('Ctrl Pts',(-25.5159455217421,27.6,-11.830434691906));
#11551=CARTESIAN_POINT('Ctrl Pts',(-25.5449276842177,27.6,-12.3956521272659));
#11552=CARTESIAN_POINT('',(-25.1246386446059,26.6,-11.5115939497948));
#11553=CARTESIAN_POINT('',(-25.1246386446059,27.6,-11.5115939497948));
#11554=CARTESIAN_POINT('Ctrl Pts',(-25.1246386446059,26.6,-11.5115939497948));
#11555=CARTESIAN_POINT('Ctrl Pts',(-25.5159455217421,26.6,-11.830434691906));
#11556=CARTESIAN_POINT('Ctrl Pts',(-25.5449276842177,26.6,-12.3956521272659));
#11557=CARTESIAN_POINT('Ctrl Pts',(-24.095652667433,27.6,-11.1855070710182));
#11558=CARTESIAN_POINT('Ctrl Pts',(-24.095652667433,26.6,-11.1855070710182));
#11559=CARTESIAN_POINT('Ctrl Pts',(-24.7333365358412,27.6,-11.1855070710182));
#11560=CARTESIAN_POINT('Ctrl Pts',(-24.7333365358412,26.6,-11.1855070710182));
#11561=CARTESIAN_POINT('Ctrl Pts',(-25.1246386446059,27.6,-11.5115939497948));
#11562=CARTESIAN_POINT('Ctrl Pts',(-25.1246386446059,26.6,-11.5115939497948));
#11563=CARTESIAN_POINT('',(-24.095652667433,27.6,-11.1855070710182));
#11564=CARTESIAN_POINT('Ctrl Pts',(-24.095652667433,27.6,-11.1855070710182));
#11565=CARTESIAN_POINT('Ctrl Pts',(-24.7333365358412,27.6,-11.1855070710182));
#11566=CARTESIAN_POINT('Ctrl Pts',(-25.1246386446059,27.6,-11.5115939497948));
#11567=CARTESIAN_POINT('',(-24.095652667433,26.6,-11.1855070710182));
#11568=CARTESIAN_POINT('',(-24.095652667433,27.6,-11.1855070710182));
#11569=CARTESIAN_POINT('Ctrl Pts',(-24.095652667433,26.6,-11.1855070710182));
#11570=CARTESIAN_POINT('Ctrl Pts',(-24.7333365358412,26.6,-11.1855070710182));
#11571=CARTESIAN_POINT('Ctrl Pts',(-25.1246386446059,26.6,-11.5115939497948));
#11572=CARTESIAN_POINT('Ctrl Pts',(-23.3710175432265,27.6,-11.3304345726967));
#11573=CARTESIAN_POINT('Ctrl Pts',(-23.3710175432265,26.6,-11.3304345726967));
#11574=CARTESIAN_POINT('Ctrl Pts',(-23.689854709059,27.6,-11.1855070710182));
#11575=CARTESIAN_POINT('Ctrl Pts',(-23.689854709059,26.6,-11.1855070710182));
#11576=CARTESIAN_POINT('Ctrl Pts',(-24.095652667433,27.6,-11.1855070710182));
#11577=CARTESIAN_POINT('Ctrl Pts',(-24.095652667433,26.6,-11.1855070710182));
#11578=CARTESIAN_POINT('',(-23.3710175432265,27.6,-11.3304345726967));
#11579=CARTESIAN_POINT('Ctrl Pts',(-23.3710175432265,27.6,-11.3304345726967));
#11580=CARTESIAN_POINT('Ctrl Pts',(-23.689854709059,27.6,-11.1855070710182));
#11581=CARTESIAN_POINT('Ctrl Pts',(-24.095652667433,27.6,-11.1855070710182));
#11582=CARTESIAN_POINT('',(-23.3710175432265,26.6,-11.3304345726967));
#11583=CARTESIAN_POINT('',(-23.3710175432265,27.6,-11.3304345726967));
#11584=CARTESIAN_POINT('Ctrl Pts',(-23.3710175432265,26.6,-11.3304345726967));
#11585=CARTESIAN_POINT('Ctrl Pts',(-23.689854709059,26.6,-11.1855070710182));
#11586=CARTESIAN_POINT('Ctrl Pts',(-24.095652667433,26.6,-11.1855070710182));
#11587=CARTESIAN_POINT('Ctrl Pts',(-22.8782635606825,27.6,-11.7217390656471));
#11588=CARTESIAN_POINT('Ctrl Pts',(-22.8782635606825,26.6,-11.7217390656471));
#11589=CARTESIAN_POINT('Ctrl Pts',(-23.0521756090224,27.6,-11.4753620743752));
#11590=CARTESIAN_POINT('Ctrl Pts',(-23.0521756090224,26.6,-11.4753620743752));
#11591=CARTESIAN_POINT('Ctrl Pts',(-23.3710175432265,27.6,-11.3304345726967));
#11592=CARTESIAN_POINT('Ctrl Pts',(-23.3710175432265,26.6,-11.3304345726967));
#11593=CARTESIAN_POINT('',(-22.8782635606825,27.6,-11.7217390656471));
#11594=CARTESIAN_POINT('Ctrl Pts',(-22.8782635606825,27.6,-11.7217390656471));
#11595=CARTESIAN_POINT('Ctrl Pts',(-23.0521756090224,27.6,-11.4753620743752));
#11596=CARTESIAN_POINT('Ctrl Pts',(-23.3710175432265,27.6,-11.3304345726967));
#11597=CARTESIAN_POINT('',(-22.8782635606825,26.6,-11.7217390656471));
#11598=CARTESIAN_POINT('',(-22.8782635606825,27.6,-11.7217390656471));
#11599=CARTESIAN_POINT('Ctrl Pts',(-22.8782635606825,26.6,-11.7217390656471));
#11600=CARTESIAN_POINT('Ctrl Pts',(-23.0521756090224,26.6,-11.4753620743752));
#11601=CARTESIAN_POINT('Ctrl Pts',(-23.3710175432265,26.6,-11.3304345726967));
#11602=CARTESIAN_POINT('Ctrl Pts',(-22.7043467439711,27.6,-12.257971060276));
#11603=CARTESIAN_POINT('Ctrl Pts',(-22.7043467439711,26.6,-12.257971060276));
#11604=CARTESIAN_POINT('Ctrl Pts',(-22.7043467439711,27.6,-11.9681157588959));
#11605=CARTESIAN_POINT('Ctrl Pts',(-22.7043467439711,26.6,-11.9681157588959));
#11606=CARTESIAN_POINT('Ctrl Pts',(-22.8782635606825,27.6,-11.7217390656471));
#11607=CARTESIAN_POINT('Ctrl Pts',(-22.8782635606825,26.6,-11.7217390656471));
#11608=CARTESIAN_POINT('',(-22.7043467439711,27.6,-12.257971060276));
#11609=CARTESIAN_POINT('Ctrl Pts',(-22.7043467439711,27.6,-12.257971060276));
#11610=CARTESIAN_POINT('Ctrl Pts',(-22.7043467439711,27.6,-11.9681157588959));
#11611=CARTESIAN_POINT('Ctrl Pts',(-22.8782635606825,27.6,-11.7217390656471));
#11612=CARTESIAN_POINT('',(-22.7043467439711,26.6,-12.257971060276));
#11613=CARTESIAN_POINT('',(-22.7043467439711,27.6,-12.257971060276));
#11614=CARTESIAN_POINT('Ctrl Pts',(-22.7043467439711,26.6,-12.257971060276));
#11615=CARTESIAN_POINT('Ctrl Pts',(-22.7043467439711,26.6,-11.9681157588959));
#11616=CARTESIAN_POINT('Ctrl Pts',(-22.8782635606825,26.6,-11.7217390656471));
#11617=CARTESIAN_POINT('Ctrl Pts',(-22.8927546419203,27.6,-12.8739126443863));
#11618=CARTESIAN_POINT('Ctrl Pts',(-22.8927546419203,26.6,-12.8739126443863));
#11619=CARTESIAN_POINT('Ctrl Pts',(-22.7043467439711,27.6,-12.6420291185379));
#11620=CARTESIAN_POINT('Ctrl Pts',(-22.7043467439711,26.6,-12.6420291185379));
#11621=CARTESIAN_POINT('Ctrl Pts',(-22.7043467439711,27.6,-12.257971060276));
#11622=CARTESIAN_POINT('Ctrl Pts',(-22.7043467439711,26.6,-12.257971060276));
#11623=CARTESIAN_POINT('',(-22.8927546419203,27.6,-12.8739126443863));
#11624=CARTESIAN_POINT('Ctrl Pts',(-22.8927546419203,27.6,-12.8739126443863));
#11625=CARTESIAN_POINT('Ctrl Pts',(-22.7043467439711,27.6,-12.6420291185379));
#11626=CARTESIAN_POINT('Ctrl Pts',(-22.7043467439711,27.6,-12.257971060276));
#11627=CARTESIAN_POINT('',(-22.8927546419203,26.6,-12.8739126443863));
#11628=CARTESIAN_POINT('',(-22.8927546419203,27.6,-12.8739126443863));
#11629=CARTESIAN_POINT('Ctrl Pts',(-22.8927546419203,26.6,-12.8739126443863));
#11630=CARTESIAN_POINT('Ctrl Pts',(-22.7043467439711,26.6,-12.6420291185379));
#11631=CARTESIAN_POINT('Ctrl Pts',(-22.7043467439711,26.6,-12.257971060276));
#11632=CARTESIAN_POINT('Ctrl Pts',(-23.3637696184218,27.6,-13.21449239254));
#11633=CARTESIAN_POINT('Ctrl Pts',(-23.3637696184218,26.6,-13.21449239254));
#11634=CARTESIAN_POINT('Ctrl Pts',(-23.0884056963026,27.6,-13.0985506296158));
#11635=CARTESIAN_POINT('Ctrl Pts',(-23.0884056963026,26.6,-13.0985506296158));
#11636=CARTESIAN_POINT('Ctrl Pts',(-22.8927546419203,27.6,-12.8739126443863));
#11637=CARTESIAN_POINT('Ctrl Pts',(-22.8927546419203,26.6,-12.8739126443863));
#11638=CARTESIAN_POINT('',(-23.3637696184218,27.6,-13.21449239254));
#11639=CARTESIAN_POINT('Ctrl Pts',(-23.3637696184218,27.6,-13.21449239254));
#11640=CARTESIAN_POINT('Ctrl Pts',(-23.0884056963026,27.6,-13.0985506296158));
#11641=CARTESIAN_POINT('Ctrl Pts',(-22.8927546419203,27.6,-12.8739126443863));
#11642=CARTESIAN_POINT('',(-23.3637696184218,26.6,-13.21449239254));
#11643=CARTESIAN_POINT('',(-23.3637696184218,27.6,-13.21449239254));
#11644=CARTESIAN_POINT('Ctrl Pts',(-23.3637696184218,26.6,-13.21449239254));
#11645=CARTESIAN_POINT('Ctrl Pts',(-23.0884056963026,26.6,-13.0985506296158));
#11646=CARTESIAN_POINT('Ctrl Pts',(-22.8927546419203,26.6,-12.8739126443863));
#11647=CARTESIAN_POINT('Ctrl Pts',(-24.0811615861952,27.6,-13.4463771104813));
#11648=CARTESIAN_POINT('Ctrl Pts',(-24.0811615861952,26.6,-13.4463771104813));
#11649=CARTESIAN_POINT('Ctrl Pts',(-23.6391335405409,27.6,-13.3304347515106));
#11650=CARTESIAN_POINT('Ctrl Pts',(-23.6391335405409,26.6,-13.3304347515106));
#11651=CARTESIAN_POINT('Ctrl Pts',(-23.3637696184218,27.6,-13.21449239254));
#11652=CARTESIAN_POINT('Ctrl Pts',(-23.3637696184218,26.6,-13.21449239254));
#11653=CARTESIAN_POINT('',(-24.0811615861952,27.6,-13.4463771104813));
#11654=CARTESIAN_POINT('Ctrl Pts',(-24.0811615861952,27.6,-13.4463771104813));
#11655=CARTESIAN_POINT('Ctrl Pts',(-23.6391335405409,27.6,-13.3304347515106));
#11656=CARTESIAN_POINT('Ctrl Pts',(-23.3637696184218,27.6,-13.21449239254));
#11657=CARTESIAN_POINT('',(-24.0811615861952,26.6,-13.4463771104813));
#11658=CARTESIAN_POINT('',(-24.0811615861952,27.6,-13.4463771104813));
#11659=CARTESIAN_POINT('Ctrl Pts',(-24.0811615861952,26.6,-13.4463771104813));
#11660=CARTESIAN_POINT('Ctrl Pts',(-23.6391335405409,26.6,-13.3304347515106));
#11661=CARTESIAN_POINT('Ctrl Pts',(-23.3637696184218,26.6,-13.21449239254));
#11662=CARTESIAN_POINT('Ctrl Pts',(-24.6173935808241,27.6,-13.6130436182022));
#11663=CARTESIAN_POINT('Ctrl Pts',(-24.6173935808241,26.6,-13.6130436182022));
#11664=CARTESIAN_POINT('Ctrl Pts',(-24.4217425264418,27.6,-13.5333331346512));
#11665=CARTESIAN_POINT('Ctrl Pts',(-24.4217425264418,26.6,-13.5333331346512));
#11666=CARTESIAN_POINT('Ctrl Pts',(-24.0811615861952,27.6,-13.4463771104813));
#11667=CARTESIAN_POINT('Ctrl Pts',(-24.0811615861952,26.6,-13.4463771104813));
#11668=CARTESIAN_POINT('',(-24.6173935808241,27.6,-13.6130436182022));
#11669=CARTESIAN_POINT('Ctrl Pts',(-24.6173935808241,27.6,-13.6130436182022));
#11670=CARTESIAN_POINT('Ctrl Pts',(-24.4217425264418,27.6,-13.5333331346512));
#11671=CARTESIAN_POINT('Ctrl Pts',(-24.0811615861952,27.6,-13.4463771104813));
#11672=CARTESIAN_POINT('',(-24.6173935808241,26.6,-13.6130436182022));
#11673=CARTESIAN_POINT('',(-24.6173935808241,27.6,-13.6130436182022));
#11674=CARTESIAN_POINT('Ctrl Pts',(-24.6173935808241,26.6,-13.6130436182022));
#11675=CARTESIAN_POINT('Ctrl Pts',(-24.4217425264418,26.6,-13.5333331346512));
#11676=CARTESIAN_POINT('Ctrl Pts',(-24.0811615861952,26.6,-13.4463771104813));
#11677=CARTESIAN_POINT('Ctrl Pts',(-24.950726596266,27.6,-13.8159420013428));
#11678=CARTESIAN_POINT('Ctrl Pts',(-24.950726596266,26.6,-13.8159420013428));
#11679=CARTESIAN_POINT('Ctrl Pts',(-24.8202925600111,27.6,-13.6855073690414));
#11680=CARTESIAN_POINT('Ctrl Pts',(-24.8202925600111,26.6,-13.6855073690414));
#11681=CARTESIAN_POINT('Ctrl Pts',(-24.6173935808241,27.6,-13.6130436182022));
#11682=CARTESIAN_POINT('Ctrl Pts',(-24.6173935808241,26.6,-13.6130436182022));
#11683=CARTESIAN_POINT('',(-24.950726596266,27.6,-13.8159420013428));
#11684=CARTESIAN_POINT('Ctrl Pts',(-24.950726596266,27.6,-13.8159420013428));
#11685=CARTESIAN_POINT('Ctrl Pts',(-24.8202925600111,27.6,-13.6855073690414));
#11686=CARTESIAN_POINT('Ctrl Pts',(-24.6173935808241,27.6,-13.6130436182022));
#11687=CARTESIAN_POINT('',(-24.950726596266,26.6,-13.8159420013428));
#11688=CARTESIAN_POINT('',(-24.950726596266,27.6,-13.8159420013428));
#11689=CARTESIAN_POINT('Ctrl Pts',(-24.950726596266,26.6,-13.8159420013428));
#11690=CARTESIAN_POINT('Ctrl Pts',(-24.8202925600111,26.6,-13.6855073690414));
#11691=CARTESIAN_POINT('Ctrl Pts',(-24.6173935808241,26.6,-13.6130436182022));
#11692=CARTESIAN_POINT('Ctrl Pts',(-25.0811606325209,27.6,-14.1492756128311));
#11693=CARTESIAN_POINT('Ctrl Pts',(-25.0811606325209,26.6,-14.1492756128311));
#11694=CARTESIAN_POINT('Ctrl Pts',(-25.0811606325209,27.6,-13.9463766336441));
#11695=CARTESIAN_POINT('Ctrl Pts',(-25.0811606325209,26.6,-13.9463766336441));
#11696=CARTESIAN_POINT('Ctrl Pts',(-24.950726596266,27.6,-13.8159420013428));
#11697=CARTESIAN_POINT('Ctrl Pts',(-24.950726596266,26.6,-13.8159420013428));
#11698=CARTESIAN_POINT('',(-25.0811606325209,27.6,-14.1492756128311));
#11699=CARTESIAN_POINT('Ctrl Pts',(-25.0811606325209,27.6,-14.1492756128311));
#11700=CARTESIAN_POINT('Ctrl Pts',(-25.0811606325209,27.6,-13.9463766336441));
#11701=CARTESIAN_POINT('Ctrl Pts',(-24.950726596266,27.6,-13.8159420013428));
#11702=CARTESIAN_POINT('',(-25.0811606325209,26.6,-14.1492756128311));
#11703=CARTESIAN_POINT('',(-25.0811606325209,27.6,-14.1492756128311));
#11704=CARTESIAN_POINT('Ctrl Pts',(-25.0811606325209,26.6,-14.1492756128311));
#11705=CARTESIAN_POINT('Ctrl Pts',(-25.0811606325209,26.6,-13.9463766336441));
#11706=CARTESIAN_POINT('Ctrl Pts',(-24.950726596266,26.6,-13.8159420013428));
#11707=CARTESIAN_POINT('Ctrl Pts',(-24.8420315660536,27.6,-14.6347828626633));
#11708=CARTESIAN_POINT('Ctrl Pts',(-24.8420315660536,26.6,-14.6347828626633));
#11709=CARTESIAN_POINT('Ctrl Pts',(-25.0811606325209,27.6,-14.439130616188));
#11710=CARTESIAN_POINT('Ctrl Pts',(-25.0811606325209,26.6,-14.439130616188));
#11711=CARTESIAN_POINT('Ctrl Pts',(-25.0811606325209,27.6,-14.1492756128311));
#11712=CARTESIAN_POINT('Ctrl Pts',(-25.0811606325209,26.6,-14.1492756128311));
#11713=CARTESIAN_POINT('',(-24.8420315660536,27.6,-14.6347828626633));
#11714=CARTESIAN_POINT('Ctrl Pts',(-24.8420315660536,27.6,-14.6347828626633));
#11715=CARTESIAN_POINT('Ctrl Pts',(-25.0811606325209,27.6,-14.439130616188));
#11716=CARTESIAN_POINT('Ctrl Pts',(-25.0811606325209,27.6,-14.1492756128311));
#11717=CARTESIAN_POINT('',(-24.8420315660536,26.6,-14.6347828626633));
#11718=CARTESIAN_POINT('',(-24.8420315660536,27.6,-14.6347828626633));
#11719=CARTESIAN_POINT('Ctrl Pts',(-24.8420315660536,26.6,-14.6347828626633));
#11720=CARTESIAN_POINT('Ctrl Pts',(-25.0811606325209,26.6,-14.439130616188));
#11721=CARTESIAN_POINT('Ctrl Pts',(-25.0811606325209,26.6,-14.1492756128311));
#11722=CARTESIAN_POINT('Ctrl Pts',(-24.1971045412123,27.6,-14.830434513092));
#11723=CARTESIAN_POINT('Ctrl Pts',(-24.1971045412123,26.6,-14.830434513092));
#11724=CARTESIAN_POINT('Ctrl Pts',(-24.6101456560194,27.6,-14.830434513092));
#11725=CARTESIAN_POINT('Ctrl Pts',(-24.6101456560194,26.6,-14.830434513092));
#11726=CARTESIAN_POINT('Ctrl Pts',(-24.8420315660536,27.6,-14.6347828626633));
#11727=CARTESIAN_POINT('Ctrl Pts',(-24.8420315660536,26.6,-14.6347828626633));
#11728=CARTESIAN_POINT('',(-24.1971045412123,27.6,-14.830434513092));
#11729=CARTESIAN_POINT('Ctrl Pts',(-24.1971045412123,27.6,-14.830434513092));
#11730=CARTESIAN_POINT('Ctrl Pts',(-24.6101456560194,27.6,-14.830434513092));
#11731=CARTESIAN_POINT('Ctrl Pts',(-24.8420315660536,27.6,-14.6347828626633));
#11732=CARTESIAN_POINT('',(-24.1971045412123,26.6,-14.830434513092));
#11733=CARTESIAN_POINT('',(-24.1971045412123,27.6,-14.830434513092));
#11734=CARTESIAN_POINT('Ctrl Pts',(-24.1971045412123,26.6,-14.830434513092));
#11735=CARTESIAN_POINT('Ctrl Pts',(-24.6101456560194,26.6,-14.830434513092));
#11736=CARTESIAN_POINT('Ctrl Pts',(-24.8420315660536,26.6,-14.6347828626633));
#11737=CARTESIAN_POINT('Ctrl Pts',(-23.443477717787,27.6,-14.6275361299515));
#11738=CARTESIAN_POINT('Ctrl Pts',(-23.443477717787,26.6,-14.6275361299515));
#11739=CARTESIAN_POINT('Ctrl Pts',(-23.7260895647108,27.6,-14.830434513092));
#11740=CARTESIAN_POINT('Ctrl Pts',(-23.7260895647108,26.6,-14.830434513092));
#11741=CARTESIAN_POINT('Ctrl Pts',(-24.1971045412123,27.6,-14.830434513092));
#11742=CARTESIAN_POINT('Ctrl Pts',(-24.1971045412123,26.6,-14.830434513092));
#11743=CARTESIAN_POINT('',(-23.443477717787,27.6,-14.6275361299515));
#11744=CARTESIAN_POINT('Ctrl Pts',(-23.443477717787,27.6,-14.6275361299515));
#11745=CARTESIAN_POINT('Ctrl Pts',(-23.7260895647108,27.6,-14.830434513092));
#11746=CARTESIAN_POINT('Ctrl Pts',(-24.1971045412123,27.6,-14.830434513092));
#11747=CARTESIAN_POINT('',(-23.443477717787,26.6,-14.6275361299515));
#11748=CARTESIAN_POINT('',(-23.443477717787,27.6,-14.6275361299515));
#11749=CARTESIAN_POINT('Ctrl Pts',(-23.443477717787,26.6,-14.6275361299515));
#11750=CARTESIAN_POINT('Ctrl Pts',(-23.7260895647108,26.6,-14.830434513092));
#11751=CARTESIAN_POINT('Ctrl Pts',(-24.1971045412123,26.6,-14.830434513092));
#11752=CARTESIAN_POINT('Ctrl Pts',(-23.1318837083876,27.6,-14.0840579986572));
#11753=CARTESIAN_POINT('Ctrl Pts',(-23.1318837083876,26.6,-14.0840579986572));
#11754=CARTESIAN_POINT('Ctrl Pts',(-23.1681185640395,27.6,-14.4173916101456));
#11755=CARTESIAN_POINT('Ctrl Pts',(-23.1681185640395,26.6,-14.4173916101456));
#11756=CARTESIAN_POINT('Ctrl Pts',(-23.443477717787,27.6,-14.6275361299515));
#11757=CARTESIAN_POINT('Ctrl Pts',(-23.443477717787,26.6,-14.6275361299515));
#11758=CARTESIAN_POINT('',(-23.1318837083876,27.6,-14.0840579986572));
#11759=CARTESIAN_POINT('Ctrl Pts',(-23.1318837083876,27.6,-14.0840579986572));
#11760=CARTESIAN_POINT('Ctrl Pts',(-23.1681185640395,27.6,-14.4173916101456));
#11761=CARTESIAN_POINT('Ctrl Pts',(-23.443477717787,27.6,-14.6275361299515));
#11762=CARTESIAN_POINT('',(-23.1318837083876,26.6,-14.0840579986572));
#11763=CARTESIAN_POINT('',(-23.1318837083876,27.6,-14.0840579986572));
#11764=CARTESIAN_POINT('Ctrl Pts',(-23.1318837083876,26.6,-14.0840579986572));
#11765=CARTESIAN_POINT('Ctrl Pts',(-23.1681185640395,26.6,-14.4173916101456));
#11766=CARTESIAN_POINT('Ctrl Pts',(-23.443477717787,26.6,-14.6275361299515));
#11767=CARTESIAN_POINT('Origin',(-22.6101475633681,27.6,-14.0840579986572));
#11768=CARTESIAN_POINT('',(-22.6101475633681,27.6,-14.0840579986572));
#11769=CARTESIAN_POINT('',(-28.955073781684,27.6,-14.0840579986572));
#11770=CARTESIAN_POINT('',(-22.6101475633681,26.6,-14.0840579986572));
#11771=CARTESIAN_POINT('',(-22.6101475633681,27.6,-14.0840579986572));
#11772=CARTESIAN_POINT('',(-22.6101475633681,26.6,-14.0840579986572));
#11773=CARTESIAN_POINT('Ctrl Pts',(-23.0884056963026,27.6,-14.9463768720627));
#11774=CARTESIAN_POINT('Ctrl Pts',(-23.0884056963026,26.6,-14.9463768720627));
#11775=CARTESIAN_POINT('Ctrl Pts',(-22.6608687318861,27.6,-14.6275361299515));
#11776=CARTESIAN_POINT('Ctrl Pts',(-22.6608687318861,26.6,-14.6275361299515));
#11777=CARTESIAN_POINT('Ctrl Pts',(-22.6101475633681,27.6,-14.0840579986572));
#11778=CARTESIAN_POINT('Ctrl Pts',(-22.6101475633681,26.6,-14.0840579986572));
#11779=CARTESIAN_POINT('',(-23.0884056963026,27.6,-14.9463768720627));
#11780=CARTESIAN_POINT('Ctrl Pts',(-23.0884056963026,27.6,-14.9463768720627));
#11781=CARTESIAN_POINT('Ctrl Pts',(-22.6608687318861,27.6,-14.6275361299515));
#11782=CARTESIAN_POINT('Ctrl Pts',(-22.6101475633681,27.6,-14.0840579986572));
#11783=CARTESIAN_POINT('',(-23.0884056963026,26.6,-14.9463768720627));
#11784=CARTESIAN_POINT('',(-23.0884056963026,27.6,-14.9463768720627));
#11785=CARTESIAN_POINT('Ctrl Pts',(-23.0884056963026,26.6,-14.9463768720627));
#11786=CARTESIAN_POINT('Ctrl Pts',(-22.6608687318861,26.6,-14.6275361299515));
#11787=CARTESIAN_POINT('Ctrl Pts',(-22.6101475633681,26.6,-14.0840579986572));
#11788=CARTESIAN_POINT('Ctrl Pts',(-24.2043476976454,27.6,-15.2579708814621));
#11789=CARTESIAN_POINT('Ctrl Pts',(-24.2043476976454,26.6,-15.2579708814621));
#11790=CARTESIAN_POINT('Ctrl Pts',(-23.5231905855238,27.6,-15.2579708814621));
#11791=CARTESIAN_POINT('Ctrl Pts',(-23.5231905855238,26.6,-15.2579708814621));
#11792=CARTESIAN_POINT('Ctrl Pts',(-23.0884056963026,27.6,-14.9463768720627));
#11793=CARTESIAN_POINT('Ctrl Pts',(-23.0884056963026,26.6,-14.9463768720627));
#11794=CARTESIAN_POINT('',(-24.2043476976454,27.6,-15.2579708814621));
#11795=CARTESIAN_POINT('Ctrl Pts',(-24.2043476976454,27.6,-15.2579708814621));
#11796=CARTESIAN_POINT('Ctrl Pts',(-23.5231905855238,27.6,-15.2579708814621));
#11797=CARTESIAN_POINT('Ctrl Pts',(-23.0884056963026,27.6,-14.9463768720627));
#11798=CARTESIAN_POINT('',(-24.2043476976454,26.6,-15.2579708814621));
#11799=CARTESIAN_POINT('',(-24.2043476976454,27.6,-15.2579708814621));
#11800=CARTESIAN_POINT('Ctrl Pts',(-24.2043476976454,26.6,-15.2579708814621));
#11801=CARTESIAN_POINT('Ctrl Pts',(-23.5231905855238,26.6,-15.2579708814621));
#11802=CARTESIAN_POINT('Ctrl Pts',(-23.0884056963026,26.6,-14.9463768720627));
#11803=CARTESIAN_POINT('Ctrl Pts',(-24.9217396654188,27.6,-15.1130433797836));
#11804=CARTESIAN_POINT('Ctrl Pts',(-24.9217396654188,26.6,-15.1130433797836));
#11805=CARTESIAN_POINT('Ctrl Pts',(-24.6101456560194,27.6,-15.2579708814621));
#11806=CARTESIAN_POINT('Ctrl Pts',(-24.6101456560194,26.6,-15.2579708814621));
#11807=CARTESIAN_POINT('Ctrl Pts',(-24.2043476976454,27.6,-15.2579708814621));
#11808=CARTESIAN_POINT('Ctrl Pts',(-24.2043476976454,26.6,-15.2579708814621));
#11809=CARTESIAN_POINT('Ctrl Pts',(-24.9217396654188,27.6,-15.1130433797836));
#11810=CARTESIAN_POINT('Ctrl Pts',(-24.6101456560194,27.6,-15.2579708814621));
#11811=CARTESIAN_POINT('Ctrl Pts',(-24.2043476976454,27.6,-15.2579708814621));
#11812=CARTESIAN_POINT('Ctrl Pts',(-24.9217396654188,26.6,-15.1130433797836));
#11813=CARTESIAN_POINT('Ctrl Pts',(-24.6101456560194,26.6,-15.2579708814621));
#11814=CARTESIAN_POINT('Ctrl Pts',(-24.2043476976454,26.6,-15.2579708814621));
#11815=CARTESIAN_POINT('Origin',(0.00941873006524041,26.6,-12.5043477535248));
#11816=CARTESIAN_POINT('Ctrl Pts',(5.54927531108262,27.6,-11.982608628273));
#11817=CARTESIAN_POINT('Ctrl Pts',(5.54927531108262,26.6,-11.982608628273));
#11818=CARTESIAN_POINT('Ctrl Pts',(5.94782534465195,27.6,-12.3449273824692));
#11819=CARTESIAN_POINT('Ctrl Pts',(5.94782534465195,26.6,-12.3449273824692));
#11820=CARTESIAN_POINT('Ctrl Pts',(5.99130454882981,27.6,-13.0043478727341));
#11821=CARTESIAN_POINT('Ctrl Pts',(5.99130454882981,26.6,-13.0043478727341));
#11822=CARTESIAN_POINT('',(5.54927531108262,27.6,-11.982608628273));
#11823=CARTESIAN_POINT('',(5.99130454882981,27.6,-13.0043478727341));
#11824=CARTESIAN_POINT('Ctrl Pts',(5.54927531108262,27.6,-11.982608628273));
#11825=CARTESIAN_POINT('Ctrl Pts',(5.94782534465195,27.6,-12.3449273824692));
#11826=CARTESIAN_POINT('Ctrl Pts',(5.99130454882981,27.6,-13.0043478727341));
#11827=CARTESIAN_POINT('',(5.54927531108262,26.6,-11.982608628273));
#11828=CARTESIAN_POINT('',(5.54927531108262,27.6,-11.982608628273));
#11829=CARTESIAN_POINT('',(5.99130454882981,26.6,-13.0043478727341));
#11830=CARTESIAN_POINT('Ctrl Pts',(5.54927531108262,26.6,-11.982608628273));
#11831=CARTESIAN_POINT('Ctrl Pts',(5.94782534465195,26.6,-12.3449273824692));
#11832=CARTESIAN_POINT('Ctrl Pts',(5.99130454882981,26.6,-13.0043478727341));
#11833=CARTESIAN_POINT('',(5.99130454882981,27.6,-13.0043478727341));
#11834=CARTESIAN_POINT('Ctrl Pts',(4.58550635203721,27.6,-11.6202898740768));
#11835=CARTESIAN_POINT('Ctrl Pts',(4.58550635203721,26.6,-11.6202898740768));
#11836=CARTESIAN_POINT('Ctrl Pts',(5.15072527751328,27.6,-11.6202898740768));
#11837=CARTESIAN_POINT('Ctrl Pts',(5.15072527751328,26.6,-11.6202898740768));
#11838=CARTESIAN_POINT('Ctrl Pts',(5.54927531108262,27.6,-11.982608628273));
#11839=CARTESIAN_POINT('Ctrl Pts',(5.54927531108262,26.6,-11.982608628273));
#11840=CARTESIAN_POINT('',(4.58550635203721,27.6,-11.6202898740768));
#11841=CARTESIAN_POINT('Ctrl Pts',(4.58550635203721,27.6,-11.6202898740768));
#11842=CARTESIAN_POINT('Ctrl Pts',(5.15072527751328,27.6,-11.6202898740768));
#11843=CARTESIAN_POINT('Ctrl Pts',(5.54927531108262,27.6,-11.982608628273));
#11844=CARTESIAN_POINT('',(4.58550635203721,26.6,-11.6202898740768));
#11845=CARTESIAN_POINT('',(4.58550635203721,27.6,-11.6202898740768));
#11846=CARTESIAN_POINT('Ctrl Pts',(4.58550635203721,26.6,-11.6202898740768));
#11847=CARTESIAN_POINT('Ctrl Pts',(5.15072527751328,26.6,-11.6202898740768));
#11848=CARTESIAN_POINT('Ctrl Pts',(5.54927531108262,26.6,-11.982608628273));
#11849=CARTESIAN_POINT('Ctrl Pts',(3.88985577449204,27.6,-11.7797099471092));
#11850=CARTESIAN_POINT('Ctrl Pts',(3.88985577449204,26.6,-11.7797099471092));
#11851=CARTESIAN_POINT('Ctrl Pts',(4.20869532451035,27.6,-11.6202898740768));
#11852=CARTESIAN_POINT('Ctrl Pts',(4.20869532451035,26.6,-11.6202898740768));
#11853=CARTESIAN_POINT('Ctrl Pts',(4.58550635203721,27.6,-11.6202898740768));
#11854=CARTESIAN_POINT('Ctrl Pts',(4.58550635203721,26.6,-11.6202898740768));
#11855=CARTESIAN_POINT('',(3.88985577449204,27.6,-11.7797099471092));
#11856=CARTESIAN_POINT('Ctrl Pts',(3.88985577449204,27.6,-11.7797099471092));
#11857=CARTESIAN_POINT('Ctrl Pts',(4.20869532451035,27.6,-11.6202898740768));
#11858=CARTESIAN_POINT('Ctrl Pts',(4.58550635203721,27.6,-11.6202898740768));
#11859=CARTESIAN_POINT('',(3.88985577449204,26.6,-11.7797099471092));
#11860=CARTESIAN_POINT('',(3.88985577449204,27.6,-11.7797099471092));
#11861=CARTESIAN_POINT('Ctrl Pts',(3.88985577449204,26.6,-11.7797099471092));
#11862=CARTESIAN_POINT('Ctrl Pts',(4.20869532451035,26.6,-11.6202898740768));
#11863=CARTESIAN_POINT('Ctrl Pts',(4.58550635203721,26.6,-11.6202898740768));
#11864=CARTESIAN_POINT('Ctrl Pts',(3.38985386714341,27.6,-12.2507246255875));
#11865=CARTESIAN_POINT('Ctrl Pts',(3.38985386714341,26.6,-12.2507246255875));
#11866=CARTESIAN_POINT('Ctrl Pts',(3.57101384028794,27.6,-11.9391303181648));
#11867=CARTESIAN_POINT('Ctrl Pts',(3.57101384028794,26.6,-11.9391303181648));
#11868=CARTESIAN_POINT('Ctrl Pts',(3.88985577449204,27.6,-11.7797099471092));
#11869=CARTESIAN_POINT('Ctrl Pts',(3.88985577449204,26.6,-11.7797099471092));
#11870=CARTESIAN_POINT('',(3.38985386714341,27.6,-12.2507246255875));
#11871=CARTESIAN_POINT('Ctrl Pts',(3.38985386714341,27.6,-12.2507246255875));
#11872=CARTESIAN_POINT('Ctrl Pts',(3.57101384028794,27.6,-11.9391303181648));
#11873=CARTESIAN_POINT('Ctrl Pts',(3.88985577449204,27.6,-11.7797099471092));
#11874=CARTESIAN_POINT('',(3.38985386714341,26.6,-12.2507246255875));
#11875=CARTESIAN_POINT('',(3.38985386714341,27.6,-12.2507246255875));
#11876=CARTESIAN_POINT('Ctrl Pts',(3.38985386714341,26.6,-12.2507246255875));
#11877=CARTESIAN_POINT('Ctrl Pts',(3.57101384028794,26.6,-11.9391303181648));
#11878=CARTESIAN_POINT('Ctrl Pts',(3.88985577449204,26.6,-11.7797099471092));
#11879=CARTESIAN_POINT('Ctrl Pts',(3.20869627818467,27.6,-13.0043478727341));
#11880=CARTESIAN_POINT('Ctrl Pts',(3.20869627818467,26.6,-13.0043478727341));
#11881=CARTESIAN_POINT('Ctrl Pts',(3.20144835337998,27.6,-12.5623186349869));
#11882=CARTESIAN_POINT('Ctrl Pts',(3.20144835337998,26.6,-12.5623186349869));
#11883=CARTESIAN_POINT('Ctrl Pts',(3.38985386714341,27.6,-12.2507246255875));
#11884=CARTESIAN_POINT('Ctrl Pts',(3.38985386714341,26.6,-12.2507246255875));
#11885=CARTESIAN_POINT('',(3.20869627818467,27.6,-13.0043478727341));
#11886=CARTESIAN_POINT('Ctrl Pts',(3.20869627818467,27.6,-13.0043478727341));
#11887=CARTESIAN_POINT('Ctrl Pts',(3.20144835337998,27.6,-12.5623186349869));
#11888=CARTESIAN_POINT('Ctrl Pts',(3.38985386714341,27.6,-12.2507246255875));
#11889=CARTESIAN_POINT('',(3.20869627818467,26.6,-13.0043478727341));
#11890=CARTESIAN_POINT('',(3.20869627818467,27.6,-13.0043478727341));
#11891=CARTESIAN_POINT('Ctrl Pts',(3.20869627818467,26.6,-13.0043478727341));
#11892=CARTESIAN_POINT('Ctrl Pts',(3.20144835337998,26.6,-12.5623186349869));
#11893=CARTESIAN_POINT('Ctrl Pts',(3.38985386714341,26.6,-12.2507246255875));
#11894=CARTESIAN_POINT('Origin',(5.99130454882981,27.6,-13.0043478727341));
#11895=CARTESIAN_POINT('',(-14.6543477255851,27.6,-13.0043478727341));
#11896=CARTESIAN_POINT('',(5.99130454882981,26.6,-13.0043478727341));
#11897=CARTESIAN_POINT('Ctrl Pts',(3.57825938090683,27.6,-11.4318840622902));
#11898=CARTESIAN_POINT('Ctrl Pts',(3.57825938090683,26.6,-11.4318840622902));
#11899=CARTESIAN_POINT('Ctrl Pts',(3.15072480067612,27.6,-11.6782607555389));
#11900=CARTESIAN_POINT('Ctrl Pts',(3.15072480067612,26.6,-11.6782607555389));
#11901=CARTESIAN_POINT('Ctrl Pts',(2.92608681544663,27.6,-12.0985506892204));
#11902=CARTESIAN_POINT('Ctrl Pts',(2.92608681544663,26.6,-12.0985506892204));
#11903=CARTESIAN_POINT('',(3.57825938090683,27.6,-11.4318840622902));
#11904=CARTESIAN_POINT('',(2.92608681544663,27.6,-12.0985506892204));
#11905=CARTESIAN_POINT('Ctrl Pts',(3.57825938090683,27.6,-11.4318840622902));
#11906=CARTESIAN_POINT('Ctrl Pts',(3.15072480067612,27.6,-11.6782607555389));
#11907=CARTESIAN_POINT('Ctrl Pts',(2.92608681544663,27.6,-12.0985506892204));
#11908=CARTESIAN_POINT('',(3.57825938090683,26.6,-11.4318840622902));
#11909=CARTESIAN_POINT('',(3.57825938090683,27.6,-11.4318840622902));
#11910=CARTESIAN_POINT('',(2.92608681544663,26.6,-12.0985506892204));
#11911=CARTESIAN_POINT('Ctrl Pts',(3.57825938090683,26.6,-11.4318840622902));
#11912=CARTESIAN_POINT('Ctrl Pts',(3.15072480067612,26.6,-11.6782607555389));
#11913=CARTESIAN_POINT('Ctrl Pts',(2.92608681544663,26.6,-12.0985506892204));
#11914=CARTESIAN_POINT('',(2.92608681544663,27.6,-12.0985506892204));
#11915=CARTESIAN_POINT('Ctrl Pts',(4.56376734599472,27.6,-11.1855070710182));
#11916=CARTESIAN_POINT('Ctrl Pts',(4.56376734599472,26.6,-11.1855070710182));
#11917=CARTESIAN_POINT('Ctrl Pts',(3.99855080470444,27.6,-11.1855070710182));
#11918=CARTESIAN_POINT('Ctrl Pts',(3.99855080470444,26.6,-11.1855070710182));
#11919=CARTESIAN_POINT('Ctrl Pts',(3.57825938090683,27.6,-11.4318840622902));
#11920=CARTESIAN_POINT('Ctrl Pts',(3.57825938090683,26.6,-11.4318840622902));
#11921=CARTESIAN_POINT('',(4.56376734599472,27.6,-11.1855070710182));
#11922=CARTESIAN_POINT('Ctrl Pts',(4.56376734599472,27.6,-11.1855070710182));
#11923=CARTESIAN_POINT('Ctrl Pts',(3.99855080470444,27.6,-11.1855070710182));
#11924=CARTESIAN_POINT('Ctrl Pts',(3.57825938090683,27.6,-11.4318840622902));
#11925=CARTESIAN_POINT('',(4.56376734599472,26.6,-11.1855070710182));
#11926=CARTESIAN_POINT('',(4.56376734599472,27.6,-11.1855070710182));
#11927=CARTESIAN_POINT('Ctrl Pts',(4.56376734599472,26.6,-11.1855070710182));
#11928=CARTESIAN_POINT('Ctrl Pts',(3.99855080470444,26.6,-11.1855070710182));
#11929=CARTESIAN_POINT('Ctrl Pts',(3.57825938090683,26.6,-11.4318840622902));
#11930=CARTESIAN_POINT('Ctrl Pts',(5.5710143171251,27.6,-11.4318840622902));
#11931=CARTESIAN_POINT('Ctrl Pts',(5.5710143171251,26.6,-11.4318840622902));
#11932=CARTESIAN_POINT('Ctrl Pts',(5.1289862714708,27.6,-11.1855070710182));
#11933=CARTESIAN_POINT('Ctrl Pts',(5.1289862714708,26.6,-11.1855070710182));
#11934=CARTESIAN_POINT('Ctrl Pts',(4.56376734599472,27.6,-11.1855070710182));
#11935=CARTESIAN_POINT('Ctrl Pts',(4.56376734599472,26.6,-11.1855070710182));
#11936=CARTESIAN_POINT('',(5.5710143171251,27.6,-11.4318840622902));
#11937=CARTESIAN_POINT('Ctrl Pts',(5.5710143171251,27.6,-11.4318840622902));
#11938=CARTESIAN_POINT('Ctrl Pts',(5.1289862714708,27.6,-11.1855070710182));
#11939=CARTESIAN_POINT('Ctrl Pts',(4.56376734599472,27.6,-11.1855070710182));
#11940=CARTESIAN_POINT('',(5.5710143171251,26.6,-11.4318840622902));
#11941=CARTESIAN_POINT('',(5.5710143171251,27.6,-11.4318840622902));
#11942=CARTESIAN_POINT('Ctrl Pts',(5.5710143171251,26.6,-11.4318840622902));
#11943=CARTESIAN_POINT('Ctrl Pts',(5.1289862714708,26.6,-11.1855070710182));
#11944=CARTESIAN_POINT('Ctrl Pts',(4.56376734599472,26.6,-11.1855070710182));
#11945=CARTESIAN_POINT('Ctrl Pts',(6.25941935405137,27.6,-12.1420289993286));
#11946=CARTESIAN_POINT('Ctrl Pts',(6.25941935405137,26.6,-12.1420289993286));
#11947=CARTESIAN_POINT('Ctrl Pts',(6.01304355487229,27.6,-11.6782607555389));
#11948=CARTESIAN_POINT('Ctrl Pts',(6.01304355487229,26.6,-11.6782607555389));
#11949=CARTESIAN_POINT('Ctrl Pts',(5.5710143171251,27.6,-11.4318840622902));
#11950=CARTESIAN_POINT('Ctrl Pts',(5.5710143171251,26.6,-11.4318840622902));
#11951=CARTESIAN_POINT('',(6.25941935405137,27.6,-12.1420289993286));
#11952=CARTESIAN_POINT('Ctrl Pts',(6.25941935405137,27.6,-12.1420289993286));
#11953=CARTESIAN_POINT('Ctrl Pts',(6.01304355487229,27.6,-11.6782607555389));
#11954=CARTESIAN_POINT('Ctrl Pts',(5.5710143171251,27.6,-11.4318840622902));
#11955=CARTESIAN_POINT('',(6.25941935405137,26.6,-12.1420289993286));
#11956=CARTESIAN_POINT('',(6.25941935405137,27.6,-12.1420289993286));
#11957=CARTESIAN_POINT('Ctrl Pts',(6.25941935405137,26.6,-12.1420289993286));
#11958=CARTESIAN_POINT('Ctrl Pts',(6.01304355487229,26.6,-11.6782607555389));
#11959=CARTESIAN_POINT('Ctrl Pts',(5.5710143171251,26.6,-11.4318840622902));
#11960=CARTESIAN_POINT('Ctrl Pts',(6.50579634532334,27.6,-13.2217391252518));
#11961=CARTESIAN_POINT('Ctrl Pts',(6.50579634532334,26.6,-13.2217391252518));
#11962=CARTESIAN_POINT('Ctrl Pts',(6.50579634532334,27.6,-12.6057966470718));
#11963=CARTESIAN_POINT('Ctrl Pts',(6.50579634532334,26.6,-12.6057966470718));
#11964=CARTESIAN_POINT('Ctrl Pts',(6.25941935405137,27.6,-12.1420289993286));
#11965=CARTESIAN_POINT('Ctrl Pts',(6.25941935405137,26.6,-12.1420289993286));
#11966=CARTESIAN_POINT('',(6.50579634532334,27.6,-13.2217391252518));
#11967=CARTESIAN_POINT('Ctrl Pts',(6.50579634532334,27.6,-13.2217391252518));
#11968=CARTESIAN_POINT('Ctrl Pts',(6.50579634532334,27.6,-12.6057966470718));
#11969=CARTESIAN_POINT('Ctrl Pts',(6.25941935405137,27.6,-12.1420289993286));
#11970=CARTESIAN_POINT('',(6.50579634532334,26.6,-13.2217391252518));
#11971=CARTESIAN_POINT('',(6.50579634532334,27.6,-13.2217391252518));
#11972=CARTESIAN_POINT('Ctrl Pts',(6.50579634532334,26.6,-13.2217391252518));
#11973=CARTESIAN_POINT('Ctrl Pts',(6.50579634532334,26.6,-12.6057966470718));
#11974=CARTESIAN_POINT('Ctrl Pts',(6.25941935405137,26.6,-12.1420289993286));
#11975=CARTESIAN_POINT('Ctrl Pts',(6.25941935405137,27.6,-14.3014492511749));
#11976=CARTESIAN_POINT('Ctrl Pts',(6.25941935405137,26.6,-14.3014492511749));
#11977=CARTESIAN_POINT('Ctrl Pts',(6.50579634532334,27.6,-13.8376810073853));
#11978=CARTESIAN_POINT('Ctrl Pts',(6.50579634532334,26.6,-13.8376810073853));
#11979=CARTESIAN_POINT('Ctrl Pts',(6.50579634532334,27.6,-13.2217391252518));
#11980=CARTESIAN_POINT('Ctrl Pts',(6.50579634532334,26.6,-13.2217391252518));
#11981=CARTESIAN_POINT('',(6.25941935405137,27.6,-14.3014492511749));
#11982=CARTESIAN_POINT('Ctrl Pts',(6.25941935405137,27.6,-14.3014492511749));
#11983=CARTESIAN_POINT('Ctrl Pts',(6.50579634532334,27.6,-13.8376810073853));
#11984=CARTESIAN_POINT('Ctrl Pts',(6.50579634532334,27.6,-13.2217391252518));
#11985=CARTESIAN_POINT('',(6.25941935405137,26.6,-14.3014492511749));
#11986=CARTESIAN_POINT('',(6.25941935405137,27.6,-14.3014492511749));
#11987=CARTESIAN_POINT('Ctrl Pts',(6.25941935405137,26.6,-14.3014492511749));
#11988=CARTESIAN_POINT('Ctrl Pts',(6.50579634532334,26.6,-13.8376810073853));
#11989=CARTESIAN_POINT('Ctrl Pts',(6.50579634532334,26.6,-13.2217391252518));
#11990=CARTESIAN_POINT('Ctrl Pts',(5.5637687765062,27.6,-15.0115938901901));
#11991=CARTESIAN_POINT('Ctrl Pts',(5.5637687765062,26.6,-15.0115938901901));
#11992=CARTESIAN_POINT('Ctrl Pts',(6.0057968221605,27.6,-14.7579707622528));
#11993=CARTESIAN_POINT('Ctrl Pts',(6.0057968221605,26.6,-14.7579707622528));
#11994=CARTESIAN_POINT('Ctrl Pts',(6.25941935405137,27.6,-14.3014492511749));
#11995=CARTESIAN_POINT('Ctrl Pts',(6.25941935405137,26.6,-14.3014492511749));
#11996=CARTESIAN_POINT('',(5.5637687765062,27.6,-15.0115938901901));
#11997=CARTESIAN_POINT('Ctrl Pts',(5.5637687765062,27.6,-15.0115938901901));
#11998=CARTESIAN_POINT('Ctrl Pts',(6.0057968221605,27.6,-14.7579707622528));
#11999=CARTESIAN_POINT('Ctrl Pts',(6.25941935405137,27.6,-14.3014492511749));
#12000=CARTESIAN_POINT('',(5.5637687765062,26.6,-15.0115938901901));
#12001=CARTESIAN_POINT('',(5.5637687765062,27.6,-15.0115938901901));
#12002=CARTESIAN_POINT('Ctrl Pts',(5.5637687765062,26.6,-15.0115938901901));
#12003=CARTESIAN_POINT('Ctrl Pts',(6.0057968221605,26.6,-14.7579707622528));
#12004=CARTESIAN_POINT('Ctrl Pts',(6.25941935405137,26.6,-14.3014492511749));
#12005=CARTESIAN_POINT('Ctrl Pts',(4.56376734599472,27.6,-15.2579708814621));
#12006=CARTESIAN_POINT('Ctrl Pts',(4.56376734599472,26.6,-15.2579708814621));
#12007=CARTESIAN_POINT('Ctrl Pts',(5.12173834666611,27.6,-15.2579708814621));
#12008=CARTESIAN_POINT('Ctrl Pts',(5.12173834666611,26.6,-15.2579708814621));
#12009=CARTESIAN_POINT('Ctrl Pts',(5.5637687765062,27.6,-15.0115938901901));
#12010=CARTESIAN_POINT('Ctrl Pts',(5.5637687765062,26.6,-15.0115938901901));
#12011=CARTESIAN_POINT('',(4.56376734599472,27.6,-15.2579708814621));
#12012=CARTESIAN_POINT('Ctrl Pts',(4.56376734599472,27.6,-15.2579708814621));
#12013=CARTESIAN_POINT('Ctrl Pts',(5.12173834666611,27.6,-15.2579708814621));
#12014=CARTESIAN_POINT('Ctrl Pts',(5.5637687765062,27.6,-15.0115938901901));
#12015=CARTESIAN_POINT('',(4.56376734599472,26.6,-15.2579708814621));
#12016=CARTESIAN_POINT('',(4.56376734599472,27.6,-15.2579708814621));
#12017=CARTESIAN_POINT('Ctrl Pts',(4.56376734599472,26.6,-15.2579708814621));
#12018=CARTESIAN_POINT('Ctrl Pts',(5.12173834666611,26.6,-15.2579708814621));
#12019=CARTESIAN_POINT('Ctrl Pts',(5.5637687765062,26.6,-15.0115938901901));
#12020=CARTESIAN_POINT('Ctrl Pts',(3.37536278590561,27.6,-14.8956521272659));
#12021=CARTESIAN_POINT('Ctrl Pts',(3.37536278590561,26.6,-14.8956521272659));
#12022=CARTESIAN_POINT('Ctrl Pts',(3.84637537822129,27.6,-15.2579708814621));
#12023=CARTESIAN_POINT('Ctrl Pts',(3.84637537822129,26.6,-15.2579708814621));
#12024=CARTESIAN_POINT('Ctrl Pts',(4.56376734599472,27.6,-15.2579708814621));
#12025=CARTESIAN_POINT('Ctrl Pts',(4.56376734599472,26.6,-15.2579708814621));
#12026=CARTESIAN_POINT('',(3.37536278590561,27.6,-14.8956521272659));
#12027=CARTESIAN_POINT('Ctrl Pts',(3.37536278590561,27.6,-14.8956521272659));
#12028=CARTESIAN_POINT('Ctrl Pts',(3.84637537822129,27.6,-15.2579708814621));
#12029=CARTESIAN_POINT('Ctrl Pts',(4.56376734599472,27.6,-15.2579708814621));
#12030=CARTESIAN_POINT('',(3.37536278590561,26.6,-14.8956521272659));
#12031=CARTESIAN_POINT('',(3.37536278590561,27.6,-14.8956521272659));
#12032=CARTESIAN_POINT('Ctrl Pts',(3.37536278590561,26.6,-14.8956521272659));
#12033=CARTESIAN_POINT('Ctrl Pts',(3.84637537822129,26.6,-15.2579708814621));
#12034=CARTESIAN_POINT('Ctrl Pts',(4.56376734599472,26.6,-15.2579708814621));
#12035=CARTESIAN_POINT('Ctrl Pts',(2.75217238292099,27.6,-13.9463766336441));
#12036=CARTESIAN_POINT('Ctrl Pts',(2.75217238292099,26.6,-13.9463766336441));
#12037=CARTESIAN_POINT('Ctrl Pts',(2.89709988459946,27.6,-14.526086640358));
#12038=CARTESIAN_POINT('Ctrl Pts',(2.89709988459946,26.6,-14.526086640358));
#12039=CARTESIAN_POINT('Ctrl Pts',(3.37536278590561,27.6,-14.8956521272659));
#12040=CARTESIAN_POINT('Ctrl Pts',(3.37536278590561,26.6,-14.8956521272659));
#12041=CARTESIAN_POINT('',(2.75217238292099,27.6,-13.9463766336441));
#12042=CARTESIAN_POINT('Ctrl Pts',(2.75217238292099,27.6,-13.9463766336441));
#12043=CARTESIAN_POINT('Ctrl Pts',(2.89709988459946,27.6,-14.526086640358));
#12044=CARTESIAN_POINT('Ctrl Pts',(3.37536278590561,27.6,-14.8956521272659));
#12045=CARTESIAN_POINT('',(2.75217238292099,26.6,-13.9463766336441));
#12046=CARTESIAN_POINT('',(2.75217238292099,27.6,-13.9463766336441));
#12047=CARTESIAN_POINT('Ctrl Pts',(2.75217238292099,26.6,-13.9463766336441));
#12048=CARTESIAN_POINT('Ctrl Pts',(2.89709988459946,26.6,-14.526086640358));
#12049=CARTESIAN_POINT('Ctrl Pts',(3.37536278590561,26.6,-14.8956521272659));
#12050=CARTESIAN_POINT('Origin',(3.2884043775499,27.6,-13.9463766336441));
#12051=CARTESIAN_POINT('',(3.2884043775499,27.6,-13.9463766336441));
#12052=CARTESIAN_POINT('',(-16.005797811225,27.6,-13.9463766336441));
#12053=CARTESIAN_POINT('',(3.2884043775499,26.6,-13.9463766336441));
#12054=CARTESIAN_POINT('',(3.2884043775499,27.6,-13.9463766336441));
#12055=CARTESIAN_POINT('',(3.2884043775499,26.6,-13.9463766336441));
#12056=CARTESIAN_POINT('Ctrl Pts',(3.73768034800888,27.6,-14.5913042545319));
#12057=CARTESIAN_POINT('Ctrl Pts',(3.73768034800888,26.6,-14.5913042545319));
#12058=CARTESIAN_POINT('Ctrl Pts',(3.39710179194809,27.6,-14.3521739959717));
#12059=CARTESIAN_POINT('Ctrl Pts',(3.39710179194809,26.6,-14.3521739959717));
#12060=CARTESIAN_POINT('Ctrl Pts',(3.2884043775499,27.6,-13.9463766336441));
#12061=CARTESIAN_POINT('Ctrl Pts',(3.2884043775499,26.6,-13.9463766336441));
#12062=CARTESIAN_POINT('',(3.73768034800888,27.6,-14.5913042545319));
#12063=CARTESIAN_POINT('Ctrl Pts',(3.73768034800888,27.6,-14.5913042545319));
#12064=CARTESIAN_POINT('Ctrl Pts',(3.39710179194809,27.6,-14.3521739959717));
#12065=CARTESIAN_POINT('Ctrl Pts',(3.2884043775499,27.6,-13.9463766336441));
#12066=CARTESIAN_POINT('',(3.73768034800888,26.6,-14.5913042545319));
#12067=CARTESIAN_POINT('',(3.73768034800888,27.6,-14.5913042545319));
#12068=CARTESIAN_POINT('Ctrl Pts',(3.73768034800888,26.6,-14.5913042545319));
#12069=CARTESIAN_POINT('Ctrl Pts',(3.39710179194809,26.6,-14.3521739959717));
#12070=CARTESIAN_POINT('Ctrl Pts',(3.2884043775499,26.6,-13.9463766336441));
#12071=CARTESIAN_POINT('Ctrl Pts',(4.56376734599472,27.6,-14.830434513092));
#12072=CARTESIAN_POINT('Ctrl Pts',(4.56376734599472,26.6,-14.830434513092));
#12073=CARTESIAN_POINT('Ctrl Pts',(4.07101336345078,27.6,-14.830434513092));
#12074=CARTESIAN_POINT('Ctrl Pts',(4.07101336345078,26.6,-14.830434513092));
#12075=CARTESIAN_POINT('Ctrl Pts',(3.73768034800888,27.6,-14.5913042545319));
#12076=CARTESIAN_POINT('Ctrl Pts',(3.73768034800888,26.6,-14.5913042545319));
#12077=CARTESIAN_POINT('',(4.56376734599472,27.6,-14.830434513092));
#12078=CARTESIAN_POINT('Ctrl Pts',(4.56376734599472,27.6,-14.830434513092));
#12079=CARTESIAN_POINT('Ctrl Pts',(4.07101336345078,27.6,-14.830434513092));
#12080=CARTESIAN_POINT('Ctrl Pts',(3.73768034800888,27.6,-14.5913042545319));
#12081=CARTESIAN_POINT('',(4.56376734599472,26.6,-14.830434513092));
#12082=CARTESIAN_POINT('',(4.56376734599472,27.6,-14.830434513092));
#12083=CARTESIAN_POINT('Ctrl Pts',(4.56376734599472,26.6,-14.830434513092));
#12084=CARTESIAN_POINT('Ctrl Pts',(4.07101336345078,26.6,-14.830434513092));
#12085=CARTESIAN_POINT('Ctrl Pts',(3.73768034800888,26.6,-14.5913042545319));
#12086=CARTESIAN_POINT('Ctrl Pts',(5.25942030772568,27.6,-14.6710147380829));
#12087=CARTESIAN_POINT('Ctrl Pts',(5.25942030772568,26.6,-14.6710147380829));
#12088=CARTESIAN_POINT('Ctrl Pts',(4.94057837352158,27.6,-14.830434513092));
#12089=CARTESIAN_POINT('Ctrl Pts',(4.94057837352158,26.6,-14.830434513092));
#12090=CARTESIAN_POINT('Ctrl Pts',(4.56376734599472,27.6,-14.830434513092));
#12091=CARTESIAN_POINT('Ctrl Pts',(4.56376734599472,26.6,-14.830434513092));
#12092=CARTESIAN_POINT('',(5.25942030772568,27.6,-14.6710147380829));
#12093=CARTESIAN_POINT('Ctrl Pts',(5.25942030772568,27.6,-14.6710147380829));
#12094=CARTESIAN_POINT('Ctrl Pts',(4.94057837352158,27.6,-14.830434513092));
#12095=CARTESIAN_POINT('Ctrl Pts',(4.56376734599472,27.6,-14.830434513092));
#12096=CARTESIAN_POINT('',(5.25942030772568,26.6,-14.6710147380829));
#12097=CARTESIAN_POINT('',(5.25942030772568,27.6,-14.6710147380829));
#12098=CARTESIAN_POINT('Ctrl Pts',(5.25942030772568,26.6,-14.6710147380829));
#12099=CARTESIAN_POINT('Ctrl Pts',(4.94057837352158,26.6,-14.830434513092));
#12100=CARTESIAN_POINT('Ctrl Pts',(4.56376734599472,26.6,-14.830434513092));
#12101=CARTESIAN_POINT('Ctrl Pts',(5.77391329631211,27.6,-14.1855068922043));
#12102=CARTESIAN_POINT('Ctrl Pts',(5.77391329631211,26.6,-14.1855068922043));
#12103=CARTESIAN_POINT('Ctrl Pts',(5.57825985774399,27.6,-14.5043476343155));
#12104=CARTESIAN_POINT('Ctrl Pts',(5.57825985774399,26.6,-14.5043476343155));
#12105=CARTESIAN_POINT('Ctrl Pts',(5.25942030772568,27.6,-14.6710147380829));
#12106=CARTESIAN_POINT('Ctrl Pts',(5.25942030772568,26.6,-14.6710147380829));
#12107=CARTESIAN_POINT('',(5.77391329631211,27.6,-14.1855068922043));
#12108=CARTESIAN_POINT('Ctrl Pts',(5.77391329631211,27.6,-14.1855068922043));
#12109=CARTESIAN_POINT('Ctrl Pts',(5.57825985774399,27.6,-14.5043476343155));
#12110=CARTESIAN_POINT('Ctrl Pts',(5.25942030772568,27.6,-14.6710147380829));
#12111=CARTESIAN_POINT('',(5.77391329631211,26.6,-14.1855068922043));
#12112=CARTESIAN_POINT('',(5.77391329631211,27.6,-14.1855068922043));
#12113=CARTESIAN_POINT('Ctrl Pts',(5.77391329631211,26.6,-14.1855068922043));
#12114=CARTESIAN_POINT('Ctrl Pts',(5.57825985774399,26.6,-14.5043476343155));
#12115=CARTESIAN_POINT('Ctrl Pts',(5.25942030772568,26.6,-14.6710147380829));
#12116=CARTESIAN_POINT('Ctrl Pts',(5.99130454882981,27.6,-13.417391371727));
#12117=CARTESIAN_POINT('Ctrl Pts',(5.99130454882981,26.6,-13.417391371727));
#12118=CARTESIAN_POINT('Ctrl Pts',(5.96956435069443,27.6,-13.8666667461395));
#12119=CARTESIAN_POINT('Ctrl Pts',(5.96956435069443,26.6,-13.8666667461395));
#12120=CARTESIAN_POINT('Ctrl Pts',(5.77391329631211,27.6,-14.1855068922043));
#12121=CARTESIAN_POINT('Ctrl Pts',(5.77391329631211,26.6,-14.1855068922043));
#12122=CARTESIAN_POINT('',(5.99130454882981,27.6,-13.417391371727));
#12123=CARTESIAN_POINT('Ctrl Pts',(5.99130454882981,27.6,-13.417391371727));
#12124=CARTESIAN_POINT('Ctrl Pts',(5.96956435069443,27.6,-13.8666667461395));
#12125=CARTESIAN_POINT('Ctrl Pts',(5.77391329631211,27.6,-14.1855068922043));
#12126=CARTESIAN_POINT('',(5.99130454882981,26.6,-13.417391371727));
#12127=CARTESIAN_POINT('',(5.99130454882981,27.6,-13.417391371727));
#12128=CARTESIAN_POINT('Ctrl Pts',(5.99130454882981,26.6,-13.417391371727));
#12129=CARTESIAN_POINT('Ctrl Pts',(5.96956435069443,26.6,-13.8666667461395));
#12130=CARTESIAN_POINT('Ctrl Pts',(5.77391329631211,26.6,-14.1855068922043));
#12131=CARTESIAN_POINT('Origin',(2.70869437083603,27.6,-13.417391371727));
#12132=CARTESIAN_POINT('',(2.70869437083603,27.6,-13.417391371727));
#12133=CARTESIAN_POINT('',(-16.295652814582,27.6,-13.417391371727));
#12134=CARTESIAN_POINT('',(2.70869437083603,26.6,-13.417391371727));
#12135=CARTESIAN_POINT('',(2.70869437083603,27.6,-13.417391371727));
#12136=CARTESIAN_POINT('',(2.70869437083603,26.6,-13.417391371727));
#12137=CARTESIAN_POINT('Ctrl Pts',(2.69420328959824,27.6,-13.0188401460648));
#12138=CARTESIAN_POINT('Ctrl Pts',(2.69420328959824,26.6,-13.0188401460648));
#12139=CARTESIAN_POINT('Ctrl Pts',(2.69420328959824,27.6,-13.2797100067139));
#12140=CARTESIAN_POINT('Ctrl Pts',(2.69420328959824,26.6,-13.2797100067139));
#12141=CARTESIAN_POINT('Ctrl Pts',(2.70869437083603,27.6,-13.417391371727));
#12142=CARTESIAN_POINT('Ctrl Pts',(2.70869437083603,26.6,-13.417391371727));
#12143=CARTESIAN_POINT('',(2.69420328959824,27.6,-13.0188401460648));
#12144=CARTESIAN_POINT('Ctrl Pts',(2.69420328959824,27.6,-13.0188401460648));
#12145=CARTESIAN_POINT('Ctrl Pts',(2.69420328959824,27.6,-13.2797100067139));
#12146=CARTESIAN_POINT('Ctrl Pts',(2.70869437083603,27.6,-13.417391371727));
#12147=CARTESIAN_POINT('',(2.69420328959824,26.6,-13.0188401460648));
#12148=CARTESIAN_POINT('',(2.69420328959824,27.6,-13.0188401460648));
#12149=CARTESIAN_POINT('Ctrl Pts',(2.69420328959824,26.6,-13.0188401460648));
#12150=CARTESIAN_POINT('Ctrl Pts',(2.69420328959824,26.6,-13.2797100067139));
#12151=CARTESIAN_POINT('Ctrl Pts',(2.70869437083603,26.6,-13.417391371727));
#12152=CARTESIAN_POINT('Ctrl Pts',(2.92608681544663,27.6,-12.0985506892204));
#12153=CARTESIAN_POINT('Ctrl Pts',(2.92608681544663,26.6,-12.0985506892204));
#12154=CARTESIAN_POINT('Ctrl Pts',(2.69420328959824,27.6,-12.5115941882133));
#12155=CARTESIAN_POINT('Ctrl Pts',(2.69420328959824,26.6,-12.5115941882133));
#12156=CARTESIAN_POINT('Ctrl Pts',(2.69420328959824,27.6,-13.0188401460648));
#12157=CARTESIAN_POINT('Ctrl Pts',(2.69420328959824,26.6,-13.0188401460648));
#12158=CARTESIAN_POINT('Ctrl Pts',(2.92608681544663,27.6,-12.0985506892204));
#12159=CARTESIAN_POINT('Ctrl Pts',(2.69420328959824,27.6,-12.5115941882133));
#12160=CARTESIAN_POINT('Ctrl Pts',(2.69420328959824,27.6,-13.0188401460648));
#12161=CARTESIAN_POINT('Ctrl Pts',(2.92608681544663,26.6,-12.0985506892204));
#12162=CARTESIAN_POINT('Ctrl Pts',(2.69420328959824,26.6,-12.5115941882133));
#12163=CARTESIAN_POINT('Ctrl Pts',(2.69420328959824,26.6,-13.0188401460648));
#12164=CARTESIAN_POINT('Origin',(0.00941873006524041,26.6,-12.5043477535248));
#12165=CARTESIAN_POINT('Ctrl Pts',(16.1579704605043,27.6,-11.982608628273));
#12166=CARTESIAN_POINT('Ctrl Pts',(16.1579704605043,26.6,-11.982608628273));
#12167=CARTESIAN_POINT('Ctrl Pts',(16.5565216861665,27.6,-12.3449273824692));
#12168=CARTESIAN_POINT('Ctrl Pts',(16.5565216861665,26.6,-12.3449273824692));
#12169=CARTESIAN_POINT('Ctrl Pts',(16.5999996982515,27.6,-13.0043478727341));
#12170=CARTESIAN_POINT('Ctrl Pts',(16.5999996982515,26.6,-13.0043478727341));
#12171=CARTESIAN_POINT('',(16.1579704605043,27.6,-11.982608628273));
#12172=CARTESIAN_POINT('',(16.5999996982515,27.6,-13.0043478727341));
#12173=CARTESIAN_POINT('Ctrl Pts',(16.1579704605043,27.6,-11.982608628273));
#12174=CARTESIAN_POINT('Ctrl Pts',(16.5565216861665,27.6,-12.3449273824692));
#12175=CARTESIAN_POINT('Ctrl Pts',(16.5999996982515,27.6,-13.0043478727341));
#12176=CARTESIAN_POINT('',(16.1579704605043,26.6,-11.982608628273));
#12177=CARTESIAN_POINT('',(16.1579704605043,27.6,-11.982608628273));
#12178=CARTESIAN_POINT('',(16.5999996982515,26.6,-13.0043478727341));
#12179=CARTESIAN_POINT('Ctrl Pts',(16.1579704605043,26.6,-11.982608628273));
#12180=CARTESIAN_POINT('Ctrl Pts',(16.5565216861665,26.6,-12.3449273824692));
#12181=CARTESIAN_POINT('Ctrl Pts',(16.5999996982515,26.6,-13.0043478727341));
#12182=CARTESIAN_POINT('',(16.5999996982515,27.6,-13.0043478727341));
#12183=CARTESIAN_POINT('Ctrl Pts',(15.1942020975053,27.6,-11.6202898740768));
#12184=CARTESIAN_POINT('Ctrl Pts',(15.1942020975053,26.6,-11.6202898740768));
#12185=CARTESIAN_POINT('Ctrl Pts',(15.7594198308885,27.6,-11.6202898740768));
#12186=CARTESIAN_POINT('Ctrl Pts',(15.7594198308885,26.6,-11.6202898740768));
#12187=CARTESIAN_POINT('Ctrl Pts',(16.1579704605043,27.6,-11.982608628273));
#12188=CARTESIAN_POINT('Ctrl Pts',(16.1579704605043,26.6,-11.982608628273));
#12189=CARTESIAN_POINT('',(15.1942020975053,27.6,-11.6202898740768));
#12190=CARTESIAN_POINT('Ctrl Pts',(15.1942020975053,27.6,-11.6202898740768));
#12191=CARTESIAN_POINT('Ctrl Pts',(15.7594198308885,27.6,-11.6202898740768));
#12192=CARTESIAN_POINT('Ctrl Pts',(16.1579704605043,27.6,-11.982608628273));
#12193=CARTESIAN_POINT('',(15.1942020975053,26.6,-11.6202898740768));
#12194=CARTESIAN_POINT('',(15.1942020975053,27.6,-11.6202898740768));
#12195=CARTESIAN_POINT('Ctrl Pts',(15.1942020975053,26.6,-11.6202898740768));
#12196=CARTESIAN_POINT('Ctrl Pts',(15.7594198308885,26.6,-11.6202898740768));
#12197=CARTESIAN_POINT('Ctrl Pts',(16.1579704605043,26.6,-11.982608628273));
#12198=CARTESIAN_POINT('Ctrl Pts',(14.4985503278673,27.6,-11.7797099471092));
#12199=CARTESIAN_POINT('Ctrl Pts',(14.4985503278673,26.6,-11.7797099471092));
#12200=CARTESIAN_POINT('Ctrl Pts',(14.8173910699785,27.6,-11.6202898740768));
#12201=CARTESIAN_POINT('Ctrl Pts',(14.8173910699785,26.6,-11.6202898740768));
#12202=CARTESIAN_POINT('Ctrl Pts',(15.1942020975053,27.6,-11.6202898740768));
#12203=CARTESIAN_POINT('Ctrl Pts',(15.1942020975053,26.6,-11.6202898740768));
#12204=CARTESIAN_POINT('',(14.4985503278673,27.6,-11.7797099471092));
#12205=CARTESIAN_POINT('Ctrl Pts',(14.4985503278673,27.6,-11.7797099471092));
#12206=CARTESIAN_POINT('Ctrl Pts',(14.8173910699785,27.6,-11.6202898740768));
#12207=CARTESIAN_POINT('Ctrl Pts',(15.1942020975053,27.6,-11.6202898740768));
#12208=CARTESIAN_POINT('',(14.4985503278673,26.6,-11.7797099471092));
#12209=CARTESIAN_POINT('',(14.4985503278673,27.6,-11.7797099471092));
#12210=CARTESIAN_POINT('Ctrl Pts',(14.4985503278673,26.6,-11.7797099471092));
#12211=CARTESIAN_POINT('Ctrl Pts',(14.8173910699785,26.6,-11.6202898740768));
#12212=CARTESIAN_POINT('Ctrl Pts',(15.1942020975053,26.6,-11.6202898740768));
#12213=CARTESIAN_POINT('Ctrl Pts',(13.9985508047044,27.6,-12.2507246255875));
#12214=CARTESIAN_POINT('Ctrl Pts',(13.9985508047044,26.6,-12.2507246255875));
#12215=CARTESIAN_POINT('Ctrl Pts',(14.1797095857561,27.6,-11.9391303181648));
#12216=CARTESIAN_POINT('Ctrl Pts',(14.1797095857561,26.6,-11.9391303181648));
#12217=CARTESIAN_POINT('Ctrl Pts',(14.4985503278673,27.6,-11.7797099471092));
#12218=CARTESIAN_POINT('Ctrl Pts',(14.4985503278673,26.6,-11.7797099471092));
#12219=CARTESIAN_POINT('',(13.9985508047044,27.6,-12.2507246255875));
#12220=CARTESIAN_POINT('Ctrl Pts',(13.9985508047044,27.6,-12.2507246255875));
#12221=CARTESIAN_POINT('Ctrl Pts',(14.1797095857561,27.6,-11.9391303181648));
#12222=CARTESIAN_POINT('Ctrl Pts',(14.4985503278673,27.6,-11.7797099471092));
#12223=CARTESIAN_POINT('',(13.9985508047044,26.6,-12.2507246255875));
#12224=CARTESIAN_POINT('',(13.9985508047044,27.6,-12.2507246255875));
#12225=CARTESIAN_POINT('Ctrl Pts',(13.9985508047044,26.6,-12.2507246255875));
#12226=CARTESIAN_POINT('Ctrl Pts',(14.1797095857561,26.6,-11.9391303181648));
#12227=CARTESIAN_POINT('Ctrl Pts',(14.4985503278673,26.6,-11.7797099471092));
#12228=CARTESIAN_POINT('Ctrl Pts',(13.8173908315599,27.6,-13.0043478727341));
#12229=CARTESIAN_POINT('Ctrl Pts',(13.8173908315599,26.6,-13.0043478727341));
#12230=CARTESIAN_POINT('Ctrl Pts',(13.8101440988481,27.6,-12.5623186349869));
#12231=CARTESIAN_POINT('Ctrl Pts',(13.8101440988481,26.6,-12.5623186349869));
#12232=CARTESIAN_POINT('Ctrl Pts',(13.9985508047044,27.6,-12.2507246255875));
#12233=CARTESIAN_POINT('Ctrl Pts',(13.9985508047044,26.6,-12.2507246255875));
#12234=CARTESIAN_POINT('',(13.8173908315599,27.6,-13.0043478727341));
#12235=CARTESIAN_POINT('Ctrl Pts',(13.8173908315599,27.6,-13.0043478727341));
#12236=CARTESIAN_POINT('Ctrl Pts',(13.8101440988481,27.6,-12.5623186349869));
#12237=CARTESIAN_POINT('Ctrl Pts',(13.9985508047044,27.6,-12.2507246255875));
#12238=CARTESIAN_POINT('',(13.8173908315599,26.6,-13.0043478727341));
#12239=CARTESIAN_POINT('',(13.8173908315599,27.6,-13.0043478727341));
#12240=CARTESIAN_POINT('Ctrl Pts',(13.8173908315599,26.6,-13.0043478727341));
#12241=CARTESIAN_POINT('Ctrl Pts',(13.8101440988481,26.6,-12.5623186349869));
#12242=CARTESIAN_POINT('Ctrl Pts',(13.9985508047044,26.6,-12.2507246255875));
#12243=CARTESIAN_POINT('Origin',(16.5999996982515,27.6,-13.0043478727341));
#12244=CARTESIAN_POINT('',(-9.35000015087425,27.6,-13.0043478727341));
#12245=CARTESIAN_POINT('',(16.5999996982515,26.6,-13.0043478727341));
#12246=CARTESIAN_POINT('Ctrl Pts',(14.1869563184679,27.6,-11.4318840622902));
#12247=CARTESIAN_POINT('Ctrl Pts',(14.1869563184679,26.6,-11.4318840622902));
#12248=CARTESIAN_POINT('Ctrl Pts',(13.7594193540514,27.6,-11.6782607555389));
#12249=CARTESIAN_POINT('Ctrl Pts',(13.7594193540514,26.6,-11.6782607555389));
#12250=CARTESIAN_POINT('Ctrl Pts',(13.5347825609148,27.6,-12.0985506892204));
#12251=CARTESIAN_POINT('Ctrl Pts',(13.5347825609148,26.6,-12.0985506892204));
#12252=CARTESIAN_POINT('',(14.1869563184679,27.6,-11.4318840622902));
#12253=CARTESIAN_POINT('',(13.5347825609148,27.6,-12.0985506892204));
#12254=CARTESIAN_POINT('Ctrl Pts',(14.1869563184679,27.6,-11.4318840622902));
#12255=CARTESIAN_POINT('Ctrl Pts',(13.7594193540514,27.6,-11.6782607555389));
#12256=CARTESIAN_POINT('Ctrl Pts',(13.5347825609148,27.6,-12.0985506892204));
#12257=CARTESIAN_POINT('',(14.1869563184679,26.6,-11.4318840622902));
#12258=CARTESIAN_POINT('',(14.1869563184679,27.6,-11.4318840622902));
#12259=CARTESIAN_POINT('',(13.5347825609148,26.6,-12.0985506892204));
#12260=CARTESIAN_POINT('Ctrl Pts',(14.1869563184679,26.6,-11.4318840622902));
#12261=CARTESIAN_POINT('Ctrl Pts',(13.7594193540514,26.6,-11.6782607555389));
#12262=CARTESIAN_POINT('Ctrl Pts',(13.5347825609148,26.6,-12.0985506892204));
#12263=CARTESIAN_POINT('',(13.5347825609148,27.6,-12.0985506892204));
#12264=CARTESIAN_POINT('Ctrl Pts',(15.1724630914629,27.6,-11.1855070710182));
#12265=CARTESIAN_POINT('Ctrl Pts',(15.1724630914629,26.6,-11.1855070710182));
#12266=CARTESIAN_POINT('Ctrl Pts',(14.6072465501726,27.6,-11.1855070710182));
#12267=CARTESIAN_POINT('Ctrl Pts',(14.6072465501726,26.6,-11.1855070710182));
#12268=CARTESIAN_POINT('Ctrl Pts',(14.1869563184679,27.6,-11.4318840622902));
#12269=CARTESIAN_POINT('Ctrl Pts',(14.1869563184679,26.6,-11.4318840622902));
#12270=CARTESIAN_POINT('',(15.1724630914629,27.6,-11.1855070710182));
#12271=CARTESIAN_POINT('Ctrl Pts',(15.1724630914629,27.6,-11.1855070710182));
#12272=CARTESIAN_POINT('Ctrl Pts',(14.6072465501726,27.6,-11.1855070710182));
#12273=CARTESIAN_POINT('Ctrl Pts',(14.1869563184679,27.6,-11.4318840622902));
#12274=CARTESIAN_POINT('',(15.1724630914629,26.6,-11.1855070710182));
#12275=CARTESIAN_POINT('',(15.1724630914629,27.6,-11.1855070710182));
#12276=CARTESIAN_POINT('Ctrl Pts',(15.1724630914629,26.6,-11.1855070710182));
#12277=CARTESIAN_POINT('Ctrl Pts',(14.6072465501726,26.6,-11.1855070710182));
#12278=CARTESIAN_POINT('Ctrl Pts',(14.1869563184679,26.6,-11.4318840622902));
#12279=CARTESIAN_POINT('Ctrl Pts',(16.1797100625932,27.6,-11.4318840622902));
#12280=CARTESIAN_POINT('Ctrl Pts',(16.1797100625932,26.6,-11.4318840622902));
#12281=CARTESIAN_POINT('Ctrl Pts',(15.737680824846,27.6,-11.1855070710182));
#12282=CARTESIAN_POINT('Ctrl Pts',(15.737680824846,26.6,-11.1855070710182));
#12283=CARTESIAN_POINT('Ctrl Pts',(15.1724630914629,27.6,-11.1855070710182));
#12284=CARTESIAN_POINT('Ctrl Pts',(15.1724630914629,26.6,-11.1855070710182));
#12285=CARTESIAN_POINT('',(16.1797100625932,27.6,-11.4318840622902));
#12286=CARTESIAN_POINT('Ctrl Pts',(16.1797100625932,27.6,-11.4318840622902));
#12287=CARTESIAN_POINT('Ctrl Pts',(15.737680824846,27.6,-11.1855070710182));
#12288=CARTESIAN_POINT('Ctrl Pts',(15.1724630914629,27.6,-11.1855070710182));
#12289=CARTESIAN_POINT('',(16.1797100625932,26.6,-11.4318840622902));
#12290=CARTESIAN_POINT('',(16.1797100625932,27.6,-11.4318840622902));
#12291=CARTESIAN_POINT('Ctrl Pts',(16.1797100625932,26.6,-11.4318840622902));
#12292=CARTESIAN_POINT('Ctrl Pts',(15.737680824846,26.6,-11.1855070710182));
#12293=CARTESIAN_POINT('Ctrl Pts',(15.1724630914629,26.6,-11.1855070710182));
#12294=CARTESIAN_POINT('Ctrl Pts',(16.868115695566,27.6,-12.1420289993286));
#12295=CARTESIAN_POINT('Ctrl Pts',(16.868115695566,26.6,-12.1420289993286));
#12296=CARTESIAN_POINT('Ctrl Pts',(16.621738704294,27.6,-11.6782607555389));
#12297=CARTESIAN_POINT('Ctrl Pts',(16.621738704294,26.6,-11.6782607555389));
#12298=CARTESIAN_POINT('Ctrl Pts',(16.1797100625932,27.6,-11.4318840622902));
#12299=CARTESIAN_POINT('Ctrl Pts',(16.1797100625932,26.6,-11.4318840622902));
#12300=CARTESIAN_POINT('',(16.868115695566,27.6,-12.1420289993286));
#12301=CARTESIAN_POINT('Ctrl Pts',(16.868115695566,27.6,-12.1420289993286));
#12302=CARTESIAN_POINT('Ctrl Pts',(16.621738704294,27.6,-11.6782607555389));
#12303=CARTESIAN_POINT('Ctrl Pts',(16.1797100625932,27.6,-11.4318840622902));
#12304=CARTESIAN_POINT('',(16.868115695566,26.6,-12.1420289993286));
#12305=CARTESIAN_POINT('',(16.868115695566,27.6,-12.1420289993286));
#12306=CARTESIAN_POINT('Ctrl Pts',(16.868115695566,26.6,-12.1420289993286));
#12307=CARTESIAN_POINT('Ctrl Pts',(16.621738704294,26.6,-11.6782607555389));
#12308=CARTESIAN_POINT('Ctrl Pts',(16.1797100625932,26.6,-11.4318840622902));
#12309=CARTESIAN_POINT('Ctrl Pts',(17.1144926868379,27.6,-13.2217391252518));
#12310=CARTESIAN_POINT('Ctrl Pts',(17.1144926868379,26.6,-13.2217391252518));
#12311=CARTESIAN_POINT('Ctrl Pts',(17.1144926868379,27.6,-12.6057966470718));
#12312=CARTESIAN_POINT('Ctrl Pts',(17.1144926868379,26.6,-12.6057966470718));
#12313=CARTESIAN_POINT('Ctrl Pts',(16.868115695566,27.6,-12.1420289993286));
#12314=CARTESIAN_POINT('Ctrl Pts',(16.868115695566,26.6,-12.1420289993286));
#12315=CARTESIAN_POINT('',(17.1144926868379,27.6,-13.2217391252518));
#12316=CARTESIAN_POINT('Ctrl Pts',(17.1144926868379,27.6,-13.2217391252518));
#12317=CARTESIAN_POINT('Ctrl Pts',(17.1144926868379,27.6,-12.6057966470718));
#12318=CARTESIAN_POINT('Ctrl Pts',(16.868115695566,27.6,-12.1420289993286));
#12319=CARTESIAN_POINT('',(17.1144926868379,26.6,-13.2217391252518));
#12320=CARTESIAN_POINT('',(17.1144926868379,27.6,-13.2217391252518));
#12321=CARTESIAN_POINT('Ctrl Pts',(17.1144926868379,26.6,-13.2217391252518));
#12322=CARTESIAN_POINT('Ctrl Pts',(17.1144926868379,26.6,-12.6057966470718));
#12323=CARTESIAN_POINT('Ctrl Pts',(16.868115695566,26.6,-12.1420289993286));
#12324=CARTESIAN_POINT('Ctrl Pts',(16.868115695566,27.6,-14.3014492511749));
#12325=CARTESIAN_POINT('Ctrl Pts',(16.868115695566,26.6,-14.3014492511749));
#12326=CARTESIAN_POINT('Ctrl Pts',(17.1144926868379,27.6,-13.8376810073853));
#12327=CARTESIAN_POINT('Ctrl Pts',(17.1144926868379,26.6,-13.8376810073853));
#12328=CARTESIAN_POINT('Ctrl Pts',(17.1144926868379,27.6,-13.2217391252518));
#12329=CARTESIAN_POINT('Ctrl Pts',(17.1144926868379,26.6,-13.2217391252518));
#12330=CARTESIAN_POINT('',(16.868115695566,27.6,-14.3014492511749));
#12331=CARTESIAN_POINT('Ctrl Pts',(16.868115695566,27.6,-14.3014492511749));
#12332=CARTESIAN_POINT('Ctrl Pts',(17.1144926868379,27.6,-13.8376810073853));
#12333=CARTESIAN_POINT('Ctrl Pts',(17.1144926868379,27.6,-13.2217391252518));
#12334=CARTESIAN_POINT('',(16.868115695566,26.6,-14.3014492511749));
#12335=CARTESIAN_POINT('',(16.868115695566,27.6,-14.3014492511749));
#12336=CARTESIAN_POINT('Ctrl Pts',(16.868115695566,26.6,-14.3014492511749));
#12337=CARTESIAN_POINT('Ctrl Pts',(17.1144926868379,26.6,-13.8376810073853));
#12338=CARTESIAN_POINT('Ctrl Pts',(17.1144926868379,26.6,-13.2217391252518));
#12339=CARTESIAN_POINT('Ctrl Pts',(16.1724633298814,27.6,-15.0115938901901));
#12340=CARTESIAN_POINT('Ctrl Pts',(16.1724633298814,26.6,-15.0115938901901));
#12341=CARTESIAN_POINT('Ctrl Pts',(16.6144925676286,27.6,-14.7579707622528));
#12342=CARTESIAN_POINT('Ctrl Pts',(16.6144925676286,26.6,-14.7579707622528));
#12343=CARTESIAN_POINT('Ctrl Pts',(16.868115695566,27.6,-14.3014492511749));
#12344=CARTESIAN_POINT('Ctrl Pts',(16.868115695566,26.6,-14.3014492511749));
#12345=CARTESIAN_POINT('',(16.1724633298814,27.6,-15.0115938901901));
#12346=CARTESIAN_POINT('Ctrl Pts',(16.1724633298814,27.6,-15.0115938901901));
#12347=CARTESIAN_POINT('Ctrl Pts',(16.6144925676286,27.6,-14.7579707622528));
#12348=CARTESIAN_POINT('Ctrl Pts',(16.868115695566,27.6,-14.3014492511749));
#12349=CARTESIAN_POINT('',(16.1724633298814,26.6,-15.0115938901901));
#12350=CARTESIAN_POINT('',(16.1724633298814,27.6,-15.0115938901901));
#12351=CARTESIAN_POINT('Ctrl Pts',(16.1724633298814,26.6,-15.0115938901901));
#12352=CARTESIAN_POINT('Ctrl Pts',(16.6144925676286,26.6,-14.7579707622528));
#12353=CARTESIAN_POINT('Ctrl Pts',(16.868115695566,26.6,-14.3014492511749));
#12354=CARTESIAN_POINT('Ctrl Pts',(15.1724630914629,27.6,-15.2579708814621));
#12355=CARTESIAN_POINT('Ctrl Pts',(15.1724630914629,26.6,-15.2579708814621));
#12356=CARTESIAN_POINT('Ctrl Pts',(15.7304340921343,27.6,-15.2579708814621));
#12357=CARTESIAN_POINT('Ctrl Pts',(15.7304340921343,26.6,-15.2579708814621));
#12358=CARTESIAN_POINT('Ctrl Pts',(16.1724633298814,27.6,-15.0115938901901));
#12359=CARTESIAN_POINT('Ctrl Pts',(16.1724633298814,26.6,-15.0115938901901));
#12360=CARTESIAN_POINT('',(15.1724630914629,27.6,-15.2579708814621));
#12361=CARTESIAN_POINT('Ctrl Pts',(15.1724630914629,27.6,-15.2579708814621));
#12362=CARTESIAN_POINT('Ctrl Pts',(15.7304340921343,27.6,-15.2579708814621));
#12363=CARTESIAN_POINT('Ctrl Pts',(16.1724633298814,27.6,-15.0115938901901));
#12364=CARTESIAN_POINT('',(15.1724630914629,26.6,-15.2579708814621));
#12365=CARTESIAN_POINT('',(15.1724630914629,27.6,-15.2579708814621));
#12366=CARTESIAN_POINT('Ctrl Pts',(15.1724630914629,26.6,-15.2579708814621));
#12367=CARTESIAN_POINT('Ctrl Pts',(15.7304340921343,26.6,-15.2579708814621));
#12368=CARTESIAN_POINT('Ctrl Pts',(16.1724633298814,26.6,-15.0115938901901));
#12369=CARTESIAN_POINT('Ctrl Pts',(13.9840573392809,27.6,-14.8956521272659));
#12370=CARTESIAN_POINT('Ctrl Pts',(13.9840573392809,26.6,-14.8956521272659));
#12371=CARTESIAN_POINT('Ctrl Pts',(14.4550723157823,27.6,-15.2579708814621));
#12372=CARTESIAN_POINT('Ctrl Pts',(14.4550723157823,26.6,-15.2579708814621));
#12373=CARTESIAN_POINT('Ctrl Pts',(15.1724630914629,27.6,-15.2579708814621));
#12374=CARTESIAN_POINT('Ctrl Pts',(15.1724630914629,26.6,-15.2579708814621));
#12375=CARTESIAN_POINT('',(13.9840573392809,27.6,-14.8956521272659));
#12376=CARTESIAN_POINT('Ctrl Pts',(13.9840573392809,27.6,-14.8956521272659));
#12377=CARTESIAN_POINT('Ctrl Pts',(14.4550723157823,27.6,-15.2579708814621));
#12378=CARTESIAN_POINT('Ctrl Pts',(15.1724630914629,27.6,-15.2579708814621));
#12379=CARTESIAN_POINT('',(13.9840573392809,26.6,-14.8956521272659));
#12380=CARTESIAN_POINT('',(13.9840573392809,27.6,-14.8956521272659));
#12381=CARTESIAN_POINT('Ctrl Pts',(13.9840573392809,26.6,-14.8956521272659));
#12382=CARTESIAN_POINT('Ctrl Pts',(14.4550723157823,26.6,-15.2579708814621));
#12383=CARTESIAN_POINT('Ctrl Pts',(15.1724630914629,26.6,-15.2579708814621));
#12384=CARTESIAN_POINT('Ctrl Pts',(13.360869320482,27.6,-13.9463766336441));
#12385=CARTESIAN_POINT('Ctrl Pts',(13.360869320482,26.6,-13.9463766336441));
#12386=CARTESIAN_POINT('Ctrl Pts',(13.5057968221605,27.6,-14.526086640358));
#12387=CARTESIAN_POINT('Ctrl Pts',(13.5057968221605,26.6,-14.526086640358));
#12388=CARTESIAN_POINT('Ctrl Pts',(13.9840573392809,27.6,-14.8956521272659));
#12389=CARTESIAN_POINT('Ctrl Pts',(13.9840573392809,26.6,-14.8956521272659));
#12390=CARTESIAN_POINT('',(13.360869320482,27.6,-13.9463766336441));
#12391=CARTESIAN_POINT('Ctrl Pts',(13.360869320482,27.6,-13.9463766336441));
#12392=CARTESIAN_POINT('Ctrl Pts',(13.5057968221605,27.6,-14.526086640358));
#12393=CARTESIAN_POINT('Ctrl Pts',(13.9840573392809,27.6,-14.8956521272659));
#12394=CARTESIAN_POINT('',(13.360869320482,26.6,-13.9463766336441));
#12395=CARTESIAN_POINT('',(13.360869320482,27.6,-13.9463766336441));
#12396=CARTESIAN_POINT('Ctrl Pts',(13.360869320482,26.6,-13.9463766336441));
#12397=CARTESIAN_POINT('Ctrl Pts',(13.5057968221605,26.6,-14.526086640358));
#12398=CARTESIAN_POINT('Ctrl Pts',(13.9840573392809,26.6,-14.8956521272659));
#12399=CARTESIAN_POINT('Origin',(13.8971013151109,27.6,-13.9463766336441));
#12400=CARTESIAN_POINT('',(13.8971013151109,27.6,-13.9463766336441));
#12401=CARTESIAN_POINT('',(-10.7014493424445,27.6,-13.9463766336441));
#12402=CARTESIAN_POINT('',(13.8971013151109,26.6,-13.9463766336441));
#12403=CARTESIAN_POINT('',(13.8971013151109,27.6,-13.9463766336441));
#12404=CARTESIAN_POINT('',(13.8971013151109,26.6,-13.9463766336441));
#12405=CARTESIAN_POINT('Ctrl Pts',(14.346376093477,27.6,-14.5913042545319));
#12406=CARTESIAN_POINT('Ctrl Pts',(14.346376093477,26.6,-14.5913042545319));
#12407=CARTESIAN_POINT('Ctrl Pts',(14.0057963453233,27.6,-14.3521739959717));
#12408=CARTESIAN_POINT('Ctrl Pts',(14.0057963453233,26.6,-14.3521739959717));
#12409=CARTESIAN_POINT('Ctrl Pts',(13.8971013151109,27.6,-13.9463766336441));
#12410=CARTESIAN_POINT('Ctrl Pts',(13.8971013151109,26.6,-13.9463766336441));
#12411=CARTESIAN_POINT('',(14.346376093477,27.6,-14.5913042545319));
#12412=CARTESIAN_POINT('Ctrl Pts',(14.346376093477,27.6,-14.5913042545319));
#12413=CARTESIAN_POINT('Ctrl Pts',(14.0057963453233,27.6,-14.3521739959717));
#12414=CARTESIAN_POINT('Ctrl Pts',(13.8971013151109,27.6,-13.9463766336441));
#12415=CARTESIAN_POINT('',(14.346376093477,26.6,-14.5913042545319));
#12416=CARTESIAN_POINT('',(14.346376093477,27.6,-14.5913042545319));
#12417=CARTESIAN_POINT('Ctrl Pts',(14.346376093477,26.6,-14.5913042545319));
#12418=CARTESIAN_POINT('Ctrl Pts',(14.0057963453233,26.6,-14.3521739959717));
#12419=CARTESIAN_POINT('Ctrl Pts',(13.8971013151109,26.6,-13.9463766336441));
#12420=CARTESIAN_POINT('Ctrl Pts',(15.1724630914629,27.6,-14.830434513092));
#12421=CARTESIAN_POINT('Ctrl Pts',(15.1724630914629,26.6,-14.830434513092));
#12422=CARTESIAN_POINT('Ctrl Pts',(14.6797103010118,27.6,-14.830434513092));
#12423=CARTESIAN_POINT('Ctrl Pts',(14.6797103010118,26.6,-14.830434513092));
#12424=CARTESIAN_POINT('Ctrl Pts',(14.346376093477,27.6,-14.5913042545319));
#12425=CARTESIAN_POINT('Ctrl Pts',(14.346376093477,26.6,-14.5913042545319));
#12426=CARTESIAN_POINT('',(15.1724630914629,27.6,-14.830434513092));
#12427=CARTESIAN_POINT('Ctrl Pts',(15.1724630914629,27.6,-14.830434513092));
#12428=CARTESIAN_POINT('Ctrl Pts',(14.6797103010118,27.6,-14.830434513092));
#12429=CARTESIAN_POINT('Ctrl Pts',(14.346376093477,27.6,-14.5913042545319));
#12430=CARTESIAN_POINT('',(15.1724630914629,26.6,-14.830434513092));
#12431=CARTESIAN_POINT('',(15.1724630914629,27.6,-14.830434513092));
#12432=CARTESIAN_POINT('Ctrl Pts',(15.1724630914629,26.6,-14.830434513092));
#12433=CARTESIAN_POINT('Ctrl Pts',(14.6797103010118,26.6,-14.830434513092));
#12434=CARTESIAN_POINT('Ctrl Pts',(14.346376093477,26.6,-14.5913042545319));
#12435=CARTESIAN_POINT('Ctrl Pts',(15.8681154571474,27.6,-14.6710147380829));
#12436=CARTESIAN_POINT('Ctrl Pts',(15.8681154571474,26.6,-14.6710147380829));
#12437=CARTESIAN_POINT('Ctrl Pts',(15.5492753110826,27.6,-14.830434513092));
#12438=CARTESIAN_POINT('Ctrl Pts',(15.5492753110826,26.6,-14.830434513092));
#12439=CARTESIAN_POINT('Ctrl Pts',(15.1724630914629,27.6,-14.830434513092));
#12440=CARTESIAN_POINT('Ctrl Pts',(15.1724630914629,26.6,-14.830434513092));
#12441=CARTESIAN_POINT('',(15.8681154571474,27.6,-14.6710147380829));
#12442=CARTESIAN_POINT('Ctrl Pts',(15.8681154571474,27.6,-14.6710147380829));
#12443=CARTESIAN_POINT('Ctrl Pts',(15.5492753110826,27.6,-14.830434513092));
#12444=CARTESIAN_POINT('Ctrl Pts',(15.1724630914629,27.6,-14.830434513092));
#12445=CARTESIAN_POINT('',(15.8681154571474,26.6,-14.6710147380829));
#12446=CARTESIAN_POINT('',(15.8681154571474,27.6,-14.6710147380829));
#12447=CARTESIAN_POINT('Ctrl Pts',(15.8681154571474,26.6,-14.6710147380829));
#12448=CARTESIAN_POINT('Ctrl Pts',(15.5492753110826,26.6,-14.830434513092));
#12449=CARTESIAN_POINT('Ctrl Pts',(15.1724630914629,26.6,-14.830434513092));
#12450=CARTESIAN_POINT('Ctrl Pts',(16.3826084457338,27.6,-14.1855068922043));
#12451=CARTESIAN_POINT('Ctrl Pts',(16.3826084457338,26.6,-14.1855068922043));
#12452=CARTESIAN_POINT('Ctrl Pts',(16.1869561992586,27.6,-14.5043476343155));
#12453=CARTESIAN_POINT('Ctrl Pts',(16.1869561992586,26.6,-14.5043476343155));
#12454=CARTESIAN_POINT('Ctrl Pts',(15.8681154571474,27.6,-14.6710147380829));
#12455=CARTESIAN_POINT('Ctrl Pts',(15.8681154571474,26.6,-14.6710147380829));
#12456=CARTESIAN_POINT('',(16.3826084457338,27.6,-14.1855068922043));
#12457=CARTESIAN_POINT('Ctrl Pts',(16.3826084457338,27.6,-14.1855068922043));
#12458=CARTESIAN_POINT('Ctrl Pts',(16.1869561992586,27.6,-14.5043476343155));
#12459=CARTESIAN_POINT('Ctrl Pts',(15.8681154571474,27.6,-14.6710147380829));
#12460=CARTESIAN_POINT('',(16.3826084457338,26.6,-14.1855068922043));
#12461=CARTESIAN_POINT('',(16.3826084457338,27.6,-14.1855068922043));
#12462=CARTESIAN_POINT('Ctrl Pts',(16.3826084457338,26.6,-14.1855068922043));
#12463=CARTESIAN_POINT('Ctrl Pts',(16.1869561992586,26.6,-14.5043476343155));
#12464=CARTESIAN_POINT('Ctrl Pts',(15.8681154571474,26.6,-14.6710147380829));
#12465=CARTESIAN_POINT('Ctrl Pts',(16.5999996982515,27.6,-13.417391371727));
#12466=CARTESIAN_POINT('Ctrl Pts',(16.5999996982515,26.6,-13.417391371727));
#12467=CARTESIAN_POINT('Ctrl Pts',(16.578260692209,27.6,-13.8666667461395));
#12468=CARTESIAN_POINT('Ctrl Pts',(16.578260692209,26.6,-13.8666667461395));
#12469=CARTESIAN_POINT('Ctrl Pts',(16.3826084457338,27.6,-14.1855068922043));
#12470=CARTESIAN_POINT('Ctrl Pts',(16.3826084457338,26.6,-14.1855068922043));
#12471=CARTESIAN_POINT('',(16.5999996982515,27.6,-13.417391371727));
#12472=CARTESIAN_POINT('Ctrl Pts',(16.5999996982515,27.6,-13.417391371727));
#12473=CARTESIAN_POINT('Ctrl Pts',(16.578260692209,27.6,-13.8666667461395));
#12474=CARTESIAN_POINT('Ctrl Pts',(16.3826084457338,27.6,-14.1855068922043));
#12475=CARTESIAN_POINT('',(16.5999996982515,26.6,-13.417391371727));
#12476=CARTESIAN_POINT('',(16.5999996982515,27.6,-13.417391371727));
#12477=CARTESIAN_POINT('Ctrl Pts',(16.5999996982515,26.6,-13.417391371727));
#12478=CARTESIAN_POINT('Ctrl Pts',(16.578260692209,26.6,-13.8666667461395));
#12479=CARTESIAN_POINT('Ctrl Pts',(16.3826084457338,26.6,-14.1855068922043));
#12480=CARTESIAN_POINT('Origin',(13.3173913083971,27.6,-13.417391371727));
#12481=CARTESIAN_POINT('',(13.3173913083971,27.6,-13.417391371727));
#12482=CARTESIAN_POINT('',(-10.9913043458015,27.6,-13.417391371727));
#12483=CARTESIAN_POINT('',(13.3173913083971,26.6,-13.417391371727));
#12484=CARTESIAN_POINT('',(13.3173913083971,27.6,-13.417391371727));
#12485=CARTESIAN_POINT('',(13.3173913083971,26.6,-13.417391371727));
#12486=CARTESIAN_POINT('Ctrl Pts',(13.3028978429735,27.6,-13.0188401460648));
#12487=CARTESIAN_POINT('Ctrl Pts',(13.3028978429735,26.6,-13.0188401460648));
#12488=CARTESIAN_POINT('Ctrl Pts',(13.3028978429735,27.6,-13.2797100067139));
#12489=CARTESIAN_POINT('Ctrl Pts',(13.3028978429735,26.6,-13.2797100067139));
#12490=CARTESIAN_POINT('Ctrl Pts',(13.3173913083971,27.6,-13.417391371727));
#12491=CARTESIAN_POINT('Ctrl Pts',(13.3173913083971,26.6,-13.417391371727));
#12492=CARTESIAN_POINT('',(13.3028978429735,27.6,-13.0188401460648));
#12493=CARTESIAN_POINT('Ctrl Pts',(13.3028978429735,27.6,-13.0188401460648));
#12494=CARTESIAN_POINT('Ctrl Pts',(13.3028978429735,27.6,-13.2797100067139));
#12495=CARTESIAN_POINT('Ctrl Pts',(13.3173913083971,27.6,-13.417391371727));
#12496=CARTESIAN_POINT('',(13.3028978429735,26.6,-13.0188401460648));
#12497=CARTESIAN_POINT('',(13.3028978429735,27.6,-13.0188401460648));
#12498=CARTESIAN_POINT('Ctrl Pts',(13.3028978429735,26.6,-13.0188401460648));
#12499=CARTESIAN_POINT('Ctrl Pts',(13.3028978429735,26.6,-13.2797100067139));
#12500=CARTESIAN_POINT('Ctrl Pts',(13.3173913083971,26.6,-13.417391371727));
#12501=CARTESIAN_POINT('Ctrl Pts',(13.5347825609148,27.6,-12.0985506892204));
#12502=CARTESIAN_POINT('Ctrl Pts',(13.5347825609148,26.6,-12.0985506892204));
#12503=CARTESIAN_POINT('Ctrl Pts',(13.3028978429735,27.6,-12.5115941882133));
#12504=CARTESIAN_POINT('Ctrl Pts',(13.3028978429735,26.6,-12.5115941882133));
#12505=CARTESIAN_POINT('Ctrl Pts',(13.3028978429735,27.6,-13.0188401460648));
#12506=CARTESIAN_POINT('Ctrl Pts',(13.3028978429735,26.6,-13.0188401460648));
#12507=CARTESIAN_POINT('Ctrl Pts',(13.5347825609148,27.6,-12.0985506892204));
#12508=CARTESIAN_POINT('Ctrl Pts',(13.3028978429735,27.6,-12.5115941882133));
#12509=CARTESIAN_POINT('Ctrl Pts',(13.3028978429735,27.6,-13.0188401460648));
#12510=CARTESIAN_POINT('Ctrl Pts',(13.5347825609148,26.6,-12.0985506892204));
#12511=CARTESIAN_POINT('Ctrl Pts',(13.3028978429735,26.6,-12.5115941882133));
#12512=CARTESIAN_POINT('Ctrl Pts',(13.3028978429735,26.6,-13.0188401460648));
#12513=CARTESIAN_POINT('Origin',(0.00941873006524041,26.6,-12.5043477535248));
#12514=CARTESIAN_POINT('Origin',(25.6,27.6,-10.5550723195076));
#12515=CARTESIAN_POINT('',(25.6,27.6,-10.5550723195076));
#12516=CARTESIAN_POINT('',(25.6,27.6,-10.1347823858261));
#12517=CARTESIAN_POINT('',(25.6,27.6,-5.2775361597538));
#12518=CARTESIAN_POINT('',(25.6,26.6,-10.5550723195076));
#12519=CARTESIAN_POINT('',(25.6,27.6,-10.5550723195076));
#12520=CARTESIAN_POINT('',(25.6,26.6,-10.1347823858261));
#12521=CARTESIAN_POINT('',(25.6,26.6,-10.5550723195076));
#12522=CARTESIAN_POINT('',(25.6,27.6,-10.1347823858261));
#12523=CARTESIAN_POINT('Origin',(24.1869564674795,27.6,-10.5550723195076));
#12524=CARTESIAN_POINT('',(24.1869564674795,27.6,-10.5550723195076));
#12525=CARTESIAN_POINT('',(-5.55652176626026,27.6,-10.5550723195076));
#12526=CARTESIAN_POINT('',(24.1869564674795,26.6,-10.5550723195076));
#12527=CARTESIAN_POINT('',(24.1869564674795,27.6,-10.5550723195076));
#12528=CARTESIAN_POINT('',(24.1869564674795,26.6,-10.5550723195076));
#12529=CARTESIAN_POINT('Origin',(24.1869564674795,27.6,-15.2));
#12530=CARTESIAN_POINT('',(24.1869564674795,27.6,-15.2));
#12531=CARTESIAN_POINT('',(24.1869564674795,27.6,-7.6));
#12532=CARTESIAN_POINT('',(24.1869564674795,26.6,-15.2));
#12533=CARTESIAN_POINT('',(24.1869564674795,27.6,-15.2));
#12534=CARTESIAN_POINT('',(24.1869564674795,26.6,-15.2));
#12535=CARTESIAN_POINT('Origin',(23.6797100625932,27.6,-15.2));
#12536=CARTESIAN_POINT('',(23.6797100625932,27.6,-15.2));
#12537=CARTESIAN_POINT('',(-5.81014496870338,27.6,-15.2));
#12538=CARTESIAN_POINT('',(23.6797100625932,26.6,-15.2));
#12539=CARTESIAN_POINT('',(23.6797100625932,27.6,-15.2));
#12540=CARTESIAN_POINT('',(23.6797100625932,26.6,-15.2));
#12541=CARTESIAN_POINT('Origin',(23.6797100625932,27.6,-10.5550723195076));
#12542=CARTESIAN_POINT('',(23.6797100625932,27.6,-10.5550723195076));
#12543=CARTESIAN_POINT('',(23.6797100625932,27.6,-5.2775361597538));
#12544=CARTESIAN_POINT('',(23.6797100625932,26.6,-10.5550723195076));
#12545=CARTESIAN_POINT('',(23.6797100625932,27.6,-10.5550723195076));
#12546=CARTESIAN_POINT('',(23.6797100625932,26.6,-10.5550723195076));
#12547=CARTESIAN_POINT('Origin',(22.2739130578935,27.6,-10.5550723195076));
#12548=CARTESIAN_POINT('',(22.2739130578935,27.6,-10.5550723195076));
#12549=CARTESIAN_POINT('',(-6.51304347105324,27.6,-10.5550723195076));
#12550=CARTESIAN_POINT('',(22.2739130578935,26.6,-10.5550723195076));
#12551=CARTESIAN_POINT('',(22.2739130578935,27.6,-10.5550723195076));
#12552=CARTESIAN_POINT('',(22.2739130578935,26.6,-10.5550723195076));
#12553=CARTESIAN_POINT('Origin',(22.2739130578935,27.6,-10.1347823858261));
#12554=CARTESIAN_POINT('',(22.2739130578935,27.6,-10.1347823858261));
#12555=CARTESIAN_POINT('',(22.2739130578935,27.6,-5.06739119291306));
#12556=CARTESIAN_POINT('',(22.2739130578935,26.6,-10.1347823858261));
#12557=CARTESIAN_POINT('',(22.2739130578935,27.6,-10.1347823858261));
#12558=CARTESIAN_POINT('',(22.2739130578935,26.6,-10.1347823858261));
#12559=CARTESIAN_POINT('Origin',(25.6,27.6,-10.1347823858261));
#12560=CARTESIAN_POINT('',(-4.84999999999999,27.6,-10.1347823858261));
#12561=CARTESIAN_POINT('',(25.6,26.6,-10.1347823858261));
#12562=CARTESIAN_POINT('Origin',(0.00941873006524041,26.6,-12.5043477535248));
#12563=CARTESIAN_POINT('Origin',(-35.3,27.6,0.));
#12564=CARTESIAN_POINT('Origin',(-35.3,27.6,0.));
#12565=CARTESIAN_POINT('Origin',(-35.3,27.6,0.));
#12566=CARTESIAN_POINT('Origin',(25.6,-11.3,-0.5));
#12567=CARTESIAN_POINT('',(25.1,-22.6,-1.));
#12568=CARTESIAN_POINT('Origin',(-12.55,-23.1,-0.5));
#12569=CARTESIAN_POINT('',(-25.1,-22.6,-1.));
#12570=CARTESIAN_POINT('',(-12.55,-22.6,-1.));
#12571=CARTESIAN_POINT('',(-25.1,-22.6,-1.));
#12572=CARTESIAN_POINT('Origin',(-25.6,-3.20000000000211,-0.5));
#12573=CARTESIAN_POINT('',(-25.1,-6.40000000000422,-1.));
#12574=CARTESIAN_POINT('',(-25.1,-3.20000000000211,-1.));
#12575=CARTESIAN_POINT('',(-25.1,-6.40000000000422,-1.));
#12576=CARTESIAN_POINT('Origin',(-27.4,-6.40000000000081,-0.5));
#12577=CARTESIAN_POINT('',(-27.4,-4.10000000000081,-1.));
#12578=CARTESIAN_POINT('',(-27.4,-4.10000000000081,-1.));
#12579=CARTESIAN_POINT('Origin',(-27.4,-6.40000000000081,-1.));
#12580=CARTESIAN_POINT('Origin',(-14.6000000000011,-4.60000000000659,-0.5));
#12581=CARTESIAN_POINT('',(-29.2,-4.10000000000001,-1.));
#12582=CARTESIAN_POINT('',(-29.2,-4.10000000000001,-1.));
#12583=CARTESIAN_POINT('',(-14.6000000000009,-4.10000000000659,-1.));
#12584=CARTESIAN_POINT('Origin',(-29.2,-7.00724705629162E-15,-0.5));
#12585=CARTESIAN_POINT('',(-29.2,4.09999999999999,-1.));
#12586=CARTESIAN_POINT('',(-29.2,4.09999999999999,-1.));
#12587=CARTESIAN_POINT('Origin',(-29.2,-7.00724705629162E-15,-1.));
#12588=CARTESIAN_POINT('Origin',(-13.7000000000011,4.60000000000704,-0.5));
#12589=CARTESIAN_POINT('',(-27.4,4.10000000000081,-1.));
#12590=CARTESIAN_POINT('',(-27.4,4.10000000000081,-1.));
#12591=CARTESIAN_POINT('',(-13.7000000000009,4.10000000000704,-1.));
#12592=CARTESIAN_POINT('Origin',(-27.4,6.4000000000008,-0.5));
#12593=CARTESIAN_POINT('',(-25.1,6.40000000000422,-1.));
#12594=CARTESIAN_POINT('',(-25.1,6.40000000000422,-1.));
#12595=CARTESIAN_POINT('Origin',(-27.4,6.4000000000008,-1.));
#12596=CARTESIAN_POINT('Origin',(-25.6,-3.20000000000211,-0.5));
#12597=CARTESIAN_POINT('',(-25.1,22.6,-1.));
#12598=CARTESIAN_POINT('',(-25.1,-3.20000000000211,-1.));
#12599=CARTESIAN_POINT('',(-25.1,22.6,-1.));
#12600=CARTESIAN_POINT('Origin',(12.55,23.1,-0.5));
#12601=CARTESIAN_POINT('',(12.55,22.6,-1.));
#12602=CARTESIAN_POINT('',(25.1,22.6,-1.));
#12603=CARTESIAN_POINT('Origin',(25.6,-11.3,-0.5));
#12604=CARTESIAN_POINT('',(25.1,6.40000000000422,-1.));
#12605=CARTESIAN_POINT('Origin',(27.4,6.40000000000081,-0.5));
#12606=CARTESIAN_POINT('',(27.4,4.10000000000081,-1.));
#12607=CARTESIAN_POINT('',(27.4,4.10000000000081,-1.));
#12608=CARTESIAN_POINT('Origin',(27.4,6.40000000000081,-1.));
#12609=CARTESIAN_POINT('Origin',(14.6000000000012,4.60000000000662,-0.5));
#12610=CARTESIAN_POINT('',(29.2,4.09999999999999,-1.));
#12611=CARTESIAN_POINT('',(29.2,4.09999999999999,-1.));
#12612=CARTESIAN_POINT('',(14.6000000000009,4.10000000000662,-1.));
#12613=CARTESIAN_POINT('Origin',(29.2,1.15012594596104E-14,-0.5));
#12614=CARTESIAN_POINT('',(29.2,-4.10000000000001,-1.));
#12615=CARTESIAN_POINT('',(29.2,-4.10000000000001,-1.));
#12616=CARTESIAN_POINT('Origin',(29.2,1.15012594596104E-14,-1.));
#12617=CARTESIAN_POINT('Origin',(13.7000000000011,-4.600000000007,-0.5));
#12618=CARTESIAN_POINT('',(13.7000000000009,-4.100000000007,-1.));
#12619=CARTESIAN_POINT('Origin',(27.4,-4.10000000000082,0.));
#12620=CARTESIAN_POINT('',(29.2,-4.10000000000001,-11.));
#12621=CARTESIAN_POINT('',(29.2,-4.10000000000001,0.));
#12622=CARTESIAN_POINT('',(28.3000000000009,-4.10000000000041,-11.));
#12623=CARTESIAN_POINT('Origin',(29.2,1.15012594596104E-14,0.));
#12624=CARTESIAN_POINT('',(29.2,4.09999999999999,-11.));
#12625=CARTESIAN_POINT('',(29.2,4.09999999999999,0.));
#12626=CARTESIAN_POINT('Origin',(29.2,1.15012594596104E-14,-11.));
#12627=CARTESIAN_POINT('Origin',(29.2,4.09999999999999,0.));
#12628=CARTESIAN_POINT('',(27.4,4.10000000000081,-11.));
#12629=CARTESIAN_POINT('',(27.4,4.10000000000081,0.));
#12630=CARTESIAN_POINT('',(29.2000000000009,4.09999999999999,-11.));
#12631=CARTESIAN_POINT('Origin',(27.4,6.40000000000081,0.));
#12632=CARTESIAN_POINT('Origin',(27.4,6.40000000000081,-11.));
#12633=CARTESIAN_POINT('Origin',(25.1,22.6,0.));
#12634=CARTESIAN_POINT('',(-25.1,22.6,-22.));
#12635=CARTESIAN_POINT('',(-25.1,22.6,0.));
#12636=CARTESIAN_POINT('',(12.55,22.6,-22.));
#12637=CARTESIAN_POINT('Origin',(-27.4,6.4000000000008,0.));
#12638=CARTESIAN_POINT('',(-27.4,4.10000000000081,-11.));
#12639=CARTESIAN_POINT('',(-27.4,4.10000000000081,0.));
#12640=CARTESIAN_POINT('',(-25.1,6.40000000000422,-11.));
#12641=CARTESIAN_POINT('Origin',(-27.4,6.4000000000008,-11.));
#12642=CARTESIAN_POINT('',(-25.1,6.40000000000422,0.));
#12643=CARTESIAN_POINT('Origin',(-27.4,4.10000000000081,0.));
#12644=CARTESIAN_POINT('',(-29.2,4.09999999999999,-11.));
#12645=CARTESIAN_POINT('',(-29.2,4.09999999999999,0.));
#12646=CARTESIAN_POINT('',(-28.3000000000009,4.1000000000004,-11.));
#12647=CARTESIAN_POINT('Origin',(-29.2,-7.00724705629162E-15,0.));
#12648=CARTESIAN_POINT('',(-29.2,-4.10000000000001,-11.));
#12649=CARTESIAN_POINT('',(-29.2,-4.10000000000001,0.));
#12650=CARTESIAN_POINT('Origin',(-29.2,-7.00724705629162E-15,-11.));
#12651=CARTESIAN_POINT('Origin',(-29.2,-4.10000000000001,0.));
#12652=CARTESIAN_POINT('',(-27.4,-4.10000000000081,-11.));
#12653=CARTESIAN_POINT('',(-27.4,-4.10000000000081,0.));
#12654=CARTESIAN_POINT('',(-29.2000000000009,-4.10000000000001,-11.));
#12655=CARTESIAN_POINT('Origin',(-27.4,-6.40000000000081,0.));
#12656=CARTESIAN_POINT('',(-25.1,-6.40000000000422,-11.));
#12657=CARTESIAN_POINT('',(-25.1,-6.40000000000422,0.));
#12658=CARTESIAN_POINT('Origin',(-27.4,-6.40000000000081,-11.));
#12659=CARTESIAN_POINT('Origin',(-25.1,-6.40000000000422,0.));
#12660=CARTESIAN_POINT('',(-25.1,-22.6,-11.));
#12661=CARTESIAN_POINT('',(-25.1,-22.6,-22.));
#12662=CARTESIAN_POINT('',(-25.1,-22.6,0.));
#12663=CARTESIAN_POINT('',(-25.1,11.3,-22.));
#12664=CARTESIAN_POINT('Origin',(-25.1,-22.6,0.));
#12665=CARTESIAN_POINT('',(-12.55,-22.6,-22.));
#12666=CARTESIAN_POINT('Origin',(-30.3,22.6,0.));
#12667=CARTESIAN_POINT('',(-30.3,27.6,-24.5));
#12668=CARTESIAN_POINT('',(-35.3,22.6,-24.5));
#12669=CARTESIAN_POINT('Origin',(-30.3,22.6,-24.5));
#12670=CARTESIAN_POINT('',(-35.3,22.6,0.));
#12671=CARTESIAN_POINT('',(-30.3,27.6,0.));
#12672=CARTESIAN_POINT('Origin',(-35.3,-27.6,0.));
#12673=CARTESIAN_POINT('',(-35.3,-22.6,-24.5));
#12674=CARTESIAN_POINT('',(-35.3,-27.6,-24.5));
#12675=CARTESIAN_POINT('',(-35.3,-22.6,0.));
#12676=CARTESIAN_POINT('Origin',(-30.3,-22.6,0.));
#12677=CARTESIAN_POINT('Origin',(-30.3,-22.6,-24.5));
#12678=CARTESIAN_POINT('Origin',(30.3,-22.6,0.));
#12679=CARTESIAN_POINT('Origin',(30.3,-22.6,-24.5));
#12680=CARTESIAN_POINT('Origin',(30.3,22.6,0.));
#12681=CARTESIAN_POINT('',(30.3,27.6,-24.5));
#12682=CARTESIAN_POINT('Origin',(30.3,22.6,-24.5));
#12683=CARTESIAN_POINT('',(30.3,27.6,0.));
#12684=CARTESIAN_POINT('Origin',(25.1,3.09999999999789,-11.25));
#12685=CARTESIAN_POINT('',(25.1,22.6,-22.));
#12686=CARTESIAN_POINT('',(25.1,15.6,-22.5));
#12687=CARTESIAN_POINT('',(25.1,15.6,-16.875));
#12688=CARTESIAN_POINT('',(25.1,19.6,-22.5));
#12689=CARTESIAN_POINT('',(25.1,11.3499999999989,-22.5));
#12690=CARTESIAN_POINT('',(25.1,19.6,-13.875));
#12691=CARTESIAN_POINT('Origin',(35.3,19.6,-22.5));
#12692=CARTESIAN_POINT('',(35.3,15.6,-22.5));
#12693=CARTESIAN_POINT('',(35.3,19.6,-22.5));
#12694=CARTESIAN_POINT('Origin',(35.3,19.6,-16.5));
#12695=CARTESIAN_POINT('',(35.3,19.6,-16.5));
#12696=CARTESIAN_POINT('Origin',(35.3,15.6,-16.5));
#12697=CARTESIAN_POINT('',(35.3,15.6,-16.5));
#12698=CARTESIAN_POINT('Origin',(35.3,15.6,-22.5));
#12699=CARTESIAN_POINT('Origin',(35.3,-6.40000000000422,0.));
#12700=CARTESIAN_POINT('Origin',(-29.2,-6.93889390390723E-15,-20.));
#12701=CARTESIAN_POINT('',(-30.65,-7.18482084216799E-15,-20.));
#12702=CARTESIAN_POINT('Origin',(-29.2,-7.00724705629162E-15,-20.));
#12703=CARTESIAN_POINT('Origin',(29.2,1.13797860024079E-14,-20.));
#12704=CARTESIAN_POINT('',(27.75,1.13236856737341E-14,-20.));
#12705=CARTESIAN_POINT('Origin',(29.2,1.15012594596104E-14,-20.));
#12706=CARTESIAN_POINT('Origin',(29.2,1.15012594596104E-14,-11.));
#12707=CARTESIAN_POINT('',(27.75,1.13236856737341E-14,-11.));
#12708=CARTESIAN_POINT('',(27.75,1.16788332454868E-14,-11.));
#12709=CARTESIAN_POINT('Origin',(29.2,1.15012594596104E-14,-11.));
#12710=CARTESIAN_POINT('Origin',(29.2,0.,-11.));
#12711=CARTESIAN_POINT('Origin',(-29.2,-7.00724705629162E-15,-11.));
#12712=CARTESIAN_POINT('',(-30.65,-7.18482084216799E-15,-11.));
#12713=CARTESIAN_POINT('',(-30.65,-6.82967327041526E-15,-11.));
#12714=CARTESIAN_POINT('Origin',(-29.2,-7.00724705629162E-15,-11.));
#12715=CARTESIAN_POINT('Origin',(-29.2,1.11022302462516E-15,-11.));
#12716=CARTESIAN_POINT('Origin',(0.,4.44089209850063E-15,-22.));
#12717=CARTESIAN_POINT('Origin',(-35.3,27.6,0.));
#12718=CARTESIAN_POINT('',(-35.3,27.6,-24.5));
#12719=CARTESIAN_POINT('Origin',(8.88178419700125E-15,0.,-24.5));
#12720=UNCERTAINTY_MEASURE_WITH_UNIT(LENGTH_MEASURE(0.01),#12724,
'DISTANCE_ACCURACY_VALUE',
'Maximum model space distance between geometric entities at asserted c
onnectivities');
#12721=UNCERTAINTY_MEASURE_WITH_UNIT(LENGTH_MEASURE(0.01),#12724,
'DISTANCE_ACCURACY_VALUE',
'Maximum model space distance between geometric entities at asserted c
onnectivities');
#12722=(
GEOMETRIC_REPRESENTATION_CONTEXT(3)
GLOBAL_UNCERTAINTY_ASSIGNED_CONTEXT((#12720))
GLOBAL_UNIT_ASSIGNED_CONTEXT((#12724,#12726,#12727))
REPRESENTATION_CONTEXT('','3D')
);
#12723=(
GEOMETRIC_REPRESENTATION_CONTEXT(3)
GLOBAL_UNCERTAINTY_ASSIGNED_CONTEXT((#12721))
GLOBAL_UNIT_ASSIGNED_CONTEXT((#12724,#12726,#12727))
REPRESENTATION_CONTEXT('','3D')
);
#12724=(
LENGTH_UNIT()
NAMED_UNIT(*)
SI_UNIT(.MILLI.,.METRE.)
);
#12725=(
LENGTH_UNIT()
NAMED_UNIT(*)
SI_UNIT($,.METRE.)
);
#12726=(
NAMED_UNIT(*)
PLANE_ANGLE_UNIT()
SI_UNIT($,.RADIAN.)
);
#12727=(
NAMED_UNIT(*)
SI_UNIT($,.STERADIAN.)
SOLID_ANGLE_UNIT()
);
#12728=SHAPE_DEFINITION_REPRESENTATION(#12729,#12730);
#12729=PRODUCT_DEFINITION_SHAPE('',$,#12732);
#12730=SHAPE_REPRESENTATION('',(#7323),#12722);
#12731=PRODUCT_DEFINITION_CONTEXT('part definition',#12736,'design');
#12732=PRODUCT_DEFINITION('2026-09-17-17-46-26-550','Speaker Case v001',
#12733,#12731);
#12733=PRODUCT_DEFINITION_FORMATION('',$,#12738);
#12734=PRODUCT_RELATED_PRODUCT_CATEGORY('Speaker Case v001',
'Speaker Case v001',(#12738));
#12735=APPLICATION_PROTOCOL_DEFINITION('international standard',
'automotive_design',2009,#12736);
#12736=APPLICATION_CONTEXT(
'Core Data for Automotive Mechanical Design Process');
#12737=PRODUCT_CONTEXT('part definition',#12736,'mechanical');
#12738=PRODUCT('2026-09-17-17-46-26-550','Speaker Case v001',$,(#12737));
#12739=PRESENTATION_STYLE_ASSIGNMENT((#12741));
#12740=PRESENTATION_STYLE_ASSIGNMENT((#12742));
#12741=SURFACE_STYLE_USAGE(.BOTH.,#12743);
#12742=SURFACE_STYLE_USAGE(.BOTH.,#12744);
#12743=SURFACE_SIDE_STYLE('',(#12745));
#12744=SURFACE_SIDE_STYLE('',(#12746));
#12745=SURFACE_STYLE_FILL_AREA(#12747);
#12746=SURFACE_STYLE_FILL_AREA(#12748);
#12747=FILL_AREA_STYLE('Steel - Satin',(#12749));
#12748=FILL_AREA_STYLE('Plastic - Matte (Red)',(#12750));
#12749=FILL_AREA_STYLE_COLOUR('Steel - Satin',#12751);
#12750=FILL_AREA_STYLE_COLOUR('Plastic - Matte (Red)',#12752);
#12751=COLOUR_RGB('Steel - Satin',0.627450980392157,0.627450980392157,0.627450980392157);
#12752=COLOUR_RGB('Plastic - Matte (Red)',0.768627450980392,0.207843137254902,
0.152941176470588);
ENDSEC;
END-ISO-10303-21;
